date,line,hours_planned,hours_down,chg_hours,sanitation_hours,break_hours
2024-11-14,HM01,24.0,3.346,0.778,0.388,1.5
2024-11-14,HM12,24.0,1.213,3.848,0.528,1.5
2024-11-14,HM13,24.0,2.09,3.783,0.785,1.5
2024-11-14,HM14,24.0,5.248,7.173,1.012,1.5
2024-11-14,HM16,24.0,1.382,1.192,0.47,1.5
2024-11-14,HM20,24.0,0.552,0.0,1.25,1.5
2024-11-14,HM25,24.0,0.539,0.6,0.412,1.5
2024-11-14,HM30,24.0,0.58,1.7,0.402,1.5
2024-11-14,HM36,24.0,0.588,0.0,0.863,1.5
2024-11-14,HM43,24.0,1.146,3.758,0.918,1.5
2024-11-14,HM47,24.0,2.042,0.622,0.373,1.5
2024-11-14,HM50,24.0,0.569,2.036,0.592,1.5
2024-11-14,HM56,24.0,0.765,2.252,0.307,1.5
2024-11-15,HM01,24.0,0.677,1.508,0.288,1.5
2024-11-15,HM12,24.0,0.771,3.499,0.255,1.5
2024-11-15,HM13,24.0,0.731,2.929,0.451,1.5
2024-11-15,HM14,24.0,1.404,1.325,1.113,1.5
2024-11-15,HM16,24.0,0.676,1.378,0.463,1.5
2024-11-15,HM20,24.0,0.833,0.0,0.461,1.5
2024-11-15,HM25,24.0,0.654,1.918,0.534,1.5
2024-11-15,HM30,24.0,1.891,2.221,0.355,1.5
2024-11-15,HM36,24.0,0.657,0.444,0.46,1.5
2024-11-15,HM43,24.0,0.587,1.502,0.276,1.5
2024-11-15,HM47,24.0,0.891,3.183,1.141,1.5
2024-11-15,HM50,24.0,0.61,0.246,0.363,1.5
2024-11-15,HM56,24.0,1.449,1.482,0.526,1.5
2024-11-16,HM01,24.0,0.869,0.73,0.362,1.0
2024-11-16,HM12,24.0,0.717,4.106,1.431,1.0
2024-11-16,HM13,24.0,1.155,1.175,0.235,1.0
2024-11-16,HM14,24.0,1.902,0.885,0.569,1.0
2024-11-16,HM16,24.0,0.421,1.172,0.852,1.0
2024-11-16,HM20,24.0,0.893,0.187,0.573,1.0
2024-11-16,HM25,24.0,1.53,0.0,0.53,1.0
2024-11-16,HM30,24.0,0.742,2.737,0.679,1.0
2024-11-16,HM36,24.0,0.876,0.56,0.58,1.0
2024-11-16,HM43,24.0,0.696,3.049,0.411,1.0
2024-11-16,HM47,24.0,1.368,0.559,0.589,1.0
2024-11-16,HM50,24.0,0.643,0.0,0.288,1.0
2024-11-16,HM56,24.0,1.229,0.498,0.567,1.0
2024-11-17,HM01,24.0,0.449,3.668,0.612,1.0
2024-11-17,HM12,24.0,0.737,2.41,0.821,1.0
2024-11-17,HM13,24.0,0.443,4.222,0.688,1.0
2024-11-17,HM14,24.0,1.258,1.612,0.245,1.0
2024-11-17,HM16,24.0,6.157,2.148,0.955,1.0
2024-11-17,HM20,24.0,0.88,1.416,1.071,1.0
2024-11-17,HM25,24.0,0.523,0.439,0.47,1.0
2024-11-17,HM30,24.0,1.3,1.058,0.864,1.0
2024-11-17,HM36,24.0,2.249,1.563,0.532,1.0
2024-11-17,HM43,24.0,0.91,1.505,0.439,1.0
2024-11-17,HM47,24.0,0.13,0.0,0.248,1.0
2024-11-17,HM50,24.0,0.766,1.908,0.742,1.0
2024-11-17,HM56,24.0,0.362,0.864,0.282,1.0
2024-11-18,HM01,24.0,1.399,3.167,0.618,1.5
2024-11-18,HM12,24.0,0.948,1.821,0.722,1.5
2024-11-18,HM13,24.0,0.808,1.553,0.732,1.5
2024-11-18,HM14,24.0,0.62,3.381,0.688,1.5
2024-11-18,HM16,24.0,1.072,0.542,0.7,1.5
2024-11-18,HM20,24.0,0.686,1.856,0.275,1.5
2024-11-18,HM25,24.0,0.799,7.2,0.547,1.5
2024-11-18,HM30,24.0,1.351,1.647,0.254,1.5
2024-11-18,HM36,24.0,0.987,1.882,0.616,1.5
2024-11-18,HM43,24.0,0.715,2.235,0.497,1.5
2024-11-18,HM47,24.0,1.148,6.993,0.832,1.5
2024-11-18,HM50,24.0,0.484,1.145,0.413,1.5
2024-11-18,HM56,24.0,0.877,2.531,0.737,1.5
2024-11-19,HM01,24.0,1.886,1.734,0.446,1.5
2024-11-19,HM12,24.0,0.251,0.982,0.677,1.5
2024-11-19,HM13,24.0,1.45,1.341,0.142,1.5
2024-11-19,HM14,24.0,0.623,2.056,0.406,1.5
2024-11-19,HM16,24.0,1.357,1.599,1.012,1.5
2024-11-19,HM20,24.0,1.344,0.272,0.578,1.5
2024-11-19,HM25,24.0,1.828,0.665,0.345,1.5
2024-11-19,HM30,24.0,0.81,4.031,0.551,1.5
2024-11-19,HM36,24.0,0.553,7.2,0.403,1.5
2024-11-19,HM43,24.0,2.159,1.844,0.393,1.5
2024-11-19,HM47,24.0,0.181,0.957,0.268,1.5
2024-11-19,HM50,24.0,1.965,0.181,0.691,1.5
2024-11-19,HM56,24.0,1.577,0.636,0.332,1.5
2024-11-20,HM01,24.0,0.499,0.987,1.317,1.5
2024-11-20,HM12,24.0,0.771,1.733,0.582,1.5
2024-11-20,HM13,24.0,1.542,0.809,0.642,1.5
2024-11-20,HM14,24.0,0.717,2.941,0.431,1.5
2024-11-20,HM16,24.0,0.79,4.664,0.247,1.5
2024-11-20,HM20,24.0,0.503,0.711,0.659,1.5
2024-11-20,HM25,24.0,0.335,0.0,0.779,1.5
2024-11-20,HM30,24.0,0.594,1.91,0.237,1.5
2024-11-20,HM36,24.0,1.525,2.758,0.362,1.5
2024-11-20,HM43,24.0,0.734,1.802,0.378,1.5
2024-11-20,HM47,24.0,1.4,2.314,0.594,1.5
2024-11-20,HM50,24.0,1.06,0.849,0.819,1.5
2024-11-20,HM56,24.0,0.468,1.72,0.468,1.5
2024-11-21,HM01,24.0,1.041,3.168,0.381,1.5
2024-11-21,HM12,24.0,1.036,7.2,0.7,1.5
2024-11-21,HM13,24.0,1.78,1.213,0.9,1.5
2024-11-21,HM14,24.0,0.991,1.784,0.793,1.5
2024-11-21,HM16,24.0,0.536,3.612,0.341,1.5
2024-11-21,HM20,24.0,0.726,1.066,0.289,1.5
2024-11-21,HM25,24.0,1.115,0.51,0.511,1.5
2024-11-21,HM30,24.0,0.579,3.651,0.375,1.5
2024-11-21,HM36,24.0,0.818,1.588,0.6,1.5
2024-11-21,HM43,24.0,1.179,0.58,0.35,1.5
2024-11-21,HM47,24.0,1.183,1.048,0.505,1.5
2024-11-21,HM50,24.0,0.302,5.531,0.474,1.5
2024-11-21,HM56,24.0,1.792,2.519,0.195,1.5
2024-11-22,HM01,24.0,0.371,1.545,0.358,1.5
2024-11-22,HM12,24.0,0.507,1.792,0.72,1.5
2024-11-22,HM13,24.0,1.706,0.603,0.206,1.5
2024-11-22,HM14,24.0,1.133,2.692,0.808,1.5
2024-11-22,HM16,24.0,5.188,2.093,0.607,1.5
2024-11-22,HM20,24.0,0.914,1.203,0.354,1.5
2024-11-22,HM25,24.0,1.433,1.233,0.391,1.5
2024-11-22,HM30,24.0,0.622,3.284,0.852,1.5
2024-11-22,HM36,24.0,0.555,1.853,0.4,1.5
2024-11-22,HM43,24.0,0.59,0.915,0.3,1.5
2024-11-22,HM47,24.0,0.616,2.205,0.568,1.5
2024-11-22,HM50,24.0,2.913,2.525,0.777,1.5
2024-11-22,HM56,24.0,3.103,7.111,0.22,1.5
2024-11-23,HM01,24.0,0.309,4.599,0.328,1.0
2024-11-23,HM12,24.0,0.663,2.489,0.39,1.0
2024-11-23,HM13,24.0,1.3,2.263,0.459,1.0
2024-11-23,HM14,24.0,0.793,2.002,1.131,1.0
2024-11-23,HM16,24.0,1.079,2.145,0.67,1.0
2024-11-23,HM20,24.0,1.084,0.839,0.711,1.0
2024-11-23,HM25,24.0,0.683,1.042,0.334,1.0
2024-11-23,HM30,24.0,6.241,1.542,0.163,1.0
2024-11-23,HM36,24.0,0.43,1.084,0.304,1.0
2024-11-23,HM43,24.0,0.946,4.329,0.756,1.0
2024-11-23,HM47,24.0,0.434,1.309,0.837,1.0
2024-11-23,HM50,24.0,0.727,0.816,0.335,1.0
2024-11-23,HM56,24.0,2.011,2.555,0.452,1.0
2024-11-24,HM01,24.0,1.105,5.501,0.443,1.0
2024-11-24,HM12,24.0,1.714,0.62,0.415,1.0
2024-11-24,HM13,24.0,1.906,4.27,0.865,1.0
2024-11-24,HM14,24.0,0.696,2.997,0.825,1.0
2024-11-24,HM16,24.0,1.143,1.754,0.877,1.0
2024-11-24,HM20,24.0,0.772,3.041,0.79,1.0
2024-11-24,HM25,24.0,0.982,1.767,0.353,1.0
2024-11-24,HM30,24.0,1.279,0.0,0.525,1.0
2024-11-24,HM36,24.0,0.49,1.03,0.208,1.0
2024-11-24,HM43,24.0,0.739,1.818,0.716,1.0
2024-11-24,HM47,24.0,0.241,0.0,1.034,1.0
2024-11-24,HM50,24.0,0.788,0.0,0.346,1.0
2024-11-24,HM56,24.0,0.342,0.877,0.855,1.0
2024-11-25,HM01,24.0,0.979,0.647,0.337,1.5
2024-11-25,HM12,24.0,1.168,1.082,0.711,1.5
2024-11-25,HM13,24.0,0.475,1.078,0.576,1.5
2024-11-25,HM14,24.0,0.603,0.386,0.487,1.5
2024-11-25,HM16,24.0,0.607,0.577,0.895,1.5
2024-11-25,HM20,24.0,0.506,0.365,0.157,1.5
2024-11-25,HM25,24.0,0.905,1.839,0.452,1.5
2024-11-25,HM30,24.0,0.616,2.066,0.246,1.5
2024-11-25,HM36,24.0,0.953,1.265,0.704,1.5
2024-11-25,HM43,24.0,0.821,0.24,0.423,1.5
2024-11-25,HM47,24.0,0.549,0.686,0.217,1.5
2024-11-25,HM50,24.0,0.789,0.0,0.68,1.5
2024-11-25,HM56,24.0,0.482,1.794,0.238,1.5
2024-11-26,HM01,24.0,1.166,2.554,0.409,1.5
2024-11-26,HM12,24.0,0.767,0.47,0.965,1.5
2024-11-26,HM13,24.0,2.343,2.993,0.666,1.5
2024-11-26,HM14,24.0,1.25,3.242,0.62,1.5
2024-11-26,HM16,24.0,1.004,2.008,0.456,1.5
2024-11-26,HM20,24.0,2.177,1.207,0.615,1.5
2024-11-26,HM25,24.0,1.705,1.522,0.837,1.5
2024-11-26,HM30,24.0,0.446,2.15,0.648,1.5
2024-11-26,HM36,24.0,0.423,1.01,0.875,1.5
2024-11-26,HM43,24.0,0.453,1.378,0.416,1.5
2024-11-26,HM47,24.0,3.376,0.722,0.313,1.5
2024-11-26,HM50,24.0,0.769,2.692,0.483,1.5
2024-11-26,HM56,24.0,5.551,3.355,0.427,1.5
2024-11-27,HM01,24.0,1.15,0.354,0.322,1.5
2024-11-27,HM12,24.0,1.142,2.124,0.47,1.5
2024-11-27,HM13,24.0,0.539,3.159,0.604,1.5
2024-11-27,HM14,24.0,1.743,1.549,0.263,1.5
2024-11-27,HM16,24.0,1.268,1.258,0.497,1.5
2024-11-27,HM20,24.0,0.44,0.444,0.407,1.5
2024-11-27,HM25,24.0,0.959,1.8,0.573,1.5
2024-11-27,HM30,24.0,1.29,1.085,0.343,1.5
2024-11-27,HM36,24.0,1.001,3.854,0.461,1.5
2024-11-27,HM43,24.0,0.834,0.529,0.52,1.5
2024-11-27,HM47,24.0,0.915,2.0,0.3,1.5
2024-11-27,HM50,24.0,1.038,0.808,0.479,1.5
2024-11-27,HM56,24.0,0.569,4.224,0.461,1.5
2024-11-28,HM01,24.0,4.643,2.244,0.831,1.5
2024-11-28,HM12,24.0,1.255,0.591,0.591,1.5
2024-11-28,HM13,24.0,0.713,1.619,0.449,1.5
2024-11-28,HM14,24.0,1.353,3.713,0.622,1.5
2024-11-28,HM16,24.0,0.901,3.59,0.355,1.5
2024-11-28,HM20,24.0,0.4,0.421,0.586,1.5
2024-11-28,HM25,24.0,0.263,2.814,0.252,1.5
2024-11-28,HM30,24.0,0.382,2.36,0.476,1.5
2024-11-28,HM36,24.0,0.55,1.07,0.439,1.5
2024-11-28,HM43,24.0,0.891,1.503,0.589,1.5
2024-11-28,HM47,24.0,0.645,2.643,0.519,1.5
2024-11-28,HM50,24.0,0.967,2.022,1.524,1.5
2024-11-28,HM56,24.0,0.316,0.411,0.599,1.5
2024-11-29,HM01,24.0,0.775,0.799,0.313,1.5
2024-11-29,HM12,24.0,1.105,2.134,0.532,1.5
2024-11-29,HM13,24.0,0.335,0.0,1.155,1.5
2024-11-29,HM14,24.0,0.738,0.674,0.303,1.5
2024-11-29,HM16,24.0,0.901,1.46,0.205,1.5
2024-11-29,HM20,24.0,0.485,0.987,0.346,1.5
2024-11-29,HM25,24.0,0.939,4.257,0.374,1.5
2024-11-29,HM30,24.0,0.635,3.301,0.593,1.5
2024-11-29,HM36,24.0,1.342,2.842,0.65,1.5
2024-11-29,HM43,24.0,0.585,2.213,0.524,1.5
2024-11-29,HM47,24.0,3.533,4.0,1.172,1.5
2024-11-29,HM50,24.0,0.846,0.0,0.956,1.5
2024-11-29,HM56,24.0,0.549,2.489,0.24,1.5
2024-11-30,HM01,24.0,1.019,4.299,0.661,1.0
2024-11-30,HM12,24.0,0.594,2.142,0.274,1.0
2024-11-30,HM13,24.0,1.053,6.379,0.671,1.0
2024-11-30,HM14,24.0,1.133,4.219,0.443,1.0
2024-11-30,HM16,24.0,1.493,0.708,0.396,1.0
2024-11-30,HM20,24.0,1.732,0.0,0.372,1.0
2024-11-30,HM25,24.0,0.618,4.268,0.464,1.0
2024-11-30,HM30,24.0,0.902,2.221,0.194,1.0
2024-11-30,HM36,24.0,3.444,2.297,0.401,1.0
2024-11-30,HM43,24.0,0.542,1.036,0.634,1.0
2024-11-30,HM47,24.0,0.385,0.422,0.313,1.0
2024-11-30,HM50,24.0,0.447,0.61,0.578,1.0
2024-11-30,HM56,24.0,0.732,1.09,0.718,1.0
2024-12-01,HM01,24.0,0.316,1.32,0.366,1.0
2024-12-01,HM12,24.0,0.872,2.794,0.726,1.0
2024-12-01,HM13,24.0,0.356,0.0,0.264,1.0
2024-12-01,HM14,24.0,1.629,1.057,0.33,1.0
2024-12-01,HM16,24.0,1.634,3.148,0.531,1.0
2024-12-01,HM20,24.0,0.432,6.57,0.792,1.0
2024-12-01,HM25,24.0,1.378,0.0,0.538,1.0
2024-12-01,HM30,24.0,0.379,1.157,0.337,1.0
2024-12-01,HM36,24.0,0.953,0.0,0.631,1.0
2024-12-01,HM43,24.0,1.205,0.941,0.564,1.0
2024-12-01,HM47,24.0,0.346,0.212,0.538,1.0
2024-12-01,HM50,24.0,0.256,1.849,0.683,1.0
2024-12-01,HM56,24.0,0.602,0.671,0.841,1.0
2024-12-02,HM01,24.0,0.419,0.559,0.76,1.5
2024-12-02,HM12,24.0,1.915,2.551,0.24,1.5
2024-12-02,HM13,24.0,0.605,2.55,0.261,1.5
2024-12-02,HM14,24.0,0.952,2.879,0.403,1.5
2024-12-02,HM16,24.0,0.366,4.276,0.597,1.5
2024-12-02,HM20,24.0,1.316,0.668,0.785,1.5
2024-12-02,HM25,24.0,0.929,3.027,0.598,1.5
2024-12-02,HM30,24.0,1.479,1.404,0.446,1.5
2024-12-02,HM36,24.0,3.566,1.046,0.639,1.5
2024-12-02,HM43,24.0,1.141,4.299,0.458,1.5
2024-12-02,HM47,24.0,1.37,2.066,0.365,1.5
2024-12-02,HM50,24.0,6.49,1.283,0.809,1.5
2024-12-02,HM56,24.0,0.679,3.727,0.337,1.5
2024-12-03,HM01,24.0,0.88,0.656,0.366,1.5
2024-12-03,HM12,24.0,1.062,2.658,0.554,1.5
2024-12-03,HM13,24.0,0.584,2.858,0.412,1.5
2024-12-03,HM14,24.0,1.178,4.438,0.813,1.5
2024-12-03,HM16,24.0,0.958,1.2,0.884,1.5
2024-12-03,HM20,24.0,0.857,1.082,0.432,1.5
2024-12-03,HM25,24.0,0.474,0.901,0.82,1.5
2024-12-03,HM30,24.0,1.564,2.674,0.434,1.5
2024-12-03,HM36,24.0,1.066,1.158,0.698,1.5
2024-12-03,HM43,24.0,1.273,0.0,0.664,1.5
2024-12-03,HM47,24.0,1.022,2.724,0.402,1.5
2024-12-03,HM50,24.0,0.845,0.613,1.181,1.5
2024-12-03,HM56,24.0,0.9,5.645,1.267,1.5
2024-12-04,HM01,24.0,0.417,0.92,0.292,1.5
2024-12-04,HM12,24.0,1.892,1.069,0.448,1.5
2024-12-04,HM13,24.0,0.651,2.113,0.633,1.5
2024-12-04,HM14,24.0,0.63,2.998,0.638,1.5
2024-12-04,HM16,24.0,0.623,0.2,0.485,1.5
2024-12-04,HM20,24.0,1.05,3.462,0.488,1.5
2024-12-04,HM25,24.0,0.617,1.111,0.749,1.5
2024-12-04,HM30,24.0,1.78,0.749,1.386,1.5
2024-12-04,HM36,24.0,0.579,3.136,0.518,1.5
2024-12-04,HM43,24.0,0.37,1.994,0.619,1.5
2024-12-04,HM47,24.0,1.063,1.012,0.406,1.5
2024-12-04,HM50,24.0,1.932,0.9,0.576,1.5
2024-12-04,HM56,24.0,0.824,1.755,0.622,1.5
2024-12-05,HM01,24.0,1.133,0.167,0.531,1.5
2024-12-05,HM12,24.0,0.177,6.641,0.542,1.5
2024-12-05,HM13,24.0,3.335,0.925,0.262,1.5
2024-12-05,HM14,24.0,0.314,2.132,0.7,1.5
2024-12-05,HM16,24.0,0.636,1.534,0.359,1.5
2024-12-05,HM20,24.0,5.438,3.561,0.604,1.5
2024-12-05,HM25,24.0,0.881,3.493,0.478,1.5
2024-12-05,HM30,24.0,0.365,2.0,0.785,1.5
2024-12-05,HM36,24.0,2.341,1.779,0.676,1.5
2024-12-05,HM43,24.0,2.77,1.324,0.627,1.5
2024-12-05,HM47,24.0,1.05,1.241,0.332,1.5
2024-12-05,HM50,24.0,1.464,0.912,0.502,1.5
2024-12-05,HM56,24.0,1.449,3.073,0.705,1.5
2024-12-06,HM01,24.0,0.749,1.67,0.453,1.5
2024-12-06,HM12,24.0,0.653,0.987,0.597,1.5
2024-12-06,HM13,24.0,1.341,3.207,0.453,1.5
2024-12-06,HM14,24.0,1.391,1.799,0.473,1.5
2024-12-06,HM16,24.0,0.549,3.321,0.604,1.5
2024-12-06,HM20,24.0,1.97,2.332,0.513,1.5
2024-12-06,HM25,24.0,0.532,1.461,0.877,1.5
2024-12-06,HM30,24.0,0.592,0.633,0.426,1.5
2024-12-06,HM36,24.0,0.422,0.692,1.032,1.5
2024-12-06,HM43,24.0,0.933,1.312,0.81,1.5
2024-12-06,HM47,24.0,1.14,2.513,0.351,1.5
2024-12-06,HM50,24.0,0.456,1.803,0.64,1.5
2024-12-06,HM56,24.0,0.603,2.199,0.417,1.5
2024-12-07,HM01,24.0,1.009,1.277,0.419,1.0
2024-12-07,HM12,24.0,0.238,3.303,0.307,1.0
2024-12-07,HM13,24.0,0.643,0.558,0.472,1.0
2024-12-07,HM14,24.0,3.343,1.793,0.631,1.0
2024-12-07,HM16,24.0,0.343,0.415,0.505,1.0
2024-12-07,HM20,24.0,1.256,2.35,0.452,1.0
2024-12-07,HM25,24.0,0.752,2.874,0.417,1.0
2024-12-07,HM30,24.0,0.799,3.275,0.914,1.0
2024-12-07,HM36,24.0,0.931,3.549,0.692,1.0
2024-12-07,HM43,24.0,0.896,3.334,0.389,1.0
2024-12-07,HM47,24.0,0.545,0.425,0.234,1.0
2024-12-07,HM50,24.0,0.267,0.933,0.737,1.0
2024-12-07,HM56,24.0,0.392,0.51,0.689,1.0
2024-12-08,HM01,24.0,0.591,0.568,1.044,1.0
2024-12-08,HM12,24.0,1.087,2.174,0.61,1.0
2024-12-08,HM13,24.0,1.206,1.256,0.318,1.0
2024-12-08,HM14,24.0,0.516,1.38,0.571,1.0
2024-12-08,HM16,24.0,0.56,1.836,0.514,1.0
2024-12-08,HM20,24.0,0.882,0.0,0.778,1.0
2024-12-08,HM25,24.0,0.535,1.67,0.749,1.0
2024-12-08,HM30,24.0,6.197,2.147,0.656,1.0
2024-12-08,HM36,24.0,0.393,2.95,0.326,1.0
2024-12-08,HM43,24.0,1.99,0.584,0.52,1.0
2024-12-08,HM47,24.0,1.163,0.496,0.476,1.0
2024-12-08,HM50,24.0,2.477,0.737,1.32,1.0
2024-12-08,HM56,24.0,0.62,1.409,0.434,1.0
2024-12-09,HM01,24.0,0.424,0.58,0.732,1.5
2024-12-09,HM12,24.0,1.447,0.814,0.243,1.5
2024-12-09,HM13,24.0,1.329,1.387,0.521,1.5
2024-12-09,HM14,24.0,0.709,2.316,0.458,1.5
2024-12-09,HM16,24.0,0.751,1.608,0.302,1.5
2024-12-09,HM20,24.0,0.94,0.687,0.385,1.5
2024-12-09,HM25,24.0,0.415,3.526,0.483,1.5
2024-12-09,HM30,24.0,2.506,0.414,0.303,1.5
2024-12-09,HM36,24.0,0.262,0.959,0.416,1.5
2024-12-09,HM43,24.0,0.642,1.297,0.268,1.5
2024-12-09,HM47,24.0,1.367,0.854,0.854,1.5
2024-12-09,HM50,24.0,0.649,0.2,0.612,1.5
2024-12-09,HM56,24.0,3.161,0.0,0.373,1.5
2024-12-10,HM01,24.0,0.819,2.638,0.501,1.5
2024-12-10,HM12,24.0,2.151,5.515,0.716,1.5
2024-12-10,HM13,24.0,1.023,1.731,0.589,1.5
2024-12-10,HM14,24.0,1.059,5.211,0.937,1.5
2024-12-10,HM16,24.0,0.602,3.262,0.799,1.5
2024-12-10,HM20,24.0,0.725,0.33,0.831,1.5
2024-12-10,HM25,24.0,0.249,0.0,0.255,1.5
2024-12-10,HM30,24.0,0.732,0.0,1.597,1.5
2024-12-10,HM36,24.0,0.739,0.0,0.514,1.5
2024-12-10,HM43,24.0,2.584,2.908,0.931,1.5
2024-12-10,HM47,24.0,0.366,2.294,0.531,1.5
2024-12-10,HM50,24.0,0.42,2.691,0.519,1.5
2024-12-10,HM56,24.0,0.478,0.167,0.411,1.5
2024-12-11,HM01,24.0,1.198,5.594,0.328,1.5
2024-12-11,HM12,24.0,0.607,1.45,0.398,1.5
2024-12-11,HM13,24.0,0.793,1.952,0.403,1.5
2024-12-11,HM14,24.0,0.313,0.862,1.016,1.5
2024-12-11,HM16,24.0,0.876,1.036,0.347,1.5
2024-12-11,HM20,24.0,4.808,3.13,0.616,1.5
2024-12-11,HM25,24.0,0.552,1.447,0.437,1.5
2024-12-11,HM30,24.0,0.772,1.269,0.425,1.5
2024-12-11,HM36,24.0,0.405,1.536,0.236,1.5
2024-12-11,HM43,24.0,0.644,2.994,0.946,1.5
2024-12-11,HM47,24.0,0.987,4.626,0.392,1.5
2024-12-11,HM50,24.0,1.769,0.773,0.742,1.5
2024-12-11,HM56,24.0,0.774,4.511,0.64,1.5
2024-12-12,HM01,24.0,0.848,0.695,0.805,1.5
2024-12-12,HM12,24.0,0.711,3.656,0.618,1.5
2024-12-12,HM13,24.0,2.815,7.2,0.405,1.5
2024-12-12,HM14,24.0,0.945,0.392,0.337,1.5
2024-12-12,HM16,24.0,0.723,3.542,0.453,1.5
2024-12-12,HM20,24.0,1.466,1.784,0.649,1.5
2024-12-12,HM25,24.0,0.552,3.856,0.55,1.5
2024-12-12,HM30,24.0,0.86,1.536,0.412,1.5
2024-12-12,HM36,24.0,2.216,2.866,0.447,1.5
2024-12-12,HM43,24.0,1.116,5.193,0.548,1.5
2024-12-12,HM47,24.0,1.56,0.692,0.526,1.5
2024-12-12,HM50,24.0,3.835,0.571,0.593,1.5
2024-12-12,HM56,24.0,0.715,1.08,0.56,1.5
2024-12-13,HM01,24.0,2.583,0.0,0.375,1.5
2024-12-13,HM12,24.0,1.478,0.941,1.075,1.5
2024-12-13,HM13,24.0,0.59,1.05,0.562,1.5
2024-12-13,HM14,24.0,0.826,3.318,0.577,1.5
2024-12-13,HM16,24.0,0.841,6.434,0.391,1.5
2024-12-13,HM20,24.0,1.069,2.36,0.299,1.5
2024-12-13,HM25,24.0,1.183,0.246,1.099,1.5
2024-12-13,HM30,24.0,0.659,2.153,0.634,1.5
2024-12-13,HM36,24.0,2.228,1.572,0.506,1.5
2024-12-13,HM43,24.0,0.977,0.0,0.501,1.5
2024-12-13,HM47,24.0,2.273,1.334,0.533,1.5
2024-12-13,HM50,24.0,0.408,1.164,0.478,1.5
2024-12-13,HM56,24.0,1.703,0.399,0.962,1.5
2024-12-14,HM01,24.0,1.527,0.93,0.745,1.0
2024-12-14,HM12,24.0,0.652,0.167,0.694,1.0
2024-12-14,HM13,24.0,3.561,2.041,0.29,1.0
2024-12-14,HM14,24.0,3.155,3.016,0.616,1.0
2024-12-14,HM16,24.0,0.521,7.2,0.643,1.0
2024-12-14,HM20,24.0,1.567,2.765,1.471,1.0
2024-12-14,HM25,24.0,0.699,0.0,0.414,1.0
2024-12-14,HM30,24.0,1.081,0.742,0.27,1.0
2024-12-14,HM36,24.0,0.758,4.107,0.452,1.0
2024-12-14,HM43,24.0,1.212,1.464,0.301,1.0
2024-12-14,HM47,24.0,0.968,0.929,0.399,1.0
2024-12-14,HM50,24.0,0.687,0.38,0.403,1.0
2024-12-14,HM56,24.0,0.692,0.217,0.458,1.0
2024-12-15,HM01,24.0,0.518,1.355,0.36,1.0
2024-12-15,HM12,24.0,0.568,2.605,0.873,1.0
2024-12-15,HM13,24.0,0.445,1.619,0.455,1.0
2024-12-15,HM14,24.0,1.266,1.138,0.83,1.0
2024-12-15,HM16,24.0,1.833,0.605,0.322,1.0
2024-12-15,HM20,24.0,0.71,0.897,0.759,1.0
2024-12-15,HM25,24.0,1.023,5.642,0.53,1.0
2024-12-15,HM30,24.0,0.889,1.002,0.35,1.0
2024-12-15,HM36,24.0,1.944,0.0,0.228,1.0
2024-12-15,HM43,24.0,0.969,1.069,0.483,1.0
2024-12-15,HM47,24.0,0.737,2.269,0.349,1.0
2024-12-15,HM50,24.0,0.237,1.183,0.565,1.0
2024-12-15,HM56,24.0,0.966,0.389,0.978,1.0
2024-12-16,HM01,24.0,0.509,2.93,1.288,1.5
2024-12-16,HM12,24.0,1.392,2.875,0.659,1.5
2024-12-16,HM13,24.0,1.086,3.713,0.268,1.5
2024-12-16,HM14,24.0,0.956,4.476,0.907,1.5
2024-12-16,HM16,24.0,0.642,2.551,0.778,1.5
2024-12-16,HM20,24.0,0.19,1.201,0.28,1.5
2024-12-16,HM25,24.0,0.99,2.327,0.628,1.5
2024-12-16,HM30,24.0,0.571,3.881,0.541,1.5
2024-12-16,HM36,24.0,0.876,2.742,0.926,1.5
2024-12-16,HM43,24.0,0.555,1.652,0.636,1.5
2024-12-16,HM47,24.0,1.941,1.61,0.406,1.5
2024-12-16,HM50,24.0,0.692,0.836,0.709,1.5
2024-12-16,HM56,24.0,0.89,1.164,0.691,1.5
2024-12-17,HM01,24.0,1.36,0.844,0.342,1.5
2024-12-17,HM12,24.0,0.782,0.407,0.41,1.5
2024-12-17,HM13,24.0,0.718,1.978,0.578,1.5
2024-12-17,HM14,24.0,0.932,0.573,0.478,1.5
2024-12-17,HM16,24.0,5.486,3.156,0.51,1.5
2024-12-17,HM20,24.0,2.116,1.972,0.554,1.5
2024-12-17,HM25,24.0,0.643,0.675,0.539,1.5
2024-12-17,HM30,24.0,1.268,2.466,0.267,1.5
2024-12-17,HM36,24.0,0.472,2.58,0.944,1.5
2024-12-17,HM43,24.0,0.894,1.461,0.311,1.5
2024-12-17,HM47,24.0,0.898,2.602,0.414,1.5
2024-12-17,HM50,24.0,1.173,0.847,0.263,1.5
2024-12-17,HM56,24.0,3.948,1.005,0.38,1.5
2024-12-18,HM01,24.0,0.811,1.692,0.52,1.5
2024-12-18,HM12,24.0,1.661,0.183,0.495,1.5
2024-12-18,HM13,24.0,0.354,0.0,1.23,1.5
2024-12-18,HM14,24.0,0.734,2.901,0.614,1.5
2024-12-18,HM16,24.0,1.7,2.345,0.76,1.5
2024-12-18,HM20,24.0,1.995,0.317,0.713,1.5
2024-12-18,HM25,24.0,1.557,2.167,0.305,1.5
2024-12-18,HM30,24.0,2.127,1.106,1.526,1.5
2024-12-18,HM36,24.0,0.56,4.927,0.641,1.5
2024-12-18,HM43,24.0,0.478,0.296,0.997,1.5
2024-12-18,HM47,24.0,0.801,0.771,0.561,1.5
2024-12-18,HM50,24.0,0.514,0.68,0.594,1.5
2024-12-18,HM56,24.0,0.365,1.738,0.922,1.5
2024-12-19,HM01,24.0,0.951,0.736,0.609,1.5
2024-12-19,HM12,24.0,1.192,1.818,0.236,1.5
2024-12-19,HM13,24.0,0.377,1.577,0.355,1.5
2024-12-19,HM14,24.0,1.639,1.903,0.387,1.5
2024-12-19,HM16,24.0,1.194,0.646,0.296,1.5
2024-12-19,HM20,24.0,0.161,0.628,0.407,1.5
2024-12-19,HM25,24.0,2.512,2.12,0.516,1.5
2024-12-19,HM30,24.0,0.495,0.617,0.812,1.5
2024-12-19,HM36,24.0,0.439,0.87,0.402,1.5
2024-12-19,HM43,24.0,2.439,2.371,0.499,1.5
2024-12-19,HM47,24.0,0.623,1.55,0.372,1.5
2024-12-19,HM50,24.0,5.225,0.431,0.598,1.5
2024-12-19,HM56,24.0,4.611,2.028,0.689,1.5
2024-12-20,HM01,24.0,0.74,1.045,0.534,1.5
2024-12-20,HM12,24.0,0.769,1.934,0.819,1.5
2024-12-20,HM13,24.0,5.695,1.97,0.428,1.5
2024-12-20,HM14,24.0,0.533,1.013,0.488,1.5
2024-12-20,HM16,24.0,1.272,0.344,0.398,1.5
2024-12-20,HM20,24.0,1.391,0.448,0.328,1.5
2024-12-20,HM25,24.0,0.686,0.921,0.876,1.5
2024-12-20,HM30,24.0,0.865,0.729,0.317,1.5
2024-12-20,HM36,24.0,0.999,1.63,0.341,1.5
2024-12-20,HM43,24.0,1.201,2.454,1.07,1.5
2024-12-20,HM47,24.0,0.641,0.916,0.287,1.5
2024-12-20,HM50,24.0,0.919,1.0,0.672,1.5
2024-12-20,HM56,24.0,1.484,4.569,0.398,1.5
2024-12-21,HM01,24.0,0.697,3.29,0.12,1.0
2024-12-21,HM12,24.0,1.015,1.7,0.654,1.0
2024-12-21,HM13,24.0,0.794,3.201,0.64,1.0
2024-12-21,HM14,24.0,0.942,3.222,0.31,1.0
2024-12-21,HM16,24.0,0.602,1.442,0.638,1.0
2024-12-21,HM20,24.0,0.924,0.486,0.54,1.0
2024-12-21,HM25,24.0,0.925,0.373,0.371,1.0
2024-12-21,HM30,24.0,1.249,1.775,0.436,1.0
2024-12-21,HM36,24.0,0.764,5.379,0.375,1.0
2024-12-21,HM43,24.0,0.828,1.952,0.568,1.0
2024-12-21,HM47,24.0,0.301,4.627,0.359,1.0
2024-12-21,HM50,24.0,0.859,1.819,0.359,1.0
2024-12-21,HM56,24.0,0.59,3.481,0.508,1.0
2024-12-22,HM01,24.0,0.413,3.369,0.531,1.0
2024-12-22,HM12,24.0,0.727,2.286,0.513,1.0
2024-12-22,HM13,24.0,0.514,3.261,0.528,1.0
2024-12-22,HM14,24.0,1.286,4.094,0.184,1.0
2024-12-22,HM16,24.0,6.215,2.377,0.838,1.0
2024-12-22,HM20,24.0,0.729,1.889,0.706,1.0
2024-12-22,HM25,24.0,0.479,1.0,0.754,1.0
2024-12-22,HM30,24.0,1.074,0.367,0.417,1.0
2024-12-22,HM36,24.0,0.696,1.697,0.29,1.0
2024-12-22,HM43,24.0,0.383,4.0,0.939,1.0
2024-12-22,HM47,24.0,2.01,5.683,0.301,1.0
2024-12-22,HM50,24.0,1.184,1.101,1.041,1.0
2024-12-22,HM56,24.0,1.101,0.431,0.549,1.0
2024-12-23,HM01,24.0,1.289,1.842,0.939,1.5
2024-12-23,HM12,24.0,1.896,1.209,0.469,1.5
2024-12-23,HM13,24.0,0.981,0.718,1.166,1.5
2024-12-23,HM14,24.0,0.336,1.786,0.589,1.5
2024-12-23,HM16,24.0,0.969,3.406,0.757,1.5
2024-12-23,HM20,24.0,1.355,3.635,0.524,1.5
2024-12-23,HM25,24.0,0.67,0.624,0.357,1.5
2024-12-23,HM30,24.0,1.277,0.0,0.344,1.5
2024-12-23,HM36,24.0,0.758,0.0,0.253,1.5
2024-12-23,HM43,24.0,1.415,1.189,0.805,1.5
2024-12-23,HM47,24.0,1.053,1.855,0.786,1.5
2024-12-23,HM50,24.0,1.025,0.72,0.436,1.5
2024-12-23,HM56,24.0,1.049,0.837,0.283,1.5
2024-12-24,HM01,24.0,0.494,0.473,0.605,1.5
2024-12-24,HM12,24.0,1.221,5.765,0.715,1.5
2024-12-24,HM13,24.0,1.04,1.05,0.414,1.5
2024-12-24,HM14,24.0,1.033,1.616,0.587,1.5
2024-12-24,HM16,24.0,0.647,1.727,0.52,1.5
2024-12-24,HM20,24.0,0.559,1.046,0.566,1.5
2024-12-24,HM25,24.0,0.693,2.933,0.364,1.5
2024-12-24,HM30,24.0,0.729,2.741,0.29,1.5
2024-12-24,HM36,24.0,1.196,0.676,0.552,1.5
2024-12-24,HM43,24.0,1.52,2.191,0.701,1.5
2024-12-24,HM47,24.0,1.217,0.252,0.304,1.5
2024-12-24,HM50,24.0,0.904,0.443,0.847,1.5
2024-12-24,HM56,24.0,0.998,0.593,0.584,1.5
2024-12-25,HM01,24.0,3.67,0.928,0.407,1.5
2024-12-25,HM12,24.0,1.584,0.0,0.423,1.5
2024-12-25,HM13,24.0,3.065,0.0,0.572,1.5
2024-12-25,HM14,24.0,0.949,0.41,0.303,1.5
2024-12-25,HM16,24.0,0.395,3.049,0.795,1.5
2024-12-25,HM20,24.0,0.821,0.799,0.744,1.5
2024-12-25,HM25,24.0,0.61,1.222,0.804,1.5
2024-12-25,HM30,24.0,0.322,1.014,0.88,1.5
2024-12-25,HM36,24.0,1.027,1.48,0.935,1.5
2024-12-25,HM43,24.0,0.832,2.196,0.796,1.5
2024-12-25,HM47,24.0,0.873,3.55,0.709,1.5
2024-12-25,HM50,24.0,0.392,0.0,1.08,1.5
2024-12-25,HM56,24.0,1.034,1.681,0.593,1.5
2024-12-26,HM01,24.0,0.802,3.029,0.459,1.5
2024-12-26,HM12,24.0,1.618,0.709,0.666,1.5
2024-12-26,HM13,24.0,0.744,1.569,0.529,1.5
2024-12-26,HM14,24.0,0.671,0.635,0.463,1.5
2024-12-26,HM16,24.0,0.663,1.281,0.293,1.5
2024-12-26,HM20,24.0,0.909,2.944,0.499,1.5
2024-12-26,HM25,24.0,0.962,3.102,0.511,1.5
2024-12-26,HM30,24.0,1.055,1.719,0.378,1.5
2024-12-26,HM36,24.0,0.318,1.45,0.62,1.5
2024-12-26,HM43,24.0,0.765,1.376,0.507,1.5
2024-12-26,HM47,24.0,1.385,2.828,0.964,1.5
2024-12-26,HM50,24.0,1.358,0.484,0.653,1.5
2024-12-26,HM56,24.0,0.594,6.227,0.633,1.5
2024-12-27,HM01,24.0,1.535,1.149,0.311,1.5
2024-12-27,HM12,24.0,0.372,2.025,0.439,1.5
2024-12-27,HM13,24.0,6.166,0.787,0.501,1.5
2024-12-27,HM14,24.0,0.564,1.429,0.238,1.5
2024-12-27,HM16,24.0,0.708,0.437,0.493,1.5
2024-12-27,HM20,24.0,1.634,3.949,0.353,1.5
2024-12-27,HM25,24.0,0.938,2.697,0.88,1.5
2024-12-27,HM30,24.0,4.629,0.591,0.441,1.5
2024-12-27,HM36,24.0,0.52,1.147,0.314,1.5
2024-12-27,HM43,24.0,0.255,1.566,0.279,1.5
2024-12-27,HM47,24.0,0.634,2.44,0.574,1.5
2024-12-27,HM50,24.0,1.116,0.804,0.474,1.5
2024-12-27,HM56,24.0,0.286,0.0,0.799,1.5
2024-12-28,HM01,24.0,0.864,1.067,0.807,1.0
2024-12-28,HM12,24.0,1.988,1.091,0.783,1.0
2024-12-28,HM13,24.0,0.813,0.879,0.918,1.0
2024-12-28,HM14,24.0,0.574,0.763,0.395,1.0
2024-12-28,HM16,24.0,0.666,0.324,0.699,1.0
2024-12-28,HM20,24.0,0.937,0.734,0.657,1.0
2024-12-28,HM25,24.0,0.406,2.136,0.207,1.0
2024-12-28,HM30,24.0,0.635,1.518,0.443,1.0
2024-12-28,HM36,24.0,0.907,1.503,0.334,1.0
2024-12-28,HM43,24.0,0.98,0.83,0.511,1.0
2024-12-28,HM47,24.0,0.743,2.026,0.772,1.0
2024-12-28,HM50,24.0,1.774,0.0,0.79,1.0
2024-12-28,HM56,24.0,2.28,4.319,0.704,1.0
2024-12-29,HM01,24.0,1.257,2.208,0.924,1.0
2024-12-29,HM12,24.0,0.883,1.734,0.419,1.0
2024-12-29,HM13,24.0,1.013,0.949,0.61,1.0
2024-12-29,HM14,24.0,6.454,2.669,0.305,1.0
2024-12-29,HM16,24.0,0.491,1.484,0.324,1.0
2024-12-29,HM20,24.0,0.78,2.695,0.577,1.0
2024-12-29,HM25,24.0,0.701,3.373,0.309,1.0
2024-12-29,HM30,24.0,1.046,0.934,0.386,1.0
2024-12-29,HM36,24.0,1.568,3.275,0.287,1.0
2024-12-29,HM43,24.0,0.885,1.142,0.448,1.0
2024-12-29,HM47,24.0,0.787,5.098,0.438,1.0
2024-12-29,HM50,24.0,0.878,1.93,0.255,1.0
2024-12-29,HM56,24.0,1.353,5.432,0.867,1.0
2024-12-30,HM01,24.0,0.832,2.639,0.412,1.5
2024-12-30,HM12,24.0,0.919,0.0,0.639,1.5
2024-12-30,HM13,24.0,0.792,5.492,0.482,1.5
2024-12-30,HM14,24.0,1.085,2.227,0.997,1.5
2024-12-30,HM16,24.0,0.759,0.78,0.383,1.5
2024-12-30,HM20,24.0,0.561,2.748,0.339,1.5
2024-12-30,HM25,24.0,1.838,5.172,0.453,1.5
2024-12-30,HM30,24.0,1.294,3.529,0.534,1.5
2024-12-30,HM36,24.0,6.405,1.967,0.517,1.5
2024-12-30,HM43,24.0,0.699,1.933,0.339,1.5
2024-12-30,HM47,24.0,2.297,0.385,0.718,1.5
2024-12-30,HM50,24.0,2.826,0.0,0.531,1.5
2024-12-30,HM56,24.0,0.942,2.087,0.612,1.5
2024-12-31,HM01,24.0,0.536,0.0,0.727,1.5
2024-12-31,HM12,24.0,5.481,1.184,0.546,1.5
2024-12-31,HM13,24.0,1.511,2.414,0.299,1.5
2024-12-31,HM14,24.0,1.561,1.316,0.691,1.5
2024-12-31,HM16,24.0,2.025,2.001,1.132,1.5
2024-12-31,HM20,24.0,1.59,2.688,0.744,1.5
2024-12-31,HM25,24.0,0.522,1.836,0.373,1.5
2024-12-31,HM30,24.0,0.33,3.643,0.404,1.5
2024-12-31,HM36,24.0,0.331,2.988,0.622,1.5
2024-12-31,HM43,24.0,1.03,1.791,0.567,1.5
2024-12-31,HM47,24.0,1.504,2.9,0.658,1.5
2024-12-31,HM50,24.0,3.247,1.625,0.546,1.5
2024-12-31,HM56,24.0,1.067,3.27,0.502,1.5
2025-01-01,HM01,24.0,0.455,1.174,0.402,1.5
2025-01-01,HM12,24.0,1.077,4.173,0.271,1.5
2025-01-01,HM13,24.0,1.02,3.275,0.647,1.5
2025-01-01,HM14,24.0,5.457,4.277,0.985,1.5
2025-01-01,HM16,24.0,1.758,1.684,0.372,1.5
2025-01-01,HM20,24.0,0.709,1.597,0.471,1.5
2025-01-01,HM25,24.0,2.658,1.112,0.573,1.5
2025-01-01,HM30,24.0,1.038,4.03,0.45,1.5
2025-01-01,HM36,24.0,0.795,0.186,1.001,1.5
2025-01-01,HM43,24.0,0.716,0.426,0.412,1.5
2025-01-01,HM47,24.0,0.813,2.31,0.432,1.5
2025-01-01,HM50,24.0,0.807,4.316,0.473,1.5
2025-01-01,HM56,24.0,0.948,3.63,0.521,1.5
2025-01-02,HM01,24.0,0.768,1.0,0.433,1.5
2025-01-02,HM12,24.0,4.674,1.936,0.576,1.5
2025-01-02,HM13,24.0,0.489,1.213,0.158,1.5
2025-01-02,HM14,24.0,1.142,3.739,0.717,1.5
2025-01-02,HM16,24.0,0.403,4.198,0.33,1.5
2025-01-02,HM20,24.0,2.512,2.966,0.63,1.5
2025-01-02,HM25,24.0,1.007,2.62,0.703,1.5
2025-01-02,HM30,24.0,2.039,1.696,0.415,1.5
2025-01-02,HM36,24.0,0.671,1.136,0.887,1.5
2025-01-02,HM43,24.0,0.834,2.44,0.138,1.5
2025-01-02,HM47,24.0,1.312,1.613,0.579,1.5
2025-01-02,HM50,24.0,6.192,0.564,0.77,1.5
2025-01-02,HM56,24.0,1.226,0.398,0.869,1.5
2025-01-03,HM01,24.0,0.283,2.291,0.307,1.5
2025-01-03,HM12,24.0,0.953,1.22,0.864,1.5
2025-01-03,HM13,24.0,0.626,3.132,0.285,1.5
2025-01-03,HM14,24.0,0.631,5.7,0.254,1.5
2025-01-03,HM16,24.0,0.96,0.778,0.571,1.5
2025-01-03,HM20,24.0,0.533,1.848,0.606,1.5
2025-01-03,HM25,24.0,0.485,7.2,0.563,1.5
2025-01-03,HM30,24.0,0.671,0.642,0.718,1.5
2025-01-03,HM36,24.0,1.156,2.319,0.225,1.5
2025-01-03,HM43,24.0,0.659,6.465,0.558,1.5
2025-01-03,HM47,24.0,0.769,2.179,0.317,1.5
2025-01-03,HM50,24.0,0.943,1.075,0.604,1.5
2025-01-03,HM56,24.0,1.201,1.544,0.588,1.5
2025-01-04,HM01,24.0,1.339,2.15,0.416,1.0
2025-01-04,HM12,24.0,0.61,2.395,0.44,1.0
2025-01-04,HM13,24.0,0.985,2.997,0.679,1.0
2025-01-04,HM14,24.0,2.379,1.066,0.689,1.0
2025-01-04,HM16,24.0,0.688,4.626,0.536,1.0
2025-01-04,HM20,24.0,1.024,2.769,0.357,1.0
2025-01-04,HM25,24.0,1.127,2.161,0.462,1.0
2025-01-04,HM30,24.0,1.041,1.552,0.617,1.0
2025-01-04,HM36,24.0,4.455,1.977,0.626,1.0
2025-01-04,HM43,24.0,1.014,1.712,1.237,1.0
2025-01-04,HM47,24.0,4.418,2.912,0.978,1.0
2025-01-04,HM50,24.0,0.803,3.105,0.648,1.0
2025-01-04,HM56,24.0,0.471,2.201,0.634,1.0
2025-01-05,HM01,24.0,2.058,0.966,0.815,1.0
2025-01-05,HM12,24.0,3.677,6.25,0.233,1.0
2025-01-05,HM13,24.0,1.035,1.878,0.541,1.0
2025-01-05,HM14,24.0,0.51,1.996,0.657,1.0
2025-01-05,HM16,24.0,0.332,3.201,0.618,1.0
2025-01-05,HM20,24.0,0.891,6.165,0.892,1.0
2025-01-05,HM25,24.0,0.77,3.034,0.499,1.0
2025-01-05,HM30,24.0,0.719,2.095,0.508,1.0
2025-01-05,HM36,24.0,1.097,2.272,0.373,1.0
2025-01-05,HM43,24.0,1.183,1.233,0.782,1.0
2025-01-05,HM47,24.0,0.216,0.874,0.756,1.0
2025-01-05,HM50,24.0,4.998,0.0,0.532,1.0
2025-01-05,HM56,24.0,0.508,2.44,0.423,1.0
2025-01-06,HM01,24.0,0.965,3.59,0.476,1.5
2025-01-06,HM12,24.0,1.288,0.959,0.514,1.5
2025-01-06,HM13,24.0,1.236,1.393,0.609,1.5
2025-01-06,HM14,24.0,1.386,2.109,0.42,1.5
2025-01-06,HM16,24.0,1.273,3.797,0.286,1.5
2025-01-06,HM20,24.0,1.266,1.421,0.737,1.5
2025-01-06,HM25,24.0,0.816,0.947,0.825,1.5
2025-01-06,HM30,24.0,0.499,0.252,0.636,1.5
2025-01-06,HM36,24.0,0.335,3.676,0.452,1.5
2025-01-06,HM43,24.0,0.945,3.378,0.387,1.5
2025-01-06,HM47,24.0,0.834,1.119,0.623,1.5
2025-01-06,HM50,24.0,0.401,0.348,0.691,1.5
2025-01-06,HM56,24.0,1.189,0.467,0.437,1.5
2025-01-07,HM01,24.0,1.114,0.429,0.627,1.5
2025-01-07,HM12,24.0,0.734,0.0,0.711,1.5
2025-01-07,HM13,24.0,0.619,2.018,0.508,1.5
2025-01-07,HM14,24.0,3.302,1.684,0.826,1.5
2025-01-07,HM16,24.0,0.66,0.732,0.499,1.5
2025-01-07,HM20,24.0,0.583,1.956,0.862,1.5
2025-01-07,HM25,24.0,4.675,0.779,0.291,1.5
2025-01-07,HM30,24.0,1.466,1.683,0.461,1.5
2025-01-07,HM36,24.0,0.574,1.438,0.261,1.5
2025-01-07,HM43,24.0,1.975,2.984,0.731,1.5
2025-01-07,HM47,24.0,1.225,1.305,0.466,1.5
2025-01-07,HM50,24.0,1.516,0.0,0.444,1.5
2025-01-07,HM56,24.0,0.563,1.066,0.28,1.5
2025-01-08,HM01,24.0,0.294,0.473,0.241,1.5
2025-01-08,HM12,24.0,1.185,1.091,0.518,1.5
2025-01-08,HM13,24.0,1.276,0.701,0.937,1.5
2025-01-08,HM14,24.0,1.225,2.216,0.408,1.5
2025-01-08,HM16,24.0,0.407,1.001,0.565,1.5
2025-01-08,HM20,24.0,0.489,0.959,0.473,1.5
2025-01-08,HM25,24.0,0.965,2.603,0.665,1.5
2025-01-08,HM30,24.0,0.836,4.515,1.089,1.5
2025-01-08,HM36,24.0,0.82,0.833,0.444,1.5
2025-01-08,HM43,24.0,0.804,1.395,0.66,1.5
2025-01-08,HM47,24.0,0.883,0.713,0.423,1.5
2025-01-08,HM50,24.0,1.023,0.778,0.713,1.5
2025-01-08,HM56,24.0,0.765,2.955,0.55,1.5
2025-01-09,HM01,24.0,1.218,1.377,0.515,1.5
2025-01-09,HM12,24.0,4.309,1.42,0.292,1.5
2025-01-09,HM13,24.0,0.687,1.086,0.591,1.5
2025-01-09,HM14,24.0,0.659,0.0,0.293,1.5
2025-01-09,HM16,24.0,1.49,1.87,0.777,1.5
2025-01-09,HM20,24.0,4.655,2.058,0.358,1.5
2025-01-09,HM25,24.0,0.685,1.566,0.413,1.5
2025-01-09,HM30,24.0,0.523,2.036,0.361,1.5
2025-01-09,HM36,24.0,1.484,1.055,0.889,1.5
2025-01-09,HM43,24.0,2.645,0.953,0.326,1.5
2025-01-09,HM47,24.0,0.258,0.798,0.342,1.5
2025-01-09,HM50,24.0,0.729,0.684,0.45,1.5
2025-01-09,HM56,24.0,1.106,1.207,0.624,1.5
2025-01-10,HM01,24.0,0.448,0.523,0.442,1.5
2025-01-10,HM12,24.0,0.555,2.102,0.562,1.5
2025-01-10,HM13,24.0,0.487,2.21,0.257,1.5
2025-01-10,HM14,24.0,3.771,2.333,0.766,1.5
2025-01-10,HM16,24.0,0.929,1.056,0.104,1.5
2025-01-10,HM20,24.0,1.085,2.119,0.328,1.5
2025-01-10,HM25,24.0,2.837,5.622,0.561,1.5
2025-01-10,HM30,24.0,1.206,2.556,0.715,1.5
2025-01-10,HM36,24.0,0.415,0.0,0.263,1.5
2025-01-10,HM43,24.0,1.145,5.881,0.829,1.5
2025-01-10,HM47,24.0,1.226,1.002,0.242,1.5
2025-01-10,HM50,24.0,0.885,0.0,0.447,1.5
2025-01-10,HM56,24.0,0.445,0.0,0.577,1.5
2025-01-11,HM01,24.0,0.799,1.339,0.253,1.0
2025-01-11,HM12,24.0,1.244,5.458,0.42,1.0
2025-01-11,HM13,24.0,0.359,2.518,0.285,1.0
2025-01-11,HM14,24.0,0.775,0.0,0.268,1.0
2025-01-11,HM16,24.0,1.51,0.46,0.321,1.0
2025-01-11,HM20,24.0,0.508,0.394,0.322,1.0
2025-01-11,HM25,24.0,0.852,2.417,0.556,1.0
2025-01-11,HM30,24.0,0.91,1.34,0.202,1.0
2025-01-11,HM36,24.0,0.368,1.007,0.495,1.0
2025-01-11,HM43,24.0,0.475,0.694,0.419,1.0
2025-01-11,HM47,24.0,1.03,2.715,0.752,1.0
2025-01-11,HM50,24.0,0.735,2.565,1.42,1.0
2025-01-11,HM56,24.0,0.578,4.958,0.555,1.0
2025-01-12,HM01,24.0,0.24,0.402,0.434,1.0
2025-01-12,HM12,24.0,0.958,0.272,0.333,1.0
2025-01-12,HM13,24.0,0.725,1.779,0.298,1.0
2025-01-12,HM14,24.0,0.596,1.561,1.071,1.0
2025-01-12,HM16,24.0,0.652,1.742,0.494,1.0
2025-01-12,HM20,24.0,0.294,0.682,0.433,1.0
2025-01-12,HM25,24.0,1.747,1.324,0.771,1.0
2025-01-12,HM30,24.0,1.546,0.787,0.329,1.0
2025-01-12,HM36,24.0,0.688,0.973,0.798,1.0
2025-01-12,HM43,24.0,1.434,0.948,0.73,1.0
2025-01-12,HM47,24.0,1.407,2.835,0.411,1.0
2025-01-12,HM50,24.0,0.521,0.96,0.423,1.0
2025-01-12,HM56,24.0,0.316,0.74,0.227,1.0
2025-01-13,HM01,24.0,1.593,1.791,1.121,1.5
2025-01-13,HM12,24.0,0.506,1.387,0.909,1.5
2025-01-13,HM13,24.0,0.608,0.69,0.691,1.5
2025-01-13,HM14,24.0,0.717,1.614,0.289,1.5
2025-01-13,HM16,24.0,0.414,2.917,0.395,1.5
2025-01-13,HM20,24.0,0.698,0.0,0.342,1.5
2025-01-13,HM25,24.0,1.094,0.314,0.588,1.5
2025-01-13,HM30,24.0,0.658,4.289,0.807,1.5
2025-01-13,HM36,24.0,1.534,2.492,0.656,1.5
2025-01-13,HM43,24.0,1.429,3.454,0.496,1.5
2025-01-13,HM47,24.0,0.685,0.757,0.398,1.5
2025-01-13,HM50,24.0,0.482,2.002,0.53,1.5
2025-01-13,HM56,24.0,1.179,3.214,0.281,1.5
2025-01-14,HM01,24.0,1.061,2.593,0.446,1.5
2025-01-14,HM12,24.0,0.365,1.764,0.922,1.5
2025-01-14,HM13,24.0,0.515,4.816,0.438,1.5
2025-01-14,HM14,24.0,0.504,3.48,0.627,1.5
2025-01-14,HM16,24.0,0.422,3.074,0.556,1.5
2025-01-14,HM20,24.0,0.477,1.388,0.359,1.5
2025-01-14,HM25,24.0,1.334,0.183,1.103,1.5
2025-01-14,HM30,24.0,0.658,0.282,0.48,1.5
2025-01-14,HM36,24.0,1.263,2.855,0.549,1.5
2025-01-14,HM43,24.0,1.05,0.0,0.318,1.5
2025-01-14,HM47,24.0,1.875,3.083,0.37,1.5
2025-01-14,HM50,24.0,2.841,1.258,0.203,1.5
2025-01-14,HM56,24.0,1.028,0.458,0.53,1.5
2025-01-15,HM01,24.0,0.231,5.664,0.187,1.5
2025-01-15,HM12,24.0,0.493,0.847,0.367,1.5
2025-01-15,HM13,24.0,0.312,0.959,1.005,1.5
2025-01-15,HM14,24.0,0.355,0.957,0.88,1.5
2025-01-15,HM16,24.0,0.853,0.0,0.652,1.5
2025-01-15,HM20,24.0,1.007,2.405,0.336,1.5
2025-01-15,HM25,24.0,1.352,0.689,1.721,1.5
2025-01-15,HM30,24.0,1.153,0.553,0.399,1.5
2025-01-15,HM36,24.0,0.896,1.059,0.598,1.5
2025-01-15,HM43,24.0,0.784,3.465,0.544,1.5
2025-01-15,HM47,24.0,0.996,1.188,0.214,1.5
2025-01-15,HM50,24.0,0.901,1.12,0.685,1.5
2025-01-15,HM56,24.0,0.551,0.0,0.414,1.5
2025-01-16,HM01,24.0,0.825,0.461,0.3,1.5
2025-01-16,HM12,24.0,0.855,0.483,0.829,1.5
2025-01-16,HM13,24.0,0.91,2.088,0.283,1.5
2025-01-16,HM14,24.0,0.569,2.087,0.747,1.5
2025-01-16,HM16,24.0,0.397,7.2,0.829,1.5
2025-01-16,HM20,24.0,3.887,1.337,0.349,1.5
2025-01-16,HM25,24.0,1.288,0.819,0.262,1.5
2025-01-16,HM30,24.0,0.485,2.0,0.456,1.5
2025-01-16,HM36,24.0,5.629,1.686,0.305,1.5
2025-01-16,HM43,24.0,1.27,1.759,0.549,1.5
2025-01-16,HM47,24.0,0.25,2.294,0.537,1.5
2025-01-16,HM50,24.0,0.706,0.0,1.068,1.5
2025-01-16,HM56,24.0,0.737,0.654,0.584,1.5
2025-01-17,HM01,24.0,1.497,0.862,0.932,1.5
2025-01-17,HM12,24.0,0.823,2.95,0.696,1.5
2025-01-17,HM13,24.0,0.294,1.783,0.778,1.5
2025-01-17,HM14,24.0,0.738,3.614,0.4,1.5
2025-01-17,HM16,24.0,0.285,2.049,0.285,1.5
2025-01-17,HM20,24.0,0.374,1.715,0.363,1.5
2025-01-17,HM25,24.0,0.756,0.538,0.366,1.5
2025-01-17,HM30,24.0,0.7,0.549,0.634,1.5
2025-01-17,HM36,24.0,1.419,4.424,0.43,1.5
2025-01-17,HM43,24.0,1.314,0.777,0.559,1.5
2025-01-17,HM47,24.0,0.274,1.588,0.373,1.5
2025-01-17,HM50,24.0,1.025,5.581,0.866,1.5
2025-01-17,HM56,24.0,0.692,3.743,0.604,1.5
2025-01-18,HM01,24.0,0.798,1.753,0.456,1.0
2025-01-18,HM12,24.0,0.689,2.418,0.505,1.0
2025-01-18,HM13,24.0,1.919,0.938,0.471,1.0
2025-01-18,HM14,24.0,2.46,0.306,0.546,1.0
2025-01-18,HM16,24.0,2.097,2.755,0.867,1.0
2025-01-18,HM20,24.0,0.633,5.788,0.541,1.0
2025-01-18,HM25,24.0,0.204,0.487,0.506,1.0
2025-01-18,HM30,24.0,0.416,1.562,0.394,1.0
2025-01-18,HM36,24.0,1.378,0.616,0.518,1.0
2025-01-18,HM43,24.0,5.894,1.427,0.824,1.0
2025-01-18,HM47,24.0,0.548,2.802,0.445,1.0
2025-01-18,HM50,24.0,0.8,2.995,0.315,1.0
2025-01-18,HM56,24.0,1.3,0.783,1.447,1.0
2025-01-19,HM01,24.0,1.052,0.857,0.529,1.0
2025-01-19,HM12,24.0,1.233,3.949,0.331,1.0
2025-01-19,HM13,24.0,5.062,0.807,0.276,1.0
2025-01-19,HM14,24.0,0.857,1.562,0.451,1.0
2025-01-19,HM16,24.0,0.22,1.412,0.68,1.0
2025-01-19,HM20,24.0,0.518,1.12,0.522,1.0
2025-01-19,HM25,24.0,1.271,1.876,0.385,1.0
2025-01-19,HM30,24.0,0.345,0.449,0.398,1.0
2025-01-19,HM36,24.0,1.236,1.499,0.25,1.0
2025-01-19,HM43,24.0,0.822,2.745,0.65,1.0
2025-01-19,HM47,24.0,0.789,0.565,0.756,1.0
2025-01-19,HM50,24.0,0.559,2.12,0.896,1.0
2025-01-19,HM56,24.0,1.692,1.343,0.643,1.0
2025-01-20,HM01,24.0,0.992,2.633,0.583,1.5
2025-01-20,HM12,24.0,0.829,3.526,0.46,1.5
2025-01-20,HM13,24.0,0.696,4.461,0.488,1.5
2025-01-20,HM14,24.0,1.188,0.644,0.934,1.5
2025-01-20,HM16,24.0,2.115,3.365,0.664,1.5
2025-01-20,HM20,24.0,0.494,1.383,1.009,1.5
2025-01-20,HM25,24.0,0.439,2.38,0.915,1.5
2025-01-20,HM30,24.0,3.523,4.154,1.072,1.5
2025-01-20,HM36,24.0,0.758,1.272,0.268,1.5
2025-01-20,HM43,24.0,1.321,5.563,0.458,1.5
2025-01-20,HM47,24.0,1.013,3.365,0.622,1.5
2025-01-20,HM50,24.0,1.806,1.413,0.725,1.5
2025-01-20,HM56,24.0,0.636,1.079,1.087,1.5
2025-01-21,HM01,24.0,1.427,3.097,0.974,1.5
2025-01-21,HM12,24.0,0.511,3.415,0.808,1.5
2025-01-21,HM13,24.0,0.408,4.362,0.844,1.5
2025-01-21,HM14,24.0,0.591,0.34,0.427,1.5
2025-01-21,HM16,24.0,0.658,1.833,0.318,1.5
2025-01-21,HM20,24.0,1.48,6.0,0.404,1.5
2025-01-21,HM25,24.0,1.035,2.787,0.843,1.5
2025-01-21,HM30,24.0,1.024,0.0,0.692,1.5
2025-01-21,HM36,24.0,0.78,2.181,0.458,1.5
2025-01-21,HM43,24.0,1.154,1.589,0.422,1.5
2025-01-21,HM47,24.0,0.81,2.433,0.906,1.5
2025-01-21,HM50,24.0,1.008,0.534,1.335,1.5
2025-01-21,HM56,24.0,0.657,3.012,0.568,1.5
2025-01-22,HM01,24.0,1.073,1.397,0.443,1.5
2025-01-22,HM12,24.0,1.025,1.912,0.409,1.5
2025-01-22,HM13,24.0,1.708,0.541,0.47,1.5
2025-01-22,HM14,24.0,0.313,3.039,0.387,1.5
2025-01-22,HM16,24.0,0.463,0.307,0.474,1.5
2025-01-22,HM20,24.0,0.548,2.521,0.428,1.5
2025-01-22,HM25,24.0,1.201,1.172,0.667,1.5
2025-01-22,HM30,24.0,1.062,0.0,0.2,1.5
2025-01-22,HM36,24.0,0.42,1.495,0.333,1.5
2025-01-22,HM43,24.0,1.4,1.756,0.673,1.5
2025-01-22,HM47,24.0,0.962,4.344,0.315,1.5
2025-01-22,HM50,24.0,1.112,0.967,0.25,1.5
2025-01-22,HM56,24.0,6.936,0.642,0.557,1.5
2025-01-23,HM01,24.0,0.51,1.688,0.451,1.5
2025-01-23,HM12,24.0,0.794,1.909,0.406,1.5
2025-01-23,HM13,24.0,0.567,0.742,0.51,1.5
2025-01-23,HM14,24.0,1.466,0.577,0.416,1.5
2025-01-23,HM16,24.0,0.416,2.061,0.366,1.5
2025-01-23,HM20,24.0,0.583,3.805,0.64,1.5
2025-01-23,HM25,24.0,0.691,1.056,0.545,1.5
2025-01-23,HM30,24.0,0.694,1.119,0.83,1.5
2025-01-23,HM36,24.0,0.681,3.611,0.36,1.5
2025-01-23,HM43,24.0,1.371,2.562,0.647,1.5
2025-01-23,HM47,24.0,0.729,4.06,0.28,1.5
2025-01-23,HM50,24.0,0.763,2.471,0.973,1.5
2025-01-23,HM56,24.0,0.425,0.0,0.25,1.5
2025-01-24,HM01,24.0,0.612,6.274,0.368,1.5
2025-01-24,HM12,24.0,1.118,1.619,0.423,1.5
2025-01-24,HM13,24.0,0.801,2.458,0.57,1.5
2025-01-24,HM14,24.0,0.743,0.912,0.584,1.5
2025-01-24,HM16,24.0,0.618,1.32,0.64,1.5
2025-01-24,HM20,24.0,1.088,2.205,0.445,1.5
2025-01-24,HM25,24.0,0.666,3.913,0.262,1.5
2025-01-24,HM30,24.0,0.721,2.189,0.851,1.5
2025-01-24,HM36,24.0,0.806,0.733,0.349,1.5
2025-01-24,HM43,24.0,0.905,2.168,0.557,1.5
2025-01-24,HM47,24.0,0.454,2.856,0.491,1.5
2025-01-24,HM50,24.0,1.026,1.765,0.627,1.5
2025-01-24,HM56,24.0,0.453,2.714,0.676,1.5
2025-01-25,HM01,24.0,0.628,1.916,1.098,1.0
2025-01-25,HM12,24.0,0.591,1.681,0.493,1.0
2025-01-25,HM13,24.0,1.012,3.342,0.404,1.0
2025-01-25,HM14,24.0,1.719,3.22,0.532,1.0
2025-01-25,HM16,24.0,0.947,2.663,0.396,1.0
2025-01-25,HM20,24.0,1.176,1.196,0.82,1.0
2025-01-25,HM25,24.0,0.596,0.77,0.652,1.0
2025-01-25,HM30,24.0,1.015,0.396,0.272,1.0
2025-01-25,HM36,24.0,1.379,0.702,0.301,1.0
2025-01-25,HM43,24.0,0.365,4.28,0.368,1.0
2025-01-25,HM47,24.0,0.473,0.932,0.503,1.0
2025-01-25,HM50,24.0,0.55,3.227,0.503,1.0
2025-01-25,HM56,24.0,1.234,0.305,0.539,1.0
2025-01-26,HM01,24.0,1.144,2.718,0.377,1.0
2025-01-26,HM12,24.0,0.76,3.834,0.799,1.0
2025-01-26,HM13,24.0,0.653,1.38,0.397,1.0
2025-01-26,HM14,24.0,1.821,7.197,0.432,1.0
2025-01-26,HM16,24.0,0.26,6.852,0.501,1.0
2025-01-26,HM20,24.0,0.934,1.054,0.805,1.0
2025-01-26,HM25,24.0,0.592,0.834,0.587,1.0
2025-01-26,HM30,24.0,0.436,1.396,0.539,1.0
2025-01-26,HM36,24.0,2.126,0.556,0.353,1.0
2025-01-26,HM43,24.0,1.621,2.159,0.706,1.0
2025-01-26,HM47,24.0,0.344,2.063,0.397,1.0
2025-01-26,HM50,24.0,0.877,3.096,0.575,1.0
2025-01-26,HM56,24.0,1.134,1.098,0.288,1.0
2025-01-27,HM01,24.0,0.685,3.115,0.328,1.5
2025-01-27,HM12,24.0,0.945,1.551,0.357,1.5
2025-01-27,HM13,24.0,0.251,1.393,0.528,1.5
2025-01-27,HM14,24.0,0.652,2.571,0.447,1.5
2025-01-27,HM16,24.0,1.44,1.712,0.557,1.5
2025-01-27,HM20,24.0,1.288,0.83,0.694,1.5
2025-01-27,HM25,24.0,0.37,1.581,0.794,1.5
2025-01-27,HM30,24.0,0.459,1.468,0.42,1.5
2025-01-27,HM36,24.0,0.518,2.088,0.539,1.5
2025-01-27,HM43,24.0,1.484,0.25,0.471,1.5
2025-01-27,HM47,24.0,1.291,1.612,0.629,1.5
2025-01-27,HM50,24.0,0.88,4.173,0.657,1.5
2025-01-27,HM56,24.0,1.104,1.854,0.477,1.5
2025-01-28,HM01,24.0,0.785,2.047,1.022,1.5
2025-01-28,HM12,24.0,2.008,2.409,0.513,1.5
2025-01-28,HM13,24.0,0.431,4.687,0.36,1.5
2025-01-28,HM14,24.0,1.686,0.953,0.647,1.5
2025-01-28,HM16,24.0,1.553,2.722,1.001,1.5
2025-01-28,HM20,24.0,0.527,0.39,0.207,1.5
2025-01-28,HM25,24.0,0.793,0.0,0.36,1.5
2025-01-28,HM30,24.0,0.781,0.714,1.361,1.5
2025-01-28,HM36,24.0,0.477,1.038,0.961,1.5
2025-01-28,HM43,24.0,0.771,1.052,0.441,1.5
2025-01-28,HM47,24.0,0.698,2.267,0.328,1.5
2025-01-28,HM50,24.0,1.077,0.59,0.357,1.5
2025-01-28,HM56,24.0,1.832,0.0,0.427,1.5
2025-01-29,HM01,24.0,3.66,2.096,0.511,1.5
2025-01-29,HM12,24.0,0.789,1.338,0.309,1.5
2025-01-29,HM13,24.0,1.213,0.333,0.41,1.5
2025-01-29,HM14,24.0,0.992,2.125,1.001,1.5
2025-01-29,HM16,24.0,0.71,1.387,0.768,1.5
2025-01-29,HM20,24.0,0.629,1.641,0.515,1.5
2025-01-29,HM25,24.0,6.853,1.837,0.26,1.5
2025-01-29,HM30,24.0,5.52,0.571,0.827,1.5
2025-01-29,HM36,24.0,1.107,0.559,0.286,1.5
2025-01-29,HM43,24.0,0.596,1.848,0.693,1.5
2025-01-29,HM47,24.0,2.086,3.23,0.352,1.5
2025-01-29,HM50,24.0,1.352,0.602,0.683,1.5
2025-01-29,HM56,24.0,0.886,2.204,0.469,1.5
2025-01-30,HM01,24.0,2.109,0.801,0.241,1.5
2025-01-30,HM12,24.0,1.227,2.473,0.644,1.5
2025-01-30,HM13,24.0,0.475,1.961,0.544,1.5
2025-01-30,HM14,24.0,1.011,1.228,0.446,1.5
2025-01-30,HM16,24.0,1.595,1.861,0.743,1.5
2025-01-30,HM20,24.0,1.213,0.632,1.079,1.5
2025-01-30,HM25,24.0,1.304,0.554,0.499,1.5
2025-01-30,HM30,24.0,0.422,0.0,0.345,1.5
2025-01-30,HM36,24.0,0.425,3.378,0.519,1.5
2025-01-30,HM43,24.0,0.708,1.561,0.685,1.5
2025-01-30,HM47,24.0,1.063,1.161,0.288,1.5
2025-01-30,HM50,24.0,0.786,4.273,0.542,1.5
2025-01-30,HM56,24.0,0.825,0.956,0.504,1.5
2025-01-31,HM01,24.0,1.183,1.354,0.203,1.5
2025-01-31,HM12,24.0,1.015,2.625,0.2,1.5
2025-01-31,HM13,24.0,5.725,2.426,0.41,1.5
2025-01-31,HM14,24.0,1.027,1.67,0.524,1.5
2025-01-31,HM16,24.0,0.998,0.416,0.459,1.5
2025-01-31,HM20,24.0,1.61,0.699,1.192,1.5
2025-01-31,HM25,24.0,0.482,0.599,0.49,1.5
2025-01-31,HM30,24.0,1.458,4.75,0.363,1.5
2025-01-31,HM36,24.0,0.601,1.857,0.452,1.5
2025-01-31,HM43,24.0,0.898,0.944,0.514,1.5
2025-01-31,HM47,24.0,0.991,3.029,0.257,1.5
2025-01-31,HM50,24.0,0.587,1.629,0.838,1.5
2025-01-31,HM56,24.0,0.453,2.105,0.234,1.5
2025-02-01,HM01,24.0,0.683,7.2,0.33,1.0
2025-02-01,HM12,24.0,1.516,2.901,0.788,1.0
2025-02-01,HM13,24.0,0.969,4.304,0.934,1.0
2025-02-01,HM14,24.0,1.323,2.462,0.48,1.0
2025-02-01,HM16,24.0,0.88,0.641,1.143,1.0
2025-02-01,HM20,24.0,1.288,0.682,0.537,1.0
2025-02-01,HM25,24.0,0.946,0.485,0.727,1.0
2025-02-01,HM30,24.0,0.586,2.968,0.851,1.0
2025-02-01,HM36,24.0,0.866,1.422,0.515,1.0
2025-02-01,HM43,24.0,1.205,3.912,0.516,1.0
2025-02-01,HM47,24.0,1.489,0.0,0.402,1.0
2025-02-01,HM50,24.0,0.598,1.436,0.353,1.0
2025-02-01,HM56,24.0,0.85,0.571,0.847,1.0
2025-02-02,HM01,24.0,0.329,3.157,0.382,1.0
2025-02-02,HM12,24.0,0.439,1.397,0.692,1.0
2025-02-02,HM13,24.0,0.758,1.464,0.299,1.0
2025-02-02,HM14,24.0,3.499,1.877,0.4,1.0
2025-02-02,HM16,24.0,0.647,4.141,0.383,1.0
2025-02-02,HM20,24.0,0.539,0.469,0.362,1.0
2025-02-02,HM25,24.0,0.479,0.0,0.489,1.0
2025-02-02,HM30,24.0,0.714,1.369,0.707,1.0
2025-02-02,HM36,24.0,5.32,2.339,0.467,1.0
2025-02-02,HM43,24.0,1.98,2.151,0.398,1.0
2025-02-02,HM47,24.0,0.387,1.452,0.533,1.0
2025-02-02,HM50,24.0,0.633,2.208,0.666,1.0
2025-02-02,HM56,24.0,0.626,3.09,0.328,1.0
2025-02-03,HM01,24.0,0.895,2.312,0.658,1.5
2025-02-03,HM12,24.0,1.494,2.675,0.379,1.5
2025-02-03,HM13,24.0,0.62,1.937,0.593,1.5
2025-02-03,HM14,24.0,1.207,0.875,0.366,1.5
2025-02-03,HM16,24.0,0.333,2.131,0.316,1.5
2025-02-03,HM20,24.0,0.755,0.942,0.667,1.5
2025-02-03,HM25,24.0,1.69,1.263,0.961,1.5
2025-02-03,HM30,24.0,2.335,1.221,0.442,1.5
2025-02-03,HM36,24.0,0.84,3.707,0.574,1.5
2025-02-03,HM43,24.0,0.718,1.127,0.753,1.5
2025-02-03,HM47,24.0,0.385,2.126,0.975,1.5
2025-02-03,HM50,24.0,1.166,2.66,0.519,1.5
2025-02-03,HM56,24.0,0.779,3.425,0.407,1.5
2025-02-04,HM01,24.0,0.945,0.667,0.459,1.5
2025-02-04,HM12,24.0,1.291,5.592,0.384,1.5
2025-02-04,HM13,24.0,1.15,1.39,0.249,1.5
2025-02-04,HM14,24.0,5.623,1.564,0.641,1.5
2025-02-04,HM16,24.0,0.95,1.574,0.689,1.5
2025-02-04,HM20,24.0,1.066,1.536,0.313,1.5
2025-02-04,HM25,24.0,0.808,3.016,0.386,1.5
2025-02-04,HM30,24.0,5.559,1.433,0.918,1.5
2025-02-04,HM36,24.0,1.31,0.949,0.56,1.5
2025-02-04,HM43,24.0,1.016,0.793,1.01,1.5
2025-02-04,HM47,24.0,0.752,1.32,0.457,1.5
2025-02-04,HM50,24.0,0.574,0.857,0.381,1.5
2025-02-04,HM56,24.0,0.458,1.86,0.375,1.5
2025-02-05,HM01,24.0,5.019,4.274,0.67,1.5
2025-02-05,HM12,24.0,0.391,0.922,0.971,1.5
2025-02-05,HM13,24.0,0.984,0.216,0.392,1.5
2025-02-05,HM14,24.0,0.462,1.849,0.815,1.5
2025-02-05,HM16,24.0,0.279,2.258,0.537,1.5
2025-02-05,HM20,24.0,1.689,1.725,0.454,1.5
2025-02-05,HM25,24.0,0.696,2.232,0.944,1.5
2025-02-05,HM30,24.0,1.735,0.667,0.855,1.5
2025-02-05,HM36,24.0,0.576,3.156,0.263,1.5
2025-02-05,HM43,24.0,0.854,0.841,0.391,1.5
2025-02-05,HM47,24.0,0.594,0.338,0.858,1.5
2025-02-05,HM50,24.0,6.336,1.334,0.484,1.5
2025-02-05,HM56,24.0,0.874,3.161,0.98,1.5
2025-02-06,HM01,24.0,1.098,1.695,0.737,1.5
2025-02-06,HM12,24.0,0.361,1.889,0.498,1.5
2025-02-06,HM13,24.0,0.753,1.463,0.468,1.5
2025-02-06,HM14,24.0,0.559,0.929,0.281,1.5
2025-02-06,HM16,24.0,0.558,0.465,0.34,1.5
2025-02-06,HM20,24.0,1.659,2.0,0.34,1.5
2025-02-06,HM25,24.0,0.462,0.94,0.51,1.5
2025-02-06,HM30,24.0,0.604,1.262,0.573,1.5
2025-02-06,HM36,24.0,4.135,2.232,0.469,1.5
2025-02-06,HM43,24.0,0.573,0.722,0.787,1.5
2025-02-06,HM47,24.0,1.302,0.424,1.214,1.5
2025-02-06,HM50,24.0,0.621,2.349,0.412,1.5
2025-02-06,HM56,24.0,1.67,2.942,0.71,1.5
2025-02-07,HM01,24.0,0.986,0.773,0.519,1.5
2025-02-07,HM12,24.0,2.152,3.85,0.473,1.5
2025-02-07,HM13,24.0,0.784,1.885,0.995,1.5
2025-02-07,HM14,24.0,2.042,0.88,0.437,1.5
2025-02-07,HM16,24.0,1.377,0.739,0.601,1.5
2025-02-07,HM20,24.0,0.757,2.311,0.401,1.5
2025-02-07,HM25,24.0,0.785,1.625,0.576,1.5
2025-02-07,HM30,24.0,1.392,0.277,0.276,1.5
2025-02-07,HM36,24.0,0.517,1.243,0.506,1.5
2025-02-07,HM43,24.0,1.344,1.186,0.395,1.5
2025-02-07,HM47,24.0,6.104,0.517,0.353,1.5
2025-02-07,HM50,24.0,0.985,1.395,0.553,1.5
2025-02-07,HM56,24.0,4.386,2.231,0.733,1.5
2025-02-08,HM01,24.0,0.817,2.358,0.628,1.0
2025-02-08,HM12,24.0,2.542,1.306,0.357,1.0
2025-02-08,HM13,24.0,0.756,1.945,0.663,1.0
2025-02-08,HM14,24.0,0.477,7.2,0.489,1.0
2025-02-08,HM16,24.0,0.45,1.511,0.186,1.0
2025-02-08,HM20,24.0,1.371,0.675,0.539,1.0
2025-02-08,HM25,24.0,0.399,0.0,1.399,1.0
2025-02-08,HM30,24.0,0.364,4.107,0.293,1.0
2025-02-08,HM36,24.0,0.566,1.783,0.855,1.0
2025-02-08,HM43,24.0,1.012,1.351,0.439,1.0
2025-02-08,HM47,24.0,0.874,0.36,0.684,1.0
2025-02-08,HM50,24.0,0.811,0.255,0.628,1.0
2025-02-08,HM56,24.0,0.254,1.175,0.842,1.0
2025-02-09,HM01,24.0,0.415,0.493,0.728,1.0
2025-02-09,HM12,24.0,0.68,1.781,0.323,1.0
2025-02-09,HM13,24.0,0.322,1.86,0.825,1.0
2025-02-09,HM14,24.0,4.376,0.936,0.345,1.0
2025-02-09,HM16,24.0,0.487,1.167,0.352,1.0
2025-02-09,HM20,24.0,1.023,0.378,0.258,1.0
2025-02-09,HM25,24.0,2.548,5.303,0.351,1.0
2025-02-09,HM30,24.0,1.174,1.487,0.339,1.0
2025-02-09,HM36,24.0,1.136,0.671,0.698,1.0
2025-02-09,HM43,24.0,0.566,0.467,0.594,1.0
2025-02-09,HM47,24.0,0.894,3.149,0.292,1.0
2025-02-09,HM50,24.0,0.95,1.51,0.579,1.0
2025-02-09,HM56,24.0,0.884,1.146,0.736,1.0
2025-02-10,HM01,24.0,1.247,2.494,0.43,1.5
2025-02-10,HM12,24.0,0.655,1.954,0.312,1.5
2025-02-10,HM13,24.0,0.389,1.231,0.374,1.5
2025-02-10,HM14,24.0,0.55,0.802,0.456,1.5
2025-02-10,HM16,24.0,0.976,3.329,0.68,1.5
2025-02-10,HM20,24.0,0.803,0.184,0.442,1.5
2025-02-10,HM25,24.0,1.68,0.354,0.665,1.5
2025-02-10,HM30,24.0,3.395,5.632,0.476,1.5
2025-02-10,HM36,24.0,1.159,1.264,0.563,1.5
2025-02-10,HM43,24.0,0.61,0.795,0.259,1.5
2025-02-10,HM47,24.0,0.929,0.612,0.604,1.5
2025-02-10,HM50,24.0,0.896,0.546,0.707,1.5
2025-02-10,HM56,24.0,0.556,0.308,0.439,1.5
2025-02-11,HM01,24.0,0.704,1.27,0.518,1.5
2025-02-11,HM12,24.0,2.672,1.403,0.487,1.5
2025-02-11,HM13,24.0,1.047,1.479,0.962,1.5
2025-02-11,HM14,24.0,1.054,1.827,0.928,1.5
2025-02-11,HM16,24.0,1.666,1.309,0.83,1.5
2025-02-11,HM20,24.0,1.684,1.313,0.626,1.5
2025-02-11,HM25,24.0,0.811,1.44,0.718,1.5
2025-02-11,HM30,24.0,0.541,0.0,0.884,1.5
2025-02-11,HM36,24.0,1.649,1.183,0.832,1.5
2025-02-11,HM43,24.0,1.057,1.945,0.637,1.5
2025-02-11,HM47,24.0,0.63,2.416,0.757,1.5
2025-02-11,HM50,24.0,1.468,1.02,0.802,1.5
2025-02-11,HM56,24.0,0.798,1.198,0.57,1.5
2025-02-12,HM01,24.0,0.612,2.905,0.555,1.5
2025-02-12,HM12,24.0,0.411,0.527,0.466,1.5
2025-02-12,HM13,24.0,3.281,2.607,0.757,1.5
2025-02-12,HM14,24.0,0.521,0.758,0.812,1.5
2025-02-12,HM16,24.0,0.264,3.128,0.687,1.5
2025-02-12,HM20,24.0,2.674,1.304,0.889,1.5
2025-02-12,HM25,24.0,0.731,0.795,0.426,1.5
2025-02-12,HM30,24.0,4.541,0.291,0.512,1.5
2025-02-12,HM36,24.0,0.433,0.673,0.388,1.5
2025-02-12,HM43,24.0,2.11,0.527,0.382,1.5
2025-02-12,HM47,24.0,3.192,1.515,0.699,1.5
2025-02-12,HM50,24.0,0.801,0.333,0.2,1.5
2025-02-12,HM56,24.0,0.774,0.323,0.433,1.5
2025-02-13,HM01,24.0,1.447,0.452,0.333,1.5
2025-02-13,HM12,24.0,0.251,3.174,0.554,1.5
2025-02-13,HM13,24.0,0.942,5.687,0.431,1.5
2025-02-13,HM14,24.0,0.938,5.818,1.055,1.5
2025-02-13,HM16,24.0,1.535,4.351,0.89,1.5
2025-02-13,HM20,24.0,1.318,0.297,0.309,1.5
2025-02-13,HM25,24.0,2.354,0.0,0.846,1.5
2025-02-13,HM30,24.0,0.936,4.422,0.344,1.5
2025-02-13,HM36,24.0,1.757,0.0,0.645,1.5
2025-02-13,HM43,24.0,0.604,1.377,0.447,1.5
2025-02-13,HM47,24.0,0.874,2.182,1.283,1.5
2025-02-13,HM50,24.0,0.751,1.525,0.53,1.5
2025-02-13,HM56,24.0,0.411,2.898,0.506,1.5
2025-02-14,HM01,24.0,0.612,3.396,0.463,1.5
2025-02-14,HM12,24.0,0.64,1.99,0.401,1.5
2025-02-14,HM13,24.0,0.367,1.436,0.566,1.5
2025-02-14,HM14,24.0,0.511,2.533,0.367,1.5
2025-02-14,HM16,24.0,1.475,1.541,0.609,1.5
2025-02-14,HM20,24.0,0.94,2.092,0.514,1.5
2025-02-14,HM25,24.0,3.036,0.965,0.548,1.5
2025-02-14,HM30,24.0,6.591,0.89,0.55,1.5
2025-02-14,HM36,24.0,1.986,2.086,0.675,1.5
2025-02-14,HM43,24.0,0.851,2.42,1.105,1.5
2025-02-14,HM47,24.0,0.492,2.069,0.552,1.5
2025-02-14,HM50,24.0,1.389,1.239,0.741,1.5
2025-02-14,HM56,24.0,0.637,2.22,0.9,1.5
2025-02-15,HM01,24.0,2.12,1.3,0.621,1.0
2025-02-15,HM12,24.0,0.918,2.785,0.302,1.0
2025-02-15,HM13,24.0,1.096,3.815,0.935,1.0
2025-02-15,HM14,24.0,1.344,1.93,0.988,1.0
2025-02-15,HM16,24.0,0.283,0.96,0.202,1.0
2025-02-15,HM20,24.0,1.398,0.0,0.595,1.0
2025-02-15,HM25,24.0,1.053,1.001,0.621,1.0
2025-02-15,HM30,24.0,2.182,1.094,0.93,1.0
2025-02-15,HM36,24.0,0.255,0.0,0.446,1.0
2025-02-15,HM43,24.0,1.802,2.103,0.485,1.0
2025-02-15,HM47,24.0,1.755,7.131,0.83,1.0
2025-02-15,HM50,24.0,0.821,1.122,0.76,1.0
2025-02-15,HM56,24.0,1.373,1.733,0.564,1.0
2025-02-16,HM01,24.0,0.479,0.0,0.611,1.0
2025-02-16,HM12,24.0,5.597,1.789,0.402,1.0
2025-02-16,HM13,24.0,1.149,4.186,1.053,1.0
2025-02-16,HM14,24.0,0.297,1.761,0.714,1.0
2025-02-16,HM16,24.0,0.866,2.223,0.367,1.0
2025-02-16,HM20,24.0,0.68,1.888,0.748,1.0
2025-02-16,HM25,24.0,0.692,1.46,1.133,1.0
2025-02-16,HM30,24.0,0.959,0.744,0.307,1.0
2025-02-16,HM36,24.0,0.68,0.266,0.381,1.0
2025-02-16,HM43,24.0,1.883,2.084,0.204,1.0
2025-02-16,HM47,24.0,0.387,1.398,0.406,1.0
2025-02-16,HM50,24.0,1.732,1.717,0.581,1.0
2025-02-16,HM56,24.0,0.756,2.811,0.375,1.0
2025-02-17,HM01,24.0,0.682,1.615,0.484,1.5
2025-02-17,HM12,24.0,2.187,0.335,0.188,1.5
2025-02-17,HM13,24.0,1.035,2.183,0.345,1.5
2025-02-17,HM14,24.0,6.953,1.252,1.127,1.5
2025-02-17,HM16,24.0,0.404,2.045,0.549,1.5
2025-02-17,HM20,24.0,0.54,2.487,0.424,1.5
2025-02-17,HM25,24.0,0.343,1.092,0.572,1.5
2025-02-17,HM30,24.0,0.271,2.07,0.393,1.5
2025-02-17,HM36,24.0,0.821,0.0,1.688,1.5
2025-02-17,HM43,24.0,0.799,1.311,0.38,1.5
2025-02-17,HM47,24.0,1.457,0.853,0.544,1.5
2025-02-17,HM50,24.0,0.889,0.919,0.371,1.5
2025-02-17,HM56,24.0,0.702,1.732,0.638,1.5
2025-02-18,HM01,24.0,0.828,5.591,0.693,1.5
2025-02-18,HM12,24.0,0.676,2.946,0.549,1.5
2025-02-18,HM13,24.0,0.354,0.643,0.607,1.5
2025-02-18,HM14,24.0,0.715,4.62,0.447,1.5
2025-02-18,HM16,24.0,1.716,2.367,0.67,1.5
2025-02-18,HM20,24.0,0.812,2.703,0.886,1.5
2025-02-18,HM25,24.0,0.575,1.48,0.755,1.5
2025-02-18,HM30,24.0,0.58,1.448,0.305,1.5
2025-02-18,HM36,24.0,0.9,2.92,0.421,1.5
2025-02-18,HM43,24.0,0.661,0.625,0.4,1.5
2025-02-18,HM47,24.0,1.147,0.929,0.631,1.5
2025-02-18,HM50,24.0,0.531,1.325,0.287,1.5
2025-02-18,HM56,24.0,0.926,3.662,0.267,1.5
2025-02-19,HM01,24.0,1.589,1.184,0.623,1.5
2025-02-19,HM12,24.0,1.072,1.936,0.477,1.5
2025-02-19,HM13,24.0,1.104,0.947,0.823,1.5
2025-02-19,HM14,24.0,1.117,6.159,0.417,1.5
2025-02-19,HM16,24.0,0.449,0.588,0.579,1.5
2025-02-19,HM20,24.0,2.499,0.345,0.485,1.5
2025-02-19,HM25,24.0,1.426,2.404,0.356,1.5
2025-02-19,HM30,24.0,0.365,1.778,0.353,1.5
2025-02-19,HM36,24.0,0.747,1.807,0.632,1.5
2025-02-19,HM43,24.0,0.674,0.736,0.383,1.5
2025-02-19,HM47,24.0,0.898,1.316,0.897,1.5
2025-02-19,HM50,24.0,0.639,0.461,0.257,1.5
2025-02-19,HM56,24.0,0.906,5.525,0.437,1.5
2025-02-20,HM01,24.0,0.241,1.449,0.674,1.5
2025-02-20,HM12,24.0,6.536,1.942,0.859,1.5
2025-02-20,HM13,24.0,0.513,0.512,0.472,1.5
2025-02-20,HM14,24.0,4.501,1.758,0.624,1.5
2025-02-20,HM16,24.0,0.495,0.521,0.462,1.5
2025-02-20,HM20,24.0,0.455,0.554,0.409,1.5
2025-02-20,HM25,24.0,0.744,1.468,0.512,1.5
2025-02-20,HM30,24.0,0.427,1.959,0.482,1.5
2025-02-20,HM36,24.0,0.563,1.868,0.419,1.5
2025-02-20,HM43,24.0,1.07,2.743,0.259,1.5
2025-02-20,HM47,24.0,0.75,0.451,0.638,1.5
2025-02-20,HM50,24.0,1.008,2.882,0.451,1.5
2025-02-20,HM56,24.0,1.01,0.377,0.456,1.5
2025-02-21,HM01,24.0,0.963,0.455,0.562,1.5
2025-02-21,HM12,24.0,0.771,0.47,0.632,1.5
2025-02-21,HM13,24.0,1.397,4.294,0.348,1.5
2025-02-21,HM14,24.0,1.046,0.0,0.459,1.5
2025-02-21,HM16,24.0,0.609,1.097,0.625,1.5
2025-02-21,HM20,24.0,0.6,1.705,0.615,1.5
2025-02-21,HM25,24.0,1.178,0.772,0.387,1.5
2025-02-21,HM30,24.0,0.541,0.378,0.446,1.5
2025-02-21,HM36,24.0,0.992,0.898,0.945,1.5
2025-02-21,HM43,24.0,0.643,3.769,0.302,1.5
2025-02-21,HM47,24.0,0.119,0.232,0.314,1.5
2025-02-21,HM50,24.0,1.362,0.68,0.781,1.5
2025-02-21,HM56,24.0,0.425,1.756,1.327,1.5
2025-02-22,HM01,24.0,1.656,1.062,0.285,1.0
2025-02-22,HM12,24.0,0.761,2.192,0.176,1.0
2025-02-22,HM13,24.0,1.114,0.47,0.368,1.0
2025-02-22,HM14,24.0,1.54,1.551,0.959,1.0
2025-02-22,HM16,24.0,0.999,1.904,0.268,1.0
2025-02-22,HM20,24.0,1.278,0.0,0.313,1.0
2025-02-22,HM25,24.0,1.615,1.078,0.803,1.0
2025-02-22,HM30,24.0,0.675,1.044,0.261,1.0
2025-02-22,HM36,24.0,1.8,3.194,0.393,1.0
2025-02-22,HM43,24.0,0.732,2.319,0.563,1.0
2025-02-22,HM47,24.0,9.1,4.147,0.479,1.0
2025-02-22,HM50,24.0,0.811,1.103,0.662,1.0
2025-02-22,HM56,24.0,2.961,4.672,1.267,1.0
2025-02-23,HM01,24.0,0.252,1.215,0.355,1.0
2025-02-23,HM12,24.0,3.802,6.601,0.23,1.0
2025-02-23,HM13,24.0,0.375,1.9,0.596,1.0
2025-02-23,HM14,24.0,4.626,1.214,0.468,1.0
2025-02-23,HM16,24.0,1.525,4.615,0.311,1.0
2025-02-23,HM20,24.0,0.76,1.067,0.532,1.0
2025-02-23,HM25,24.0,1.343,0.683,0.491,1.0
2025-02-23,HM30,24.0,2.955,0.0,0.485,1.0
2025-02-23,HM36,24.0,0.456,0.0,0.262,1.0
2025-02-23,HM43,24.0,0.869,6.69,0.303,1.0
2025-02-23,HM47,24.0,0.678,0.667,0.409,1.0
2025-02-23,HM50,24.0,1.041,1.395,0.243,1.0
2025-02-23,HM56,24.0,1.346,1.738,0.323,1.0
2025-02-24,HM01,24.0,1.44,0.725,0.457,1.5
2025-02-24,HM12,24.0,2.447,2.536,0.487,1.5
2025-02-24,HM13,24.0,0.41,3.123,0.352,1.5
2025-02-24,HM14,24.0,1.023,1.703,0.704,1.5
2025-02-24,HM16,24.0,0.671,1.141,0.45,1.5
2025-02-24,HM20,24.0,0.306,1.868,0.37,1.5
2025-02-24,HM25,24.0,0.721,1.083,0.353,1.5
2025-02-24,HM30,24.0,2.167,1.292,0.778,1.5
2025-02-24,HM36,24.0,1.114,3.36,0.708,1.5
2025-02-24,HM43,24.0,1.033,1.131,1.578,1.5
2025-02-24,HM47,24.0,0.846,0.0,0.474,1.5
2025-02-24,HM50,24.0,0.578,1.452,0.527,1.5
2025-02-24,HM56,24.0,1.02,1.418,0.892,1.5
2025-02-25,HM01,24.0,0.946,1.964,0.293,1.5
2025-02-25,HM12,24.0,0.46,2.479,0.45,1.5
2025-02-25,HM13,24.0,0.654,1.209,0.921,1.5
2025-02-25,HM14,24.0,1.133,6.87,0.959,1.5
2025-02-25,HM16,24.0,0.738,6.83,0.483,1.5
2025-02-25,HM20,24.0,1.175,1.084,0.29,1.5
2025-02-25,HM25,24.0,0.737,1.375,0.329,1.5
2025-02-25,HM30,24.0,0.453,0.996,0.469,1.5
2025-02-25,HM36,24.0,5.2,0.275,0.567,1.5
2025-02-25,HM43,24.0,1.561,0.991,0.438,1.5
2025-02-25,HM47,24.0,1.244,0.885,0.948,1.5
2025-02-25,HM50,24.0,0.555,2.281,0.277,1.5
2025-02-25,HM56,24.0,0.585,4.939,0.642,1.5
2025-02-26,HM01,24.0,0.94,1.168,0.388,1.5
2025-02-26,HM12,24.0,1.59,1.576,0.343,1.5
2025-02-26,HM13,24.0,0.471,2.317,0.986,1.5
2025-02-26,HM14,24.0,5.534,2.336,0.653,1.5
2025-02-26,HM16,24.0,1.386,3.958,0.452,1.5
2025-02-26,HM20,24.0,1.418,0.455,0.545,1.5
2025-02-26,HM25,24.0,0.687,7.2,0.308,1.5
2025-02-26,HM30,24.0,0.62,1.754,0.241,1.5
2025-02-26,HM36,24.0,0.441,0.747,0.356,1.5
2025-02-26,HM43,24.0,0.756,1.483,0.488,1.5
2025-02-26,HM47,24.0,1.512,0.533,0.462,1.5
2025-02-26,HM50,24.0,0.643,0.707,0.426,1.5
2025-02-26,HM56,24.0,1.897,1.657,0.345,1.5
2025-02-27,HM01,24.0,0.575,1.113,0.412,1.5
2025-02-27,HM12,24.0,0.495,0.358,0.556,1.5
2025-02-27,HM13,24.0,0.609,0.853,0.332,1.5
2025-02-27,HM14,24.0,1.192,0.708,0.579,1.5
2025-02-27,HM16,24.0,1.047,1.409,0.286,1.5
2025-02-27,HM20,24.0,0.527,3.581,0.627,1.5
2025-02-27,HM25,24.0,0.968,0.544,0.729,1.5
2025-02-27,HM30,24.0,2.35,4.113,0.426,1.5
2025-02-27,HM36,24.0,0.892,2.776,0.251,1.5
2025-02-27,HM43,24.0,0.619,3.206,0.514,1.5
2025-02-27,HM47,24.0,0.597,0.511,0.561,1.5
2025-02-27,HM50,24.0,0.744,0.427,0.764,1.5
2025-02-27,HM56,24.0,0.208,0.691,0.886,1.5
2025-02-28,HM01,24.0,5.037,4.159,0.271,1.5
2025-02-28,HM12,24.0,0.682,2.015,0.245,1.5
2025-02-28,HM13,24.0,0.561,5.565,0.21,1.5
2025-02-28,HM14,24.0,1.015,2.686,0.835,1.5
2025-02-28,HM16,24.0,0.702,1.379,0.736,1.5
2025-02-28,HM20,24.0,1.447,1.035,0.549,1.5
2025-02-28,HM25,24.0,0.566,4.831,0.519,1.5
2025-02-28,HM30,24.0,0.443,1.441,1.534,1.5
2025-02-28,HM36,24.0,0.729,3.527,0.431,1.5
2025-02-28,HM43,24.0,0.855,2.304,0.453,1.5
2025-02-28,HM47,24.0,0.55,2.416,0.47,1.5
2025-02-28,HM50,24.0,1.022,0.0,0.274,1.5
2025-02-28,HM56,24.0,0.33,0.401,0.866,1.5
2025-03-01,HM01,24.0,0.45,0.627,0.246,1.0
2025-03-01,HM12,24.0,1.151,3.743,0.335,1.0
2025-03-01,HM13,24.0,1.476,0.982,0.331,1.0
2025-03-01,HM14,24.0,1.177,2.902,0.528,1.0
2025-03-01,HM16,24.0,0.522,6.71,0.928,1.0
2025-03-01,HM20,24.0,0.729,2.59,0.448,1.0
2025-03-01,HM25,24.0,1.328,0.682,0.787,1.0
2025-03-01,HM30,24.0,6.041,0.682,0.575,1.0
2025-03-01,HM36,24.0,1.589,0.709,0.345,1.0
2025-03-01,HM43,24.0,5.937,2.761,0.856,1.0
2025-03-01,HM47,24.0,0.458,0.367,0.606,1.0
2025-03-01,HM50,24.0,0.788,0.0,0.291,1.0
2025-03-01,HM56,24.0,0.966,1.038,0.341,1.0
2025-03-02,HM01,24.0,1.552,3.235,0.494,1.0
2025-03-02,HM12,24.0,0.869,0.945,0.505,1.0
2025-03-02,HM13,24.0,2.605,1.407,1.427,1.0
2025-03-02,HM14,24.0,1.031,0.373,0.353,1.0
2025-03-02,HM16,24.0,0.312,2.513,0.362,1.0
2025-03-02,HM20,24.0,1.065,0.875,0.3,1.0
2025-03-02,HM25,24.0,1.169,0.728,0.542,1.0
2025-03-02,HM30,24.0,1.392,1.896,0.681,1.0
2025-03-02,HM36,24.0,5.314,2.455,0.553,1.0
2025-03-02,HM43,24.0,1.062,3.727,0.358,1.0
2025-03-02,HM47,24.0,0.636,2.43,0.615,1.0
2025-03-02,HM50,24.0,0.573,1.318,0.47,1.0
2025-03-02,HM56,24.0,0.972,0.551,0.485,1.0
2025-03-03,HM01,24.0,1.241,6.018,0.488,1.5
2025-03-03,HM12,24.0,0.908,1.678,0.655,1.5
2025-03-03,HM13,24.0,1.618,0.864,0.585,1.5
2025-03-03,HM14,24.0,1.501,0.352,0.534,1.5
2025-03-03,HM16,24.0,2.997,1.002,0.323,1.5
2025-03-03,HM20,24.0,0.795,1.529,0.488,1.5
2025-03-03,HM25,24.0,0.519,0.327,0.278,1.5
2025-03-03,HM30,24.0,0.56,1.975,0.499,1.5
2025-03-03,HM36,24.0,1.053,4.275,0.971,1.5
2025-03-03,HM43,24.0,0.627,0.695,0.252,1.5
2025-03-03,HM47,24.0,1.377,1.839,0.736,1.5
2025-03-03,HM50,24.0,6.038,2.586,0.39,1.5
2025-03-03,HM56,24.0,0.661,3.23,0.246,1.5
2025-03-04,HM01,24.0,1.018,0.492,0.234,1.5
2025-03-04,HM12,24.0,0.994,1.363,0.406,1.5
2025-03-04,HM13,24.0,0.645,1.137,0.618,1.5
2025-03-04,HM14,24.0,2.175,1.247,0.31,1.5
2025-03-04,HM16,24.0,0.349,1.672,0.514,1.5
2025-03-04,HM20,24.0,3.254,1.465,0.396,1.5
2025-03-04,HM25,24.0,0.901,1.819,0.469,1.5
2025-03-04,HM30,24.0,0.95,2.389,0.685,1.5
2025-03-04,HM36,24.0,0.557,0.617,0.571,1.5
2025-03-04,HM43,24.0,0.41,1.717,0.618,1.5
2025-03-04,HM47,24.0,0.661,1.106,0.524,1.5
2025-03-04,HM50,24.0,1.004,1.073,0.301,1.5
2025-03-04,HM56,24.0,0.749,7.2,0.676,1.5
2025-03-05,HM01,24.0,0.328,4.187,0.413,1.5
2025-03-05,HM12,24.0,1.23,3.222,0.372,1.5
2025-03-05,HM13,24.0,1.501,2.52,0.731,1.5
2025-03-05,HM14,24.0,0.567,2.27,0.487,1.5
2025-03-05,HM16,24.0,0.887,3.791,0.524,1.5
2025-03-05,HM20,24.0,1.923,2.482,0.334,1.5
2025-03-05,HM25,24.0,1.265,4.064,0.262,1.5
2025-03-05,HM30,24.0,0.801,0.0,0.602,1.5
2025-03-05,HM36,24.0,0.737,1.063,0.28,1.5
2025-03-05,HM43,24.0,1.854,1.053,0.474,1.5
2025-03-05,HM47,24.0,0.78,2.945,0.462,1.5
2025-03-05,HM50,24.0,0.624,0.0,0.612,1.5
2025-03-05,HM56,24.0,2.13,0.536,0.402,1.5
2025-03-06,HM01,24.0,0.444,2.263,0.398,1.5
2025-03-06,HM12,24.0,1.089,1.609,0.35,1.5
2025-03-06,HM13,24.0,0.772,1.707,0.328,1.5
2025-03-06,HM14,24.0,1.27,2.574,0.376,1.5
2025-03-06,HM16,24.0,0.823,7.2,0.862,1.5
2025-03-06,HM20,24.0,0.376,0.0,0.769,1.5
2025-03-06,HM25,24.0,0.412,0.586,0.39,1.5
2025-03-06,HM30,24.0,0.75,2.761,0.425,1.5
2025-03-06,HM36,24.0,4.571,0.635,0.461,1.5
2025-03-06,HM43,24.0,2.605,1.085,0.442,1.5
2025-03-06,HM47,24.0,1.057,3.556,0.606,1.5
2025-03-06,HM50,24.0,0.705,1.029,0.366,1.5
2025-03-06,HM56,24.0,0.748,5.103,0.364,1.5
2025-03-07,HM01,24.0,0.513,1.123,0.579,1.5
2025-03-07,HM12,24.0,1.019,0.797,0.564,1.5
2025-03-07,HM13,24.0,0.861,1.019,0.325,1.5
2025-03-07,HM14,24.0,0.85,3.838,0.373,1.5
2025-03-07,HM16,24.0,6.327,1.106,0.807,1.5
2025-03-07,HM20,24.0,1.213,0.609,0.406,1.5
2025-03-07,HM25,24.0,1.676,0.377,0.747,1.5
2025-03-07,HM30,24.0,0.574,1.911,0.427,1.5
2025-03-07,HM36,24.0,1.207,0.374,0.543,1.5
2025-03-07,HM43,24.0,1.039,1.752,0.955,1.5
2025-03-07,HM47,24.0,1.764,2.588,0.544,1.5
2025-03-07,HM50,24.0,1.62,0.0,0.947,1.5
2025-03-07,HM56,24.0,0.713,0.915,1.063,1.5
2025-03-08,HM01,24.0,0.777,7.2,0.685,1.0
2025-03-08,HM12,24.0,1.07,1.645,0.598,1.0
2025-03-08,HM13,24.0,1.179,0.374,0.393,1.0
2025-03-08,HM14,24.0,0.695,0.0,0.311,1.0
2025-03-08,HM16,24.0,1.642,2.003,0.443,1.0
2025-03-08,HM20,24.0,0.811,1.797,0.392,1.0
2025-03-08,HM25,24.0,2.387,0.625,0.643,1.0
2025-03-08,HM30,24.0,0.714,3.475,0.352,1.0
2025-03-08,HM36,24.0,0.635,4.688,0.531,1.0
2025-03-08,HM43,24.0,0.303,1.067,0.356,1.0
2025-03-08,HM47,24.0,0.952,0.529,0.233,1.0
2025-03-08,HM50,24.0,0.607,0.536,0.261,1.0
2025-03-08,HM56,24.0,1.481,0.576,0.434,1.0
2025-03-09,HM01,24.0,0.662,4.148,0.49,1.0
2025-03-09,HM12,24.0,0.606,3.839,0.557,1.0
2025-03-09,HM13,24.0,1.244,4.56,0.584,1.0
2025-03-09,HM14,24.0,2.316,3.958,0.516,1.0
2025-03-09,HM16,24.0,1.117,1.587,0.576,1.0
2025-03-09,HM20,24.0,2.119,1.179,0.669,1.0
2025-03-09,HM25,24.0,0.582,0.823,0.759,1.0
2025-03-09,HM30,24.0,1.049,0.0,0.418,1.0
2025-03-09,HM36,24.0,0.224,0.896,0.291,1.0
2025-03-09,HM43,24.0,0.856,1.014,0.477,1.0
2025-03-09,HM47,24.0,0.386,7.137,0.26,1.0
2025-03-09,HM50,24.0,1.124,0.0,1.583,1.0
2025-03-09,HM56,24.0,1.216,0.672,0.41,1.0
2025-03-10,HM01,24.0,0.529,0.795,0.326,1.5
2025-03-10,HM12,24.0,0.435,7.2,0.386,1.5
2025-03-10,HM13,24.0,1.287,4.896,0.476,1.5
2025-03-10,HM14,24.0,0.53,1.532,0.508,1.5
2025-03-10,HM16,24.0,0.77,2.914,0.53,1.5
2025-03-10,HM20,24.0,1.866,1.555,0.355,1.5
2025-03-10,HM25,24.0,0.861,1.003,0.567,1.5
2025-03-10,HM30,24.0,0.464,0.322,0.494,1.5
2025-03-10,HM36,24.0,0.935,3.144,0.832,1.5
2025-03-10,HM43,24.0,0.719,7.2,0.218,1.5
2025-03-10,HM47,24.0,0.385,0.794,0.301,1.5
2025-03-10,HM50,24.0,1.573,0.631,0.728,1.5
2025-03-10,HM56,24.0,0.951,2.139,0.308,1.5
2025-03-11,HM01,24.0,0.876,2.528,0.39,1.5
2025-03-11,HM12,24.0,1.229,0.937,0.212,1.5
2025-03-11,HM13,24.0,0.662,1.568,0.235,1.5
2025-03-11,HM14,24.0,0.965,2.657,0.534,1.5
2025-03-11,HM16,24.0,0.612,2.776,0.495,1.5
2025-03-11,HM20,24.0,0.553,1.036,0.392,1.5
2025-03-11,HM25,24.0,1.046,0.416,0.359,1.5
2025-03-11,HM30,24.0,1.049,2.469,0.528,1.5
2025-03-11,HM36,24.0,0.83,1.86,0.928,1.5
2025-03-11,HM43,24.0,0.702,0.904,0.496,1.5
2025-03-11,HM47,24.0,1.155,0.951,0.249,1.5
2025-03-11,HM50,24.0,0.206,1.928,0.459,1.5
2025-03-11,HM56,24.0,2.102,0.0,1.015,1.5
2025-03-12,HM01,24.0,1.773,0.619,0.333,1.5
2025-03-12,HM12,24.0,1.276,1.492,0.327,1.5
2025-03-12,HM13,24.0,0.527,0.775,0.726,1.5
2025-03-12,HM14,24.0,2.514,3.338,0.618,1.5
2025-03-12,HM16,24.0,0.978,0.412,0.321,1.5
2025-03-12,HM20,24.0,0.94,1.863,0.895,1.5
2025-03-12,HM25,24.0,0.516,0.474,0.226,1.5
2025-03-12,HM30,24.0,0.559,1.349,0.357,1.5
2025-03-12,HM36,24.0,1.09,6.274,0.279,1.5
2025-03-12,HM43,24.0,0.474,2.77,0.231,1.5
2025-03-12,HM47,24.0,1.241,1.761,0.516,1.5
2025-03-12,HM50,24.0,0.504,0.0,0.471,1.5
2025-03-12,HM56,24.0,0.697,0.368,0.285,1.5
2025-03-13,HM01,24.0,1.074,0.712,0.619,1.5
2025-03-13,HM12,24.0,0.681,1.147,0.369,1.5
2025-03-13,HM13,24.0,1.254,1.574,0.326,1.5
2025-03-13,HM14,24.0,3.615,2.772,0.73,1.5
2025-03-13,HM16,24.0,0.772,1.235,0.596,1.5
2025-03-13,HM20,24.0,0.633,5.357,0.562,1.5
2025-03-13,HM25,24.0,0.381,0.0,0.543,1.5
2025-03-13,HM30,24.0,1.002,1.528,0.569,1.5
2025-03-13,HM36,24.0,1.413,4.466,0.413,1.5
2025-03-13,HM43,24.0,0.421,1.146,0.789,1.5
2025-03-13,HM47,24.0,0.799,4.102,0.735,1.5
2025-03-13,HM50,24.0,0.343,0.0,0.446,1.5
2025-03-13,HM56,24.0,0.714,0.405,0.645,1.5
2025-03-14,HM01,24.0,1.308,1.979,0.399,1.5
2025-03-14,HM12,24.0,0.895,0.689,0.339,1.5
2025-03-14,HM13,24.0,0.884,7.2,0.454,1.5
2025-03-14,HM14,24.0,0.998,2.056,0.374,1.5
2025-03-14,HM16,24.0,0.246,0.979,0.267,1.5
2025-03-14,HM20,24.0,1.336,1.271,0.145,1.5
2025-03-14,HM25,24.0,1.732,2.334,0.676,1.5
2025-03-14,HM30,24.0,0.724,0.812,0.9,1.5
2025-03-14,HM36,24.0,2.742,1.371,0.399,1.5
2025-03-14,HM43,24.0,1.311,1.357,0.317,1.5
2025-03-14,HM47,24.0,1.402,0.555,0.252,1.5
2025-03-14,HM50,24.0,5.729,1.576,0.589,1.5
2025-03-14,HM56,24.0,0.807,1.082,0.705,1.5
2025-03-15,HM01,24.0,0.653,1.136,0.341,1.0
2025-03-15,HM12,24.0,1.204,3.13,0.55,1.0
2025-03-15,HM13,24.0,0.992,1.156,0.899,1.0
2025-03-15,HM14,24.0,1.211,3.258,0.307,1.0
2025-03-15,HM16,24.0,1.803,1.323,0.923,1.0
2025-03-15,HM20,24.0,0.476,1.169,0.78,1.0
2025-03-15,HM25,24.0,2.056,3.215,0.519,1.0
2025-03-15,HM30,24.0,2.03,3.598,0.283,1.0
2025-03-15,HM36,24.0,4.635,2.826,0.61,1.0
2025-03-15,HM43,24.0,0.608,1.561,0.845,1.0
2025-03-15,HM47,24.0,0.533,5.23,0.375,1.0
2025-03-15,HM50,24.0,1.764,1.175,1.219,1.0
2025-03-15,HM56,24.0,0.665,1.335,0.231,1.0
2025-03-16,HM01,24.0,0.505,0.558,0.539,1.0
2025-03-16,HM12,24.0,1.071,6.771,0.383,1.0
2025-03-16,HM13,24.0,0.685,0.292,0.352,1.0
2025-03-16,HM14,24.0,0.571,3.238,0.352,1.0
2025-03-16,HM16,24.0,0.992,0.499,0.213,1.0
2025-03-16,HM20,24.0,0.895,1.826,0.511,1.0
2025-03-16,HM25,24.0,0.496,0.618,0.627,1.0
2025-03-16,HM30,24.0,0.56,0.318,0.597,1.0
2025-03-16,HM36,24.0,1.41,1.535,0.391,1.0
2025-03-16,HM43,24.0,0.696,1.736,0.482,1.0
2025-03-16,HM47,24.0,0.698,0.89,0.772,1.0
2025-03-16,HM50,24.0,2.048,0.0,0.498,1.0
2025-03-16,HM56,24.0,0.625,2.751,0.213,1.0
2025-03-17,HM01,24.0,0.465,6.319,0.984,1.5
2025-03-17,HM12,24.0,1.12,0.888,0.617,1.5
2025-03-17,HM13,24.0,0.887,1.391,0.573,1.5
2025-03-17,HM14,24.0,1.0,0.992,0.394,1.5
2025-03-17,HM16,24.0,1.595,0.636,0.434,1.5
2025-03-17,HM20,24.0,0.522,3.178,0.487,1.5
2025-03-17,HM25,24.0,1.039,0.67,0.453,1.5
2025-03-17,HM30,24.0,0.6,0.0,0.523,1.5
2025-03-17,HM36,24.0,0.421,0.951,0.905,1.5
2025-03-17,HM43,24.0,0.538,1.856,0.439,1.5
2025-03-17,HM47,24.0,1.463,0.0,0.448,1.5
2025-03-17,HM50,24.0,0.897,0.99,0.949,1.5
2025-03-17,HM56,24.0,2.002,0.987,0.605,1.5
2025-03-18,HM01,24.0,0.639,1.52,0.593,1.5
2025-03-18,HM12,24.0,0.654,2.106,0.467,1.5
2025-03-18,HM13,24.0,0.709,7.2,0.396,1.5
2025-03-18,HM14,24.0,0.702,0.0,0.351,1.5
2025-03-18,HM16,24.0,0.336,2.372,0.654,1.5
2025-03-18,HM20,24.0,1.901,1.449,0.278,1.5
2025-03-18,HM25,24.0,0.478,1.772,0.37,1.5
2025-03-18,HM30,24.0,0.918,0.0,0.599,1.5
2025-03-18,HM36,24.0,1.625,0.722,0.263,1.5
2025-03-18,HM43,24.0,0.967,1.337,0.525,1.5
2025-03-18,HM47,24.0,0.435,6.119,0.404,1.5
2025-03-18,HM50,24.0,0.855,1.57,0.593,1.5
2025-03-18,HM56,24.0,4.91,1.979,0.833,1.5
2025-03-19,HM01,24.0,0.653,1.071,0.774,1.5
2025-03-19,HM12,24.0,0.605,2.247,0.416,1.5
2025-03-19,HM13,24.0,0.978,2.538,0.313,1.5
2025-03-19,HM14,24.0,1.087,1.741,0.313,1.5
2025-03-19,HM16,24.0,0.486,3.059,0.355,1.5
2025-03-19,HM20,24.0,5.494,3.567,0.533,1.5
2025-03-19,HM25,24.0,0.854,0.0,0.399,1.5
2025-03-19,HM30,24.0,0.532,1.331,0.931,1.5
2025-03-19,HM36,24.0,0.453,1.758,0.545,1.5
2025-03-19,HM43,24.0,0.503,0.961,0.489,1.5
2025-03-19,HM47,24.0,0.576,0.579,0.473,1.5
2025-03-19,HM50,24.0,0.885,1.957,0.408,1.5
2025-03-19,HM56,24.0,0.367,2.194,0.338,1.5
2025-03-20,HM01,24.0,0.995,0.809,0.346,1.5
2025-03-20,HM12,24.0,0.729,7.2,0.581,1.5
2025-03-20,HM13,24.0,0.706,0.614,0.595,1.5
2025-03-20,HM14,24.0,1.095,1.641,0.555,1.5
2025-03-20,HM16,24.0,0.756,0.5,0.54,1.5
2025-03-20,HM20,24.0,0.257,7.2,0.384,1.5
2025-03-20,HM25,24.0,0.886,3.228,0.382,1.5
2025-03-20,HM30,24.0,0.697,1.621,0.333,1.5
2025-03-20,HM36,24.0,0.881,6.378,0.325,1.5
2025-03-20,HM43,24.0,0.743,0.808,0.848,1.5
2025-03-20,HM47,24.0,5.415,1.172,0.362,1.5
2025-03-20,HM50,24.0,2.593,0.844,0.472,1.5
2025-03-20,HM56,24.0,1.574,0.769,0.881,1.5
2025-03-21,HM01,24.0,1.6,0.761,0.949,1.5
2025-03-21,HM12,24.0,0.65,1.288,0.624,1.5
2025-03-21,HM13,24.0,1.307,1.459,0.444,1.5
2025-03-21,HM14,24.0,5.719,1.846,0.616,1.5
2025-03-21,HM16,24.0,1.685,2.49,0.705,1.5
2025-03-21,HM20,24.0,1.046,0.484,0.528,1.5
2025-03-21,HM25,24.0,1.812,0.823,0.439,1.5
2025-03-21,HM30,24.0,0.766,0.0,0.668,1.5
2025-03-21,HM36,24.0,0.751,4.185,0.847,1.5
2025-03-21,HM43,24.0,0.357,6.41,0.459,1.5
2025-03-21,HM47,24.0,0.714,3.249,0.558,1.5
2025-03-21,HM50,24.0,0.968,0.0,0.498,1.5
2025-03-21,HM56,24.0,1.19,2.419,0.414,1.5
2025-03-22,HM01,24.0,1.057,0.64,0.469,1.0
2025-03-22,HM12,24.0,3.71,1.799,0.404,1.0
2025-03-22,HM13,24.0,0.952,2.793,0.446,1.0
2025-03-22,HM14,24.0,1.668,1.787,0.764,1.0
2025-03-22,HM16,24.0,0.921,2.125,0.256,1.0
2025-03-22,HM20,24.0,2.538,1.112,0.406,1.0
2025-03-22,HM25,24.0,0.77,1.642,0.276,1.0
2025-03-22,HM30,24.0,1.026,0.681,0.827,1.0
2025-03-22,HM36,24.0,0.975,1.51,0.912,1.0
2025-03-22,HM43,24.0,0.367,3.663,0.614,1.0
2025-03-22,HM47,24.0,0.698,2.645,0.857,1.0
2025-03-22,HM50,24.0,0.946,0.661,0.543,1.0
2025-03-22,HM56,24.0,1.401,1.67,0.644,1.0
2025-03-23,HM01,24.0,0.586,1.575,0.52,1.0
2025-03-23,HM12,24.0,3.424,0.361,0.82,1.0
2025-03-23,HM13,24.0,0.252,1.824,0.368,1.0
2025-03-23,HM14,24.0,1.347,2.843,0.329,1.0
2025-03-23,HM16,24.0,0.276,5.667,0.483,1.0
2025-03-23,HM20,24.0,0.756,1.689,0.301,1.0
2025-03-23,HM25,24.0,1.519,1.26,0.399,1.0
2025-03-23,HM30,24.0,0.395,0.632,0.864,1.0
2025-03-23,HM36,24.0,1.064,1.523,0.359,1.0
2025-03-23,HM43,24.0,0.809,1.799,0.428,1.0
2025-03-23,HM47,24.0,3.19,2.383,0.329,1.0
2025-03-23,HM50,24.0,0.434,2.687,0.363,1.0
2025-03-23,HM56,24.0,0.942,1.124,0.795,1.0
2025-03-24,HM01,24.0,0.66,3.686,0.469,1.5
2025-03-24,HM12,24.0,2.804,3.449,0.393,1.5
2025-03-24,HM13,24.0,0.428,0.951,0.563,1.5
2025-03-24,HM14,24.0,0.245,1.014,0.397,1.5
2025-03-24,HM16,24.0,0.687,1.362,0.395,1.5
2025-03-24,HM20,24.0,1.3,2.692,0.341,1.5
2025-03-24,HM25,24.0,0.432,0.628,0.404,1.5
2025-03-24,HM30,24.0,7.739,0.502,0.553,1.5
2025-03-24,HM36,24.0,1.061,2.011,0.402,1.5
2025-03-24,HM43,24.0,0.68,2.108,0.582,1.5
2025-03-24,HM47,24.0,0.855,3.638,0.401,1.5
2025-03-24,HM50,24.0,3.075,2.061,0.275,1.5
2025-03-24,HM56,24.0,1.138,2.147,0.508,1.5
2025-03-25,HM01,24.0,0.737,2.881,0.515,1.5
2025-03-25,HM12,24.0,0.614,0.0,0.27,1.5
2025-03-25,HM13,24.0,2.859,2.693,0.476,1.5
2025-03-25,HM14,24.0,0.998,2.889,0.753,1.5
2025-03-25,HM16,24.0,3.264,1.98,0.702,1.5
2025-03-25,HM20,24.0,0.853,1.716,0.362,1.5
2025-03-25,HM25,24.0,0.801,0.807,0.53,1.5
2025-03-25,HM30,24.0,0.283,0.0,0.377,1.5
2025-03-25,HM36,24.0,0.441,2.567,0.467,1.5
2025-03-25,HM43,24.0,0.514,3.99,0.44,1.5
2025-03-25,HM47,24.0,1.045,1.489,0.552,1.5
2025-03-25,HM50,24.0,0.708,1.631,0.768,1.5
2025-03-25,HM56,24.0,0.873,3.703,0.579,1.5
2025-03-26,HM01,24.0,2.161,0.569,0.802,1.5
2025-03-26,HM12,24.0,1.97,0.272,0.864,1.5
2025-03-26,HM13,24.0,0.976,1.345,0.369,1.5
2025-03-26,HM14,24.0,0.652,1.763,0.537,1.5
2025-03-26,HM16,24.0,5.216,2.374,0.553,1.5
2025-03-26,HM20,24.0,2.32,0.51,0.426,1.5
2025-03-26,HM25,24.0,0.661,1.663,0.366,1.5
2025-03-26,HM30,24.0,0.459,1.161,0.493,1.5
2025-03-26,HM36,24.0,0.69,0.421,0.411,1.5
2025-03-26,HM43,24.0,2.251,0.831,0.661,1.5
2025-03-26,HM47,24.0,0.698,2.156,0.602,1.5
2025-03-26,HM50,24.0,0.759,0.744,0.365,1.5
2025-03-26,HM56,24.0,0.626,3.056,0.476,1.5
2025-03-27,HM01,24.0,0.932,0.399,0.498,1.5
2025-03-27,HM12,24.0,1.344,0.409,0.537,1.5
2025-03-27,HM13,24.0,0.854,3.753,0.734,1.5
2025-03-27,HM14,24.0,0.546,2.384,0.556,1.5
2025-03-27,HM16,24.0,1.481,4.234,0.476,1.5
2025-03-27,HM20,24.0,1.87,1.012,0.226,1.5
2025-03-27,HM25,24.0,1.092,2.463,0.544,1.5
2025-03-27,HM30,24.0,0.431,1.689,0.567,1.5
2025-03-27,HM36,24.0,0.587,1.621,0.696,1.5
2025-03-27,HM43,24.0,3.492,3.087,1.062,1.5
2025-03-27,HM47,24.0,6.297,1.168,0.755,1.5
2025-03-27,HM50,24.0,1.77,1.182,0.509,1.5
2025-03-27,HM56,24.0,2.106,0.579,0.273,1.5
2025-03-28,HM01,24.0,2.765,2.049,0.327,1.5
2025-03-28,HM12,24.0,1.023,1.468,0.387,1.5
2025-03-28,HM13,24.0,1.216,4.71,0.586,1.5
2025-03-28,HM14,24.0,1.705,1.865,0.217,1.5
2025-03-28,HM16,24.0,0.655,0.545,0.483,1.5
2025-03-28,HM20,24.0,1.121,1.325,0.418,1.5
2025-03-28,HM25,24.0,0.362,1.791,0.23,1.5
2025-03-28,HM30,24.0,0.678,3.063,0.301,1.5
2025-03-28,HM36,24.0,0.51,0.416,0.461,1.5
2025-03-28,HM43,24.0,2.333,1.629,0.507,1.5
2025-03-28,HM47,24.0,0.737,1.091,0.32,1.5
2025-03-28,HM50,24.0,0.671,0.0,1.262,1.5
2025-03-28,HM56,24.0,0.34,1.678,0.485,1.5
2025-03-29,HM01,24.0,0.503,2.499,0.434,1.0
2025-03-29,HM12,24.0,1.403,2.022,0.32,1.0
2025-03-29,HM13,24.0,2.422,4.554,0.308,1.0
2025-03-29,HM14,24.0,0.542,0.787,0.61,1.0
2025-03-29,HM16,24.0,1.178,2.519,0.634,1.0
2025-03-29,HM20,24.0,0.657,2.789,0.656,1.0
2025-03-29,HM25,24.0,0.727,0.0,0.438,1.0
2025-03-29,HM30,24.0,0.802,0.0,0.732,1.0
2025-03-29,HM36,24.0,0.956,4.856,0.609,1.0
2025-03-29,HM43,24.0,6.518,0.777,0.521,1.0
2025-03-29,HM47,24.0,0.876,1.341,0.359,1.0
2025-03-29,HM50,24.0,0.576,2.587,0.777,1.0
2025-03-29,HM56,24.0,2.527,1.509,0.32,1.0
2025-03-30,HM01,24.0,0.632,1.427,0.383,1.0
2025-03-30,HM12,24.0,1.036,0.758,0.511,1.0
2025-03-30,HM13,24.0,1.677,0.627,0.823,1.0
2025-03-30,HM14,24.0,1.263,1.692,0.512,1.0
2025-03-30,HM16,24.0,0.516,0.597,0.867,1.0
2025-03-30,HM20,24.0,0.894,1.755,0.544,1.0
2025-03-30,HM25,24.0,0.668,3.449,0.399,1.0
2025-03-30,HM30,24.0,0.837,3.475,1.112,1.0
2025-03-30,HM36,24.0,0.417,3.669,0.507,1.0
2025-03-30,HM43,24.0,1.49,0.0,0.8,1.0
2025-03-30,HM47,24.0,0.387,0.425,0.903,1.0
2025-03-30,HM50,24.0,0.92,1.24,0.357,1.0
2025-03-30,HM56,24.0,1.488,2.767,0.712,1.0
2025-03-31,HM01,24.0,2.163,0.668,0.366,1.5
2025-03-31,HM12,24.0,0.571,0.673,0.245,1.5
2025-03-31,HM13,24.0,7.45,1.212,0.536,1.5
2025-03-31,HM14,24.0,6.79,2.661,0.25,1.5
2025-03-31,HM16,24.0,3.681,4.716,0.505,1.5
2025-03-31,HM20,24.0,1.135,0.0,0.566,1.5
2025-03-31,HM25,24.0,0.56,0.733,0.272,1.5
2025-03-31,HM30,24.0,0.353,0.0,0.842,1.5
2025-03-31,HM36,24.0,1.473,0.874,0.662,1.5
2025-03-31,HM43,24.0,1.679,0.954,0.435,1.5
2025-03-31,HM47,24.0,1.193,1.75,0.56,1.5
2025-03-31,HM50,24.0,2.867,2.453,0.529,1.5
2025-03-31,HM56,24.0,1.161,1.01,0.339,1.5
2025-04-01,HM01,24.0,0.581,1.818,0.218,1.5
2025-04-01,HM12,24.0,1.854,0.0,0.449,1.5
2025-04-01,HM13,24.0,0.96,2.282,0.322,1.5
2025-04-01,HM14,24.0,0.326,1.59,0.352,1.5
2025-04-01,HM16,24.0,1.206,3.902,0.502,1.5
2025-04-01,HM20,24.0,0.427,4.196,1.145,1.5
2025-04-01,HM25,24.0,0.443,0.433,0.506,1.5
2025-04-01,HM30,24.0,0.513,1.384,0.503,1.5
2025-04-01,HM36,24.0,0.821,0.603,0.545,1.5
2025-04-01,HM43,24.0,1.198,1.212,0.749,1.5
2025-04-01,HM47,24.0,1.423,2.596,0.545,1.5
2025-04-01,HM50,24.0,1.017,0.773,0.408,1.5
2025-04-01,HM56,24.0,0.656,0.68,0.676,1.5
2025-04-02,HM01,24.0,0.398,0.374,0.558,1.5
2025-04-02,HM12,24.0,1.319,1.557,0.451,1.5
2025-04-02,HM13,24.0,1.009,2.126,0.472,1.5
2025-04-02,HM14,24.0,3.01,1.884,0.463,1.5
2025-04-02,HM16,24.0,1.303,2.485,0.467,1.5
2025-04-02,HM20,24.0,0.425,0.454,0.793,1.5
2025-04-02,HM25,24.0,0.325,3.575,0.723,1.5
2025-04-02,HM30,24.0,0.917,1.07,0.4,1.5
2025-04-02,HM36,24.0,0.397,1.545,0.471,1.5
2025-04-02,HM43,24.0,2.152,0.713,0.897,1.5
2025-04-02,HM47,24.0,0.978,0.401,0.83,1.5
2025-04-02,HM50,24.0,0.226,1.398,0.405,1.5
2025-04-02,HM56,24.0,0.517,3.655,0.52,1.5
2025-04-03,HM01,24.0,0.735,5.859,0.415,1.5
2025-04-03,HM12,24.0,0.483,0.988,0.523,1.5
2025-04-03,HM13,24.0,0.684,0.739,0.672,1.5
2025-04-03,HM14,24.0,0.369,0.752,0.395,1.5
2025-04-03,HM16,24.0,0.814,0.627,0.716,1.5
2025-04-03,HM20,24.0,0.754,1.392,0.929,1.5
2025-04-03,HM25,24.0,1.328,1.818,0.78,1.5
2025-04-03,HM30,24.0,1.061,2.727,0.558,1.5
2025-04-03,HM36,24.0,1.128,2.491,0.369,1.5
2025-04-03,HM43,24.0,1.934,0.464,0.329,1.5
2025-04-03,HM47,24.0,1.134,0.698,0.298,1.5
2025-04-03,HM50,24.0,1.268,0.23,1.206,1.5
2025-04-03,HM56,24.0,1.08,1.79,0.438,1.5
2025-04-04,HM01,24.0,0.648,1.4,0.335,1.5
2025-04-04,HM12,24.0,1.603,1.17,0.246,1.5
2025-04-04,HM13,24.0,1.084,2.085,0.488,1.5
2025-04-04,HM14,24.0,0.405,1.009,0.706,1.5
2025-04-04,HM16,24.0,1.07,1.757,0.33,1.5
2025-04-04,HM20,24.0,0.443,3.842,0.351,1.5
2025-04-04,HM25,24.0,4.456,0.0,0.307,1.5
2025-04-04,HM30,24.0,1.054,1.204,1.014,1.5
2025-04-04,HM36,24.0,3.299,0.427,0.284,1.5
2025-04-04,HM43,24.0,1.263,1.374,0.51,1.5
2025-04-04,HM47,24.0,0.874,1.735,0.271,1.5
2025-04-04,HM50,24.0,2.036,2.076,0.58,1.5
2025-04-04,HM56,24.0,1.833,1.059,0.451,1.5
2025-04-05,HM01,24.0,0.429,2.834,0.46,1.0
2025-04-05,HM12,24.0,0.72,1.302,0.248,1.0
2025-04-05,HM13,24.0,0.746,1.686,0.7,1.0
2025-04-05,HM14,24.0,0.86,1.433,0.522,1.0
2025-04-05,HM16,24.0,0.494,0.953,0.313,1.0
2025-04-05,HM20,24.0,1.402,2.197,0.621,1.0
2025-04-05,HM25,24.0,0.552,1.53,0.723,1.0
2025-04-05,HM30,24.0,1.082,0.334,0.454,1.0
2025-04-05,HM36,24.0,1.452,1.82,0.404,1.0
2025-04-05,HM43,24.0,5.828,3.504,0.543,1.0
2025-04-05,HM47,24.0,0.219,1.678,0.385,1.0
2025-04-05,HM50,24.0,0.451,1.204,0.373,1.0
2025-04-05,HM56,24.0,0.881,0.0,0.409,1.0
2025-04-06,HM01,24.0,1.305,1.544,0.673,1.0
2025-04-06,HM12,24.0,0.354,0.975,0.491,1.0
2025-04-06,HM13,24.0,0.898,1.974,0.512,1.0
2025-04-06,HM14,24.0,1.392,2.418,0.364,1.0
2025-04-06,HM16,24.0,1.77,5.87,0.604,1.0
2025-04-06,HM20,24.0,0.709,4.349,0.218,1.0
2025-04-06,HM25,24.0,1.286,2.424,0.555,1.0
2025-04-06,HM30,24.0,4.96,0.826,0.437,1.0
2025-04-06,HM36,24.0,0.421,0.955,0.789,1.0
2025-04-06,HM43,24.0,1.705,2.214,0.467,1.0
2025-04-06,HM47,24.0,1.095,2.437,0.3,1.0
2025-04-06,HM50,24.0,0.741,1.268,0.485,1.0
2025-04-06,HM56,24.0,1.159,1.988,0.447,1.0
2025-04-07,HM01,24.0,2.511,0.862,0.447,1.5
2025-04-07,HM12,24.0,1.45,1.266,0.649,1.5
2025-04-07,HM13,24.0,0.639,0.913,0.549,1.5
2025-04-07,HM14,24.0,0.46,7.2,0.589,1.5
2025-04-07,HM16,24.0,0.508,1.362,0.893,1.5
2025-04-07,HM20,24.0,2.017,3.08,0.719,1.5
2025-04-07,HM25,24.0,4.401,3.674,0.26,1.5
2025-04-07,HM30,24.0,0.684,0.0,0.698,1.5
2025-04-07,HM36,24.0,1.363,2.869,0.464,1.5
2025-04-07,HM43,24.0,0.891,0.496,0.525,1.5
2025-04-07,HM47,24.0,0.766,2.474,0.449,1.5
2025-04-07,HM50,24.0,0.71,0.706,0.461,1.5
2025-04-07,HM56,24.0,1.166,0.836,0.224,1.5
2025-04-08,HM01,24.0,0.704,1.224,0.75,1.5
2025-04-08,HM12,24.0,0.351,2.464,1.484,1.5
2025-04-08,HM13,24.0,1.366,1.175,0.562,1.5
2025-04-08,HM14,24.0,2.238,1.413,0.684,1.5
2025-04-08,HM16,24.0,1.807,0.452,0.43,1.5
2025-04-08,HM20,24.0,0.384,1.646,1.526,1.5
2025-04-08,HM25,24.0,5.953,3.846,0.392,1.5
2025-04-08,HM30,24.0,1.035,0.0,0.626,1.5
2025-04-08,HM36,24.0,0.813,5.536,0.662,1.5
2025-04-08,HM43,24.0,5.063,0.632,0.334,1.5
2025-04-08,HM47,24.0,1.561,7.2,0.399,1.5
2025-04-08,HM50,24.0,7.467,0.0,0.426,1.5
2025-04-08,HM56,24.0,0.433,0.551,0.472,1.5
2025-04-09,HM01,24.0,0.707,3.263,0.785,1.5
2025-04-09,HM12,24.0,0.753,5.388,0.883,1.5
2025-04-09,HM13,24.0,0.715,4.811,0.426,1.5
2025-04-09,HM14,24.0,0.964,4.722,0.654,1.5
2025-04-09,HM16,24.0,1.195,1.238,1.019,1.5
2025-04-09,HM20,24.0,0.664,5.475,1.339,1.5
2025-04-09,HM25,24.0,0.843,2.582,0.589,1.5
2025-04-09,HM30,24.0,1.212,7.2,0.687,1.5
2025-04-09,HM36,24.0,0.621,1.661,0.251,1.5
2025-04-09,HM43,24.0,0.724,0.503,0.551,1.5
2025-04-09,HM47,24.0,0.784,0.964,0.872,1.5
2025-04-09,HM50,24.0,0.597,1.66,0.537,1.5
2025-04-09,HM56,24.0,2.024,1.669,0.565,1.5
2025-04-10,HM01,24.0,1.277,5.042,0.38,1.5
2025-04-10,HM12,24.0,2.456,0.34,0.42,1.5
2025-04-10,HM13,24.0,1.694,4.261,1.283,1.5
2025-04-10,HM14,24.0,0.735,2.805,0.637,1.5
2025-04-10,HM16,24.0,0.497,3.03,0.625,1.5
2025-04-10,HM20,24.0,0.556,1.183,1.048,1.5
2025-04-10,HM25,24.0,0.488,1.724,0.31,1.5
2025-04-10,HM30,24.0,0.475,2.44,0.741,1.5
2025-04-10,HM36,24.0,1.585,0.193,0.305,1.5
2025-04-10,HM43,24.0,1.029,0.676,0.715,1.5
2025-04-10,HM47,24.0,1.037,1.084,0.276,1.5
2025-04-10,HM50,24.0,0.701,1.89,0.502,1.5
2025-04-10,HM56,24.0,5.15,0.0,0.495,1.5
2025-04-11,HM01,24.0,0.82,1.387,0.54,1.5
2025-04-11,HM12,24.0,0.368,1.381,0.35,1.5
2025-04-11,HM13,24.0,1.2,1.976,0.419,1.5
2025-04-11,HM14,24.0,0.212,3.003,0.243,1.5
2025-04-11,HM16,24.0,0.353,1.603,0.936,1.5
2025-04-11,HM20,24.0,0.612,0.558,0.548,1.5
2025-04-11,HM25,24.0,0.616,1.46,0.328,1.5
2025-04-11,HM30,24.0,0.584,1.151,0.533,1.5
2025-04-11,HM36,24.0,0.901,2.13,0.548,1.5
2025-04-11,HM43,24.0,0.991,1.433,0.444,1.5
2025-04-11,HM47,24.0,0.808,4.0,0.722,1.5
2025-04-11,HM50,24.0,0.264,0.0,0.683,1.5
2025-04-11,HM56,24.0,0.779,0.0,0.251,1.5
2025-04-12,HM01,24.0,0.8,2.643,0.691,1.0
2025-04-12,HM12,24.0,0.671,1.44,0.577,1.0
2025-04-12,HM13,24.0,1.94,6.95,0.881,1.0
2025-04-12,HM14,24.0,0.508,1.283,0.525,1.0
2025-04-12,HM16,24.0,0.62,1.802,0.35,1.0
2025-04-12,HM20,24.0,0.525,1.68,0.802,1.0
2025-04-12,HM25,24.0,0.397,2.584,1.261,1.0
2025-04-12,HM30,24.0,1.419,1.078,0.569,1.0
2025-04-12,HM36,24.0,0.715,2.427,0.563,1.0
2025-04-12,HM43,24.0,0.888,4.797,0.735,1.0
2025-04-12,HM47,24.0,0.824,2.913,0.431,1.0
2025-04-12,HM50,24.0,0.664,1.819,0.452,1.0
2025-04-12,HM56,24.0,0.439,0.976,0.535,1.0
2025-04-13,HM01,24.0,0.899,3.631,0.354,1.0
2025-04-13,HM12,24.0,0.526,0.728,0.731,1.0
2025-04-13,HM13,24.0,1.643,2.502,0.644,1.0
2025-04-13,HM14,24.0,1.285,0.57,0.794,1.0
2025-04-13,HM16,24.0,1.711,2.244,0.649,1.0
2025-04-13,HM20,24.0,1.23,1.371,0.697,1.0
2025-04-13,HM25,24.0,1.492,1.064,0.793,1.0
2025-04-13,HM30,24.0,1.413,7.2,0.603,1.0
2025-04-13,HM36,24.0,1.003,1.403,0.185,1.0
2025-04-13,HM43,24.0,1.21,1.017,0.677,1.0
2025-04-13,HM47,24.0,1.801,0.0,0.42,1.0
2025-04-13,HM50,24.0,1.095,1.477,0.867,1.0
2025-04-13,HM56,24.0,0.529,2.877,0.684,1.0
2025-04-14,HM01,24.0,6.414,0.602,0.618,1.5
2025-04-14,HM12,24.0,3.166,1.568,1.287,1.5
2025-04-14,HM13,24.0,1.7,5.571,1.21,1.5
2025-04-14,HM14,24.0,2.525,1.364,0.357,1.5
2025-04-14,HM16,24.0,0.987,0.812,0.152,1.5
2025-04-14,HM20,24.0,0.805,1.357,0.493,1.5
2025-04-14,HM25,24.0,0.631,4.498,0.606,1.5
2025-04-14,HM30,24.0,3.521,3.832,0.368,1.5
2025-04-14,HM36,24.0,1.358,2.745,0.318,1.5
2025-04-14,HM43,24.0,5.771,2.728,0.651,1.5
2025-04-14,HM47,24.0,0.405,1.818,0.584,1.5
2025-04-14,HM50,24.0,1.384,2.264,0.542,1.5
2025-04-14,HM56,24.0,0.96,1.099,0.767,1.5
2025-04-15,HM01,24.0,1.499,1.408,0.385,1.5
2025-04-15,HM12,24.0,0.627,3.468,0.873,1.5
2025-04-15,HM13,24.0,1.364,4.681,0.681,1.5
2025-04-15,HM14,24.0,0.882,3.196,0.48,1.5
2025-04-15,HM16,24.0,0.543,1.983,0.38,1.5
2025-04-15,HM20,24.0,5.326,1.439,0.419,1.5
2025-04-15,HM25,24.0,0.374,0.971,0.775,1.5
2025-04-15,HM30,24.0,2.296,1.046,0.508,1.5
2025-04-15,HM36,24.0,0.401,1.884,0.619,1.5
2025-04-15,HM43,24.0,1.964,0.818,0.593,1.5
2025-04-15,HM47,24.0,0.352,1.657,0.288,1.5
2025-04-15,HM50,24.0,2.84,0.317,0.725,1.5
2025-04-15,HM56,24.0,0.811,0.449,0.262,1.5
2025-04-16,HM01,24.0,0.237,1.73,0.891,1.5
2025-04-16,HM12,24.0,0.835,0.867,1.432,1.5
2025-04-16,HM13,24.0,1.198,3.446,0.402,1.5
2025-04-16,HM14,24.0,0.743,0.276,0.56,1.5
2025-04-16,HM16,24.0,0.643,0.325,0.334,1.5
2025-04-16,HM20,24.0,0.468,0.618,0.348,1.5
2025-04-16,HM25,24.0,0.824,2.817,0.719,1.5
2025-04-16,HM30,24.0,0.442,1.908,0.554,1.5
2025-04-16,HM36,24.0,0.349,3.472,0.421,1.5
2025-04-16,HM43,24.0,1.348,0.715,0.688,1.5
2025-04-16,HM47,24.0,3.889,0.167,0.397,1.5
2025-04-16,HM50,24.0,0.395,0.886,0.837,1.5
2025-04-16,HM56,24.0,0.909,3.943,0.369,1.5
2025-04-17,HM01,24.0,1.446,3.391,0.71,1.5
2025-04-17,HM12,24.0,0.971,0.393,0.302,1.5
2025-04-17,HM13,24.0,0.423,2.453,0.376,1.5
2025-04-17,HM14,24.0,0.384,4.379,0.434,1.5
2025-04-17,HM16,24.0,0.55,0.389,0.537,1.5
2025-04-17,HM20,24.0,1.178,2.248,0.379,1.5
2025-04-17,HM25,24.0,0.644,0.985,0.684,1.5
2025-04-17,HM30,24.0,0.857,1.834,0.762,1.5
2025-04-17,HM36,24.0,0.462,2.237,0.243,1.5
2025-04-17,HM43,24.0,0.854,1.179,0.549,1.5
2025-04-17,HM47,24.0,2.261,1.987,0.694,1.5
2025-04-17,HM50,24.0,0.391,1.644,0.736,1.5
2025-04-17,HM56,24.0,0.805,3.633,0.363,1.5
2025-04-18,HM01,24.0,1.068,0.882,0.519,1.5
2025-04-18,HM12,24.0,0.669,3.315,0.445,1.5
2025-04-18,HM13,24.0,0.754,1.462,0.43,1.5
2025-04-18,HM14,24.0,1.12,2.116,0.43,1.5
2025-04-18,HM16,24.0,0.992,2.515,0.619,1.5
2025-04-18,HM20,24.0,1.0,2.423,0.846,1.5
2025-04-18,HM25,24.0,0.311,0.518,0.465,1.5
2025-04-18,HM30,24.0,0.315,0.784,0.444,1.5
2025-04-18,HM36,24.0,0.505,0.83,0.337,1.5
2025-04-18,HM43,24.0,1.699,0.747,0.301,1.5
2025-04-18,HM47,24.0,0.778,1.126,0.29,1.5
2025-04-18,HM50,24.0,0.656,0.346,0.632,1.5
2025-04-18,HM56,24.0,2.666,1.638,0.56,1.5
2025-04-19,HM01,24.0,2.307,0.54,0.688,1.0
2025-04-19,HM12,24.0,0.736,3.545,0.441,1.0
2025-04-19,HM13,24.0,1.398,4.799,0.834,1.0
2025-04-19,HM14,24.0,0.631,6.444,0.322,1.0
2025-04-19,HM16,24.0,0.857,2.039,0.424,1.0
2025-04-19,HM20,24.0,4.11,2.558,0.763,1.0
2025-04-19,HM25,24.0,0.6,1.323,0.622,1.0
2025-04-19,HM30,24.0,1.543,2.321,0.875,1.0
2025-04-19,HM36,24.0,0.435,1.447,0.666,1.0
2025-04-19,HM43,24.0,1.025,0.97,0.37,1.0
2025-04-19,HM47,24.0,0.517,0.0,0.65,1.0
2025-04-19,HM50,24.0,0.822,2.343,0.447,1.0
2025-04-19,HM56,24.0,0.393,2.607,0.316,1.0
2025-04-20,HM01,24.0,1.404,1.057,0.535,1.0
2025-04-20,HM12,24.0,1.359,1.433,0.772,1.0
2025-04-20,HM13,24.0,1.583,0.646,0.349,1.0
2025-04-20,HM14,24.0,2.174,1.143,0.665,1.0
2025-04-20,HM16,24.0,1.138,1.858,0.783,1.0
2025-04-20,HM20,24.0,0.364,0.833,0.751,1.0
2025-04-20,HM25,24.0,0.483,0.662,1.036,1.0
2025-04-20,HM30,24.0,0.318,1.643,0.418,1.0
2025-04-20,HM36,24.0,0.299,0.757,0.707,1.0
2025-04-20,HM43,24.0,0.434,4.806,0.197,1.0
2025-04-20,HM47,24.0,0.525,2.72,0.452,1.0
2025-04-20,HM50,24.0,0.495,1.029,0.488,1.0
2025-04-20,HM56,24.0,0.781,0.227,0.577,1.0
2025-04-21,HM01,24.0,1.004,4.336,0.712,1.5
2025-04-21,HM12,24.0,0.701,3.917,0.514,1.5
2025-04-21,HM13,24.0,0.336,0.261,0.671,1.5
2025-04-21,HM14,24.0,1.021,2.75,0.372,1.5
2025-04-21,HM16,24.0,1.006,2.173,0.381,1.5
2025-04-21,HM20,24.0,1.109,2.396,0.414,1.5
2025-04-21,HM25,24.0,0.905,2.791,0.386,1.5
2025-04-21,HM30,24.0,0.646,2.666,0.375,1.5
2025-04-21,HM36,24.0,0.471,2.552,0.612,1.5
2025-04-21,HM43,24.0,2.232,0.0,0.448,1.5
2025-04-21,HM47,24.0,7.009,1.622,0.593,1.5
2025-04-21,HM50,24.0,1.343,0.0,0.801,1.5
2025-04-21,HM56,24.0,0.454,2.109,0.414,1.5
2025-04-22,HM01,24.0,1.123,1.034,0.567,1.5
2025-04-22,HM12,24.0,0.964,0.758,0.207,1.5
2025-04-22,HM13,24.0,0.337,1.2,0.608,1.5
2025-04-22,HM14,24.0,0.474,3.208,0.668,1.5
2025-04-22,HM16,24.0,0.603,0.968,0.362,1.5
2025-04-22,HM20,24.0,1.13,1.681,0.861,1.5
2025-04-22,HM25,24.0,6.62,0.799,0.406,1.5
2025-04-22,HM30,24.0,1.4,0.0,0.697,1.5
2025-04-22,HM36,24.0,0.596,1.138,0.347,1.5
2025-04-22,HM43,24.0,0.948,2.787,0.406,1.5
2025-04-22,HM47,24.0,0.725,1.67,0.346,1.5
2025-04-22,HM50,24.0,6.584,1.351,0.667,1.5
2025-04-22,HM56,24.0,0.459,0.64,0.178,1.5
2025-04-23,HM01,24.0,0.685,1.913,0.315,1.5
2025-04-23,HM12,24.0,6.608,0.817,0.562,1.5
2025-04-23,HM13,24.0,0.464,1.778,0.324,1.5
2025-04-23,HM14,24.0,4.321,5.48,0.751,1.5
2025-04-23,HM16,24.0,1.013,3.122,0.54,1.5
2025-04-23,HM20,24.0,1.192,1.266,0.479,1.5
2025-04-23,HM25,24.0,0.63,0.0,0.6,1.5
2025-04-23,HM30,24.0,0.729,0.0,0.679,1.5
2025-04-23,HM36,24.0,4.884,1.742,0.229,1.5
2025-04-23,HM43,24.0,0.609,0.978,1.578,1.5
2025-04-23,HM47,24.0,0.731,1.564,0.773,1.5
2025-04-23,HM50,24.0,0.5,2.077,0.474,1.5
2025-04-23,HM56,24.0,1.271,1.348,0.227,1.5
2025-04-24,HM01,24.0,1.089,0.814,0.522,1.5
2025-04-24,HM12,24.0,1.065,2.165,0.227,1.5
2025-04-24,HM13,24.0,0.997,2.691,1.253,1.5
2025-04-24,HM14,24.0,0.782,2.559,0.346,1.5
2025-04-24,HM16,24.0,0.756,2.869,0.601,1.5
2025-04-24,HM20,24.0,0.376,3.002,0.738,1.5
2025-04-24,HM25,24.0,0.814,1.929,0.313,1.5
2025-04-24,HM30,24.0,0.631,1.768,0.352,1.5
2025-04-24,HM36,24.0,1.58,0.806,0.22,1.5
2025-04-24,HM43,24.0,0.726,3.728,0.442,1.5
2025-04-24,HM47,24.0,2.014,0.266,0.996,1.5
2025-04-24,HM50,24.0,0.779,0.618,0.515,1.5
2025-04-24,HM56,24.0,0.994,3.297,0.552,1.5
2025-04-25,HM01,24.0,0.811,0.522,0.842,1.5
2025-04-25,HM12,24.0,1.347,2.472,0.494,1.5
2025-04-25,HM13,24.0,0.785,0.897,0.46,1.5
2025-04-25,HM14,24.0,1.692,2.18,0.418,1.5
2025-04-25,HM16,24.0,0.807,3.621,0.895,1.5
2025-04-25,HM20,24.0,0.849,0.167,0.596,1.5
2025-04-25,HM25,24.0,0.793,2.882,0.56,1.5
2025-04-25,HM30,24.0,1.245,0.56,0.874,1.5
2025-04-25,HM36,24.0,0.357,1.63,0.434,1.5
2025-04-25,HM43,24.0,1.387,2.228,0.346,1.5
2025-04-25,HM47,24.0,0.498,2.837,0.62,1.5
2025-04-25,HM50,24.0,0.315,0.6,0.547,1.5
2025-04-25,HM56,24.0,0.735,2.131,0.533,1.5
2025-04-26,HM01,24.0,0.637,0.383,0.215,1.0
2025-04-26,HM12,24.0,0.675,0.0,0.37,1.0
2025-04-26,HM13,24.0,0.87,2.258,0.536,1.0
2025-04-26,HM14,24.0,0.469,1.994,1.068,1.0
2025-04-26,HM16,24.0,4.243,1.09,0.297,1.0
2025-04-26,HM20,24.0,0.347,1.533,0.318,1.0
2025-04-26,HM25,24.0,0.527,1.033,0.343,1.0
2025-04-26,HM30,24.0,0.785,0.464,0.386,1.0
2025-04-26,HM36,24.0,0.411,2.366,0.662,1.0
2025-04-26,HM43,24.0,0.588,1.33,1.406,1.0
2025-04-26,HM47,24.0,0.579,1.178,0.548,1.0
2025-04-26,HM50,24.0,1.097,0.558,0.655,1.0
2025-04-26,HM56,24.0,0.321,1.509,0.587,1.0
2025-04-27,HM01,24.0,1.158,0.388,0.744,1.0
2025-04-27,HM12,24.0,0.508,2.11,0.487,1.0
2025-04-27,HM13,24.0,0.522,2.76,0.577,1.0
2025-04-27,HM14,24.0,0.424,1.91,0.344,1.0
2025-04-27,HM16,24.0,0.6,1.061,0.407,1.0
2025-04-27,HM20,24.0,1.788,2.686,0.595,1.0
2025-04-27,HM25,24.0,0.873,1.918,0.809,1.0
2025-04-27,HM30,24.0,3.72,0.722,0.263,1.0
2025-04-27,HM36,24.0,6.255,4.556,0.416,1.0
2025-04-27,HM43,24.0,1.168,3.299,0.899,1.0
2025-04-27,HM47,24.0,0.331,1.311,0.401,1.0
2025-04-27,HM50,24.0,0.463,0.78,0.453,1.0
2025-04-27,HM56,24.0,4.821,1.758,0.449,1.0
2025-04-28,HM01,24.0,4.845,1.643,1.089,1.5
2025-04-28,HM12,24.0,0.903,0.462,0.371,1.5
2025-04-28,HM13,24.0,1.081,4.688,0.47,1.5
2025-04-28,HM14,24.0,1.049,4.787,0.715,1.5
2025-04-28,HM16,24.0,1.3,1.516,0.37,1.5
2025-04-28,HM20,24.0,1.62,1.632,0.46,1.5
2025-04-28,HM25,24.0,0.408,1.591,0.332,1.5
2025-04-28,HM30,24.0,0.374,1.859,0.503,1.5
2025-04-28,HM36,24.0,5.546,1.134,0.7,1.5
2025-04-28,HM43,24.0,0.397,1.048,0.974,1.5
2025-04-28,HM47,24.0,0.764,3.584,1.073,1.5
2025-04-28,HM50,24.0,0.882,0.928,0.736,1.5
2025-04-28,HM56,24.0,0.457,0.0,0.191,1.5
2025-04-29,HM01,24.0,0.565,1.143,0.519,1.5
2025-04-29,HM12,24.0,1.128,1.635,0.787,1.5
2025-04-29,HM13,24.0,1.116,2.652,0.257,1.5
2025-04-29,HM14,24.0,0.508,2.485,0.555,1.5
2025-04-29,HM16,24.0,0.499,1.391,0.286,1.5
2025-04-29,HM20,24.0,0.489,2.057,0.963,1.5
2025-04-29,HM25,24.0,0.93,3.061,0.317,1.5
2025-04-29,HM30,24.0,1.94,2.146,0.735,1.5
2025-04-29,HM36,24.0,1.007,2.9,0.844,1.5
2025-04-29,HM43,24.0,0.944,1.624,0.575,1.5
2025-04-29,HM47,24.0,0.339,1.129,0.718,1.5
2025-04-29,HM50,24.0,0.496,1.0,0.344,1.5
2025-04-29,HM56,24.0,1.234,1.556,0.47,1.5
2025-04-30,HM01,24.0,0.586,0.0,0.399,1.5
2025-04-30,HM12,24.0,1.62,1.255,0.843,1.5
2025-04-30,HM13,24.0,1.303,1.265,0.563,1.5
2025-04-30,HM14,24.0,0.948,1.209,0.467,1.5
2025-04-30,HM16,24.0,0.435,0.914,0.327,1.5
2025-04-30,HM20,24.0,0.63,2.979,0.432,1.5
2025-04-30,HM25,24.0,3.837,1.53,0.614,1.5
2025-04-30,HM30,24.0,0.44,1.723,0.25,1.5
2025-04-30,HM36,24.0,0.589,2.065,0.842,1.5
2025-04-30,HM43,24.0,0.986,4.094,0.335,1.5
2025-04-30,HM47,24.0,0.901,1.134,0.551,1.5
2025-04-30,HM50,24.0,0.804,1.073,0.603,1.5
2025-04-30,HM56,24.0,0.762,3.201,0.37,1.5
2025-05-01,HM01,24.0,1.154,1.38,0.347,1.5
2025-05-01,HM12,24.0,1.486,2.467,0.357,1.5
2025-05-01,HM13,24.0,2.08,0.876,0.598,1.5
2025-05-01,HM14,24.0,0.549,0.653,0.467,1.5
2025-05-01,HM16,24.0,0.841,2.629,0.384,1.5
2025-05-01,HM20,24.0,0.451,0.0,0.747,1.5
2025-05-01,HM25,24.0,0.592,2.702,0.618,1.5
2025-05-01,HM30,24.0,1.889,0.944,0.459,1.5
2025-05-01,HM36,24.0,0.476,1.243,0.265,1.5
2025-05-01,HM43,24.0,1.063,1.708,0.441,1.5
2025-05-01,HM47,24.0,0.832,1.504,0.915,1.5
2025-05-01,HM50,24.0,1.07,0.938,0.399,1.5
2025-05-01,HM56,24.0,6.842,1.74,0.495,1.5
2025-05-02,HM01,24.0,2.057,5.289,0.424,1.5
2025-05-02,HM12,24.0,0.876,1.768,0.331,1.5
2025-05-02,HM13,24.0,0.695,3.874,0.284,1.5
2025-05-02,HM14,24.0,0.419,1.402,0.446,1.5
2025-05-02,HM16,24.0,0.691,2.046,0.46,1.5
2025-05-02,HM20,24.0,1.266,0.816,0.369,1.5
2025-05-02,HM25,24.0,0.95,2.671,0.623,1.5
2025-05-02,HM30,24.0,0.971,0.936,0.511,1.5
2025-05-02,HM36,24.0,1.085,2.029,0.885,1.5
2025-05-02,HM43,24.0,1.495,1.927,0.509,1.5
2025-05-02,HM47,24.0,1.507,2.114,0.478,1.5
2025-05-02,HM50,24.0,1.313,3.998,0.444,1.5
2025-05-02,HM56,24.0,0.753,5.087,0.333,1.5
2025-05-03,HM01,24.0,0.663,1.591,1.227,1.0
2025-05-03,HM12,24.0,0.78,1.333,0.298,1.0
2025-05-03,HM13,24.0,2.948,1.987,0.5,1.0
2025-05-03,HM14,24.0,1.454,1.173,0.337,1.0
2025-05-03,HM16,24.0,2.334,2.399,0.653,1.0
2025-05-03,HM20,24.0,0.962,0.85,0.44,1.0
2025-05-03,HM25,24.0,5.107,0.0,0.48,1.0
2025-05-03,HM30,24.0,0.982,0.373,0.738,1.0
2025-05-03,HM36,24.0,1.224,3.283,1.19,1.0
2025-05-03,HM43,24.0,0.424,1.637,0.863,1.0
2025-05-03,HM47,24.0,0.375,1.378,0.578,1.0
2025-05-03,HM50,24.0,0.293,2.468,0.775,1.0
2025-05-03,HM56,24.0,1.073,1.803,0.428,1.0
2025-05-04,HM01,24.0,0.42,2.269,0.687,1.0
2025-05-04,HM12,24.0,0.747,0.425,0.658,1.0
2025-05-04,HM13,24.0,2.299,0.722,0.594,1.0
2025-05-04,HM14,24.0,0.553,3.833,0.349,1.0
2025-05-04,HM16,24.0,0.599,0.772,0.385,1.0
2025-05-04,HM20,24.0,0.387,0.768,0.441,1.0
2025-05-04,HM25,24.0,0.968,0.809,0.282,1.0
2025-05-04,HM30,24.0,1.043,3.423,0.45,1.0
2025-05-04,HM36,24.0,0.582,2.679,0.672,1.0
2025-05-04,HM43,24.0,1.014,1.117,0.498,1.0
2025-05-04,HM47,24.0,6.277,0.833,1.151,1.0
2025-05-04,HM50,24.0,0.538,0.0,0.217,1.0
2025-05-04,HM56,24.0,1.898,1.121,0.82,1.0
2025-05-05,HM01,24.0,1.427,5.794,0.429,1.5
2025-05-05,HM12,24.0,0.975,0.911,0.407,1.5
2025-05-05,HM13,24.0,0.905,1.982,0.431,1.5
2025-05-05,HM14,24.0,0.901,1.187,0.168,1.5
2025-05-05,HM16,24.0,3.0,0.222,0.556,1.5
2025-05-05,HM20,24.0,0.624,0.694,0.368,1.5
2025-05-05,HM25,24.0,0.858,0.897,0.489,1.5
2025-05-05,HM30,24.0,0.703,2.631,0.692,1.5
2025-05-05,HM36,24.0,0.592,1.223,0.497,1.5
2025-05-05,HM43,24.0,6.741,1.847,0.312,1.5
2025-05-05,HM47,24.0,0.857,1.448,0.457,1.5
2025-05-05,HM50,24.0,0.749,1.301,0.209,1.5
2025-05-05,HM56,24.0,0.935,3.041,0.525,1.5
2025-05-06,HM01,24.0,1.405,1.254,0.517,1.5
2025-05-06,HM12,24.0,0.948,1.617,1.053,1.5
2025-05-06,HM13,24.0,1.094,1.737,0.603,1.5
2025-05-06,HM14,24.0,0.405,1.731,0.472,1.5
2025-05-06,HM16,24.0,1.198,1.716,0.672,1.5
2025-05-06,HM20,24.0,1.062,1.012,0.571,1.5
2025-05-06,HM25,24.0,0.586,0.613,0.513,1.5
2025-05-06,HM30,24.0,0.602,0.592,0.431,1.5
2025-05-06,HM36,24.0,0.337,1.403,0.323,1.5
2025-05-06,HM43,24.0,2.756,3.912,0.454,1.5
2025-05-06,HM47,24.0,3.938,1.525,0.687,1.5
2025-05-06,HM50,24.0,0.396,1.677,0.755,1.5
2025-05-06,HM56,24.0,0.848,1.11,0.55,1.5
2025-05-07,HM01,24.0,2.797,3.495,0.316,1.5
2025-05-07,HM12,24.0,1.689,1.158,0.333,1.5
2025-05-07,HM13,24.0,1.302,2.009,0.498,1.5
2025-05-07,HM14,24.0,0.435,6.916,0.472,1.5
2025-05-07,HM16,24.0,0.533,1.152,0.44,1.5
2025-05-07,HM20,24.0,0.653,1.0,0.506,1.5
2025-05-07,HM25,24.0,0.427,1.466,0.52,1.5
2025-05-07,HM30,24.0,0.691,4.292,0.704,1.5
2025-05-07,HM36,24.0,0.615,6.306,0.407,1.5
2025-05-07,HM43,24.0,0.822,1.272,0.204,1.5
2025-05-07,HM47,24.0,1.571,1.614,0.435,1.5
2025-05-07,HM50,24.0,1.444,2.355,0.763,1.5
2025-05-07,HM56,24.0,0.388,1.648,0.519,1.5
2025-05-08,HM01,24.0,1.232,0.797,0.46,1.5
2025-05-08,HM12,24.0,1.512,1.533,0.306,1.5
2025-05-08,HM13,24.0,1.142,2.99,0.418,1.5
2025-05-08,HM14,24.0,1.148,4.604,0.478,1.5
2025-05-08,HM16,24.0,0.866,0.881,1.733,1.5
2025-05-08,HM20,24.0,0.574,1.68,1.385,1.5
2025-05-08,HM25,24.0,6.425,2.163,0.536,1.5
2025-05-08,HM30,24.0,1.841,1.932,0.39,1.5
2025-05-08,HM36,24.0,0.796,0.0,0.61,1.5
2025-05-08,HM43,24.0,0.689,0.648,0.501,1.5
2025-05-08,HM47,24.0,1.042,0.0,0.823,1.5
2025-05-08,HM50,24.0,2.9,3.574,0.287,1.5
2025-05-08,HM56,24.0,1.672,0.581,0.485,1.5
2025-05-09,HM01,24.0,0.692,4.025,0.298,1.5
2025-05-09,HM12,24.0,2.521,5.535,0.652,1.5
2025-05-09,HM13,24.0,1.098,2.404,0.493,1.5
2025-05-09,HM14,24.0,1.059,6.744,0.337,1.5
2025-05-09,HM16,24.0,1.379,1.02,0.994,1.5
2025-05-09,HM20,24.0,0.62,1.149,0.714,1.5
2025-05-09,HM25,24.0,1.306,1.504,0.345,1.5
2025-05-09,HM30,24.0,0.829,0.547,0.269,1.5
2025-05-09,HM36,24.0,0.222,1.476,0.806,1.5
2025-05-09,HM43,24.0,4.972,0.278,0.513,1.5
2025-05-09,HM47,24.0,0.645,2.994,0.414,1.5
2025-05-09,HM50,24.0,0.484,0.899,0.523,1.5
2025-05-09,HM56,24.0,0.266,0.974,0.232,1.5
2025-05-10,HM01,24.0,0.951,3.628,0.53,1.0
2025-05-10,HM12,24.0,0.523,0.701,0.466,1.0
2025-05-10,HM13,24.0,0.757,1.889,0.801,1.0
2025-05-10,HM14,24.0,1.154,0.946,0.693,1.0
2025-05-10,HM16,24.0,0.857,0.193,0.567,1.0
2025-05-10,HM20,24.0,1.564,0.0,1.14,1.0
2025-05-10,HM25,24.0,1.264,0.772,0.501,1.0
2025-05-10,HM30,24.0,0.512,0.0,0.339,1.0
2025-05-10,HM36,24.0,1.402,2.083,0.532,1.0
2025-05-10,HM43,24.0,0.289,0.38,0.604,1.0
2025-05-10,HM47,24.0,0.454,0.996,0.311,1.0
2025-05-10,HM50,24.0,0.867,3.327,0.502,1.0
2025-05-10,HM56,24.0,0.693,2.839,0.462,1.0
2025-05-11,HM01,24.0,1.088,0.94,0.485,1.0
2025-05-11,HM12,24.0,1.019,0.884,0.293,1.0
2025-05-11,HM13,24.0,1.683,1.007,0.3,1.0
2025-05-11,HM14,24.0,0.74,1.517,0.762,1.0
2025-05-11,HM16,24.0,0.549,0.909,0.579,1.0
2025-05-11,HM20,24.0,0.639,1.254,0.951,1.0
2025-05-11,HM25,24.0,0.941,4.176,0.942,1.0
2025-05-11,HM30,24.0,6.788,0.993,0.553,1.0
2025-05-11,HM36,24.0,1.458,0.488,0.553,1.0
2025-05-11,HM43,24.0,1.211,7.183,0.429,1.0
2025-05-11,HM47,24.0,1.544,5.61,0.363,1.0
2025-05-11,HM50,24.0,0.797,2.953,0.266,1.0
2025-05-11,HM56,24.0,0.86,3.44,0.426,1.0
2025-05-12,HM01,24.0,0.79,1.455,0.705,1.5
2025-05-12,HM12,24.0,1.0,1.266,0.846,1.5
2025-05-12,HM13,24.0,0.919,0.452,0.778,1.5
2025-05-12,HM14,24.0,3.941,0.525,0.335,1.5
2025-05-12,HM16,24.0,0.613,1.981,0.912,1.5
2025-05-12,HM20,24.0,2.224,0.449,0.536,1.5
2025-05-12,HM25,24.0,2.11,0.503,0.816,1.5
2025-05-12,HM30,24.0,2.556,1.85,0.604,1.5
2025-05-12,HM36,24.0,1.05,0.812,0.442,1.5
2025-05-12,HM43,24.0,0.325,1.666,0.644,1.5
2025-05-12,HM47,24.0,1.134,1.629,0.513,1.5
2025-05-12,HM50,24.0,0.661,0.674,0.443,1.5
2025-05-12,HM56,24.0,2.288,0.893,0.205,1.5
2025-05-13,HM01,24.0,0.226,1.423,0.443,1.5
2025-05-13,HM12,24.0,0.784,6.769,0.672,1.5
2025-05-13,HM13,24.0,1.476,3.922,0.29,1.5
2025-05-13,HM14,24.0,1.344,0.643,0.278,1.5
2025-05-13,HM16,24.0,0.536,3.39,0.662,1.5
2025-05-13,HM20,24.0,0.988,3.797,0.538,1.5
2025-05-13,HM25,24.0,0.381,0.614,0.386,1.5
2025-05-13,HM30,24.0,1.196,3.315,0.625,1.5
2025-05-13,HM36,24.0,0.901,0.888,0.418,1.5
2025-05-13,HM43,24.0,0.976,2.424,0.368,1.5
2025-05-13,HM47,24.0,1.678,2.32,0.755,1.5
2025-05-13,HM50,24.0,0.653,0.958,0.604,1.5
2025-05-13,HM56,24.0,0.619,3.788,0.218,1.5
2025-05-14,HM01,24.0,0.822,0.27,0.274,1.5
2025-05-14,HM12,24.0,0.427,7.2,1.011,1.5
2025-05-14,HM13,24.0,1.605,2.362,0.428,1.5
2025-05-14,HM14,24.0,1.88,0.521,1.052,1.5
2025-05-14,HM16,24.0,0.573,1.317,0.344,1.5
2025-05-14,HM20,24.0,0.631,0.779,0.297,1.5
2025-05-14,HM25,24.0,1.721,0.8,0.335,1.5
2025-05-14,HM30,24.0,0.855,1.273,0.646,1.5
2025-05-14,HM36,24.0,0.823,1.88,0.289,1.5
2025-05-14,HM43,24.0,0.453,2.641,0.508,1.5
2025-05-14,HM47,24.0,5.281,1.987,1.105,1.5
2025-05-14,HM50,24.0,1.147,0.0,0.816,1.5
2025-05-14,HM56,24.0,1.255,5.481,0.594,1.5
2025-05-15,HM01,24.0,0.36,2.537,0.631,1.5
2025-05-15,HM12,24.0,0.358,0.521,0.752,1.5
2025-05-15,HM13,24.0,1.002,2.311,0.504,1.5
2025-05-15,HM14,24.0,2.44,0.307,0.286,1.5
2025-05-15,HM16,24.0,6.272,2.145,0.709,1.5
2025-05-15,HM20,24.0,0.627,3.282,0.438,1.5
2025-05-15,HM25,24.0,0.568,0.888,0.285,1.5
2025-05-15,HM30,24.0,0.901,4.771,0.403,1.5
2025-05-15,HM36,24.0,2.241,2.181,0.291,1.5
2025-05-15,HM43,24.0,0.566,1.151,0.308,1.5
2025-05-15,HM47,24.0,4.272,0.587,0.37,1.5
2025-05-15,HM50,24.0,0.614,1.051,0.47,1.5
2025-05-15,HM56,24.0,0.807,0.372,0.188,1.5
2025-05-16,HM01,24.0,0.493,0.28,0.381,1.5
2025-05-16,HM12,24.0,1.107,1.09,0.656,1.5
2025-05-16,HM13,24.0,1.315,1.657,0.894,1.5
2025-05-16,HM14,24.0,3.76,7.2,0.611,1.5
2025-05-16,HM16,24.0,0.294,1.169,0.518,1.5
2025-05-16,HM20,24.0,1.348,1.229,0.443,1.5
2025-05-16,HM25,24.0,0.49,0.177,1.102,1.5
2025-05-16,HM30,24.0,0.719,1.701,0.581,1.5
2025-05-16,HM36,24.0,1.29,4.096,0.42,1.5
2025-05-16,HM43,24.0,0.342,0.0,0.25,1.5
2025-05-16,HM47,24.0,0.513,4.74,0.366,1.5
2025-05-16,HM50,24.0,0.604,2.067,0.611,1.5
2025-05-16,HM56,24.0,0.358,5.046,0.551,1.5
2025-05-17,HM01,24.0,0.445,0.544,0.515,1.0
2025-05-17,HM12,24.0,1.045,1.334,0.499,1.0
2025-05-17,HM13,24.0,0.825,0.674,0.487,1.0
2025-05-17,HM14,24.0,1.823,2.163,0.842,1.0
2025-05-17,HM16,24.0,0.961,2.278,0.382,1.0
2025-05-17,HM20,24.0,0.256,1.243,1.046,1.0
2025-05-17,HM25,24.0,1.144,5.352,0.492,1.0
2025-05-17,HM30,24.0,0.881,1.136,0.463,1.0
2025-05-17,HM36,24.0,4.167,0.381,0.459,1.0
2025-05-17,HM43,24.0,7.051,1.057,0.699,1.0
2025-05-17,HM47,24.0,1.053,1.683,0.573,1.0
2025-05-17,HM50,24.0,1.072,0.797,0.482,1.0
2025-05-17,HM56,24.0,0.979,1.051,0.361,1.0
2025-05-18,HM01,24.0,0.775,1.408,1.111,1.0
2025-05-18,HM12,24.0,0.835,2.081,0.835,1.0
2025-05-18,HM13,24.0,0.822,7.2,0.41,1.0
2025-05-18,HM14,24.0,0.969,2.124,0.478,1.0
2025-05-18,HM16,24.0,1.26,0.835,0.637,1.0
2025-05-18,HM20,24.0,0.388,0.356,0.717,1.0
2025-05-18,HM25,24.0,0.333,1.355,0.421,1.0
2025-05-18,HM30,24.0,0.483,3.282,0.346,1.0
2025-05-18,HM36,24.0,0.707,1.682,0.523,1.0
2025-05-18,HM43,24.0,1.191,0.527,0.391,1.0
2025-05-18,HM47,24.0,4.813,1.186,0.883,1.0
2025-05-18,HM50,24.0,1.04,1.286,0.619,1.0
2025-05-18,HM56,24.0,0.319,1.523,0.335,1.0
2025-05-19,HM01,24.0,0.305,2.438,0.826,1.5
2025-05-19,HM12,24.0,2.694,2.14,0.422,1.5
2025-05-19,HM13,24.0,1.568,1.619,0.437,1.5
2025-05-19,HM14,24.0,5.761,1.918,1.139,1.5
2025-05-19,HM16,24.0,0.487,3.34,0.526,1.5
2025-05-19,HM20,24.0,1.502,2.505,0.742,1.5
2025-05-19,HM25,24.0,0.531,0.922,0.816,1.5
2025-05-19,HM30,24.0,0.552,1.414,0.523,1.5
2025-05-19,HM36,24.0,0.605,0.636,0.264,1.5
2025-05-19,HM43,24.0,1.436,2.376,0.709,1.5
2025-05-19,HM47,24.0,1.265,7.2,0.319,1.5
2025-05-19,HM50,24.0,1.913,0.0,0.276,1.5
2025-05-19,HM56,24.0,2.15,6.02,0.454,1.5
2025-05-20,HM01,24.0,0.981,2.262,0.583,1.5
2025-05-20,HM12,24.0,1.442,1.132,0.796,1.5
2025-05-20,HM13,24.0,3.555,1.751,1.264,1.5
2025-05-20,HM14,24.0,6.554,0.822,0.439,1.5
2025-05-20,HM16,24.0,0.706,1.39,0.386,1.5
2025-05-20,HM20,24.0,0.844,2.766,0.828,1.5
2025-05-20,HM25,24.0,0.578,2.069,0.651,1.5
2025-05-20,HM30,24.0,0.351,0.325,0.67,1.5
2025-05-20,HM36,24.0,1.311,1.991,0.723,1.5
2025-05-20,HM43,24.0,0.639,2.083,0.365,1.5
2025-05-20,HM47,24.0,0.826,2.47,0.306,1.5
2025-05-20,HM50,24.0,0.608,0.682,0.605,1.5
2025-05-20,HM56,24.0,0.711,4.283,1.117,1.5
2025-05-21,HM01,24.0,4.91,2.477,0.648,1.5
2025-05-21,HM12,24.0,1.648,4.406,0.273,1.5
2025-05-21,HM13,24.0,0.8,1.127,0.308,1.5
2025-05-21,HM14,24.0,0.46,2.78,0.918,1.5
2025-05-21,HM16,24.0,0.848,1.212,0.647,1.5
2025-05-21,HM20,24.0,2.051,3.939,0.544,1.5
2025-05-21,HM25,24.0,0.613,0.167,0.661,1.5
2025-05-21,HM30,24.0,1.419,0.647,0.353,1.5
2025-05-21,HM36,24.0,0.941,2.305,0.427,1.5
2025-05-21,HM43,24.0,1.763,2.806,0.189,1.5
2025-05-21,HM47,24.0,1.136,3.846,0.366,1.5
2025-05-21,HM50,24.0,5.873,1.836,0.665,1.5
2025-05-21,HM56,24.0,0.458,1.399,0.595,1.5
2025-05-22,HM01,24.0,1.185,1.648,0.509,1.5
2025-05-22,HM12,24.0,0.951,1.227,0.888,1.5
2025-05-22,HM13,24.0,0.781,2.532,0.426,1.5
2025-05-22,HM14,24.0,1.228,2.982,0.256,1.5
2025-05-22,HM16,24.0,0.437,3.731,0.344,1.5
2025-05-22,HM20,24.0,2.066,1.98,1.049,1.5
2025-05-22,HM25,24.0,1.034,0.218,0.58,1.5
2025-05-22,HM30,24.0,1.25,1.388,0.431,1.5
2025-05-22,HM36,24.0,1.826,7.2,1.202,1.5
2025-05-22,HM43,24.0,0.504,2.383,0.34,1.5
2025-05-22,HM47,24.0,1.134,0.393,0.962,1.5
2025-05-22,HM50,24.0,0.302,2.111,0.616,1.5
2025-05-22,HM56,24.0,0.617,1.757,0.405,1.5
2025-05-23,HM01,24.0,0.441,0.669,0.337,1.5
2025-05-23,HM12,24.0,0.854,1.896,0.449,1.5
2025-05-23,HM13,24.0,1.253,4.391,1.053,1.5
2025-05-23,HM14,24.0,1.031,6.911,0.691,1.5
2025-05-23,HM16,24.0,0.626,1.224,0.828,1.5
2025-05-23,HM20,24.0,2.892,6.55,1.461,1.5
2025-05-23,HM25,24.0,0.713,1.524,0.661,1.5
2025-05-23,HM30,24.0,0.661,0.397,0.802,1.5
2025-05-23,HM36,24.0,2.848,4.647,0.423,1.5
2025-05-23,HM43,24.0,0.34,1.566,0.394,1.5
2025-05-23,HM47,24.0,0.571,2.715,1.079,1.5
2025-05-23,HM50,24.0,1.191,0.0,0.453,1.5
2025-05-23,HM56,24.0,1.054,1.664,0.387,1.5
2025-05-24,HM01,24.0,0.808,2.068,0.494,1.0
2025-05-24,HM12,24.0,4.899,1.724,0.32,1.0
2025-05-24,HM13,24.0,0.996,3.241,0.643,1.0
2025-05-24,HM14,24.0,0.335,7.13,0.424,1.0
2025-05-24,HM16,24.0,0.649,3.873,0.59,1.0
2025-05-24,HM20,24.0,0.701,2.74,0.452,1.0
2025-05-24,HM25,24.0,0.844,1.678,0.388,1.0
2025-05-24,HM30,24.0,0.911,3.063,0.468,1.0
2025-05-24,HM36,24.0,1.97,2.297,0.464,1.0
2025-05-24,HM43,24.0,1.786,3.031,1.103,1.0
2025-05-24,HM47,24.0,0.466,1.212,0.466,1.0
2025-05-24,HM50,24.0,1.465,0.731,0.353,1.0
2025-05-24,HM56,24.0,1.259,0.686,0.361,1.0
2025-05-25,HM01,24.0,3.567,1.894,0.42,1.0
2025-05-25,HM12,24.0,1.392,1.273,0.387,1.0
2025-05-25,HM13,24.0,0.763,2.671,0.35,1.0
2025-05-25,HM14,24.0,0.479,1.138,0.471,1.0
2025-05-25,HM16,24.0,0.565,0.98,0.325,1.0
2025-05-25,HM20,24.0,0.894,1.023,0.481,1.0
2025-05-25,HM25,24.0,0.979,0.939,0.301,1.0
2025-05-25,HM30,24.0,0.265,0.0,0.578,1.0
2025-05-25,HM36,24.0,1.418,2.599,0.392,1.0
2025-05-25,HM43,24.0,1.461,1.053,0.414,1.0
2025-05-25,HM47,24.0,0.695,4.14,0.967,1.0
2025-05-25,HM50,24.0,2.85,1.465,0.465,1.0
2025-05-25,HM56,24.0,1.389,1.099,0.294,1.0
2025-05-26,HM01,24.0,1.203,3.25,0.82,1.5
2025-05-26,HM12,24.0,0.542,1.957,0.347,1.5
2025-05-26,HM13,24.0,0.745,2.245,0.841,1.5
2025-05-26,HM14,24.0,1.459,2.277,0.524,1.5
2025-05-26,HM16,24.0,0.536,2.325,0.49,1.5
2025-05-26,HM20,24.0,0.471,0.711,0.428,1.5
2025-05-26,HM25,24.0,0.895,2.686,0.864,1.5
2025-05-26,HM30,24.0,1.4,7.2,0.759,1.5
2025-05-26,HM36,24.0,0.377,1.446,0.809,1.5
2025-05-26,HM43,24.0,1.044,6.629,0.23,1.5
2025-05-26,HM47,24.0,0.609,0.997,0.363,1.5
2025-05-26,HM50,24.0,1.301,2.275,0.616,1.5
2025-05-26,HM56,24.0,0.669,1.244,0.79,1.5
2025-05-27,HM01,24.0,1.145,2.569,0.466,1.5
2025-05-27,HM12,24.0,1.527,1.093,0.46,1.5
2025-05-27,HM13,24.0,1.955,1.214,0.374,1.5
2025-05-27,HM14,24.0,0.791,0.487,0.67,1.5
2025-05-27,HM16,24.0,0.688,2.567,0.377,1.5
2025-05-27,HM20,24.0,0.447,7.2,0.245,1.5
2025-05-27,HM25,24.0,0.211,0.432,0.533,1.5
2025-05-27,HM30,24.0,0.351,1.58,0.438,1.5
2025-05-27,HM36,24.0,0.584,0.998,0.462,1.5
2025-05-27,HM43,24.0,1.213,5.627,0.7,1.5
2025-05-27,HM47,24.0,0.353,1.943,0.339,1.5
2025-05-27,HM50,24.0,1.107,0.577,0.409,1.5
2025-05-27,HM56,24.0,0.606,1.006,0.737,1.5
2025-05-28,HM01,24.0,0.296,1.47,0.537,1.5
2025-05-28,HM12,24.0,1.494,2.755,0.481,1.5
2025-05-28,HM13,24.0,0.379,1.922,0.503,1.5
2025-05-28,HM14,24.0,0.742,2.011,1.09,1.5
2025-05-28,HM16,24.0,1.041,1.835,0.425,1.5
2025-05-28,HM20,24.0,6.979,0.699,0.322,1.5
2025-05-28,HM25,24.0,1.868,0.45,0.291,1.5
2025-05-28,HM30,24.0,1.613,0.703,0.404,1.5
2025-05-28,HM36,24.0,0.906,0.0,0.733,1.5
2025-05-28,HM43,24.0,0.659,2.613,0.384,1.5
2025-05-28,HM47,24.0,0.517,1.831,1.306,1.5
2025-05-28,HM50,24.0,1.14,2.986,0.222,1.5
2025-05-28,HM56,24.0,1.405,0.282,0.413,1.5
2025-05-29,HM01,24.0,0.302,4.403,0.508,1.5
2025-05-29,HM12,24.0,0.841,2.206,0.693,1.5
2025-05-29,HM13,24.0,1.432,2.141,0.906,1.5
2025-05-29,HM14,24.0,0.843,4.604,0.495,1.5
2025-05-29,HM16,24.0,1.231,0.271,0.518,1.5
2025-05-29,HM20,24.0,0.736,0.643,0.57,1.5
2025-05-29,HM25,24.0,0.64,1.546,0.194,1.5
2025-05-29,HM30,24.0,0.752,6.673,0.557,1.5
2025-05-29,HM36,24.0,0.466,0.25,0.239,1.5
2025-05-29,HM43,24.0,0.727,1.446,0.467,1.5
2025-05-29,HM47,24.0,0.897,0.733,0.328,1.5
2025-05-29,HM50,24.0,0.473,1.935,0.611,1.5
2025-05-29,HM56,24.0,0.286,1.919,0.251,1.5
2025-05-30,HM01,24.0,6.708,2.788,0.471,1.5
2025-05-30,HM12,24.0,0.702,1.236,0.618,1.5
2025-05-30,HM13,24.0,0.379,1.686,0.466,1.5
2025-05-30,HM14,24.0,1.267,5.154,0.489,1.5
2025-05-30,HM16,24.0,1.327,3.777,0.849,1.5
2025-05-30,HM20,24.0,0.254,2.766,0.354,1.5
2025-05-30,HM25,24.0,1.925,2.197,0.405,1.5
2025-05-30,HM30,24.0,0.404,2.541,0.665,1.5
2025-05-30,HM36,24.0,3.146,1.765,0.424,1.5
2025-05-30,HM43,24.0,1.89,7.2,1.1,1.5
2025-05-30,HM47,24.0,0.641,2.314,0.5,1.5
2025-05-30,HM50,24.0,0.546,0.424,0.588,1.5
2025-05-30,HM56,24.0,1.899,2.439,1.368,1.5
2025-05-31,HM01,24.0,1.758,1.464,0.338,1.0
2025-05-31,HM12,24.0,0.713,7.2,0.803,1.0
2025-05-31,HM13,24.0,0.799,2.797,0.23,1.0
2025-05-31,HM14,24.0,0.904,2.07,0.42,1.0
2025-05-31,HM16,24.0,1.448,0.802,0.484,1.0
2025-05-31,HM20,24.0,0.985,0.434,0.461,1.0
2025-05-31,HM25,24.0,0.894,0.0,0.248,1.0
2025-05-31,HM30,24.0,0.792,0.81,0.352,1.0
2025-05-31,HM36,24.0,0.45,1.433,0.358,1.0
2025-05-31,HM43,24.0,0.33,3.532,0.676,1.0
2025-05-31,HM47,24.0,0.558,0.891,0.683,1.0
2025-05-31,HM50,24.0,1.339,0.497,0.462,1.0
2025-05-31,HM56,24.0,0.764,0.0,0.356,1.0
2025-06-01,HM01,24.0,0.731,0.577,0.352,1.0
2025-06-01,HM12,24.0,0.691,1.455,0.354,1.0
2025-06-01,HM13,24.0,6.779,2.058,0.25,1.0
2025-06-01,HM14,24.0,0.845,2.887,0.207,1.0
2025-06-01,HM16,24.0,0.768,1.419,0.593,1.0
2025-06-01,HM20,24.0,1.014,0.994,0.413,1.0
2025-06-01,HM25,24.0,1.347,0.773,0.622,1.0
2025-06-01,HM30,24.0,0.917,0.508,0.574,1.0
2025-06-01,HM36,24.0,1.192,3.659,0.64,1.0
2025-06-01,HM43,24.0,1.114,1.55,0.801,1.0
2025-06-01,HM47,24.0,1.22,3.711,0.613,1.0
2025-06-01,HM50,24.0,4.611,0.0,0.38,1.0
2025-06-01,HM56,24.0,1.178,3.993,0.481,1.0
2025-06-02,HM01,24.0,0.354,1.297,0.616,1.5
2025-06-02,HM12,24.0,0.917,3.575,0.481,1.5
2025-06-02,HM13,24.0,0.69,3.535,0.801,1.5
2025-06-02,HM14,24.0,1.242,1.042,0.838,1.5
2025-06-02,HM16,24.0,0.329,1.754,0.342,1.5
2025-06-02,HM20,24.0,0.956,1.599,0.292,1.5
2025-06-02,HM25,24.0,6.153,0.487,0.765,1.5
2025-06-02,HM30,24.0,0.417,1.536,0.954,1.5
2025-06-02,HM36,24.0,0.26,1.819,0.536,1.5
2025-06-02,HM43,24.0,1.258,0.0,0.436,1.5
2025-06-02,HM47,24.0,1.653,0.492,0.344,1.5
2025-06-02,HM50,24.0,0.529,0.0,0.691,1.5
2025-06-02,HM56,24.0,0.787,1.69,0.314,1.5
2025-06-03,HM01,24.0,0.433,1.577,0.402,1.5
2025-06-03,HM12,24.0,1.377,0.53,0.736,1.5
2025-06-03,HM13,24.0,0.7,4.658,0.61,1.5
2025-06-03,HM14,24.0,0.426,2.331,1.555,1.5
2025-06-03,HM16,24.0,0.418,1.65,0.302,1.5
2025-06-03,HM20,24.0,3.704,3.724,0.958,1.5
2025-06-03,HM25,24.0,3.951,0.0,0.618,1.5
2025-06-03,HM30,24.0,0.244,1.507,0.737,1.5
2025-06-03,HM36,24.0,0.154,1.463,0.492,1.5
2025-06-03,HM43,24.0,0.558,2.6,0.302,1.5
2025-06-03,HM47,24.0,0.764,0.713,0.62,1.5
2025-06-03,HM50,24.0,0.552,1.092,0.366,1.5
2025-06-03,HM56,24.0,0.522,1.504,0.366,1.5
2025-06-04,HM01,24.0,0.578,1.048,0.324,1.5
2025-06-04,HM12,24.0,1.107,1.284,0.504,1.5
2025-06-04,HM13,24.0,1.045,0.775,0.832,1.5
2025-06-04,HM14,24.0,0.74,2.133,0.668,1.5
2025-06-04,HM16,24.0,0.613,2.616,0.675,1.5
2025-06-04,HM20,24.0,0.548,4.274,0.542,1.5
2025-06-04,HM25,24.0,1.271,1.174,0.503,1.5
2025-06-04,HM30,24.0,0.927,4.169,0.865,1.5
2025-06-04,HM36,24.0,1.57,2.161,0.698,1.5
2025-06-04,HM43,24.0,4.574,2.12,0.406,1.5
2025-06-04,HM47,24.0,0.727,1.275,0.512,1.5
2025-06-04,HM50,24.0,5.272,0.783,0.239,1.5
2025-06-04,HM56,24.0,4.352,0.733,0.418,1.5
2025-06-05,HM01,24.0,0.376,0.787,0.638,1.5
2025-06-05,HM12,24.0,0.517,1.15,0.936,1.5
2025-06-05,HM13,24.0,1.414,0.489,0.524,1.5
2025-06-05,HM14,24.0,1.429,0.525,0.243,1.5
2025-06-05,HM16,24.0,5.028,0.283,0.471,1.5
2025-06-05,HM20,24.0,0.478,0.0,0.322,1.5
2025-06-05,HM25,24.0,0.333,6.788,0.864,1.5
2025-06-05,HM30,24.0,0.96,4.088,0.595,1.5
2025-06-05,HM36,24.0,1.064,3.579,0.186,1.5
2025-06-05,HM43,24.0,2.876,0.378,0.323,1.5
2025-06-05,HM47,24.0,0.413,3.183,0.435,1.5
2025-06-05,HM50,24.0,0.655,1.14,0.576,1.5
2025-06-05,HM56,24.0,0.916,0.0,0.309,1.5
2025-06-06,HM01,24.0,0.99,1.167,0.685,1.5
2025-06-06,HM12,24.0,0.56,1.058,0.439,1.5
2025-06-06,HM13,24.0,0.762,0.675,0.607,1.5
2025-06-06,HM14,24.0,0.711,1.337,0.495,1.5
2025-06-06,HM16,24.0,0.646,1.101,0.498,1.5
2025-06-06,HM20,24.0,0.528,0.627,0.417,1.5
2025-06-06,HM25,24.0,0.403,0.772,0.882,1.5
2025-06-06,HM30,24.0,0.839,1.409,0.333,1.5
2025-06-06,HM36,24.0,0.286,1.645,0.583,1.5
2025-06-06,HM43,24.0,0.721,3.921,0.538,1.5
2025-06-06,HM47,24.0,1.686,2.294,0.492,1.5
2025-06-06,HM50,24.0,1.328,2.062,0.433,1.5
2025-06-06,HM56,24.0,0.806,0.289,0.388,1.5
2025-06-07,HM01,24.0,0.371,3.484,0.232,1.0
2025-06-07,HM12,24.0,0.64,1.058,0.325,1.0
2025-06-07,HM13,24.0,0.854,3.741,0.543,1.0
2025-06-07,HM14,24.0,1.042,7.2,0.271,1.0
2025-06-07,HM16,24.0,1.121,0.496,0.753,1.0
2025-06-07,HM20,24.0,2.78,2.956,0.504,1.0
2025-06-07,HM25,24.0,1.275,2.859,0.212,1.0
2025-06-07,HM30,24.0,0.501,0.707,0.433,1.0
2025-06-07,HM36,24.0,0.654,0.67,0.256,1.0
2025-06-07,HM43,24.0,0.218,0.883,0.236,1.0
2025-06-07,HM47,24.0,3.669,0.439,0.683,1.0
2025-06-07,HM50,24.0,0.999,0.602,0.322,1.0
2025-06-07,HM56,24.0,4.463,0.872,0.937,1.0
2025-06-08,HM01,24.0,0.258,1.572,0.701,1.0
2025-06-08,HM12,24.0,1.612,1.691,0.694,1.0
2025-06-08,HM13,24.0,1.587,3.205,0.626,1.0
2025-06-08,HM14,24.0,6.035,0.53,0.634,1.0
2025-06-08,HM16,24.0,0.822,0.865,0.277,1.0
2025-06-08,HM20,24.0,1.224,0.238,0.465,1.0
2025-06-08,HM25,24.0,1.14,1.038,1.057,1.0
2025-06-08,HM30,24.0,0.566,0.375,0.59,1.0
2025-06-08,HM36,24.0,0.683,0.764,0.383,1.0
2025-06-08,HM43,24.0,0.601,0.289,0.608,1.0
2025-06-08,HM47,24.0,0.808,1.278,0.396,1.0
2025-06-08,HM50,24.0,1.617,1.481,0.263,1.0
2025-06-08,HM56,24.0,1.081,2.939,0.218,1.0
2025-06-09,HM01,24.0,0.98,2.462,0.427,1.5
2025-06-09,HM12,24.0,0.256,0.0,0.436,1.5
2025-06-09,HM13,24.0,0.578,2.846,0.545,1.5
2025-06-09,HM14,24.0,0.535,1.721,0.286,1.5
2025-06-09,HM16,24.0,0.52,3.527,0.423,1.5
2025-06-09,HM20,24.0,5.426,0.981,0.899,1.5
2025-06-09,HM25,24.0,0.578,2.184,0.329,1.5
2025-06-09,HM30,24.0,0.458,0.414,0.427,1.5
2025-06-09,HM36,24.0,1.521,0.993,0.259,1.5
2025-06-09,HM43,24.0,0.512,1.178,0.65,1.5
2025-06-09,HM47,24.0,0.836,2.2,0.349,1.5
2025-06-09,HM50,24.0,0.426,0.0,0.624,1.5
2025-06-09,HM56,24.0,3.266,0.33,0.502,1.5
2025-06-10,HM01,24.0,0.887,0.869,0.346,1.5
2025-06-10,HM12,24.0,2.962,3.868,0.572,1.5
2025-06-10,HM13,24.0,1.107,4.812,0.726,1.5
2025-06-10,HM14,24.0,0.559,2.112,0.541,1.5
2025-06-10,HM16,24.0,1.383,1.195,0.83,1.5
2025-06-10,HM20,24.0,0.416,1.477,0.322,1.5
2025-06-10,HM25,24.0,1.331,2.224,0.405,1.5
2025-06-10,HM30,24.0,0.354,2.945,1.008,1.5
2025-06-10,HM36,24.0,0.585,3.233,0.537,1.5
2025-06-10,HM43,24.0,1.632,0.0,0.466,1.5
2025-06-10,HM47,24.0,0.521,0.976,0.322,1.5
2025-06-10,HM50,24.0,0.905,1.215,0.375,1.5
2025-06-10,HM56,24.0,0.363,1.06,0.502,1.5
2025-06-11,HM01,24.0,0.943,2.564,0.252,1.5
2025-06-11,HM12,24.0,3.081,2.307,0.609,1.5
2025-06-11,HM13,24.0,0.696,1.455,0.507,1.5
2025-06-11,HM14,24.0,0.304,2.866,0.868,1.5
2025-06-11,HM16,24.0,0.627,1.253,0.577,1.5
2025-06-11,HM20,24.0,1.323,2.791,0.375,1.5
2025-06-11,HM25,24.0,0.613,1.148,0.44,1.5
2025-06-11,HM30,24.0,1.252,0.428,1.351,1.5
2025-06-11,HM36,24.0,0.916,0.662,0.35,1.5
2025-06-11,HM43,24.0,0.805,1.089,0.207,1.5
2025-06-11,HM47,24.0,1.326,7.2,0.631,1.5
2025-06-11,HM50,24.0,0.798,0.448,0.601,1.5
2025-06-11,HM56,24.0,5.817,1.311,0.728,1.5
2025-06-12,HM01,24.0,2.718,0.934,0.657,1.5
2025-06-12,HM12,24.0,1.173,0.532,0.952,1.5
2025-06-12,HM13,24.0,1.2,1.884,0.443,1.5
2025-06-12,HM14,24.0,1.197,0.922,0.726,1.5
2025-06-12,HM16,24.0,0.692,2.403,0.598,1.5
2025-06-12,HM20,24.0,0.324,2.187,0.397,1.5
2025-06-12,HM25,24.0,0.996,0.672,0.242,1.5
2025-06-12,HM30,24.0,0.614,0.884,0.389,1.5
2025-06-12,HM36,24.0,0.644,2.466,0.442,1.5
2025-06-12,HM43,24.0,1.111,0.0,0.695,1.5
2025-06-12,HM47,24.0,1.558,3.125,0.442,1.5
2025-06-12,HM50,24.0,0.625,0.0,0.965,1.5
2025-06-12,HM56,24.0,0.228,0.531,0.211,1.5
2025-06-13,HM01,24.0,0.573,1.959,0.447,1.5
2025-06-13,HM12,24.0,0.608,1.475,0.688,1.5
2025-06-13,HM13,24.0,1.806,2.254,0.413,1.5
2025-06-13,HM14,24.0,0.671,2.899,0.951,1.5
2025-06-13,HM16,24.0,0.745,1.114,0.524,1.5
2025-06-13,HM20,24.0,0.895,2.157,0.626,1.5
2025-06-13,HM25,24.0,0.467,1.146,0.863,1.5
2025-06-13,HM30,24.0,1.176,2.718,0.512,1.5
2025-06-13,HM36,24.0,1.124,0.502,0.67,1.5
2025-06-13,HM43,24.0,4.059,1.66,0.441,1.5
2025-06-13,HM47,24.0,2.33,2.44,0.521,1.5
2025-06-13,HM50,24.0,1.068,0.0,0.773,1.5
2025-06-13,HM56,24.0,1.651,0.895,0.93,1.5
2025-06-14,HM01,24.0,1.714,1.362,0.58,1.0
2025-06-14,HM12,24.0,0.39,0.395,0.304,1.0
2025-06-14,HM13,24.0,1.43,6.0,0.412,1.0
2025-06-14,HM14,24.0,1.115,0.257,0.387,1.0
2025-06-14,HM16,24.0,1.161,2.339,0.435,1.0
2025-06-14,HM20,24.0,1.831,0.537,0.437,1.0
2025-06-14,HM25,24.0,0.976,0.226,1.108,1.0
2025-06-14,HM30,24.0,1.137,4.518,0.739,1.0
2025-06-14,HM36,24.0,0.186,0.724,0.517,1.0
2025-06-14,HM43,24.0,0.613,1.834,0.186,1.0
2025-06-14,HM47,24.0,1.261,1.977,0.433,1.0
2025-06-14,HM50,24.0,0.393,2.856,0.509,1.0
2025-06-14,HM56,24.0,0.623,2.402,0.327,1.0
2025-06-15,HM01,24.0,1.241,1.656,0.446,1.0
2025-06-15,HM12,24.0,1.198,2.716,0.653,1.0
2025-06-15,HM13,24.0,4.312,0.982,0.382,1.0
2025-06-15,HM14,24.0,0.578,0.708,0.405,1.0
2025-06-15,HM16,24.0,0.654,0.805,0.852,1.0
2025-06-15,HM20,24.0,0.425,1.441,0.578,1.0
2025-06-15,HM25,24.0,1.158,0.0,0.642,1.0
2025-06-15,HM30,24.0,1.005,0.0,0.469,1.0
2025-06-15,HM36,24.0,0.834,0.954,0.525,1.0
2025-06-15,HM43,24.0,0.559,2.965,0.284,1.0
2025-06-15,HM47,24.0,0.48,2.486,0.292,1.0
2025-06-15,HM50,24.0,0.319,1.895,0.801,1.0
2025-06-15,HM56,24.0,2.036,1.514,0.716,1.0
2025-06-16,HM01,24.0,2.121,2.151,0.486,1.5
2025-06-16,HM12,24.0,0.472,5.481,1.023,1.5
2025-06-16,HM13,24.0,0.454,2.207,0.403,1.5
2025-06-16,HM14,24.0,0.723,0.0,0.459,1.5
2025-06-16,HM16,24.0,0.364,5.322,0.526,1.5
2025-06-16,HM20,24.0,0.805,0.39,0.425,1.5
2025-06-16,HM25,24.0,1.239,2.822,0.525,1.5
2025-06-16,HM30,24.0,1.371,1.443,0.271,1.5
2025-06-16,HM36,24.0,0.682,4.076,0.427,1.5
2025-06-16,HM43,24.0,1.265,4.619,0.307,1.5
2025-06-16,HM47,24.0,0.398,0.98,0.378,1.5
2025-06-16,HM50,24.0,0.332,1.781,0.415,1.5
2025-06-16,HM56,24.0,1.589,1.786,0.628,1.5
2025-06-17,HM01,24.0,1.24,0.5,0.344,1.5
2025-06-17,HM12,24.0,0.958,4.115,0.473,1.5
2025-06-17,HM13,24.0,0.785,1.473,0.319,1.5
2025-06-17,HM14,24.0,0.276,2.502,1.232,1.5
2025-06-17,HM16,24.0,0.435,0.911,0.209,1.5
2025-06-17,HM20,24.0,0.603,0.46,0.777,1.5
2025-06-17,HM25,24.0,1.207,0.378,0.492,1.5
2025-06-17,HM30,24.0,1.621,1.072,0.306,1.5
2025-06-17,HM36,24.0,1.804,2.271,0.184,1.5
2025-06-17,HM43,24.0,3.019,1.151,0.386,1.5
2025-06-17,HM47,24.0,0.421,0.587,0.551,1.5
2025-06-17,HM50,24.0,2.124,0.0,0.321,1.5
2025-06-17,HM56,24.0,0.661,1.253,0.448,1.5
2025-06-18,HM01,24.0,1.641,0.182,0.881,1.5
2025-06-18,HM12,24.0,0.355,2.774,0.543,1.5
2025-06-18,HM13,24.0,1.625,0.312,0.608,1.5
2025-06-18,HM14,24.0,1.753,2.831,0.572,1.5
2025-06-18,HM16,24.0,0.927,1.141,0.267,1.5
2025-06-18,HM20,24.0,0.801,2.935,0.774,1.5
2025-06-18,HM25,24.0,0.709,2.172,0.436,1.5
2025-06-18,HM30,24.0,0.784,2.076,0.384,1.5
2025-06-18,HM36,24.0,0.946,0.724,0.491,1.5
2025-06-18,HM43,24.0,1.156,3.181,0.694,1.5
2025-06-18,HM47,24.0,1.363,0.949,0.878,1.5
2025-06-18,HM50,24.0,1.056,0.386,0.334,1.5
2025-06-18,HM56,24.0,0.835,0.789,0.595,1.5
2025-06-19,HM01,24.0,0.946,1.98,0.445,1.5
2025-06-19,HM12,24.0,0.631,2.915,0.506,1.5
2025-06-19,HM13,24.0,1.798,0.591,1.09,1.5
2025-06-19,HM14,24.0,0.51,1.154,0.417,1.5
2025-06-19,HM16,24.0,2.092,2.446,0.529,1.5
2025-06-19,HM20,24.0,0.556,2.518,0.912,1.5
2025-06-19,HM25,24.0,4.293,0.952,0.4,1.5
2025-06-19,HM30,24.0,0.45,0.452,0.361,1.5
2025-06-19,HM36,24.0,0.245,1.043,0.492,1.5
2025-06-19,HM43,24.0,5.057,1.095,0.656,1.5
2025-06-19,HM47,24.0,0.544,3.087,0.195,1.5
2025-06-19,HM50,24.0,1.427,0.0,0.227,1.5
2025-06-19,HM56,24.0,1.388,0.718,0.414,1.5
2025-06-20,HM01,24.0,0.766,5.074,0.656,1.5
2025-06-20,HM12,24.0,1.477,2.789,0.453,1.5
2025-06-20,HM13,24.0,0.961,2.057,0.484,1.5
2025-06-20,HM14,24.0,1.523,1.502,0.496,1.5
2025-06-20,HM16,24.0,0.666,0.631,0.816,1.5
2025-06-20,HM20,24.0,0.567,1.253,0.506,1.5
2025-06-20,HM25,24.0,0.862,4.664,0.53,1.5
2025-06-20,HM30,24.0,2.736,0.938,0.438,1.5
2025-06-20,HM36,24.0,1.097,2.538,0.68,1.5
2025-06-20,HM43,24.0,1.279,1.312,0.843,1.5
2025-06-20,HM47,24.0,0.908,0.792,0.367,1.5
2025-06-20,HM50,24.0,0.633,1.348,0.562,1.5
2025-06-20,HM56,24.0,0.996,4.314,0.325,1.5
2025-06-21,HM01,24.0,0.983,0.0,0.438,1.0
2025-06-21,HM12,24.0,0.54,2.423,0.458,1.0
2025-06-21,HM13,24.0,0.667,1.532,0.439,1.0
2025-06-21,HM14,24.0,0.993,0.875,0.707,1.0
2025-06-21,HM16,24.0,0.405,1.895,0.414,1.0
2025-06-21,HM20,24.0,0.368,2.297,0.592,1.0
2025-06-21,HM25,24.0,6.229,0.609,0.314,1.0
2025-06-21,HM30,24.0,0.469,3.843,0.779,1.0
2025-06-21,HM36,24.0,1.317,0.405,0.49,1.0
2025-06-21,HM43,24.0,0.475,0.491,0.842,1.0
2025-06-21,HM47,24.0,0.696,0.625,0.554,1.0
2025-06-21,HM50,24.0,0.547,2.548,0.594,1.0
2025-06-21,HM56,24.0,0.723,0.855,0.753,1.0
2025-06-22,HM01,24.0,1.503,3.434,0.507,1.0
2025-06-22,HM12,24.0,0.877,4.142,0.436,1.0
2025-06-22,HM13,24.0,1.835,2.368,0.527,1.0
2025-06-22,HM14,24.0,0.709,2.843,0.32,1.0
2025-06-22,HM16,24.0,0.771,7.094,0.322,1.0
2025-06-22,HM20,24.0,0.721,0.0,0.703,1.0
2025-06-22,HM25,24.0,0.392,0.0,0.681,1.0
2025-06-22,HM30,24.0,0.386,1.371,0.433,1.0
2025-06-22,HM36,24.0,0.976,1.279,0.236,1.0
2025-06-22,HM43,24.0,1.02,3.321,0.517,1.0
2025-06-22,HM47,24.0,0.753,0.333,0.756,1.0
2025-06-22,HM50,24.0,0.559,0.73,0.854,1.0
2025-06-22,HM56,24.0,0.446,0.343,0.528,1.0
2025-06-23,HM01,24.0,0.512,0.782,0.464,1.5
2025-06-23,HM12,24.0,0.435,0.333,0.677,1.5
2025-06-23,HM13,24.0,0.444,0.813,0.643,1.5
2025-06-23,HM14,24.0,0.871,0.896,0.215,1.5
2025-06-23,HM16,24.0,0.221,1.05,0.292,1.5
2025-06-23,HM20,24.0,0.979,0.0,0.684,1.5
2025-06-23,HM25,24.0,0.666,1.884,1.133,1.5
2025-06-23,HM30,24.0,2.225,1.251,0.898,1.5
2025-06-23,HM36,24.0,1.044,1.333,0.656,1.5
2025-06-23,HM43,24.0,1.464,1.77,0.491,1.5
2025-06-23,HM47,24.0,0.993,1.272,0.639,1.5
2025-06-23,HM50,24.0,0.658,4.015,1.142,1.5
2025-06-23,HM56,24.0,0.493,0.917,0.791,1.5
2025-06-24,HM01,24.0,0.931,5.901,0.33,1.5
2025-06-24,HM12,24.0,0.861,3.523,0.258,1.5
2025-06-24,HM13,24.0,2.408,6.85,0.805,1.5
2025-06-24,HM14,24.0,1.181,4.116,0.553,1.5
2025-06-24,HM16,24.0,0.519,1.14,0.523,1.5
2025-06-24,HM20,24.0,0.545,0.566,0.461,1.5
2025-06-24,HM25,24.0,0.798,0.803,0.339,1.5
2025-06-24,HM30,24.0,1.367,0.503,0.57,1.5
2025-06-24,HM36,24.0,5.682,0.251,0.493,1.5
2025-06-24,HM43,24.0,0.611,0.601,0.408,1.5
2025-06-24,HM47,24.0,5.876,2.353,1.008,1.5
2025-06-24,HM50,24.0,3.26,0.55,0.765,1.5
2025-06-24,HM56,24.0,0.916,1.945,0.468,1.5
2025-06-25,HM01,24.0,0.975,4.307,1.286,1.5
2025-06-25,HM12,24.0,1.655,1.2,0.665,1.5
2025-06-25,HM13,24.0,0.563,1.387,0.323,1.5
2025-06-25,HM14,24.0,0.534,0.687,0.499,1.5
2025-06-25,HM16,24.0,0.916,3.203,0.746,1.5
2025-06-25,HM20,24.0,0.325,1.651,0.36,1.5
2025-06-25,HM25,24.0,5.449,0.0,0.46,1.5
2025-06-25,HM30,24.0,0.486,6.577,0.215,1.5
2025-06-25,HM36,24.0,1.269,4.793,0.711,1.5
2025-06-25,HM43,24.0,0.874,1.068,0.398,1.5
2025-06-25,HM47,24.0,5.207,0.0,0.269,1.5
2025-06-25,HM50,24.0,1.41,0.511,0.484,1.5
2025-06-25,HM56,24.0,0.887,2.769,0.967,1.5
2025-06-26,HM01,24.0,2.471,2.396,0.488,1.5
2025-06-26,HM12,24.0,1.345,2.11,0.35,1.5
2025-06-26,HM13,24.0,1.981,3.054,0.464,1.5
2025-06-26,HM14,24.0,0.521,2.791,0.755,1.5
2025-06-26,HM16,24.0,1.372,2.486,0.616,1.5
2025-06-26,HM20,24.0,1.481,0.899,0.375,1.5
2025-06-26,HM25,24.0,0.869,2.923,0.378,1.5
2025-06-26,HM30,24.0,5.869,0.505,0.479,1.5
2025-06-26,HM36,24.0,1.162,1.37,0.44,1.5
2025-06-26,HM43,24.0,1.38,0.0,0.442,1.5
2025-06-26,HM47,24.0,0.617,3.785,0.569,1.5
2025-06-26,HM50,24.0,0.472,1.268,0.499,1.5
2025-06-26,HM56,24.0,0.91,0.579,0.567,1.5
2025-06-27,HM01,24.0,1.315,0.98,0.408,1.5
2025-06-27,HM12,24.0,0.935,1.462,0.81,1.5
2025-06-27,HM13,24.0,3.945,2.613,0.916,1.5
2025-06-27,HM14,24.0,0.516,0.364,0.379,1.5
2025-06-27,HM16,24.0,0.438,0.781,0.865,1.5
2025-06-27,HM20,24.0,0.98,1.94,0.961,1.5
2025-06-27,HM25,24.0,5.009,0.49,0.377,1.5
2025-06-27,HM30,24.0,2.547,1.49,0.34,1.5
2025-06-27,HM36,24.0,1.236,0.0,0.442,1.5
2025-06-27,HM43,24.0,0.324,1.376,0.885,1.5
2025-06-27,HM47,24.0,0.774,0.298,0.87,1.5
2025-06-27,HM50,24.0,0.393,1.2,0.346,1.5
2025-06-27,HM56,24.0,0.717,0.0,0.358,1.5
2025-06-28,HM01,24.0,0.832,0.274,0.469,1.0
2025-06-28,HM12,24.0,1.427,5.347,0.401,1.0
2025-06-28,HM13,24.0,0.706,2.332,0.649,1.0
2025-06-28,HM14,24.0,0.334,0.34,0.853,1.0
2025-06-28,HM16,24.0,1.369,3.711,0.611,1.0
2025-06-28,HM20,24.0,1.107,0.983,0.468,1.0
2025-06-28,HM25,24.0,0.715,0.313,0.366,1.0
2025-06-28,HM30,24.0,0.963,0.0,0.512,1.0
2025-06-28,HM36,24.0,1.36,3.142,0.492,1.0
2025-06-28,HM43,24.0,0.313,1.614,0.318,1.0
2025-06-28,HM47,24.0,0.538,3.392,0.713,1.0
2025-06-28,HM50,24.0,0.602,0.0,0.745,1.0
2025-06-28,HM56,24.0,0.705,3.785,0.589,1.0
2025-06-29,HM01,24.0,1.326,1.741,0.467,1.0
2025-06-29,HM12,24.0,0.801,5.59,0.663,1.0
2025-06-29,HM13,24.0,1.481,2.519,0.464,1.0
2025-06-29,HM14,24.0,0.659,0.699,1.04,1.0
2025-06-29,HM16,24.0,1.693,0.0,0.402,1.0
2025-06-29,HM20,24.0,1.131,0.0,0.387,1.0
2025-06-29,HM25,24.0,1.655,0.443,0.807,1.0
2025-06-29,HM30,24.0,0.747,0.881,0.253,1.0
2025-06-29,HM36,24.0,0.449,3.608,0.465,1.0
2025-06-29,HM43,24.0,0.969,4.15,0.96,1.0
2025-06-29,HM47,24.0,1.439,0.998,0.321,1.0
2025-06-29,HM50,24.0,5.194,4.916,0.601,1.0
2025-06-29,HM56,24.0,1.285,2.009,0.399,1.0
2025-06-30,HM01,24.0,0.732,2.124,1.188,1.5
2025-06-30,HM12,24.0,0.526,2.239,0.527,1.5
2025-06-30,HM13,24.0,0.976,7.2,0.462,1.5
2025-06-30,HM14,24.0,0.795,1.249,0.508,1.5
2025-06-30,HM16,24.0,1.525,1.67,0.489,1.5
2025-06-30,HM20,24.0,1.008,0.913,0.571,1.5
2025-06-30,HM25,24.0,0.362,2.019,0.293,1.5
2025-06-30,HM30,24.0,0.664,2.05,0.427,1.5
2025-06-30,HM36,24.0,0.668,2.648,0.362,1.5
2025-06-30,HM43,24.0,0.675,0.395,0.373,1.5
2025-06-30,HM47,24.0,0.478,1.01,0.526,1.5
2025-06-30,HM50,24.0,0.889,0.899,0.451,1.5
2025-06-30,HM56,24.0,0.758,1.048,0.579,1.5
2025-07-01,HM01,24.0,0.357,3.338,0.618,1.5
2025-07-01,HM12,24.0,0.704,0.477,0.48,1.5
2025-07-01,HM13,24.0,0.828,1.266,0.355,1.5
2025-07-01,HM14,24.0,0.518,0.0,0.227,1.5
2025-07-01,HM16,24.0,0.576,0.576,0.814,1.5
2025-07-01,HM20,24.0,1.361,0.828,0.737,1.5
2025-07-01,HM25,24.0,3.804,2.462,0.881,1.5
2025-07-01,HM30,24.0,0.641,1.582,0.406,1.5
2025-07-01,HM36,24.0,0.45,0.643,0.324,1.5
2025-07-01,HM43,24.0,2.769,1.185,0.455,1.5
2025-07-01,HM47,24.0,0.792,0.0,0.237,1.5
2025-07-01,HM50,24.0,2.2,0.245,0.556,1.5
2025-07-01,HM56,24.0,0.761,5.609,0.505,1.5
2025-07-02,HM01,24.0,1.612,4.636,0.477,1.5
2025-07-02,HM12,24.0,0.601,3.823,0.563,1.5
2025-07-02,HM13,24.0,1.369,0.928,0.238,1.5
2025-07-02,HM14,24.0,0.501,1.344,0.761,1.5
2025-07-02,HM16,24.0,1.793,0.0,0.515,1.5
2025-07-02,HM20,24.0,0.774,1.563,0.499,1.5
2025-07-02,HM25,24.0,2.945,0.509,0.493,1.5
2025-07-02,HM30,24.0,0.983,0.61,0.811,1.5
2025-07-02,HM36,24.0,0.939,2.244,0.554,1.5
2025-07-02,HM43,24.0,0.684,0.807,0.534,1.5
2025-07-02,HM47,24.0,0.739,0.707,1.073,1.5
2025-07-02,HM50,24.0,1.936,0.215,0.259,1.5
2025-07-02,HM56,24.0,0.863,2.413,1.031,1.5
2025-07-03,HM01,24.0,1.486,2.88,0.601,1.5
2025-07-03,HM12,24.0,0.886,0.894,0.89,1.5
2025-07-03,HM13,24.0,1.156,2.08,0.487,1.5
2025-07-03,HM14,24.0,3.26,4.778,0.482,1.5
2025-07-03,HM16,24.0,1.235,1.271,0.348,1.5
2025-07-03,HM20,24.0,5.481,1.039,0.549,1.5
2025-07-03,HM25,24.0,0.827,3.363,0.307,1.5
2025-07-03,HM30,24.0,0.36,0.481,0.467,1.5
2025-07-03,HM36,24.0,1.69,0.557,0.644,1.5
2025-07-03,HM43,24.0,0.743,1.41,0.38,1.5
2025-07-03,HM47,24.0,0.676,0.413,0.522,1.5
2025-07-03,HM50,24.0,0.325,2.152,0.384,1.5
2025-07-03,HM56,24.0,1.048,1.699,0.61,1.5
2025-07-04,HM01,24.0,0.959,2.949,0.344,1.5
2025-07-04,HM12,24.0,1.248,2.862,0.404,1.5
2025-07-04,HM13,24.0,1.199,0.353,0.487,1.5
2025-07-04,HM14,24.0,1.694,2.955,0.696,1.5
2025-07-04,HM16,24.0,0.887,1.986,0.465,1.5
2025-07-04,HM20,24.0,0.83,0.78,0.281,1.5
2025-07-04,HM25,24.0,0.845,2.481,0.38,1.5
2025-07-04,HM30,24.0,1.625,0.0,0.772,1.5
2025-07-04,HM36,24.0,0.521,4.979,1.103,1.5
2025-07-04,HM43,24.0,0.627,1.0,0.466,1.5
2025-07-04,HM47,24.0,0.454,1.186,0.58,1.5
2025-07-04,HM50,24.0,5.502,1.873,0.734,1.5
2025-07-04,HM56,24.0,0.807,0.79,1.34,1.5
2025-07-05,HM01,24.0,1.019,2.392,0.541,1.0
2025-07-05,HM12,24.0,0.609,0.0,0.639,1.0
2025-07-05,HM13,24.0,1.095,3.414,0.389,1.0
2025-07-05,HM14,24.0,1.442,3.44,0.307,1.0
2025-07-05,HM16,24.0,0.739,1.99,0.366,1.0
2025-07-05,HM20,24.0,0.658,4.269,0.375,1.0
2025-07-05,HM25,24.0,0.802,3.695,0.531,1.0
2025-07-05,HM30,24.0,0.449,1.081,1.027,1.0
2025-07-05,HM36,24.0,2.093,0.42,0.202,1.0
2025-07-05,HM43,24.0,0.919,0.0,0.286,1.0
2025-07-05,HM47,24.0,0.76,0.54,0.864,1.0
2025-07-05,HM50,24.0,0.581,2.964,0.284,1.0
2025-07-05,HM56,24.0,1.091,1.851,0.756,1.0
2025-07-06,HM01,24.0,0.667,2.792,0.594,1.0
2025-07-06,HM12,24.0,0.67,0.493,0.595,1.0
2025-07-06,HM13,24.0,1.135,0.781,0.512,1.0
2025-07-06,HM14,24.0,1.366,0.879,0.29,1.0
2025-07-06,HM16,24.0,0.781,4.89,0.467,1.0
2025-07-06,HM20,24.0,0.661,0.864,0.59,1.0
2025-07-06,HM25,24.0,1.048,0.0,0.235,1.0
2025-07-06,HM30,24.0,4.664,0.0,0.268,1.0
2025-07-06,HM36,24.0,0.754,2.547,1.301,1.0
2025-07-06,HM43,24.0,0.412,0.24,0.506,1.0
2025-07-06,HM47,24.0,1.528,0.972,0.501,1.0
2025-07-06,HM50,24.0,0.698,0.551,0.706,1.0
2025-07-06,HM56,24.0,1.25,3.144,0.805,1.0
2025-07-07,HM01,24.0,1.168,4.396,0.461,1.5
2025-07-07,HM12,24.0,5.532,1.125,0.36,1.5
2025-07-07,HM13,24.0,0.762,1.41,0.612,1.5
2025-07-07,HM14,24.0,0.973,2.542,0.389,1.5
2025-07-07,HM16,24.0,1.716,4.027,0.446,1.5
2025-07-07,HM20,24.0,0.305,0.0,0.388,1.5
2025-07-07,HM25,24.0,1.14,3.403,0.318,1.5
2025-07-07,HM30,24.0,0.731,2.204,0.283,1.5
2025-07-07,HM36,24.0,0.393,0.504,0.519,1.5
2025-07-07,HM43,24.0,1.643,1.561,0.578,1.5
2025-07-07,HM47,24.0,0.957,0.0,0.919,1.5
2025-07-07,HM50,24.0,0.446,1.799,0.668,1.5
2025-07-07,HM56,24.0,1.177,1.772,0.493,1.5
2025-07-08,HM01,24.0,0.624,6.718,0.577,1.5
2025-07-08,HM12,24.0,1.056,2.734,0.373,1.5
2025-07-08,HM13,24.0,1.939,3.432,0.419,1.5
2025-07-08,HM14,24.0,1.317,5.133,0.473,1.5
2025-07-08,HM16,24.0,1.257,0.66,0.483,1.5
2025-07-08,HM20,24.0,0.648,1.571,0.444,1.5
2025-07-08,HM25,24.0,0.249,0.731,0.711,1.5
2025-07-08,HM30,24.0,0.259,2.438,0.432,1.5
2025-07-08,HM36,24.0,0.464,3.161,0.294,1.5
2025-07-08,HM43,24.0,1.492,0.396,0.369,1.5
2025-07-08,HM47,24.0,0.496,0.581,0.368,1.5
2025-07-08,HM50,24.0,0.278,2.14,0.307,1.5
2025-07-08,HM56,24.0,0.678,0.997,0.442,1.5
2025-07-09,HM01,24.0,0.556,1.983,0.352,1.5
2025-07-09,HM12,24.0,1.547,0.581,0.521,1.5
2025-07-09,HM13,24.0,1.111,3.87,0.757,1.5
2025-07-09,HM14,24.0,1.009,2.212,0.461,1.5
2025-07-09,HM16,24.0,1.41,1.515,0.612,1.5
2025-07-09,HM20,24.0,1.572,0.946,0.557,1.5
2025-07-09,HM25,24.0,1.276,4.952,0.582,1.5
2025-07-09,HM30,24.0,6.745,0.96,0.416,1.5
2025-07-09,HM36,24.0,0.725,0.617,0.145,1.5
2025-07-09,HM43,24.0,1.762,5.565,0.402,1.5
2025-07-09,HM47,24.0,0.676,2.531,0.714,1.5
2025-07-09,HM50,24.0,0.538,1.039,0.455,1.5
2025-07-09,HM56,24.0,1.197,3.378,0.618,1.5
2025-07-10,HM01,24.0,1.019,0.605,0.658,1.5
2025-07-10,HM12,24.0,4.745,0.88,0.371,1.5
2025-07-10,HM13,24.0,6.112,0.533,0.502,1.5
2025-07-10,HM14,24.0,1.615,0.985,0.408,1.5
2025-07-10,HM16,24.0,0.554,0.639,0.537,1.5
2025-07-10,HM20,24.0,1.813,1.173,0.688,1.5
2025-07-10,HM25,24.0,2.199,0.424,0.684,1.5
2025-07-10,HM30,24.0,0.847,1.852,0.703,1.5
2025-07-10,HM36,24.0,0.573,6.062,0.545,1.5
2025-07-10,HM43,24.0,0.338,0.664,0.239,1.5
2025-07-10,HM47,24.0,0.882,0.0,0.62,1.5
2025-07-10,HM50,24.0,0.669,0.586,0.519,1.5
2025-07-10,HM56,24.0,2.028,1.607,0.554,1.5
2025-07-11,HM01,24.0,1.341,0.981,0.361,1.5
2025-07-11,HM12,24.0,1.181,0.79,0.661,1.5
2025-07-11,HM13,24.0,0.375,1.085,0.372,1.5
2025-07-11,HM14,24.0,0.713,0.99,0.333,1.5
2025-07-11,HM16,24.0,0.641,0.333,0.48,1.5
2025-07-11,HM20,24.0,3.638,0.627,0.357,1.5
2025-07-11,HM25,24.0,1.446,2.125,0.342,1.5
2025-07-11,HM30,24.0,0.802,1.421,0.227,1.5
2025-07-11,HM36,24.0,2.828,0.655,0.599,1.5
2025-07-11,HM43,24.0,0.441,0.854,0.447,1.5
2025-07-11,HM47,24.0,0.289,3.383,1.038,1.5
2025-07-11,HM50,24.0,0.983,1.625,0.873,1.5
2025-07-11,HM56,24.0,0.474,1.21,0.913,1.5
2025-07-12,HM01,24.0,2.122,1.375,0.255,1.0
2025-07-12,HM12,24.0,1.005,4.366,0.197,1.0
2025-07-12,HM13,24.0,0.354,3.609,0.617,1.0
2025-07-12,HM14,24.0,0.576,1.986,1.142,1.0
2025-07-12,HM16,24.0,0.557,1.184,0.711,1.0
2025-07-12,HM20,24.0,1.175,3.786,0.31,1.0
2025-07-12,HM25,24.0,0.945,2.72,0.769,1.0
2025-07-12,HM30,24.0,3.482,7.2,0.365,1.0
2025-07-12,HM36,24.0,1.335,0.0,0.451,1.0
2025-07-12,HM43,24.0,0.626,0.0,0.289,1.0
2025-07-12,HM47,24.0,0.981,3.521,0.612,1.0
2025-07-12,HM50,24.0,1.619,0.743,0.222,1.0
2025-07-12,HM56,24.0,0.951,3.073,0.427,1.0
2025-07-13,HM01,24.0,1.332,0.615,1.17,1.0
2025-07-13,HM12,24.0,0.531,2.889,0.442,1.0
2025-07-13,HM13,24.0,0.964,3.498,0.607,1.0
2025-07-13,HM14,24.0,0.931,5.554,0.433,1.0
2025-07-13,HM16,24.0,1.502,2.295,0.555,1.0
2025-07-13,HM20,24.0,0.868,0.0,0.422,1.0
2025-07-13,HM25,24.0,1.428,3.138,0.816,1.0
2025-07-13,HM30,24.0,0.456,3.338,0.664,1.0
2025-07-13,HM36,24.0,1.063,1.329,0.844,1.0
2025-07-13,HM43,24.0,0.903,0.245,0.294,1.0
2025-07-13,HM47,24.0,1.198,0.99,0.407,1.0
2025-07-13,HM50,24.0,0.489,0.0,0.452,1.0
2025-07-13,HM56,24.0,1.063,1.071,0.381,1.0
2025-07-14,HM01,24.0,0.266,1.222,0.724,1.5
2025-07-14,HM12,24.0,1.345,3.014,0.447,1.5
2025-07-14,HM13,24.0,1.012,1.354,0.457,1.5
2025-07-14,HM14,24.0,1.367,3.54,0.409,1.5
2025-07-14,HM16,24.0,0.331,1.374,1.075,1.5
2025-07-14,HM20,24.0,0.547,2.678,0.429,1.5
2025-07-14,HM25,24.0,7.479,0.629,0.657,1.5
2025-07-14,HM30,24.0,1.037,5.224,0.559,1.5
2025-07-14,HM36,24.0,0.648,0.835,0.238,1.5
2025-07-14,HM43,24.0,1.182,1.921,0.38,1.5
2025-07-14,HM47,24.0,0.774,7.2,0.63,1.5
2025-07-14,HM50,24.0,1.23,2.335,0.446,1.5
2025-07-14,HM56,24.0,1.423,0.583,0.544,1.5
2025-07-15,HM01,24.0,0.449,3.544,0.355,1.5
2025-07-15,HM12,24.0,1.441,0.667,0.765,1.5
2025-07-15,HM13,24.0,0.717,1.933,0.411,1.5
2025-07-15,HM14,24.0,6.78,1.907,0.28,1.5
2025-07-15,HM16,24.0,0.605,1.356,0.372,1.5
2025-07-15,HM20,24.0,0.892,1.786,0.456,1.5
2025-07-15,HM25,24.0,0.595,2.225,0.538,1.5
2025-07-15,HM30,24.0,1.283,1.81,0.849,1.5
2025-07-15,HM36,24.0,0.705,1.814,0.415,1.5
2025-07-15,HM43,24.0,1.244,2.647,0.508,1.5
2025-07-15,HM47,24.0,0.354,0.0,0.479,1.5
2025-07-15,HM50,24.0,2.289,0.654,0.981,1.5
2025-07-15,HM56,24.0,0.955,1.399,0.475,1.5
2025-07-16,HM01,24.0,0.49,3.435,0.216,1.5
2025-07-16,HM12,24.0,0.631,0.692,0.837,1.5
2025-07-16,HM13,24.0,0.72,2.262,0.333,1.5
2025-07-16,HM14,24.0,0.649,2.199,0.598,1.5
2025-07-16,HM16,24.0,0.616,2.246,0.304,1.5
2025-07-16,HM20,24.0,0.648,4.428,0.24,1.5
2025-07-16,HM25,24.0,1.415,1.232,0.508,1.5
2025-07-16,HM30,24.0,0.841,0.967,0.628,1.5
2025-07-16,HM36,24.0,0.594,1.496,0.468,1.5
2025-07-16,HM43,24.0,0.8,2.816,0.435,1.5
2025-07-16,HM47,24.0,1.009,2.469,0.507,1.5
2025-07-16,HM50,24.0,1.745,0.0,0.305,1.5
2025-07-16,HM56,24.0,1.002,0.37,0.582,1.5
2025-07-17,HM01,24.0,0.513,1.067,0.609,1.5
2025-07-17,HM12,24.0,1.106,0.318,0.559,1.5
2025-07-17,HM13,24.0,1.016,0.842,0.719,1.5
2025-07-17,HM14,24.0,0.607,1.995,0.362,1.5
2025-07-17,HM16,24.0,0.548,2.438,0.833,1.5
2025-07-17,HM20,24.0,2.712,0.633,0.575,1.5
2025-07-17,HM25,24.0,0.921,2.27,0.386,1.5
2025-07-17,HM30,24.0,6.378,0.0,0.353,1.5
2025-07-17,HM36,24.0,6.231,6.691,0.356,1.5
2025-07-17,HM43,24.0,0.923,2.391,0.329,1.5
2025-07-17,HM47,24.0,0.337,0.0,0.419,1.5
2025-07-17,HM50,24.0,1.16,1.484,0.655,1.5
2025-07-17,HM56,24.0,0.871,3.223,0.396,1.5
2025-07-18,HM01,24.0,0.234,7.2,0.164,1.5
2025-07-18,HM12,24.0,1.087,0.798,0.458,1.5
2025-07-18,HM13,24.0,0.762,0.654,0.604,1.5
2025-07-18,HM14,24.0,4.124,1.269,0.684,1.5
2025-07-18,HM16,24.0,0.44,0.342,0.389,1.5
2025-07-18,HM20,24.0,0.536,2.296,0.749,1.5
2025-07-18,HM25,24.0,1.395,1.17,0.406,1.5
2025-07-18,HM30,24.0,1.3,0.776,0.572,1.5
2025-07-18,HM36,24.0,1.195,1.374,0.24,1.5
2025-07-18,HM43,24.0,0.853,0.339,0.661,1.5
2025-07-18,HM47,24.0,2.284,1.238,0.408,1.5
2025-07-18,HM50,24.0,0.644,0.749,0.232,1.5
2025-07-18,HM56,24.0,6.319,1.378,0.586,1.5
2025-07-19,HM01,24.0,0.511,4.962,0.471,1.0
2025-07-19,HM12,24.0,0.657,1.149,0.507,1.0
2025-07-19,HM13,24.0,1.518,1.46,0.862,1.0
2025-07-19,HM14,24.0,0.737,1.674,0.351,1.0
2025-07-19,HM16,24.0,0.288,2.539,0.485,1.0
2025-07-19,HM20,24.0,0.622,2.427,0.39,1.0
2025-07-19,HM25,24.0,1.08,0.263,0.629,1.0
2025-07-19,HM30,24.0,0.747,0.447,0.507,1.0
2025-07-19,HM36,24.0,0.591,2.311,0.605,1.0
2025-07-19,HM43,24.0,1.146,1.199,0.597,1.0
2025-07-19,HM47,24.0,6.217,1.209,0.666,1.0
2025-07-19,HM50,24.0,0.871,0.0,0.505,1.0
2025-07-19,HM56,24.0,1.542,2.229,0.735,1.0
2025-07-20,HM01,24.0,1.992,1.407,0.649,1.0
2025-07-20,HM12,24.0,0.965,0.681,0.298,1.0
2025-07-20,HM13,24.0,1.141,4.444,0.256,1.0
2025-07-20,HM14,24.0,1.257,1.764,0.396,1.0
2025-07-20,HM16,24.0,0.83,1.734,0.68,1.0
2025-07-20,HM20,24.0,0.963,2.775,0.404,1.0
2025-07-20,HM25,24.0,1.207,0.413,0.912,1.0
2025-07-20,HM30,24.0,0.473,1.233,0.413,1.0
2025-07-20,HM36,24.0,0.656,0.768,0.742,1.0
2025-07-20,HM43,24.0,0.289,4.934,0.321,1.0
2025-07-20,HM47,24.0,0.706,1.37,0.242,1.0
2025-07-20,HM50,24.0,6.108,0.735,0.858,1.0
2025-07-20,HM56,24.0,4.019,3.872,1.095,1.0
2025-07-21,HM01,24.0,0.753,7.2,0.453,1.5
2025-07-21,HM12,24.0,0.458,3.669,0.407,1.5
2025-07-21,HM13,24.0,0.972,0.919,0.727,1.5
2025-07-21,HM14,24.0,1.083,0.848,0.534,1.5
2025-07-21,HM16,24.0,0.872,0.364,0.484,1.5
2025-07-21,HM20,24.0,0.595,1.947,0.741,1.5
2025-07-21,HM25,24.0,0.904,0.524,0.513,1.5
2025-07-21,HM30,24.0,1.109,1.11,1.199,1.5
2025-07-21,HM36,24.0,1.154,3.069,0.378,1.5
2025-07-21,HM43,24.0,1.923,2.835,0.873,1.5
2025-07-21,HM47,24.0,0.536,3.929,0.414,1.5
2025-07-21,HM50,24.0,1.071,3.131,0.352,1.5
2025-07-21,HM56,24.0,0.457,0.399,0.49,1.5
2025-07-22,HM01,24.0,1.207,4.414,0.736,1.5
2025-07-22,HM12,24.0,1.266,2.197,0.76,1.5
2025-07-22,HM13,24.0,7.323,2.262,1.011,1.5
2025-07-22,HM14,24.0,1.758,2.062,0.447,1.5
2025-07-22,HM16,24.0,1.234,1.11,0.437,1.5
2025-07-22,HM20,24.0,0.883,0.0,0.337,1.5
2025-07-22,HM25,24.0,0.9,2.373,0.607,1.5
2025-07-22,HM30,24.0,0.383,1.096,0.262,1.5
2025-07-22,HM36,24.0,0.702,3.228,0.465,1.5
2025-07-22,HM43,24.0,1.201,2.185,0.36,1.5
2025-07-22,HM47,24.0,1.536,3.162,0.43,1.5
2025-07-22,HM50,24.0,1.15,1.182,0.329,1.5
2025-07-22,HM56,24.0,1.086,0.82,1.045,1.5
2025-07-23,HM01,24.0,0.848,0.647,0.284,1.5
2025-07-23,HM12,24.0,1.433,2.849,0.852,1.5
2025-07-23,HM13,24.0,1.013,4.676,1.037,1.5
2025-07-23,HM14,24.0,0.6,2.12,0.514,1.5
2025-07-23,HM16,24.0,0.887,2.158,0.438,1.5
2025-07-23,HM20,24.0,0.737,1.02,1.929,1.5
2025-07-23,HM25,24.0,0.973,0.768,0.477,1.5
2025-07-23,HM30,24.0,1.277,3.308,0.61,1.5
2025-07-23,HM36,24.0,0.715,1.099,0.774,1.5
2025-07-23,HM43,24.0,0.411,0.36,0.385,1.5
2025-07-23,HM47,24.0,2.859,0.889,1.85,1.5
2025-07-23,HM50,24.0,1.211,0.0,0.36,1.5
2025-07-23,HM56,24.0,0.5,3.665,0.833,1.5
2025-07-24,HM01,24.0,0.539,1.442,0.453,1.5
2025-07-24,HM12,24.0,2.876,0.454,0.274,1.5
2025-07-24,HM13,24.0,1.43,0.405,0.895,1.5
2025-07-24,HM14,24.0,1.819,0.0,0.547,1.5
2025-07-24,HM16,24.0,0.607,0.772,0.928,1.5
2025-07-24,HM20,24.0,0.911,1.438,0.575,1.5
2025-07-24,HM25,24.0,1.595,7.032,0.428,1.5
2025-07-24,HM30,24.0,1.052,3.37,0.314,1.5
2025-07-24,HM36,24.0,1.196,3.344,0.555,1.5
2025-07-24,HM43,24.0,0.428,5.834,0.383,1.5
2025-07-24,HM47,24.0,0.774,0.794,0.46,1.5
2025-07-24,HM50,24.0,0.342,1.8,0.469,1.5
2025-07-24,HM56,24.0,1.023,1.268,0.469,1.5
2025-07-25,HM01,24.0,0.346,1.329,0.4,1.5
2025-07-25,HM12,24.0,0.628,3.948,0.709,1.5
2025-07-25,HM13,24.0,0.48,2.293,0.701,1.5
2025-07-25,HM14,24.0,0.913,0.762,0.463,1.5
2025-07-25,HM16,24.0,1.153,4.757,0.57,1.5
2025-07-25,HM20,24.0,3.431,0.847,0.42,1.5
2025-07-25,HM25,24.0,1.307,0.425,0.432,1.5
2025-07-25,HM30,24.0,0.278,0.548,0.691,1.5
2025-07-25,HM36,24.0,0.31,2.378,0.335,1.5
2025-07-25,HM43,24.0,0.694,2.374,0.436,1.5
2025-07-25,HM47,24.0,2.949,0.298,0.627,1.5
2025-07-25,HM50,24.0,0.609,0.0,0.749,1.5
2025-07-25,HM56,24.0,1.47,0.508,0.291,1.5
2025-07-26,HM01,24.0,0.781,1.175,0.299,1.0
2025-07-26,HM12,24.0,0.729,0.739,0.367,1.0
2025-07-26,HM13,24.0,0.723,2.469,0.511,1.0
2025-07-26,HM14,24.0,0.242,1.653,1.004,1.0
2025-07-26,HM16,24.0,0.834,5.711,0.326,1.0
2025-07-26,HM20,24.0,0.99,0.9,0.583,1.0
2025-07-26,HM25,24.0,0.768,2.414,0.329,1.0
2025-07-26,HM30,24.0,2.302,1.677,0.53,1.0
2025-07-26,HM36,24.0,1.457,0.768,0.703,1.0
2025-07-26,HM43,24.0,1.012,3.761,0.575,1.0
2025-07-26,HM47,24.0,0.958,1.915,0.428,1.0
2025-07-26,HM50,24.0,1.107,1.442,0.545,1.0
2025-07-26,HM56,24.0,0.371,5.908,0.45,1.0
2025-07-27,HM01,24.0,1.315,2.064,0.397,1.0
2025-07-27,HM12,24.0,0.449,2.876,0.214,1.0
2025-07-27,HM13,24.0,0.491,4.968,1.17,1.0
2025-07-27,HM14,24.0,6.005,0.463,0.41,1.0
2025-07-27,HM16,24.0,0.592,3.048,0.42,1.0
2025-07-27,HM20,24.0,0.629,1.876,0.195,1.0
2025-07-27,HM25,24.0,0.728,0.838,0.616,1.0
2025-07-27,HM30,24.0,0.983,0.0,0.528,1.0
2025-07-27,HM36,24.0,1.513,0.518,0.493,1.0
2025-07-27,HM43,24.0,0.925,0.468,0.47,1.0
2025-07-27,HM47,24.0,0.554,0.725,0.354,1.0
2025-07-27,HM50,24.0,0.31,0.84,0.65,1.0
2025-07-27,HM56,24.0,0.724,1.767,0.314,1.0
2025-07-28,HM01,24.0,4.722,4.165,0.271,1.5
2025-07-28,HM12,24.0,0.748,1.448,0.607,1.5
2025-07-28,HM13,24.0,1.543,1.489,0.485,1.5
2025-07-28,HM14,24.0,0.597,6.521,0.536,1.5
2025-07-28,HM16,24.0,0.658,1.218,0.396,1.5
2025-07-28,HM20,24.0,0.415,4.939,0.501,1.5
2025-07-28,HM25,24.0,0.998,1.831,0.289,1.5
2025-07-28,HM30,24.0,0.88,2.098,0.513,1.5
2025-07-28,HM36,24.0,0.394,3.45,0.786,1.5
2025-07-28,HM43,24.0,0.786,7.2,0.584,1.5
2025-07-28,HM47,24.0,1.752,2.483,0.755,1.5
2025-07-28,HM50,24.0,1.326,0.979,0.658,1.5
2025-07-28,HM56,24.0,1.053,2.35,0.571,1.5
2025-07-29,HM01,24.0,0.847,4.0,0.536,1.5
2025-07-29,HM12,24.0,1.166,2.977,0.233,1.5
2025-07-29,HM13,24.0,0.228,1.008,0.408,1.5
2025-07-29,HM14,24.0,1.366,1.574,0.972,1.5
2025-07-29,HM16,24.0,1.123,2.694,0.456,1.5
2025-07-29,HM20,24.0,0.358,0.0,0.346,1.5
2025-07-29,HM25,24.0,0.445,2.654,0.932,1.5
2025-07-29,HM30,24.0,0.238,1.522,0.534,1.5
2025-07-29,HM36,24.0,0.521,0.539,0.31,1.5
2025-07-29,HM43,24.0,4.072,1.251,0.816,1.5
2025-07-29,HM47,24.0,2.008,0.0,0.927,1.5
2025-07-29,HM50,24.0,3.264,0.45,0.386,1.5
2025-07-29,HM56,24.0,0.683,1.891,0.405,1.5
2025-07-30,HM01,24.0,7.276,2.059,0.89,1.5
2025-07-30,HM12,24.0,0.895,1.86,0.597,1.5
2025-07-30,HM13,24.0,0.907,0.0,0.994,1.5
2025-07-30,HM14,24.0,0.787,2.577,0.416,1.5
2025-07-30,HM16,24.0,0.906,2.51,0.506,1.5
2025-07-30,HM20,24.0,0.464,2.972,0.726,1.5
2025-07-30,HM25,24.0,0.496,1.683,0.352,1.5
2025-07-30,HM30,24.0,1.131,1.853,0.467,1.5
2025-07-30,HM36,24.0,2.392,3.873,0.356,1.5
2025-07-30,HM43,24.0,0.98,1.972,0.734,1.5
2025-07-30,HM47,24.0,2.52,2.045,0.452,1.5
2025-07-30,HM50,24.0,0.639,1.209,0.564,1.5
2025-07-30,HM56,24.0,0.214,2.123,0.666,1.5
2025-07-31,HM01,24.0,1.37,2.141,0.365,1.5
2025-07-31,HM12,24.0,1.078,1.062,0.785,1.5
2025-07-31,HM13,24.0,0.937,1.151,0.777,1.5
2025-07-31,HM14,24.0,1.409,1.713,0.491,1.5
2025-07-31,HM16,24.0,0.49,1.389,0.377,1.5
2025-07-31,HM20,24.0,0.733,0.0,0.453,1.5
2025-07-31,HM25,24.0,6.42,0.758,0.923,1.5
2025-07-31,HM30,24.0,0.538,1.101,0.302,1.5
2025-07-31,HM36,24.0,5.888,2.083,0.581,1.5
2025-07-31,HM43,24.0,1.068,0.711,1.188,1.5
2025-07-31,HM47,24.0,0.697,1.259,0.292,1.5
2025-07-31,HM50,24.0,0.867,0.0,0.904,1.5
2025-07-31,HM56,24.0,0.697,2.139,0.698,1.5
2025-08-01,HM01,24.0,0.627,1.44,0.572,1.5
2025-08-01,HM12,24.0,0.697,0.805,0.709,1.5
2025-08-01,HM13,24.0,1.558,1.538,0.497,1.5
2025-08-01,HM14,24.0,0.641,0.899,0.744,1.5
2025-08-01,HM16,24.0,2.405,3.22,0.351,1.5
2025-08-01,HM20,24.0,0.377,0.281,0.635,1.5
2025-08-01,HM25,24.0,0.476,1.265,0.353,1.5
2025-08-01,HM30,24.0,0.791,3.305,0.368,1.5
2025-08-01,HM36,24.0,0.824,1.668,0.466,1.5
2025-08-01,HM43,24.0,0.434,1.043,0.543,1.5
2025-08-01,HM47,24.0,0.847,5.205,0.949,1.5
2025-08-01,HM50,24.0,0.381,2.03,0.673,1.5
2025-08-01,HM56,24.0,1.266,0.402,0.536,1.5
2025-08-02,HM01,24.0,6.278,1.553,0.693,1.0
2025-08-02,HM12,24.0,3.656,0.73,1.737,1.0
2025-08-02,HM13,24.0,1.089,7.2,0.485,1.0
2025-08-02,HM14,24.0,0.254,0.541,0.45,1.0
2025-08-02,HM16,24.0,2.504,2.281,0.484,1.0
2025-08-02,HM20,24.0,1.617,1.05,0.824,1.0
2025-08-02,HM25,24.0,1.009,0.0,0.953,1.0
2025-08-02,HM30,24.0,0.798,0.748,0.436,1.0
2025-08-02,HM36,24.0,1.677,0.533,0.672,1.0
2025-08-02,HM43,24.0,0.931,2.004,0.328,1.0
2025-08-02,HM47,24.0,3.958,2.589,0.464,1.0
2025-08-02,HM50,24.0,0.509,0.802,0.342,1.0
2025-08-02,HM56,24.0,1.037,5.416,0.387,1.0
2025-08-03,HM01,24.0,0.457,1.697,0.34,1.0
2025-08-03,HM12,24.0,0.43,1.865,0.641,1.0
2025-08-03,HM13,24.0,1.095,0.648,0.35,1.0
2025-08-03,HM14,24.0,1.994,1.897,0.774,1.0
2025-08-03,HM16,24.0,0.8,1.186,0.35,1.0
2025-08-03,HM20,24.0,0.92,2.019,0.395,1.0
2025-08-03,HM25,24.0,0.25,0.902,0.413,1.0
2025-08-03,HM30,24.0,3.76,2.15,0.301,1.0
2025-08-03,HM36,24.0,0.485,7.2,0.8,1.0
2025-08-03,HM43,24.0,1.037,2.747,0.239,1.0
2025-08-03,HM47,24.0,0.98,0.983,0.459,1.0
2025-08-03,HM50,24.0,1.056,0.594,0.621,1.0
2025-08-03,HM56,24.0,0.632,2.085,0.731,1.0
2025-08-04,HM01,24.0,0.952,0.705,0.525,1.5
2025-08-04,HM12,24.0,0.809,3.406,0.878,1.5
2025-08-04,HM13,24.0,0.42,1.881,0.283,1.5
2025-08-04,HM14,24.0,0.89,2.004,0.457,1.5
2025-08-04,HM16,24.0,2.336,3.642,0.474,1.5
2025-08-04,HM20,24.0,1.061,0.859,0.254,1.5
2025-08-04,HM25,24.0,0.528,5.534,0.838,1.5
2025-08-04,HM30,24.0,0.538,2.389,0.402,1.5
2025-08-04,HM36,24.0,0.523,3.053,0.768,1.5
2025-08-04,HM43,24.0,0.641,0.625,0.491,1.5
2025-08-04,HM47,24.0,2.217,4.455,0.425,1.5
2025-08-04,HM50,24.0,1.163,1.597,0.375,1.5
2025-08-04,HM56,24.0,0.8,1.877,0.676,1.5
2025-08-05,HM01,24.0,1.684,1.242,0.922,1.5
2025-08-05,HM12,24.0,1.008,3.613,0.28,1.5
2025-08-05,HM13,24.0,5.734,4.073,0.458,1.5
2025-08-05,HM14,24.0,0.477,2.994,0.45,1.5
2025-08-05,HM16,24.0,0.689,0.0,0.389,1.5
2025-08-05,HM20,24.0,1.326,0.0,0.469,1.5
2025-08-05,HM25,24.0,2.603,0.551,0.431,1.5
2025-08-05,HM30,24.0,0.454,4.0,0.593,1.5
2025-08-05,HM36,24.0,0.979,4.01,0.549,1.5
2025-08-05,HM43,24.0,3.301,0.66,0.733,1.5
2025-08-05,HM47,24.0,1.481,4.601,0.433,1.5
2025-08-05,HM50,24.0,0.856,1.01,0.74,1.5
2025-08-05,HM56,24.0,0.674,3.061,0.222,1.5
2025-08-06,HM01,24.0,0.736,0.286,0.641,1.5
2025-08-06,HM12,24.0,0.798,2.133,0.445,1.5
2025-08-06,HM13,24.0,0.977,0.632,0.728,1.5
2025-08-06,HM14,24.0,2.054,1.746,0.536,1.5
2025-08-06,HM16,24.0,0.785,1.717,0.32,1.5
2025-08-06,HM20,24.0,1.021,0.475,0.42,1.5
2025-08-06,HM25,24.0,1.016,0.847,0.548,1.5
2025-08-06,HM30,24.0,0.593,0.816,0.613,1.5
2025-08-06,HM36,24.0,2.125,0.87,0.293,1.5
2025-08-06,HM43,24.0,0.66,1.667,0.965,1.5
2025-08-06,HM47,24.0,0.872,1.419,0.214,1.5
2025-08-06,HM50,24.0,0.559,1.123,0.252,1.5
2025-08-06,HM56,24.0,0.612,2.902,0.383,1.5
2025-08-07,HM01,24.0,1.503,2.628,0.324,1.5
2025-08-07,HM12,24.0,0.557,0.0,0.415,1.5
2025-08-07,HM13,24.0,1.212,1.03,0.473,1.5
2025-08-07,HM14,24.0,1.239,1.093,0.425,1.5
2025-08-07,HM16,24.0,1.226,5.626,0.563,1.5
2025-08-07,HM20,24.0,1.137,1.1,0.3,1.5
2025-08-07,HM25,24.0,0.274,2.403,0.443,1.5
2025-08-07,HM30,24.0,1.2,0.437,1.117,1.5
2025-08-07,HM36,24.0,1.49,1.093,0.56,1.5
2025-08-07,HM43,24.0,1.198,2.9,0.755,1.5
2025-08-07,HM47,24.0,0.44,5.53,0.506,1.5
2025-08-07,HM50,24.0,2.915,0.681,0.327,1.5
2025-08-07,HM56,24.0,0.794,2.73,0.257,1.5
2025-08-08,HM01,24.0,0.696,1.597,0.367,1.5
2025-08-08,HM12,24.0,0.609,3.992,0.396,1.5
2025-08-08,HM13,24.0,0.454,1.701,0.512,1.5
2025-08-08,HM14,24.0,0.264,1.392,0.47,1.5
2025-08-08,HM16,24.0,0.575,0.696,0.43,1.5
2025-08-08,HM20,24.0,0.992,0.0,0.288,1.5
2025-08-08,HM25,24.0,1.236,0.667,0.322,1.5
2025-08-08,HM30,24.0,0.789,1.611,0.428,1.5
2025-08-08,HM36,24.0,1.594,2.249,0.534,1.5
2025-08-08,HM43,24.0,0.488,0.813,0.363,1.5
2025-08-08,HM47,24.0,1.693,0.703,0.334,1.5
2025-08-08,HM50,24.0,1.044,3.688,0.57,1.5
2025-08-08,HM56,24.0,1.875,6.296,0.65,1.5
2025-08-09,HM01,24.0,0.222,0.749,0.874,1.0
2025-08-09,HM12,24.0,0.724,2.25,0.304,1.0
2025-08-09,HM13,24.0,0.645,0.71,0.517,1.0
2025-08-09,HM14,24.0,0.773,2.038,0.532,1.0
2025-08-09,HM16,24.0,1.098,0.498,0.248,1.0
2025-08-09,HM20,24.0,0.597,1.222,1.02,1.0
2025-08-09,HM25,24.0,1.154,1.47,0.491,1.0
2025-08-09,HM30,24.0,0.447,1.128,0.722,1.0
2025-08-09,HM36,24.0,1.077,2.223,0.297,1.0
2025-08-09,HM43,24.0,0.632,2.227,0.395,1.0
2025-08-09,HM47,24.0,5.589,5.649,0.79,1.0
2025-08-09,HM50,24.0,0.654,0.0,0.817,1.0
2025-08-09,HM56,24.0,0.74,0.0,0.316,1.0
2025-08-10,HM01,24.0,1.637,0.0,0.508,1.0
2025-08-10,HM12,24.0,1.661,0.594,0.734,1.0
2025-08-10,HM13,24.0,0.442,0.527,0.483,1.0
2025-08-10,HM14,24.0,1.177,3.344,0.469,1.0
2025-08-10,HM16,24.0,2.464,3.05,0.373,1.0
2025-08-10,HM20,24.0,1.239,1.75,0.577,1.0
2025-08-10,HM25,24.0,0.755,0.676,0.569,1.0
2025-08-10,HM30,24.0,0.825,0.484,0.301,1.0
2025-08-10,HM36,24.0,0.593,5.405,0.524,1.0
2025-08-10,HM43,24.0,6.179,1.826,0.271,1.0
2025-08-10,HM47,24.0,1.368,0.686,0.554,1.0
2025-08-10,HM50,24.0,0.658,2.309,0.754,1.0
2025-08-10,HM56,24.0,0.287,0.923,0.379,1.0
2025-08-11,HM01,24.0,0.814,0.653,0.504,1.5
2025-08-11,HM12,24.0,4.15,1.93,0.29,1.5
2025-08-11,HM13,24.0,1.004,2.199,0.743,1.5
2025-08-11,HM14,24.0,0.561,0.28,0.466,1.5
2025-08-11,HM16,24.0,0.806,0.879,0.579,1.5
2025-08-11,HM20,24.0,0.897,3.092,0.43,1.5
2025-08-11,HM25,24.0,0.263,2.766,0.869,1.5
2025-08-11,HM30,24.0,1.493,0.664,0.842,1.5
2025-08-11,HM36,24.0,0.75,1.767,1.029,1.5
2025-08-11,HM43,24.0,6.896,0.0,0.267,1.5
2025-08-11,HM47,24.0,0.831,1.285,0.525,1.5
2025-08-11,HM50,24.0,1.097,0.0,0.51,1.5
2025-08-11,HM56,24.0,0.891,0.906,0.527,1.5
2025-08-12,HM01,24.0,0.647,6.332,0.673,1.5
2025-08-12,HM12,24.0,0.988,1.923,0.576,1.5
2025-08-12,HM13,24.0,1.029,2.015,0.296,1.5
2025-08-12,HM14,24.0,2.38,0.47,0.59,1.5
2025-08-12,HM16,24.0,1.059,0.0,0.499,1.5
2025-08-12,HM20,24.0,0.643,0.423,0.808,1.5
2025-08-12,HM25,24.0,5.14,2.251,0.602,1.5
2025-08-12,HM30,24.0,0.432,4.717,0.561,1.5
2025-08-12,HM36,24.0,0.905,4.562,0.326,1.5
2025-08-12,HM43,24.0,0.858,1.318,0.354,1.5
2025-08-12,HM47,24.0,0.746,0.567,0.648,1.5
2025-08-12,HM50,24.0,0.499,0.743,0.548,1.5
2025-08-12,HM56,24.0,0.876,0.715,0.687,1.5
2025-08-13,HM01,24.0,1.114,0.761,0.664,1.5
2025-08-13,HM12,24.0,0.64,1.698,0.41,1.5
2025-08-13,HM13,24.0,0.42,5.944,0.351,1.5
2025-08-13,HM14,24.0,1.96,7.2,0.572,1.5
2025-08-13,HM16,24.0,0.737,2.151,0.728,1.5
2025-08-13,HM20,24.0,0.864,0.805,0.348,1.5
2025-08-13,HM25,24.0,0.672,1.492,0.568,1.5
2025-08-13,HM30,24.0,3.553,2.029,0.266,1.5
2025-08-13,HM36,24.0,0.537,1.862,0.308,1.5
2025-08-13,HM43,24.0,1.842,4.544,0.399,1.5
2025-08-13,HM47,24.0,0.432,0.464,0.514,1.5
2025-08-13,HM50,24.0,5.133,1.113,0.788,1.5
2025-08-13,HM56,24.0,2.097,1.275,0.513,1.5
2025-08-14,HM01,24.0,1.762,1.509,0.423,1.5
2025-08-14,HM12,24.0,0.627,0.882,0.35,1.5
2025-08-14,HM13,24.0,2.019,2.858,0.48,1.5
2025-08-14,HM14,24.0,1.465,1.445,0.342,1.5
2025-08-14,HM16,24.0,1.062,2.036,1.125,1.5
2025-08-14,HM20,24.0,0.85,2.946,0.808,1.5
2025-08-14,HM25,24.0,0.712,1.188,0.779,1.5
2025-08-14,HM30,24.0,1.15,1.099,0.418,1.5
2025-08-14,HM36,24.0,0.288,4.44,1.32,1.5
2025-08-14,HM43,24.0,1.832,0.0,0.651,1.5
2025-08-14,HM47,24.0,1.743,0.741,0.328,1.5
2025-08-14,HM50,24.0,4.242,3.046,0.322,1.5
2025-08-14,HM56,24.0,1.489,6.0,0.681,1.5
2025-08-15,HM01,24.0,0.554,2.083,0.531,1.5
2025-08-15,HM12,24.0,2.855,1.155,1.142,1.5
2025-08-15,HM13,24.0,0.978,1.502,0.803,1.5
2025-08-15,HM14,24.0,0.474,3.294,0.282,1.5
2025-08-15,HM16,24.0,1.848,1.329,1.075,1.5
2025-08-15,HM20,24.0,2.119,1.021,0.67,1.5
2025-08-15,HM25,24.0,0.435,0.82,0.607,1.5
2025-08-15,HM30,24.0,0.53,0.797,0.721,1.5
2025-08-15,HM36,24.0,1.557,0.0,0.297,1.5
2025-08-15,HM43,24.0,6.501,1.044,0.504,1.5
2025-08-15,HM47,24.0,3.942,1.288,0.514,1.5
2025-08-15,HM50,24.0,0.541,1.067,0.388,1.5
2025-08-15,HM56,24.0,0.827,1.422,0.416,1.5
2025-08-16,HM01,24.0,1.197,1.706,0.497,1.0
2025-08-16,HM12,24.0,0.624,2.823,0.851,1.0
2025-08-16,HM13,24.0,0.24,2.394,0.328,1.0
2025-08-16,HM14,24.0,1.404,0.696,0.374,1.0
2025-08-16,HM16,24.0,1.519,1.926,0.838,1.0
2025-08-16,HM20,24.0,0.508,0.968,0.28,1.0
2025-08-16,HM25,24.0,0.623,0.911,0.438,1.0
2025-08-16,HM30,24.0,0.672,1.562,0.398,1.0
2025-08-16,HM36,24.0,0.643,1.643,0.398,1.0
2025-08-16,HM43,24.0,0.338,1.102,0.482,1.0
2025-08-16,HM47,24.0,2.56,3.345,0.476,1.0
2025-08-16,HM50,24.0,0.483,0.245,0.341,1.0
2025-08-16,HM56,24.0,0.565,0.369,0.397,1.0
2025-08-17,HM01,24.0,2.849,3.45,0.636,1.0
2025-08-17,HM12,24.0,0.779,2.916,0.752,1.0
2025-08-17,HM13,24.0,0.697,1.787,0.677,1.0
2025-08-17,HM14,24.0,0.935,2.087,0.653,1.0
2025-08-17,HM16,24.0,0.611,1.917,1.137,1.0
2025-08-17,HM20,24.0,0.581,2.0,0.28,1.0
2025-08-17,HM25,24.0,6.071,3.249,0.297,1.0
2025-08-17,HM30,24.0,0.792,0.0,0.398,1.0
2025-08-17,HM36,24.0,0.702,6.205,0.321,1.0
2025-08-17,HM43,24.0,0.718,1.462,0.644,1.0
2025-08-17,HM47,24.0,0.841,2.244,0.438,1.0
2025-08-17,HM50,24.0,0.986,1.835,0.193,1.0
2025-08-17,HM56,24.0,0.331,1.936,0.475,1.0
2025-08-18,HM01,24.0,5.041,1.006,0.901,1.5
2025-08-18,HM12,24.0,5.705,0.0,0.44,1.5
2025-08-18,HM13,24.0,1.169,7.2,0.644,1.5
2025-08-18,HM14,24.0,1.715,1.135,0.391,1.5
2025-08-18,HM16,24.0,0.524,1.712,0.382,1.5
2025-08-18,HM20,24.0,6.178,2.455,0.461,1.5
2025-08-18,HM25,24.0,0.703,0.688,0.691,1.5
2025-08-18,HM30,24.0,0.376,4.493,0.919,1.5
2025-08-18,HM36,24.0,4.942,1.027,0.213,1.5
2025-08-18,HM43,24.0,1.754,1.114,0.287,1.5
2025-08-18,HM47,24.0,0.433,1.624,0.739,1.5
2025-08-18,HM50,24.0,2.417,1.681,1.3,1.5
2025-08-18,HM56,24.0,0.349,2.998,0.579,1.5
2025-08-19,HM01,24.0,0.689,4.107,0.647,1.5
2025-08-19,HM12,24.0,0.983,2.934,0.404,1.5
2025-08-19,HM13,24.0,0.633,0.0,0.65,1.5
2025-08-19,HM14,24.0,0.628,2.767,0.297,1.5
2025-08-19,HM16,24.0,1.07,1.958,0.645,1.5
2025-08-19,HM20,24.0,3.396,2.823,0.331,1.5
2025-08-19,HM25,24.0,4.997,0.229,0.23,1.5
2025-08-19,HM30,24.0,0.769,2.495,0.468,1.5
2025-08-19,HM36,24.0,5.499,1.809,0.739,1.5
2025-08-19,HM43,24.0,0.635,2.275,0.558,1.5
2025-08-19,HM47,24.0,1.103,1.408,0.371,1.5
2025-08-19,HM50,24.0,1.175,1.956,0.234,1.5
2025-08-19,HM56,24.0,0.694,6.947,0.555,1.5
2025-08-20,HM01,24.0,0.649,0.321,0.878,1.5
2025-08-20,HM12,24.0,0.797,1.184,0.502,1.5
2025-08-20,HM13,24.0,0.572,2.954,0.337,1.5
2025-08-20,HM14,24.0,0.612,2.809,0.705,1.5
2025-08-20,HM16,24.0,0.453,3.689,0.236,1.5
2025-08-20,HM20,24.0,0.404,1.342,0.509,1.5
2025-08-20,HM25,24.0,0.955,0.434,0.298,1.5
2025-08-20,HM30,24.0,0.197,2.633,0.372,1.5
2025-08-20,HM36,24.0,0.845,0.875,0.451,1.5
2025-08-20,HM43,24.0,2.676,1.746,0.41,1.5
2025-08-20,HM47,24.0,1.177,3.739,0.882,1.5
2025-08-20,HM50,24.0,1.232,0.518,0.396,1.5
2025-08-20,HM56,24.0,0.586,4.0,1.57,1.5
2025-08-21,HM01,24.0,1.433,0.0,0.803,1.5
2025-08-21,HM12,24.0,1.921,1.93,0.439,1.5
2025-08-21,HM13,24.0,0.631,3.057,0.328,1.5
2025-08-21,HM14,24.0,0.722,3.201,0.493,1.5
2025-08-21,HM16,24.0,6.711,1.637,0.474,1.5
2025-08-21,HM20,24.0,0.574,2.538,0.648,1.5
2025-08-21,HM25,24.0,7.241,0.0,0.413,1.5
2025-08-21,HM30,24.0,0.699,0.5,0.429,1.5
2025-08-21,HM36,24.0,0.819,0.0,0.384,1.5
2025-08-21,HM43,24.0,0.879,0.0,0.304,1.5
2025-08-21,HM47,24.0,0.683,1.368,0.532,1.5
2025-08-21,HM50,24.0,0.605,2.106,0.356,1.5
2025-08-21,HM56,24.0,0.759,0.606,0.423,1.5
2025-08-22,HM01,24.0,0.585,5.65,0.384,1.5
2025-08-22,HM12,24.0,0.667,1.083,0.562,1.5
2025-08-22,HM13,24.0,1.023,0.74,0.44,1.5
2025-08-22,HM14,24.0,1.544,1.702,0.783,1.5
2025-08-22,HM16,24.0,0.828,2.622,0.569,1.5
2025-08-22,HM20,24.0,1.357,1.809,0.475,1.5
2025-08-22,HM25,24.0,2.576,4.41,0.323,1.5
2025-08-22,HM30,24.0,1.442,2.396,0.332,1.5
2025-08-22,HM36,24.0,1.029,2.912,0.263,1.5
2025-08-22,HM43,24.0,1.656,5.234,0.462,1.5
2025-08-22,HM47,24.0,1.43,2.595,0.482,1.5
2025-08-22,HM50,24.0,1.326,2.979,0.555,1.5
2025-08-22,HM56,24.0,0.826,3.316,0.526,1.5
2025-08-23,HM01,24.0,0.462,2.362,0.421,1.0
2025-08-23,HM12,24.0,1.739,2.883,0.785,1.0
2025-08-23,HM13,24.0,1.818,1.27,0.296,1.0
2025-08-23,HM14,24.0,1.329,3.577,0.842,1.0
2025-08-23,HM16,24.0,0.299,3.099,0.264,1.0
2025-08-23,HM20,24.0,0.605,0.309,0.325,1.0
2025-08-23,HM25,24.0,0.896,1.376,0.955,1.0
2025-08-23,HM30,24.0,0.705,0.0,0.624,1.0
2025-08-23,HM36,24.0,0.872,3.472,1.104,1.0
2025-08-23,HM43,24.0,0.806,0.717,0.837,1.0
2025-08-23,HM47,24.0,0.75,1.023,0.553,1.0
2025-08-23,HM50,24.0,1.116,1.274,0.243,1.0
2025-08-23,HM56,24.0,0.753,1.93,0.224,1.0
2025-08-24,HM01,24.0,0.302,0.738,0.663,1.0
2025-08-24,HM12,24.0,1.927,1.745,0.517,1.0
2025-08-24,HM13,24.0,0.772,1.135,0.411,1.0
2025-08-24,HM14,24.0,1.46,0.852,0.509,1.0
2025-08-24,HM16,24.0,1.748,2.824,1.329,1.0
2025-08-24,HM20,24.0,0.983,1.568,0.607,1.0
2025-08-24,HM25,24.0,0.641,0.0,0.653,1.0
2025-08-24,HM30,24.0,0.97,1.222,0.653,1.0
2025-08-24,HM36,24.0,0.884,3.024,0.822,1.0
2025-08-24,HM43,24.0,1.111,1.668,0.438,1.0
2025-08-24,HM47,24.0,0.188,1.388,0.884,1.0
2025-08-24,HM50,24.0,1.339,0.957,0.901,1.0
2025-08-24,HM56,24.0,0.793,0.563,0.575,1.0
2025-08-25,HM01,24.0,0.558,1.97,0.624,1.5
2025-08-25,HM12,24.0,1.042,0.392,0.404,1.5
2025-08-25,HM13,24.0,0.708,1.122,0.484,1.5
2025-08-25,HM14,24.0,1.301,3.725,0.51,1.5
2025-08-25,HM16,24.0,0.861,2.152,0.886,1.5
2025-08-25,HM20,24.0,1.089,1.725,0.455,1.5
2025-08-25,HM25,24.0,0.986,0.0,1.516,1.5
2025-08-25,HM30,24.0,0.722,1.046,0.418,1.5
2025-08-25,HM36,24.0,0.407,4.369,0.282,1.5
2025-08-25,HM43,24.0,0.684,4.912,0.611,1.5
2025-08-25,HM47,24.0,0.938,0.0,1.324,1.5
2025-08-25,HM50,24.0,1.484,0.664,0.515,1.5
2025-08-25,HM56,24.0,0.905,1.795,0.889,1.5
2025-08-26,HM01,24.0,0.466,1.52,0.593,1.5
2025-08-26,HM12,24.0,0.788,2.654,0.431,1.5
2025-08-26,HM13,24.0,1.978,1.736,0.806,1.5
2025-08-26,HM14,24.0,1.029,3.787,0.512,1.5
2025-08-26,HM16,24.0,1.771,1.489,0.716,1.5
2025-08-26,HM20,24.0,1.146,1.978,0.418,1.5
2025-08-26,HM25,24.0,1.686,0.0,0.869,1.5
2025-08-26,HM30,24.0,1.85,0.391,0.826,1.5
2025-08-26,HM36,24.0,0.663,2.641,0.531,1.5
2025-08-26,HM43,24.0,1.141,1.857,0.724,1.5
2025-08-26,HM47,24.0,0.355,3.665,0.464,1.5
2025-08-26,HM50,24.0,1.827,0.349,0.433,1.5
2025-08-26,HM56,24.0,0.439,1.307,0.463,1.5
2025-08-27,HM01,24.0,0.964,2.597,0.842,1.5
2025-08-27,HM12,24.0,0.778,5.227,1.163,1.5
2025-08-27,HM13,24.0,0.845,1.396,0.528,1.5
2025-08-27,HM14,24.0,1.049,1.661,0.411,1.5
2025-08-27,HM16,24.0,1.012,0.0,0.587,1.5
2025-08-27,HM20,24.0,1.516,0.865,0.217,1.5
2025-08-27,HM25,24.0,0.784,0.595,0.273,1.5
2025-08-27,HM30,24.0,0.8,1.558,0.562,1.5
2025-08-27,HM36,24.0,0.549,2.543,0.528,1.5
2025-08-27,HM43,24.0,0.994,1.882,0.39,1.5
2025-08-27,HM47,24.0,1.62,1.606,0.834,1.5
2025-08-27,HM50,24.0,0.509,0.585,0.831,1.5
2025-08-27,HM56,24.0,1.34,0.871,0.545,1.5
2025-08-28,HM01,24.0,1.349,2.365,0.226,1.5
2025-08-28,HM12,24.0,1.52,1.299,0.354,1.5
2025-08-28,HM13,24.0,0.695,4.061,0.382,1.5
2025-08-28,HM14,24.0,0.467,7.2,0.512,1.5
2025-08-28,HM16,24.0,0.934,2.412,0.236,1.5
2025-08-28,HM20,24.0,0.717,6.846,0.673,1.5
2025-08-28,HM25,24.0,0.985,2.493,0.798,1.5
2025-08-28,HM30,24.0,1.694,1.028,0.298,1.5
2025-08-28,HM36,24.0,0.665,0.861,0.276,1.5
2025-08-28,HM43,24.0,1.334,1.176,0.53,1.5
2025-08-28,HM47,24.0,0.339,0.862,0.843,1.5
2025-08-28,HM50,24.0,0.902,0.792,0.351,1.5
2025-08-28,HM56,24.0,0.864,1.235,0.317,1.5
2025-08-29,HM01,24.0,0.458,2.391,0.327,1.5
2025-08-29,HM12,24.0,0.845,0.905,0.43,1.5
2025-08-29,HM13,24.0,0.526,0.459,0.549,1.5
2025-08-29,HM14,24.0,0.624,0.0,0.378,1.5
2025-08-29,HM16,24.0,0.761,3.474,0.638,1.5
2025-08-29,HM20,24.0,0.633,0.958,0.392,1.5
2025-08-29,HM25,24.0,0.841,0.492,0.698,1.5
2025-08-29,HM30,24.0,0.728,0.919,0.354,1.5
2025-08-29,HM36,24.0,0.619,0.0,0.487,1.5
2025-08-29,HM43,24.0,2.133,0.0,0.404,1.5
2025-08-29,HM47,24.0,0.942,1.369,0.417,1.5
2025-08-29,HM50,24.0,1.501,0.862,0.538,1.5
2025-08-29,HM56,24.0,1.025,0.564,0.413,1.5
2025-08-30,HM01,24.0,0.864,2.537,0.327,1.0
2025-08-30,HM12,24.0,1.183,1.041,0.403,1.0
2025-08-30,HM13,24.0,1.033,2.3,0.333,1.0
2025-08-30,HM14,24.0,1.112,5.575,0.708,1.0
2025-08-30,HM16,24.0,1.157,2.444,0.44,1.0
2025-08-30,HM20,24.0,0.354,1.665,0.457,1.0
2025-08-30,HM25,24.0,0.857,1.257,0.725,1.0
2025-08-30,HM30,24.0,1.032,1.878,0.624,1.0
2025-08-30,HM36,24.0,0.796,1.213,0.507,1.0
2025-08-30,HM43,24.0,0.777,3.667,0.758,1.0
2025-08-30,HM47,24.0,2.202,2.484,0.488,1.0
2025-08-30,HM50,24.0,0.803,3.581,0.341,1.0
2025-08-30,HM56,24.0,1.313,0.764,0.905,1.0
2025-08-31,HM01,24.0,1.478,3.705,0.242,1.0
2025-08-31,HM12,24.0,2.648,1.917,0.442,1.0
2025-08-31,HM13,24.0,0.865,1.928,0.628,1.0
2025-08-31,HM14,24.0,0.728,6.011,0.385,1.0
2025-08-31,HM16,24.0,0.701,5.436,0.638,1.0
2025-08-31,HM20,24.0,0.625,0.0,0.588,1.0
2025-08-31,HM25,24.0,0.737,1.612,0.744,1.0
2025-08-31,HM30,24.0,0.785,0.0,1.544,1.0
2025-08-31,HM36,24.0,0.345,3.259,0.616,1.0
2025-08-31,HM43,24.0,1.084,5.994,0.433,1.0
2025-08-31,HM47,24.0,1.629,1.138,1.381,1.0
2025-08-31,HM50,24.0,0.469,0.473,0.898,1.0
2025-08-31,HM56,24.0,0.431,6.341,0.361,1.0
2025-09-01,HM01,24.0,0.658,3.884,0.703,1.5
2025-09-01,HM12,24.0,0.489,0.832,0.823,1.5
2025-09-01,HM13,24.0,1.567,0.636,0.966,1.5
2025-09-01,HM14,24.0,1.605,3.419,0.264,1.5
2025-09-01,HM16,24.0,0.303,3.053,0.885,1.5
2025-09-01,HM20,24.0,0.798,1.221,0.493,1.5
2025-09-01,HM25,24.0,0.317,2.639,1.022,1.5
2025-09-01,HM30,24.0,2.024,2.606,0.443,1.5
2025-09-01,HM36,24.0,1.105,0.36,0.448,1.5
2025-09-01,HM43,24.0,0.437,1.548,0.717,1.5
2025-09-01,HM47,24.0,0.476,6.083,0.393,1.5
2025-09-01,HM50,24.0,0.996,0.683,0.339,1.5
2025-09-01,HM56,24.0,0.438,3.351,0.278,1.5
2025-09-02,HM01,24.0,0.227,3.342,0.512,1.5
2025-09-02,HM12,24.0,0.649,4.215,0.344,1.5
2025-09-02,HM13,24.0,0.648,0.822,0.282,1.5
2025-09-02,HM14,24.0,1.509,3.236,0.373,1.5
2025-09-02,HM16,24.0,1.131,0.956,0.496,1.5
2025-09-02,HM20,24.0,0.496,0.464,0.527,1.5
2025-09-02,HM25,24.0,0.869,3.253,0.474,1.5
2025-09-02,HM30,24.0,0.812,3.149,0.966,1.5
2025-09-02,HM36,24.0,0.524,2.665,1.08,1.5
2025-09-02,HM43,24.0,1.852,0.694,0.357,1.5
2025-09-02,HM47,24.0,0.961,1.378,0.472,1.5
2025-09-02,HM50,24.0,4.012,2.248,0.364,1.5
2025-09-02,HM56,24.0,0.922,0.858,0.666,1.5
2025-09-03,HM01,24.0,1.239,0.951,0.418,1.5
2025-09-03,HM12,24.0,0.409,0.681,0.631,1.5
2025-09-03,HM13,24.0,0.638,3.989,0.397,1.5
2025-09-03,HM14,24.0,0.917,0.858,0.634,1.5
2025-09-03,HM16,24.0,0.656,2.677,0.655,1.5
2025-09-03,HM20,24.0,0.683,4.115,1.054,1.5
2025-09-03,HM25,24.0,0.664,0.0,0.437,1.5
2025-09-03,HM30,24.0,0.795,0.784,0.49,1.5
2025-09-03,HM36,24.0,1.723,2.178,0.665,1.5
2025-09-03,HM43,24.0,1.163,0.467,0.498,1.5
2025-09-03,HM47,24.0,1.136,1.184,0.782,1.5
2025-09-03,HM50,24.0,0.982,1.931,0.313,1.5
2025-09-03,HM56,24.0,0.933,1.233,0.496,1.5
2025-09-04,HM01,24.0,0.608,2.393,0.322,1.5
2025-09-04,HM12,24.0,0.441,0.807,0.704,1.5
2025-09-04,HM13,24.0,0.746,1.568,1.008,1.5
2025-09-04,HM14,24.0,2.545,1.224,0.447,1.5
2025-09-04,HM16,24.0,0.559,2.09,0.392,1.5
2025-09-04,HM20,24.0,1.479,3.055,2.0,1.5
2025-09-04,HM25,24.0,2.195,1.702,0.492,1.5
2025-09-04,HM30,24.0,0.563,2.189,0.611,1.5
2025-09-04,HM36,24.0,0.397,1.693,0.578,1.5
2025-09-04,HM43,24.0,0.806,1.518,0.514,1.5
2025-09-04,HM47,24.0,0.477,1.789,0.574,1.5
2025-09-04,HM50,24.0,0.843,5.06,0.322,1.5
2025-09-04,HM56,24.0,0.492,0.436,0.445,1.5
2025-09-05,HM01,24.0,0.746,1.993,0.495,1.5
2025-09-05,HM12,24.0,6.14,2.084,0.784,1.5
2025-09-05,HM13,24.0,2.85,0.79,0.524,1.5
2025-09-05,HM14,24.0,1.411,7.2,0.542,1.5
2025-09-05,HM16,24.0,0.507,1.709,0.76,1.5
2025-09-05,HM20,24.0,0.565,0.668,0.784,1.5
2025-09-05,HM25,24.0,0.267,2.389,0.452,1.5
2025-09-05,HM30,24.0,0.832,5.565,0.357,1.5
2025-09-05,HM36,24.0,0.997,2.787,0.161,1.5
2025-09-05,HM43,24.0,0.811,5.923,0.594,1.5
2025-09-05,HM47,24.0,0.643,4.679,0.413,1.5
2025-09-05,HM50,24.0,0.769,0.0,0.337,1.5
2025-09-05,HM56,24.0,0.528,2.088,0.617,1.5
2025-09-06,HM01,24.0,0.257,1.313,0.728,1.0
2025-09-06,HM12,24.0,0.711,5.597,0.618,1.0
2025-09-06,HM13,24.0,1.399,1.714,0.376,1.0
2025-09-06,HM14,24.0,0.761,1.437,0.693,1.0
2025-09-06,HM16,24.0,1.46,1.566,0.37,1.0
2025-09-06,HM20,24.0,0.498,0.952,0.238,1.0
2025-09-06,HM25,24.0,0.676,1.978,0.388,1.0
2025-09-06,HM30,24.0,1.249,1.124,0.595,1.0
2025-09-06,HM36,24.0,0.619,0.709,0.397,1.0
2025-09-06,HM43,24.0,0.69,0.0,0.949,1.0
2025-09-06,HM47,24.0,2.637,7.2,0.377,1.0
2025-09-06,HM50,24.0,0.996,3.359,0.356,1.0
2025-09-06,HM56,24.0,0.676,3.241,0.262,1.0
2025-09-07,HM01,24.0,0.154,2.352,0.265,1.0
2025-09-07,HM12,24.0,1.153,1.222,0.381,1.0
2025-09-07,HM13,24.0,1.424,5.418,0.289,1.0
2025-09-07,HM14,24.0,1.932,2.762,0.392,1.0
2025-09-07,HM16,24.0,0.541,4.736,1.183,1.0
2025-09-07,HM20,24.0,2.172,0.653,0.324,1.0
2025-09-07,HM25,24.0,1.75,2.326,0.603,1.0
2025-09-07,HM30,24.0,0.294,1.443,0.701,1.0
2025-09-07,HM36,24.0,2.672,0.473,0.394,1.0
2025-09-07,HM43,24.0,1.812,3.336,0.744,1.0
2025-09-07,HM47,24.0,0.696,1.785,0.298,1.0
2025-09-07,HM50,24.0,0.869,2.716,0.306,1.0
2025-09-07,HM56,24.0,2.047,0.0,0.591,1.0
2025-09-08,HM01,24.0,6.305,0.795,0.742,1.5
2025-09-08,HM12,24.0,0.513,1.348,0.712,1.5
2025-09-08,HM13,24.0,1.673,2.533,0.552,1.5
2025-09-08,HM14,24.0,0.794,0.709,0.72,1.5
2025-09-08,HM16,24.0,1.419,0.178,0.782,1.5
2025-09-08,HM20,24.0,1.367,1.84,0.909,1.5
2025-09-08,HM25,24.0,1.081,1.135,0.657,1.5
2025-09-08,HM30,24.0,0.343,1.718,0.461,1.5
2025-09-08,HM36,24.0,0.326,2.576,0.599,1.5
2025-09-08,HM43,24.0,1.988,1.646,0.369,1.5
2025-09-08,HM47,24.0,0.755,0.904,0.365,1.5
2025-09-08,HM50,24.0,0.309,1.133,0.435,1.5
2025-09-08,HM56,24.0,0.543,2.013,0.399,1.5
2025-09-09,HM01,24.0,0.619,0.675,0.717,1.5
2025-09-09,HM12,24.0,0.773,1.613,0.796,1.5
2025-09-09,HM13,24.0,0.659,3.904,0.498,1.5
2025-09-09,HM14,24.0,0.492,0.875,0.488,1.5
2025-09-09,HM16,24.0,1.138,1.042,0.612,1.5
2025-09-09,HM20,24.0,0.902,2.991,0.396,1.5
2025-09-09,HM25,24.0,0.183,1.052,0.29,1.5
2025-09-09,HM30,24.0,0.51,0.459,0.405,1.5
2025-09-09,HM36,24.0,2.713,1.43,0.572,1.5
2025-09-09,HM43,24.0,1.39,2.223,0.165,1.5
2025-09-09,HM47,24.0,0.705,0.753,0.317,1.5
2025-09-09,HM50,24.0,7.155,0.668,0.462,1.5
2025-09-09,HM56,24.0,1.125,1.222,0.662,1.5
2025-09-10,HM01,24.0,0.715,0.635,0.528,1.5
2025-09-10,HM12,24.0,0.387,5.962,0.45,1.5
2025-09-10,HM13,24.0,1.878,2.106,0.519,1.5
2025-09-10,HM14,24.0,1.406,0.822,0.81,1.5
2025-09-10,HM16,24.0,4.42,5.746,0.37,1.5
2025-09-10,HM20,24.0,0.492,0.313,0.467,1.5
2025-09-10,HM25,24.0,0.76,1.829,1.164,1.5
2025-09-10,HM30,24.0,0.857,0.0,0.448,1.5
2025-09-10,HM36,24.0,7.045,2.287,0.535,1.5
2025-09-10,HM43,24.0,1.505,2.358,0.282,1.5
2025-09-10,HM47,24.0,0.486,7.2,1.187,1.5
2025-09-10,HM50,24.0,2.672,1.455,0.319,1.5
2025-09-10,HM56,24.0,0.79,0.791,0.223,1.5
2025-09-11,HM01,24.0,0.346,0.278,0.498,1.5
2025-09-11,HM12,24.0,2.345,4.017,0.481,1.5
2025-09-11,HM13,24.0,1.063,1.563,0.578,1.5
2025-09-11,HM14,24.0,1.38,0.73,0.446,1.5
2025-09-11,HM16,24.0,0.865,2.173,0.515,1.5
2025-09-11,HM20,24.0,0.474,0.167,0.668,1.5
2025-09-11,HM25,24.0,5.436,1.365,0.242,1.5
2025-09-11,HM30,24.0,4.818,0.364,0.415,1.5
2025-09-11,HM36,24.0,1.575,1.11,0.55,1.5
2025-09-11,HM43,24.0,0.719,2.029,0.521,1.5
2025-09-11,HM47,24.0,0.483,0.915,0.365,1.5
2025-09-11,HM50,24.0,1.075,0.313,0.294,1.5
2025-09-11,HM56,24.0,0.696,4.753,0.97,1.5
2025-09-12,HM01,24.0,1.395,1.865,0.694,1.5
2025-09-12,HM12,24.0,1.344,0.878,0.388,1.5
2025-09-12,HM13,24.0,0.205,1.085,0.626,1.5
2025-09-12,HM14,24.0,0.594,4.479,0.468,1.5
2025-09-12,HM16,24.0,3.746,0.254,0.657,1.5
2025-09-12,HM20,24.0,6.448,2.063,0.584,1.5
2025-09-12,HM25,24.0,0.534,1.472,0.646,1.5
2025-09-12,HM30,24.0,1.14,2.672,0.735,1.5
2025-09-12,HM36,24.0,0.332,1.277,0.663,1.5
2025-09-12,HM43,24.0,1.04,0.788,0.362,1.5
2025-09-12,HM47,24.0,0.708,2.606,0.495,1.5
2025-09-12,HM50,24.0,1.577,3.424,0.422,1.5
2025-09-12,HM56,24.0,4.303,1.841,0.618,1.5
2025-09-13,HM01,24.0,0.649,0.661,0.449,1.0
2025-09-13,HM12,24.0,1.256,3.254,0.622,1.0
2025-09-13,HM13,24.0,0.766,3.323,0.29,1.0
2025-09-13,HM14,24.0,0.455,1.379,0.486,1.0
2025-09-13,HM16,24.0,0.737,2.491,0.314,1.0
2025-09-13,HM20,24.0,2.645,2.377,0.813,1.0
2025-09-13,HM25,24.0,2.039,1.186,0.818,1.0
2025-09-13,HM30,24.0,0.764,1.042,0.491,1.0
2025-09-13,HM36,24.0,0.432,1.27,0.319,1.0
2025-09-13,HM43,24.0,4.838,1.678,0.665,1.0
2025-09-13,HM47,24.0,0.413,0.537,0.51,1.0
2025-09-13,HM50,24.0,5.229,0.334,0.499,1.0
2025-09-13,HM56,24.0,0.502,0.667,0.82,1.0
2025-09-14,HM01,24.0,4.778,0.878,0.916,1.0
2025-09-14,HM12,24.0,1.412,2.868,0.509,1.0
2025-09-14,HM13,24.0,1.059,1.257,0.699,1.0
2025-09-14,HM14,24.0,0.987,2.669,0.231,1.0
2025-09-14,HM16,24.0,0.489,0.0,0.44,1.0
2025-09-14,HM20,24.0,0.969,2.465,0.498,1.0
2025-09-14,HM25,24.0,0.781,1.661,0.57,1.0
2025-09-14,HM30,24.0,0.651,4.952,0.663,1.0
2025-09-14,HM36,24.0,1.138,1.029,0.644,1.0
2025-09-14,HM43,24.0,1.039,1.906,0.499,1.0
2025-09-14,HM47,24.0,0.83,1.71,0.404,1.0
2025-09-14,HM50,24.0,1.653,1.205,0.499,1.0
2025-09-14,HM56,24.0,0.236,0.498,0.711,1.0
2025-09-15,HM01,24.0,1.069,0.722,0.405,1.5
2025-09-15,HM12,24.0,0.675,3.53,0.409,1.5
2025-09-15,HM13,24.0,0.605,3.744,0.529,1.5
2025-09-15,HM14,24.0,0.812,1.546,0.469,1.5
2025-09-15,HM16,24.0,0.742,2.474,0.375,1.5
2025-09-15,HM20,24.0,2.076,0.433,0.316,1.5
2025-09-15,HM25,24.0,0.434,1.725,0.788,1.5
2025-09-15,HM30,24.0,3.444,2.093,0.558,1.5
2025-09-15,HM36,24.0,0.934,0.0,0.42,1.5
2025-09-15,HM43,24.0,1.527,3.002,0.964,1.5
2025-09-15,HM47,24.0,0.667,1.396,0.393,1.5
2025-09-15,HM50,24.0,0.871,1.424,0.185,1.5
2025-09-15,HM56,24.0,0.856,0.973,1.287,1.5
2025-09-16,HM01,24.0,0.687,1.312,0.737,1.5
2025-09-16,HM12,24.0,1.931,1.844,0.474,1.5
2025-09-16,HM13,24.0,1.652,2.434,0.546,1.5
2025-09-16,HM14,24.0,5.341,2.949,0.327,1.5
2025-09-16,HM16,24.0,1.945,2.306,0.642,1.5
2025-09-16,HM20,24.0,1.269,1.631,0.218,1.5
2025-09-16,HM25,24.0,0.864,1.757,0.46,1.5
2025-09-16,HM30,24.0,0.486,0.897,0.351,1.5
2025-09-16,HM36,24.0,0.898,0.335,0.307,1.5
2025-09-16,HM43,24.0,0.457,0.263,0.81,1.5
2025-09-16,HM47,24.0,1.404,1.576,0.454,1.5
2025-09-16,HM50,24.0,0.727,0.806,0.333,1.5
2025-09-16,HM56,24.0,1.165,5.024,0.383,1.5
2025-09-17,HM01,24.0,0.645,3.24,0.604,1.5
2025-09-17,HM12,24.0,0.773,2.346,0.331,1.5
2025-09-17,HM13,24.0,1.236,0.378,0.326,1.5
2025-09-17,HM14,24.0,1.179,2.157,0.381,1.5
2025-09-17,HM16,24.0,1.682,2.683,0.4,1.5
2025-09-17,HM20,24.0,1.64,3.982,0.315,1.5
2025-09-17,HM25,24.0,1.133,2.016,0.612,1.5
2025-09-17,HM30,24.0,1.001,1.168,0.902,1.5
2025-09-17,HM36,24.0,0.484,0.798,0.52,1.5
2025-09-17,HM43,24.0,0.56,0.423,0.645,1.5
2025-09-17,HM47,24.0,1.017,1.02,0.261,1.5
2025-09-17,HM50,24.0,0.567,0.585,0.576,1.5
2025-09-17,HM56,24.0,0.776,4.935,0.495,1.5
2025-09-18,HM01,24.0,1.322,2.903,0.435,1.5
2025-09-18,HM12,24.0,3.645,4.865,0.308,1.5
2025-09-18,HM13,24.0,1.618,1.436,0.468,1.5
2025-09-18,HM14,24.0,0.536,4.396,0.394,1.5
2025-09-18,HM16,24.0,1.011,2.26,0.507,1.5
2025-09-18,HM20,24.0,3.207,1.093,0.447,1.5
2025-09-18,HM25,24.0,0.284,1.927,0.47,1.5
2025-09-18,HM30,24.0,0.238,1.744,0.853,1.5
2025-09-18,HM36,24.0,0.681,0.713,0.856,1.5
2025-09-18,HM43,24.0,1.394,0.446,0.479,1.5
2025-09-18,HM47,24.0,2.401,1.772,0.326,1.5
2025-09-18,HM50,24.0,0.728,1.843,0.511,1.5
2025-09-18,HM56,24.0,0.702,0.561,0.307,1.5
2025-09-19,HM01,24.0,1.857,2.02,0.332,1.5
2025-09-19,HM12,24.0,0.775,1.16,0.453,1.5
2025-09-19,HM13,24.0,1.673,5.206,0.8,1.5
2025-09-19,HM14,24.0,0.586,1.458,0.567,1.5
2025-09-19,HM16,24.0,0.446,0.437,0.34,1.5
2025-09-19,HM20,24.0,1.357,0.308,0.624,1.5
2025-09-19,HM25,24.0,0.78,2.202,0.44,1.5
2025-09-19,HM30,24.0,0.88,1.777,0.435,1.5
2025-09-19,HM36,24.0,1.765,4.807,1.188,1.5
2025-09-19,HM43,24.0,0.958,2.282,0.276,1.5
2025-09-19,HM47,24.0,1.476,1.007,0.53,1.5
2025-09-19,HM50,24.0,1.197,0.901,0.529,1.5
2025-09-19,HM56,24.0,0.242,0.82,0.405,1.5
2025-09-20,HM01,24.0,0.679,1.277,0.657,1.0
2025-09-20,HM12,24.0,3.281,2.372,0.91,1.0
2025-09-20,HM13,24.0,0.404,1.306,1.516,1.0
2025-09-20,HM14,24.0,1.076,2.623,0.377,1.0
2025-09-20,HM16,24.0,4.363,1.414,0.632,1.0
2025-09-20,HM20,24.0,0.495,0.766,0.635,1.0
2025-09-20,HM25,24.0,0.86,1.345,0.585,1.0
2025-09-20,HM30,24.0,0.598,1.764,0.36,1.0
2025-09-20,HM36,24.0,0.894,0.797,0.277,1.0
2025-09-20,HM43,24.0,0.364,6.298,0.533,1.0
2025-09-20,HM47,24.0,1.503,3.656,0.468,1.0
2025-09-20,HM50,24.0,0.854,0.695,1.058,1.0
2025-09-20,HM56,24.0,1.408,0.86,0.399,1.0
2025-09-21,HM01,24.0,0.355,2.601,0.713,1.0
2025-09-21,HM12,24.0,5.778,2.524,0.192,1.0
2025-09-21,HM13,24.0,3.598,1.421,0.444,1.0
2025-09-21,HM14,24.0,0.394,3.93,0.336,1.0
2025-09-21,HM16,24.0,1.346,0.978,0.356,1.0
2025-09-21,HM20,24.0,0.398,0.0,1.247,1.0
2025-09-21,HM25,24.0,1.417,0.618,0.293,1.0
2025-09-21,HM30,24.0,0.731,1.022,0.52,1.0
2025-09-21,HM36,24.0,2.485,0.712,0.307,1.0
2025-09-21,HM43,24.0,1.795,1.437,0.479,1.0
2025-09-21,HM47,24.0,0.56,1.161,1.038,1.0
2025-09-21,HM50,24.0,0.491,2.105,1.253,1.0
2025-09-21,HM56,24.0,0.634,3.586,0.646,1.0
2025-09-22,HM01,24.0,0.598,1.274,0.615,1.5
2025-09-22,HM12,24.0,1.78,3.705,0.602,1.5
2025-09-22,HM13,24.0,1.106,1.442,0.349,1.5
2025-09-22,HM14,24.0,3.81,3.03,0.801,1.5
2025-09-22,HM16,24.0,0.361,2.141,0.79,1.5
2025-09-22,HM20,24.0,0.828,0.45,0.374,1.5
2025-09-22,HM25,24.0,0.764,1.745,0.411,1.5
2025-09-22,HM30,24.0,0.384,2.384,0.33,1.5
2025-09-22,HM36,24.0,0.239,1.758,0.191,1.5
2025-09-22,HM43,24.0,6.643,1.902,0.591,1.5
2025-09-22,HM47,24.0,0.668,4.657,0.277,1.5
2025-09-22,HM50,24.0,4.439,0.0,0.999,1.5
2025-09-22,HM56,24.0,0.731,1.766,0.532,1.5
2025-09-23,HM01,24.0,0.649,2.036,0.361,1.5
2025-09-23,HM12,24.0,0.837,0.0,0.588,1.5
2025-09-23,HM13,24.0,0.859,1.117,0.503,1.5
2025-09-23,HM14,24.0,1.414,0.697,0.216,1.5
2025-09-23,HM16,24.0,2.026,2.205,0.412,1.5
2025-09-23,HM20,24.0,0.578,0.764,0.256,1.5
2025-09-23,HM25,24.0,0.487,1.447,0.755,1.5
2025-09-23,HM30,24.0,1.047,0.481,0.332,1.5
2025-09-23,HM36,24.0,1.498,1.132,0.388,1.5
2025-09-23,HM43,24.0,1.438,3.76,0.958,1.5
2025-09-23,HM47,24.0,0.338,4.781,0.797,1.5
2025-09-23,HM50,24.0,0.723,0.583,0.484,1.5
2025-09-23,HM56,24.0,0.852,1.038,0.579,1.5
2025-09-24,HM01,24.0,5.824,2.044,1.134,1.5
2025-09-24,HM12,24.0,0.95,1.172,0.813,1.5
2025-09-24,HM13,24.0,0.262,2.021,0.456,1.5
2025-09-24,HM14,24.0,0.467,1.648,0.823,1.5
2025-09-24,HM16,24.0,0.614,1.64,0.454,1.5
2025-09-24,HM20,24.0,0.981,2.201,0.501,1.5
2025-09-24,HM25,24.0,2.314,2.632,0.379,1.5
2025-09-24,HM30,24.0,0.716,0.656,0.549,1.5
2025-09-24,HM36,24.0,0.832,0.39,0.607,1.5
2025-09-24,HM43,24.0,0.848,2.567,0.444,1.5
2025-09-24,HM47,24.0,6.541,2.548,0.403,1.5
2025-09-24,HM50,24.0,0.524,0.575,0.705,1.5
2025-09-24,HM56,24.0,0.535,3.954,0.601,1.5
2025-09-25,HM01,24.0,2.144,1.077,0.398,1.5
2025-09-25,HM12,24.0,1.276,1.35,0.577,1.5
2025-09-25,HM13,24.0,1.448,0.701,0.628,1.5
2025-09-25,HM14,24.0,0.819,0.0,0.359,1.5
2025-09-25,HM16,24.0,2.376,0.95,0.322,1.5
2025-09-25,HM20,24.0,0.319,1.327,0.411,1.5
2025-09-25,HM25,24.0,1.521,0.0,0.987,1.5
2025-09-25,HM30,24.0,1.293,2.085,0.42,1.5
2025-09-25,HM36,24.0,0.375,2.211,0.295,1.5
2025-09-25,HM43,24.0,2.821,3.93,0.482,1.5
2025-09-25,HM47,24.0,0.466,0.719,0.727,1.5
2025-09-25,HM50,24.0,0.643,1.392,0.944,1.5
2025-09-25,HM56,24.0,0.676,3.521,0.628,1.5
2025-09-26,HM01,24.0,0.472,1.296,0.305,1.5
2025-09-26,HM12,24.0,0.479,4.634,0.567,1.5
2025-09-26,HM13,24.0,0.301,3.068,0.598,1.5
2025-09-26,HM14,24.0,4.182,4.903,0.535,1.5
2025-09-26,HM16,24.0,1.241,1.184,0.741,1.5
2025-09-26,HM20,24.0,1.103,0.996,0.657,1.5
2025-09-26,HM25,24.0,1.109,0.922,0.602,1.5
2025-09-26,HM30,24.0,1.186,0.91,0.418,1.5
2025-09-26,HM36,24.0,0.431,0.0,0.535,1.5
2025-09-26,HM43,24.0,0.731,2.716,0.45,1.5
2025-09-26,HM47,24.0,0.387,1.364,0.552,1.5
2025-09-26,HM50,24.0,1.25,1.006,0.435,1.5
2025-09-26,HM56,24.0,0.74,0.878,0.417,1.5
2025-09-27,HM01,24.0,1.284,1.548,0.533,1.0
2025-09-27,HM12,24.0,0.756,0.618,0.272,1.0
2025-09-27,HM13,24.0,1.465,1.492,0.35,1.0
2025-09-27,HM14,24.0,0.28,0.405,0.337,1.0
2025-09-27,HM16,24.0,0.835,1.573,0.663,1.0
2025-09-27,HM20,24.0,0.551,0.708,0.429,1.0
2025-09-27,HM25,24.0,0.996,3.667,0.807,1.0
2025-09-27,HM30,24.0,0.826,0.486,0.816,1.0
2025-09-27,HM36,24.0,2.221,0.0,0.471,1.0
2025-09-27,HM43,24.0,0.541,2.186,0.358,1.0
2025-09-27,HM47,24.0,1.339,3.848,0.751,1.0
2025-09-27,HM50,24.0,2.008,0.838,0.902,1.0
2025-09-27,HM56,24.0,3.775,0.523,0.58,1.0
2025-09-28,HM01,24.0,1.24,1.456,0.457,1.0
2025-09-28,HM12,24.0,0.839,1.444,0.293,1.0
2025-09-28,HM13,24.0,1.337,1.74,0.516,1.0
2025-09-28,HM14,24.0,0.907,0.531,0.49,1.0
2025-09-28,HM16,24.0,0.636,1.151,0.504,1.0
2025-09-28,HM20,24.0,4.067,0.262,0.272,1.0
2025-09-28,HM25,24.0,1.04,4.903,0.444,1.0
2025-09-28,HM30,24.0,0.619,0.512,0.426,1.0
2025-09-28,HM36,24.0,0.839,7.016,0.627,1.0
2025-09-28,HM43,24.0,1.169,1.874,0.351,1.0
2025-09-28,HM47,24.0,0.605,0.0,0.45,1.0
2025-09-28,HM50,24.0,0.504,1.224,0.522,1.0
2025-09-28,HM56,24.0,0.634,0.883,0.704,1.0
2025-09-29,HM01,24.0,1.022,0.227,0.544,1.5
2025-09-29,HM12,24.0,0.825,1.579,0.409,1.5
2025-09-29,HM13,24.0,1.163,1.185,0.335,1.5
2025-09-29,HM14,24.0,0.608,4.429,0.542,1.5
2025-09-29,HM16,24.0,1.133,2.857,0.259,1.5
2025-09-29,HM20,24.0,1.096,1.679,0.72,1.5
2025-09-29,HM25,24.0,0.386,0.0,0.698,1.5
2025-09-29,HM30,24.0,0.449,1.024,0.337,1.5
2025-09-29,HM36,24.0,0.811,3.723,0.483,1.5
2025-09-29,HM43,24.0,0.314,1.786,0.734,1.5
2025-09-29,HM47,24.0,0.887,0.0,0.434,1.5
2025-09-29,HM50,24.0,0.535,2.711,0.483,1.5
2025-09-29,HM56,24.0,0.518,3.889,0.78,1.5
2025-09-30,HM01,24.0,1.516,2.367,0.442,1.5
2025-09-30,HM12,24.0,0.68,0.372,0.644,1.5
2025-09-30,HM13,24.0,0.791,7.2,0.473,1.5
2025-09-30,HM14,24.0,2.509,6.029,0.373,1.5
2025-09-30,HM16,24.0,1.179,3.586,0.681,1.5
2025-09-30,HM20,24.0,0.461,1.584,0.218,1.5
2025-09-30,HM25,24.0,1.081,4.414,0.679,1.5
2025-09-30,HM30,24.0,1.884,1.221,0.472,1.5
2025-09-30,HM36,24.0,0.83,1.535,0.713,1.5
2025-09-30,HM43,24.0,1.024,0.572,0.331,1.5
2025-09-30,HM47,24.0,0.563,2.947,0.743,1.5
2025-09-30,HM50,24.0,0.607,0.0,0.454,1.5
2025-09-30,HM56,24.0,0.623,0.0,0.759,1.5
2025-10-01,HM01,24.0,0.55,1.274,0.453,1.5
2025-10-01,HM12,24.0,0.944,0.965,0.538,1.5
2025-10-01,HM13,24.0,1.478,2.642,0.322,1.5
2025-10-01,HM14,24.0,0.737,0.0,0.941,1.5
2025-10-01,HM16,24.0,0.565,2.72,0.677,1.5
2025-10-01,HM20,24.0,0.494,0.337,1.149,1.5
2025-10-01,HM25,24.0,1.634,0.927,0.283,1.5
2025-10-01,HM30,24.0,1.321,0.502,0.663,1.5
2025-10-01,HM36,24.0,0.915,1.679,0.353,1.5
2025-10-01,HM43,24.0,0.916,1.419,0.602,1.5
2025-10-01,HM47,24.0,0.396,0.48,0.676,1.5
2025-10-01,HM50,24.0,0.448,1.47,0.651,1.5
2025-10-01,HM56,24.0,6.755,1.485,0.489,1.5
2025-10-02,HM01,24.0,2.165,2.808,0.561,1.5
2025-10-02,HM12,24.0,0.765,1.795,0.55,1.5
2025-10-02,HM13,24.0,0.83,2.859,0.392,1.5
2025-10-02,HM14,24.0,0.889,1.243,0.256,1.5
2025-10-02,HM16,24.0,1.889,1.979,0.386,1.5
2025-10-02,HM20,24.0,0.428,1.39,0.291,1.5
2025-10-02,HM25,24.0,0.988,0.613,0.447,1.5
2025-10-02,HM30,24.0,0.605,1.406,0.286,1.5
2025-10-02,HM36,24.0,0.784,0.35,0.299,1.5
2025-10-02,HM43,24.0,2.803,2.721,0.491,1.5
2025-10-02,HM47,24.0,0.564,1.97,0.404,1.5
2025-10-02,HM50,24.0,0.681,3.427,1.019,1.5
2025-10-02,HM56,24.0,0.476,7.173,0.601,1.5
2025-10-03,HM01,24.0,1.165,0.0,0.395,1.5
2025-10-03,HM12,24.0,1.336,0.575,0.558,1.5
2025-10-03,HM13,24.0,2.138,1.171,0.905,1.5
2025-10-03,HM14,24.0,0.661,0.881,0.717,1.5
2025-10-03,HM16,24.0,0.413,2.199,0.38,1.5
2025-10-03,HM20,24.0,0.633,2.539,0.726,1.5
2025-10-03,HM25,24.0,1.1,0.896,0.548,1.5
2025-10-03,HM30,24.0,0.839,1.074,0.829,1.5
2025-10-03,HM36,24.0,0.831,0.785,0.521,1.5
2025-10-03,HM43,24.0,1.742,0.659,0.523,1.5
2025-10-03,HM47,24.0,1.43,1.703,0.376,1.5
2025-10-03,HM50,24.0,0.573,0.714,0.659,1.5
2025-10-03,HM56,24.0,0.99,1.197,0.404,1.5
2025-10-04,HM01,24.0,0.728,2.683,0.35,1.0
2025-10-04,HM12,24.0,0.54,6.187,0.364,1.0
2025-10-04,HM13,24.0,1.048,3.35,0.963,1.0
2025-10-04,HM14,24.0,1.511,1.946,0.286,1.0
2025-10-04,HM16,24.0,6.299,4.373,1.045,1.0
2025-10-04,HM20,24.0,0.922,0.751,0.439,1.0
2025-10-04,HM25,24.0,0.375,0.575,0.379,1.0
2025-10-04,HM30,24.0,0.587,0.457,0.31,1.0
2025-10-04,HM36,24.0,0.591,0.571,0.457,1.0
2025-10-04,HM43,24.0,0.813,1.798,0.394,1.0
2025-10-04,HM47,24.0,1.281,1.319,0.567,1.0
2025-10-04,HM50,24.0,0.415,0.663,0.691,1.0
2025-10-04,HM56,24.0,0.645,1.52,0.776,1.0
2025-10-05,HM01,24.0,0.508,1.187,0.754,1.0
2025-10-05,HM12,24.0,1.24,2.032,0.395,1.0
2025-10-05,HM13,24.0,0.911,3.67,0.74,1.0
2025-10-05,HM14,24.0,1.036,2.118,0.6,1.0
2025-10-05,HM16,24.0,0.747,4.0,0.453,1.0
2025-10-05,HM20,24.0,0.362,3.683,0.719,1.0
2025-10-05,HM25,24.0,0.413,1.139,0.846,1.0
2025-10-05,HM30,24.0,7.085,2.301,0.248,1.0
2025-10-05,HM36,24.0,1.113,1.456,0.581,1.0
2025-10-05,HM43,24.0,1.03,1.011,0.551,1.0
2025-10-05,HM47,24.0,0.565,0.245,0.594,1.0
2025-10-05,HM50,24.0,1.144,0.571,0.215,1.0
2025-10-05,HM56,24.0,0.972,0.885,1.181,1.0
2025-10-06,HM01,24.0,0.566,1.0,0.241,1.5
2025-10-06,HM12,24.0,5.915,0.334,0.512,1.5
2025-10-06,HM13,24.0,1.486,1.115,0.385,1.5
2025-10-06,HM14,24.0,1.089,1.83,0.161,1.5
2025-10-06,HM16,24.0,0.635,3.267,1.999,1.5
2025-10-06,HM20,24.0,1.335,1.867,0.592,1.5
2025-10-06,HM25,24.0,1.1,0.639,0.526,1.5
2025-10-06,HM30,24.0,5.003,1.692,0.35,1.5
2025-10-06,HM36,24.0,0.61,5.202,0.426,1.5
2025-10-06,HM43,24.0,0.795,0.0,0.28,1.5
2025-10-06,HM47,24.0,1.03,0.553,0.586,1.5
2025-10-06,HM50,24.0,1.028,0.766,0.516,1.5
2025-10-06,HM56,24.0,0.255,3.499,0.743,1.5
2025-10-07,HM01,24.0,0.402,1.608,0.35,1.5
2025-10-07,HM12,24.0,1.001,2.205,1.162,1.5
2025-10-07,HM13,24.0,4.467,1.255,0.516,1.5
2025-10-07,HM14,24.0,0.941,1.788,0.618,1.5
2025-10-07,HM16,24.0,1.205,0.725,0.427,1.5
2025-10-07,HM20,24.0,6.089,1.927,0.548,1.5
2025-10-07,HM25,24.0,0.588,2.812,0.701,1.5
2025-10-07,HM30,24.0,0.248,2.981,0.602,1.5
2025-10-07,HM36,24.0,1.192,1.775,0.457,1.5
2025-10-07,HM43,24.0,0.632,0.781,0.381,1.5
2025-10-07,HM47,24.0,1.019,5.56,0.747,1.5
2025-10-07,HM50,24.0,0.642,0.74,1.047,1.5
2025-10-07,HM56,24.0,1.585,0.932,0.5,1.5
2025-10-08,HM01,24.0,0.576,1.197,0.928,1.5
2025-10-08,HM12,24.0,0.867,2.44,0.252,1.5
2025-10-08,HM13,24.0,1.334,0.38,0.471,1.5
2025-10-08,HM14,24.0,1.859,1.212,0.891,1.5
2025-10-08,HM16,24.0,0.401,1.668,0.739,1.5
2025-10-08,HM20,24.0,1.467,0.501,0.572,1.5
2025-10-08,HM25,24.0,1.359,1.123,0.59,1.5
2025-10-08,HM30,24.0,1.36,1.548,0.571,1.5
2025-10-08,HM36,24.0,0.318,1.574,0.351,1.5
2025-10-08,HM43,24.0,1.139,3.671,0.371,1.5
2025-10-08,HM47,24.0,1.03,2.161,0.743,1.5
2025-10-08,HM50,24.0,0.867,2.123,0.403,1.5
2025-10-08,HM56,24.0,0.974,2.492,0.689,1.5
2025-10-09,HM01,24.0,0.526,0.601,0.343,1.5
2025-10-09,HM12,24.0,0.876,4.222,0.488,1.5
2025-10-09,HM13,24.0,1.92,3.419,0.609,1.5
2025-10-09,HM14,24.0,0.496,2.311,0.526,1.5
2025-10-09,HM16,24.0,0.479,2.006,0.761,1.5
2025-10-09,HM20,24.0,1.225,0.785,0.368,1.5
2025-10-09,HM25,24.0,0.927,1.091,0.462,1.5
2025-10-09,HM30,24.0,5.783,1.356,0.61,1.5
2025-10-09,HM36,24.0,2.988,1.266,0.473,1.5
2025-10-09,HM43,24.0,1.934,3.47,0.575,1.5
2025-10-09,HM47,24.0,1.734,2.311,0.544,1.5
2025-10-09,HM50,24.0,1.091,0.0,0.316,1.5
2025-10-09,HM56,24.0,1.385,3.763,0.829,1.5
2025-10-10,HM01,24.0,1.2,1.329,0.535,1.5
2025-10-10,HM12,24.0,1.165,0.534,0.512,1.5
2025-10-10,HM13,24.0,2.623,2.638,0.664,1.5
2025-10-10,HM14,24.0,0.384,1.804,0.368,1.5
2025-10-10,HM16,24.0,0.918,0.824,0.283,1.5
2025-10-10,HM20,24.0,0.847,2.27,0.536,1.5
2025-10-10,HM25,24.0,0.278,2.032,0.499,1.5
2025-10-10,HM30,24.0,0.675,1.056,0.586,1.5
2025-10-10,HM36,24.0,0.755,1.574,0.502,1.5
2025-10-10,HM43,24.0,1.045,0.81,0.186,1.5
2025-10-10,HM47,24.0,0.603,2.145,0.33,1.5
2025-10-10,HM50,24.0,2.128,3.989,0.544,1.5
2025-10-10,HM56,24.0,0.815,1.275,0.268,1.5
2025-10-11,HM01,24.0,1.439,3.585,0.356,1.0
2025-10-11,HM12,24.0,0.167,2.757,0.304,1.0
2025-10-11,HM13,24.0,0.428,2.643,0.813,1.0
2025-10-11,HM14,24.0,0.944,1.978,0.254,1.0
2025-10-11,HM16,24.0,0.756,2.287,0.517,1.0
2025-10-11,HM20,24.0,0.347,0.446,0.59,1.0
2025-10-11,HM25,24.0,0.504,1.119,0.484,1.0
2025-10-11,HM30,24.0,1.801,1.04,0.414,1.0
2025-10-11,HM36,24.0,1.334,0.642,0.335,1.0
2025-10-11,HM43,24.0,1.168,1.622,0.565,1.0
2025-10-11,HM47,24.0,0.405,1.575,0.503,1.0
2025-10-11,HM50,24.0,0.748,2.623,0.34,1.0
2025-10-11,HM56,24.0,5.728,1.378,0.584,1.0
2025-10-12,HM01,24.0,0.747,1.028,0.274,1.0
2025-10-12,HM12,24.0,0.58,3.712,0.456,1.0
2025-10-12,HM13,24.0,0.837,1.061,0.539,1.0
2025-10-12,HM14,24.0,0.98,0.946,0.308,1.0
2025-10-12,HM16,24.0,1.462,4.295,0.822,1.0
2025-10-12,HM20,24.0,1.635,1.719,0.673,1.0
2025-10-12,HM25,24.0,0.88,0.0,0.339,1.0
2025-10-12,HM30,24.0,0.444,2.35,0.293,1.0
2025-10-12,HM36,24.0,0.666,1.298,0.55,1.0
2025-10-12,HM43,24.0,1.133,0.711,0.659,1.0
2025-10-12,HM47,24.0,0.994,2.711,0.296,1.0
2025-10-12,HM50,24.0,0.568,3.548,0.647,1.0
2025-10-12,HM56,24.0,0.96,1.437,0.547,1.0
2025-10-13,HM01,24.0,0.382,1.388,0.318,1.5
2025-10-13,HM12,24.0,0.796,0.694,0.417,1.5
2025-10-13,HM13,24.0,0.737,0.569,0.397,1.5
2025-10-13,HM14,24.0,0.343,2.313,0.553,1.5
2025-10-13,HM16,24.0,0.734,1.077,0.936,1.5
2025-10-13,HM20,24.0,1.111,0.664,0.86,1.5
2025-10-13,HM25,24.0,0.293,0.578,1.266,1.5
2025-10-13,HM30,24.0,1.381,1.374,0.55,1.5
2025-10-13,HM36,24.0,0.239,3.211,0.466,1.5
2025-10-13,HM43,24.0,0.666,1.18,0.313,1.5
2025-10-13,HM47,24.0,1.18,1.541,0.701,1.5
2025-10-13,HM50,24.0,4.973,0.0,0.273,1.5
2025-10-13,HM56,24.0,0.37,1.34,0.253,1.5
2025-10-14,HM01,24.0,1.36,0.503,0.52,1.5
2025-10-14,HM12,24.0,1.077,0.898,0.528,1.5
2025-10-14,HM13,24.0,1.885,1.215,0.388,1.5
2025-10-14,HM14,24.0,1.298,1.938,0.755,1.5
2025-10-14,HM16,24.0,0.209,0.276,0.803,1.5
2025-10-14,HM20,24.0,0.353,0.0,0.232,1.5
2025-10-14,HM25,24.0,0.601,1.248,0.341,1.5
2025-10-14,HM30,24.0,2.782,4.069,0.752,1.5
2025-10-14,HM36,24.0,0.718,2.711,0.352,1.5
2025-10-14,HM43,24.0,1.794,3.175,0.675,1.5
2025-10-14,HM47,24.0,0.337,4.166,0.42,1.5
2025-10-14,HM50,24.0,1.439,0.0,0.395,1.5
2025-10-14,HM56,24.0,1.553,0.843,0.303,1.5
2025-10-15,HM01,24.0,0.19,0.865,0.682,1.5
2025-10-15,HM12,24.0,0.376,0.212,0.318,1.5
2025-10-15,HM13,24.0,1.093,0.912,0.735,1.5
2025-10-15,HM14,24.0,0.83,1.368,0.394,1.5
2025-10-15,HM16,24.0,0.411,1.907,0.332,1.5
2025-10-15,HM20,24.0,1.39,2.689,0.734,1.5
2025-10-15,HM25,24.0,0.917,1.672,0.862,1.5
2025-10-15,HM30,24.0,1.148,3.396,0.399,1.5
2025-10-15,HM36,24.0,0.168,0.944,0.212,1.5
2025-10-15,HM43,24.0,0.95,0.0,0.676,1.5
2025-10-15,HM47,24.0,1.118,1.208,0.764,1.5
2025-10-15,HM50,24.0,0.541,0.467,0.317,1.5
2025-10-15,HM56,24.0,0.774,1.345,0.994,1.5
2025-10-16,HM01,24.0,1.348,2.076,0.475,1.5
2025-10-16,HM12,24.0,1.054,5.609,0.473,1.5
2025-10-16,HM13,24.0,0.589,2.165,0.474,1.5
2025-10-16,HM14,24.0,1.34,0.0,0.248,1.5
2025-10-16,HM16,24.0,1.119,2.026,0.484,1.5
2025-10-16,HM20,24.0,0.658,2.712,0.623,1.5
2025-10-16,HM25,24.0,0.691,1.047,0.506,1.5
2025-10-16,HM30,24.0,0.631,1.661,0.561,1.5
2025-10-16,HM36,24.0,3.839,2.717,0.516,1.5
2025-10-16,HM43,24.0,1.522,1.346,0.626,1.5
2025-10-16,HM47,24.0,1.479,0.579,0.522,1.5
2025-10-16,HM50,24.0,0.924,1.56,1.183,1.5
2025-10-16,HM56,24.0,0.687,1.365,0.674,1.5
2025-10-17,HM01,24.0,1.345,0.601,0.606,1.5
2025-10-17,HM12,24.0,0.464,3.938,0.45,1.5
2025-10-17,HM13,24.0,0.926,0.421,0.469,1.5
2025-10-17,HM14,24.0,0.733,0.516,0.38,1.5
2025-10-17,HM16,24.0,0.85,3.281,1.024,1.5
2025-10-17,HM20,24.0,0.592,0.391,0.869,1.5
2025-10-17,HM25,24.0,0.266,1.975,0.484,1.5
2025-10-17,HM30,24.0,1.241,1.763,0.598,1.5
2025-10-17,HM36,24.0,0.812,3.156,0.576,1.5
2025-10-17,HM43,24.0,3.091,2.273,0.774,1.5
2025-10-17,HM47,24.0,0.872,0.664,0.287,1.5
2025-10-17,HM50,24.0,0.469,0.0,0.753,1.5
2025-10-17,HM56,24.0,1.248,1.764,0.457,1.5
2025-10-18,HM01,24.0,3.608,2.369,1.587,1.0
2025-10-18,HM12,24.0,3.741,1.987,0.393,1.0
2025-10-18,HM13,24.0,0.6,1.853,0.966,1.0
2025-10-18,HM14,24.0,1.787,2.443,0.611,1.0
2025-10-18,HM16,24.0,0.674,4.396,1.059,1.0
2025-10-18,HM20,24.0,1.046,0.0,0.612,1.0
2025-10-18,HM25,24.0,0.98,2.29,0.45,1.0
2025-10-18,HM30,24.0,0.37,0.426,0.686,1.0
2025-10-18,HM36,24.0,0.969,3.602,0.867,1.0
2025-10-18,HM43,24.0,7.63,2.213,0.489,1.0
2025-10-18,HM47,24.0,0.808,1.027,0.653,1.0
2025-10-18,HM50,24.0,0.76,0.184,0.501,1.0
2025-10-18,HM56,24.0,0.821,1.957,0.2,1.0
2025-10-19,HM01,24.0,1.365,1.284,0.711,1.0
2025-10-19,HM12,24.0,1.666,0.833,0.544,1.0
2025-10-19,HM13,24.0,2.511,0.872,0.938,1.0
2025-10-19,HM14,24.0,1.234,1.586,0.555,1.0
2025-10-19,HM16,24.0,1.254,1.622,0.331,1.0
2025-10-19,HM20,24.0,0.452,0.439,0.255,1.0
2025-10-19,HM25,24.0,0.387,3.267,0.268,1.0
2025-10-19,HM30,24.0,0.718,1.032,0.287,1.0
2025-10-19,HM36,24.0,1.67,0.21,0.39,1.0
2025-10-19,HM43,24.0,0.858,1.572,0.558,1.0
2025-10-19,HM47,24.0,1.743,1.592,0.304,1.0
2025-10-19,HM50,24.0,0.867,2.0,0.382,1.0
2025-10-19,HM56,24.0,0.924,1.464,1.007,1.0
2025-10-20,HM01,24.0,0.771,2.791,0.967,1.5
2025-10-20,HM12,24.0,1.028,1.759,0.533,1.5
2025-10-20,HM13,24.0,0.695,2.081,0.724,1.5
2025-10-20,HM14,24.0,1.877,3.172,0.418,1.5
2025-10-20,HM16,24.0,0.616,3.274,0.618,1.5
2025-10-20,HM20,24.0,1.408,1.361,0.318,1.5
2025-10-20,HM25,24.0,0.651,0.0,0.498,1.5
2025-10-20,HM30,24.0,0.738,0.0,0.41,1.5
2025-10-20,HM36,24.0,0.914,0.632,0.915,1.5
2025-10-20,HM43,24.0,1.355,2.849,0.665,1.5
2025-10-20,HM47,24.0,0.98,0.816,1.099,1.5
2025-10-20,HM50,24.0,0.682,2.297,0.345,1.5
2025-10-20,HM56,24.0,1.936,4.525,0.695,1.5
2025-10-21,HM01,24.0,0.646,0.638,1.596,1.5
2025-10-21,HM12,24.0,1.843,6.653,0.874,1.5
2025-10-21,HM13,24.0,0.84,1.265,0.576,1.5
2025-10-21,HM14,24.0,0.554,2.64,0.253,1.5
2025-10-21,HM16,24.0,0.668,0.0,0.497,1.5
2025-10-21,HM20,24.0,0.902,0.599,0.998,1.5
2025-10-21,HM25,24.0,0.556,0.0,0.311,1.5
2025-10-21,HM30,24.0,1.181,0.973,0.341,1.5
2025-10-21,HM36,24.0,1.78,2.865,0.606,1.5
2025-10-21,HM43,24.0,0.492,3.186,0.468,1.5
2025-10-21,HM47,24.0,1.144,0.276,0.438,1.5
2025-10-21,HM50,24.0,0.786,0.0,0.506,1.5
2025-10-21,HM56,24.0,1.821,0.552,0.589,1.5
2025-10-22,HM01,24.0,3.501,6.441,0.446,1.5
2025-10-22,HM12,24.0,0.477,2.039,0.437,1.5
2025-10-22,HM13,24.0,0.428,0.488,0.262,1.5
2025-10-22,HM14,24.0,2.508,3.235,0.432,1.5
2025-10-22,HM16,24.0,1.949,1.351,0.776,1.5
2025-10-22,HM20,24.0,1.074,3.518,0.534,1.5
2025-10-22,HM25,24.0,0.729,0.843,0.256,1.5
2025-10-22,HM30,24.0,0.823,3.65,0.395,1.5
2025-10-22,HM36,24.0,0.846,3.31,0.263,1.5
2025-10-22,HM43,24.0,0.862,7.2,0.262,1.5
2025-10-22,HM47,24.0,1.002,2.277,0.301,1.5
2025-10-22,HM50,24.0,3.616,4.226,0.273,1.5
2025-10-22,HM56,24.0,0.184,0.376,0.411,1.5
2025-10-23,HM01,24.0,1.253,3.825,0.5,1.5
2025-10-23,HM12,24.0,0.451,3.114,0.278,1.5
2025-10-23,HM13,24.0,0.947,4.971,0.259,1.5
2025-10-23,HM14,24.0,0.86,1.107,0.742,1.5
2025-10-23,HM16,24.0,1.784,3.511,0.394,1.5
2025-10-23,HM20,24.0,1.633,4.378,1.114,1.5
2025-10-23,HM25,24.0,1.251,1.018,0.372,1.5
2025-10-23,HM30,24.0,2.672,1.338,0.239,1.5
2025-10-23,HM36,24.0,0.515,1.766,0.374,1.5
2025-10-23,HM43,24.0,0.785,5.21,0.342,1.5
2025-10-23,HM47,24.0,1.038,6.855,0.382,1.5
2025-10-23,HM50,24.0,1.3,4.048,0.237,1.5
2025-10-23,HM56,24.0,0.828,0.0,0.598,1.5
2025-10-24,HM01,24.0,0.815,2.438,0.44,1.5
2025-10-24,HM12,24.0,0.587,1.839,0.317,1.5
2025-10-24,HM13,24.0,1.203,0.952,0.274,1.5
2025-10-24,HM14,24.0,0.879,3.509,0.51,1.5
2025-10-24,HM16,24.0,0.714,4.63,0.837,1.5
2025-10-24,HM20,24.0,4.085,0.238,0.261,1.5
2025-10-24,HM25,24.0,1.318,0.487,0.432,1.5
2025-10-24,HM30,24.0,1.492,0.268,0.693,1.5
2025-10-24,HM36,24.0,0.735,2.85,0.973,1.5
2025-10-24,HM43,24.0,1.368,3.283,1.265,1.5
2025-10-24,HM47,24.0,1.408,1.727,0.37,1.5
2025-10-24,HM50,24.0,1.311,0.564,0.613,1.5
2025-10-24,HM56,24.0,1.148,3.577,0.389,1.5
2025-10-25,HM01,24.0,1.104,1.002,0.804,1.0
2025-10-25,HM12,24.0,0.621,2.541,0.222,1.0
2025-10-25,HM13,24.0,0.657,2.344,0.396,1.0
2025-10-25,HM14,24.0,0.999,4.956,0.564,1.0
2025-10-25,HM16,24.0,0.371,1.298,0.277,1.0
2025-10-25,HM20,24.0,2.817,0.0,0.538,1.0
2025-10-25,HM25,24.0,0.968,0.526,0.838,1.0
2025-10-25,HM30,24.0,0.636,4.061,0.242,1.0
2025-10-25,HM36,24.0,5.905,0.38,0.404,1.0
2025-10-25,HM43,24.0,0.847,1.579,0.317,1.0
2025-10-25,HM47,24.0,1.03,2.311,0.282,1.0
2025-10-25,HM50,24.0,1.189,1.355,0.622,1.0
2025-10-25,HM56,24.0,0.447,6.373,0.407,1.0
2025-10-26,HM01,24.0,0.905,0.75,0.688,1.0
2025-10-26,HM12,24.0,0.331,2.182,1.465,1.0
2025-10-26,HM13,24.0,0.802,7.2,0.318,1.0
2025-10-26,HM14,24.0,0.435,1.831,0.801,1.0
2025-10-26,HM16,24.0,1.742,1.058,0.767,1.0
2025-10-26,HM20,24.0,0.696,2.892,0.363,1.0
2025-10-26,HM25,24.0,1.381,0.896,0.715,1.0
2025-10-26,HM30,24.0,0.442,0.467,0.245,1.0
2025-10-26,HM36,24.0,0.921,0.804,1.06,1.0
2025-10-26,HM43,24.0,0.813,1.933,0.442,1.0
2025-10-26,HM47,24.0,0.993,1.944,0.713,1.0
2025-10-26,HM50,24.0,0.621,3.048,0.42,1.0
2025-10-26,HM56,24.0,0.589,3.982,0.388,1.0
2025-10-27,HM01,24.0,1.399,2.702,0.297,1.5
2025-10-27,HM12,24.0,6.734,1.194,0.422,1.5
2025-10-27,HM13,24.0,0.65,1.45,0.531,1.5
2025-10-27,HM14,24.0,0.689,2.219,0.706,1.5
2025-10-27,HM16,24.0,0.835,3.139,0.532,1.5
2025-10-27,HM20,24.0,0.742,2.119,0.303,1.5
2025-10-27,HM25,24.0,0.883,2.348,0.621,1.5
2025-10-27,HM30,24.0,0.455,2.536,0.678,1.5
2025-10-27,HM36,24.0,0.217,1.412,0.625,1.5
2025-10-27,HM43,24.0,0.613,2.34,0.498,1.5
2025-10-27,HM47,24.0,1.68,2.321,0.303,1.5
2025-10-27,HM50,24.0,0.248,1.259,0.933,1.5
2025-10-27,HM56,24.0,0.704,3.349,0.544,1.5
2025-10-28,HM01,24.0,0.747,0.638,1.492,1.5
2025-10-28,HM12,24.0,1.725,0.667,0.376,1.5
2025-10-28,HM13,24.0,4.089,3.307,1.414,1.5
2025-10-28,HM14,24.0,0.325,1.912,0.778,1.5
2025-10-28,HM16,24.0,0.413,3.115,0.27,1.5
2025-10-28,HM20,24.0,0.734,0.0,0.646,1.5
2025-10-28,HM25,24.0,1.39,0.187,0.597,1.5
2025-10-28,HM30,24.0,3.691,3.013,0.536,1.5
2025-10-28,HM36,24.0,0.448,0.452,0.534,1.5
2025-10-28,HM43,24.0,3.792,0.917,0.333,1.5
2025-10-28,HM47,24.0,4.582,1.551,0.796,1.5
2025-10-28,HM50,24.0,1.007,0.478,0.405,1.5
2025-10-28,HM56,24.0,2.025,0.943,0.873,1.5
2025-10-29,HM01,24.0,0.809,2.065,0.646,1.5
2025-10-29,HM12,24.0,1.155,0.307,0.445,1.5
2025-10-29,HM13,24.0,0.96,1.341,0.379,1.5
2025-10-29,HM14,24.0,0.907,1.118,1.004,1.5
2025-10-29,HM16,24.0,0.423,0.711,0.264,1.5
2025-10-29,HM20,24.0,0.755,1.795,0.636,1.5
2025-10-29,HM25,24.0,0.658,0.0,0.801,1.5
2025-10-29,HM30,24.0,2.969,1.654,0.738,1.5
2025-10-29,HM36,24.0,1.358,1.152,0.506,1.5
2025-10-29,HM43,24.0,2.603,0.827,0.54,1.5
2025-10-29,HM47,24.0,6.048,0.61,0.438,1.5
2025-10-29,HM50,24.0,0.836,2.251,0.515,1.5
2025-10-29,HM56,24.0,0.613,2.802,1.136,1.5
2025-10-30,HM01,24.0,1.184,2.335,0.589,1.5
2025-10-30,HM12,24.0,0.744,1.127,1.393,1.5
2025-10-30,HM13,24.0,0.967,1.499,0.435,1.5
2025-10-30,HM14,24.0,0.909,0.554,0.561,1.5
2025-10-30,HM16,24.0,1.359,0.73,0.779,1.5
2025-10-30,HM20,24.0,1.321,0.361,0.401,1.5
2025-10-30,HM25,24.0,0.453,0.538,0.305,1.5
2025-10-30,HM30,24.0,0.707,0.0,0.431,1.5
2025-10-30,HM36,24.0,1.209,0.65,0.527,1.5
2025-10-30,HM43,24.0,0.741,0.549,0.643,1.5
2025-10-30,HM47,24.0,0.302,0.864,0.47,1.5
2025-10-30,HM50,24.0,0.418,2.533,0.766,1.5
2025-10-30,HM56,24.0,0.868,0.917,0.396,1.5
2025-10-31,HM01,24.0,1.399,1.405,0.446,1.5
2025-10-31,HM12,24.0,0.611,1.938,0.571,1.5
2025-10-31,HM13,24.0,3.426,5.151,0.508,1.5
2025-10-31,HM14,24.0,1.835,4.798,0.511,1.5
2025-10-31,HM16,24.0,0.768,5.713,0.472,1.5
2025-10-31,HM20,24.0,1.803,0.835,0.748,1.5
2025-10-31,HM25,24.0,0.483,0.445,0.382,1.5
2025-10-31,HM30,24.0,0.634,1.318,0.369,1.5
2025-10-31,HM36,24.0,0.657,0.507,0.557,1.5
2025-10-31,HM43,24.0,3.704,2.13,0.641,1.5
2025-10-31,HM47,24.0,2.686,1.261,0.455,1.5
2025-10-31,HM50,24.0,1.158,1.144,0.393,1.5
2025-10-31,HM56,24.0,0.396,2.337,0.326,1.5
2025-11-01,HM01,24.0,0.57,1.439,0.288,1.0
2025-11-01,HM12,24.0,1.021,2.659,0.557,1.0
2025-11-01,HM13,24.0,1.163,3.056,0.695,1.0
2025-11-01,HM14,24.0,1.085,1.213,0.362,1.0
2025-11-01,HM16,24.0,0.557,3.959,0.593,1.0
2025-11-01,HM20,24.0,0.242,3.218,0.459,1.0
2025-11-01,HM25,24.0,0.582,0.469,0.32,1.0
2025-11-01,HM30,24.0,1.196,0.784,0.478,1.0
2025-11-01,HM36,24.0,0.2,1.303,0.269,1.0
2025-11-01,HM43,24.0,2.401,2.693,0.343,1.0
2025-11-01,HM47,24.0,0.202,1.283,0.568,1.0
2025-11-01,HM50,24.0,1.628,2.069,0.654,1.0
2025-11-01,HM56,24.0,5.596,3.929,0.228,1.0
2025-11-02,HM01,24.0,0.576,0.386,0.524,1.0
2025-11-02,HM12,24.0,0.511,2.864,0.654,1.0
2025-11-02,HM13,24.0,1.708,1.07,0.432,1.0
2025-11-02,HM14,24.0,0.744,2.825,0.464,1.0
2025-11-02,HM16,24.0,0.494,1.442,0.546,1.0
2025-11-02,HM20,24.0,0.213,0.519,0.593,1.0
2025-11-02,HM25,24.0,0.301,2.944,0.359,1.0
2025-11-02,HM30,24.0,0.465,1.037,0.437,1.0
2025-11-02,HM36,24.0,2.216,1.893,0.45,1.0
2025-11-02,HM43,24.0,0.736,1.09,0.377,1.0
2025-11-02,HM47,24.0,0.808,1.744,0.739,1.0
2025-11-02,HM50,24.0,1.027,0.514,0.523,1.0
2025-11-02,HM56,24.0,0.835,1.608,0.777,1.0
2025-11-03,HM01,24.0,1.19,1.469,0.724,1.5
2025-11-03,HM12,24.0,1.924,4.131,0.468,1.5
2025-11-03,HM13,24.0,0.315,0.76,0.738,1.5
2025-11-03,HM14,24.0,1.411,4.5,0.319,1.5
2025-11-03,HM16,24.0,1.802,3.822,0.523,1.5
2025-11-03,HM20,24.0,0.666,0.907,0.298,1.5
2025-11-03,HM25,24.0,0.522,0.62,0.387,1.5
2025-11-03,HM30,24.0,0.776,0.644,0.88,1.5
2025-11-03,HM36,24.0,0.691,2.433,0.825,1.5
2025-11-03,HM43,24.0,0.686,1.452,0.373,1.5
2025-11-03,HM47,24.0,0.819,0.674,0.448,1.5
2025-11-03,HM50,24.0,0.521,0.383,0.283,1.5
2025-11-03,HM56,24.0,2.031,0.959,0.506,1.5
2025-11-04,HM01,24.0,1.451,2.65,0.621,1.5
2025-11-04,HM12,24.0,0.953,0.29,0.615,1.5
2025-11-04,HM13,24.0,1.68,6.069,0.565,1.5
2025-11-04,HM14,24.0,1.87,2.461,0.471,1.5
2025-11-04,HM16,24.0,0.534,0.44,0.862,1.5
2025-11-04,HM20,24.0,0.777,2.913,0.686,1.5
2025-11-04,HM25,24.0,0.683,4.966,0.498,1.5
2025-11-04,HM30,24.0,0.464,1.032,0.394,1.5
2025-11-04,HM36,24.0,2.519,0.575,0.532,1.5
2025-11-04,HM43,24.0,1.392,0.836,0.648,1.5
2025-11-04,HM47,24.0,0.473,2.212,0.755,1.5
2025-11-04,HM50,24.0,0.369,0.0,0.412,1.5
2025-11-04,HM56,24.0,1.217,0.0,0.344,1.5
2025-11-05,HM01,24.0,1.111,2.168,0.341,1.5
2025-11-05,HM12,24.0,0.99,0.55,0.766,1.5
2025-11-05,HM13,24.0,0.346,4.296,0.799,1.5
2025-11-05,HM14,24.0,1.381,0.698,0.611,1.5
2025-11-05,HM16,24.0,3.308,5.946,0.66,1.5
2025-11-05,HM20,24.0,0.624,0.229,0.691,1.5
2025-11-05,HM25,24.0,1.628,3.698,0.33,1.5
2025-11-05,HM30,24.0,1.272,0.0,0.644,1.5
2025-11-05,HM36,24.0,1.021,3.139,0.314,1.5
2025-11-05,HM43,24.0,3.758,0.0,0.37,1.5
2025-11-05,HM47,24.0,2.302,1.657,0.49,1.5
2025-11-05,HM50,24.0,0.453,0.587,0.402,1.5
2025-11-05,HM56,24.0,0.445,2.311,0.383,1.5
2025-11-06,HM01,24.0,0.248,0.886,0.753,1.5
2025-11-06,HM12,24.0,0.786,1.101,0.64,1.5
2025-11-06,HM13,24.0,0.567,1.444,0.38,1.5
2025-11-06,HM14,24.0,7.034,4.01,0.683,1.5
2025-11-06,HM16,24.0,0.862,1.622,0.224,1.5
2025-11-06,HM20,24.0,0.72,0.679,0.608,1.5
2025-11-06,HM25,24.0,0.815,2.032,0.474,1.5
2025-11-06,HM30,24.0,0.657,2.172,0.368,1.5
2025-11-06,HM36,24.0,1.038,4.0,0.596,1.5
2025-11-06,HM43,24.0,3.608,1.85,0.71,1.5
2025-11-06,HM47,24.0,0.441,0.516,0.481,1.5
2025-11-06,HM50,24.0,1.286,1.594,0.394,1.5
2025-11-06,HM56,24.0,1.551,0.976,0.308,1.5
2025-11-07,HM01,24.0,0.549,3.659,0.572,1.5
2025-11-07,HM12,24.0,0.628,2.13,0.719,1.5
2025-11-07,HM13,24.0,0.861,1.674,0.484,1.5
2025-11-07,HM14,24.0,1.209,1.721,0.455,1.5
2025-11-07,HM16,24.0,0.248,1.441,0.529,1.5
2025-11-07,HM20,24.0,0.46,2.987,0.34,1.5
2025-11-07,HM25,24.0,0.993,1.198,0.549,1.5
2025-11-07,HM30,24.0,1.211,1.636,0.256,1.5
2025-11-07,HM36,24.0,0.24,6.0,0.506,1.5
2025-11-07,HM43,24.0,0.401,1.277,0.911,1.5
2025-11-07,HM47,24.0,0.784,1.227,0.604,1.5
2025-11-07,HM50,24.0,0.741,1.985,0.244,1.5
2025-11-07,HM56,24.0,1.061,5.927,0.248,1.5
2025-11-08,HM01,24.0,0.825,2.189,0.497,1.0
2025-11-08,HM12,24.0,1.393,0.733,0.316,1.0
2025-11-08,HM13,24.0,0.866,3.198,0.187,1.0
2025-11-08,HM14,24.0,0.455,7.2,0.956,1.0
2025-11-08,HM16,24.0,1.633,0.959,0.385,1.0
2025-11-08,HM20,24.0,0.579,1.695,0.332,1.0
2025-11-08,HM25,24.0,0.677,1.683,0.536,1.0
2025-11-08,HM30,24.0,0.772,4.683,0.6,1.0
2025-11-08,HM36,24.0,0.884,0.825,0.407,1.0
2025-11-08,HM43,24.0,2.414,1.494,0.665,1.0
2025-11-08,HM47,24.0,1.326,2.522,0.709,1.0
2025-11-08,HM50,24.0,0.874,0.538,0.424,1.0
2025-11-08,HM56,24.0,0.997,0.593,0.814,1.0
2025-11-09,HM01,24.0,0.906,0.75,0.345,1.0
2025-11-09,HM12,24.0,1.857,0.875,0.652,1.0
2025-11-09,HM13,24.0,0.735,7.2,0.686,1.0
2025-11-09,HM14,24.0,1.101,4.164,0.56,1.0
2025-11-09,HM16,24.0,0.325,1.209,0.301,1.0
2025-11-09,HM20,24.0,0.87,0.834,0.441,1.0
2025-11-09,HM25,24.0,1.616,2.695,0.86,1.0
2025-11-09,HM30,24.0,0.716,0.0,0.421,1.0
2025-11-09,HM36,24.0,0.913,0.539,0.461,1.0
2025-11-09,HM43,24.0,1.736,0.0,0.984,1.0
2025-11-09,HM47,24.0,4.085,0.879,0.385,1.0
2025-11-09,HM50,24.0,0.311,2.087,0.347,1.0
2025-11-09,HM56,24.0,1.473,1.804,0.573,1.0
2025-11-10,HM01,24.0,0.768,1.445,0.407,1.5
2025-11-10,HM12,24.0,3.104,1.84,0.464,1.5
2025-11-10,HM13,24.0,3.237,0.862,0.385,1.5
2025-11-10,HM14,24.0,0.836,1.939,0.999,1.5
2025-11-10,HM16,24.0,0.829,3.599,0.507,1.5
2025-11-10,HM20,24.0,1.018,0.634,0.577,1.5
2025-11-10,HM25,24.0,0.673,0.837,1.001,1.5
2025-11-10,HM30,24.0,6.336,2.259,0.584,1.5
2025-11-10,HM36,24.0,1.884,0.582,1.119,1.5
2025-11-10,HM43,24.0,0.74,2.822,0.679,1.5
2025-11-10,HM47,24.0,0.578,0.675,0.367,1.5
2025-11-10,HM50,24.0,0.95,0.662,0.196,1.5
2025-11-10,HM56,24.0,0.525,2.559,0.58,1.5
2025-11-11,HM01,24.0,1.208,3.376,0.431,1.5
2025-11-11,HM12,24.0,0.247,4.216,0.762,1.5
2025-11-11,HM13,24.0,3.467,6.402,0.511,1.5
2025-11-11,HM14,24.0,0.709,2.735,0.238,1.5
2025-11-11,HM16,24.0,0.671,1.264,0.378,1.5
2025-11-11,HM20,24.0,1.065,1.311,0.637,1.5
2025-11-11,HM25,24.0,0.857,1.252,0.374,1.5
2025-11-11,HM30,24.0,0.386,3.0,0.874,1.5
2025-11-11,HM36,24.0,0.658,7.2,0.346,1.5
2025-11-11,HM43,24.0,0.739,0.683,0.336,1.5
2025-11-11,HM47,24.0,0.603,0.92,0.541,1.5
2025-11-11,HM50,24.0,0.974,0.0,0.313,1.5
2025-11-11,HM56,24.0,4.101,2.341,0.348,1.5
2025-11-12,HM01,24.0,0.953,1.274,0.489,1.5
2025-11-12,HM12,24.0,0.938,4.021,0.549,1.5
2025-11-12,HM13,24.0,5.848,1.065,0.409,1.5
2025-11-12,HM14,24.0,0.498,0.0,0.391,1.5
2025-11-12,HM16,24.0,3.364,2.153,0.344,1.5
2025-11-12,HM20,24.0,1.077,0.79,0.331,1.5
2025-11-12,HM25,24.0,0.294,2.018,0.485,1.5
2025-11-12,HM30,24.0,0.819,3.086,0.544,1.5
2025-11-12,HM36,24.0,6.123,1.359,0.268,1.5
2025-11-12,HM43,24.0,0.718,0.65,0.544,1.5
2025-11-12,HM47,24.0,2.744,3.857,0.265,1.5
2025-11-12,HM50,24.0,0.61,0.912,0.454,1.5
2025-11-12,HM56,24.0,0.592,0.557,0.431,1.5
2025-11-13,HM01,24.0,0.638,0.88,0.577,1.5
2025-11-13,HM12,24.0,1.594,0.575,0.509,1.5
2025-11-13,HM13,24.0,0.51,2.841,0.879,1.5
2025-11-13,HM14,24.0,1.061,1.091,0.562,1.5
2025-11-13,HM16,24.0,0.448,5.193,0.622,1.5
2025-11-13,HM20,24.0,0.705,0.0,0.396,1.5
2025-11-13,HM25,24.0,0.873,0.354,0.385,1.5
2025-11-13,HM30,24.0,2.249,2.796,0.373,1.5
2025-11-13,HM36,24.0,0.941,6.648,0.578,1.5
2025-11-13,HM43,24.0,1.303,1.527,0.52,1.5
2025-11-13,HM47,24.0,1.074,3.148,0.435,1.5
2025-11-13,HM50,24.0,0.609,1.769,0.393,1.5
2025-11-13,HM56,24.0,1.271,2.815,0.508,1.5
2025-11-14,HM01,24.0,0.678,0.574,0.641,1.5
2025-11-14,HM12,24.0,0.751,2.168,0.947,1.5
2025-11-14,HM13,24.0,0.83,0.708,1.245,1.5
2025-11-14,HM14,24.0,0.69,4.291,0.782,1.5
2025-11-14,HM16,24.0,0.536,0.925,0.39,1.5
2025-11-14,HM20,24.0,0.454,0.555,0.212,1.5
2025-11-14,HM25,24.0,1.237,1.294,0.365,1.5
2025-11-14,HM30,24.0,0.323,2.104,0.459,1.5
2025-11-14,HM36,24.0,0.343,1.549,0.314,1.5
2025-11-14,HM43,24.0,0.937,0.282,0.816,1.5
2025-11-14,HM47,24.0,1.324,1.085,0.412,1.5
2025-11-14,HM50,24.0,0.533,0.0,0.394,1.5
2025-11-14,HM56,24.0,0.649,0.753,0.381,1.5
2025-11-15,HM01,24.0,0.361,2.101,0.331,1.0
2025-11-15,HM12,24.0,0.687,2.954,0.865,1.0
2025-11-15,HM13,24.0,1.762,2.475,0.387,1.0
2025-11-15,HM14,24.0,1.063,4.234,0.42,1.0
2025-11-15,HM16,24.0,0.639,6.554,1.195,1.0
2025-11-15,HM20,24.0,0.663,0.44,0.313,1.0
2025-11-15,HM25,24.0,1.652,2.012,0.546,1.0
2025-11-15,HM30,24.0,0.68,0.281,0.47,1.0
2025-11-15,HM36,24.0,4.747,0.351,0.591,1.0
2025-11-15,HM43,24.0,0.774,0.504,0.908,1.0
2025-11-15,HM47,24.0,1.556,1.718,0.37,1.0
2025-11-15,HM50,24.0,0.439,2.291,0.601,1.0
2025-11-15,HM56,24.0,1.774,3.524,0.659,1.0
2025-11-16,HM01,24.0,0.87,1.693,0.348,1.0
2025-11-16,HM12,24.0,0.43,1.268,0.342,1.0
2025-11-16,HM13,24.0,0.243,3.894,0.324,1.0
2025-11-16,HM14,24.0,0.558,2.49,0.802,1.0
2025-11-16,HM16,24.0,1.155,2.221,0.393,1.0
2025-11-16,HM20,24.0,0.639,0.634,0.478,1.0
2025-11-16,HM25,24.0,0.519,4.787,0.435,1.0
2025-11-16,HM30,24.0,1.044,3.098,0.325,1.0
2025-11-16,HM36,24.0,0.756,0.896,0.52,1.0
2025-11-16,HM43,24.0,2.213,0.86,0.441,1.0
2025-11-16,HM47,24.0,0.387,2.009,0.711,1.0
2025-11-16,HM50,24.0,0.86,1.694,0.413,1.0
2025-11-16,HM56,24.0,1.275,3.135,0.526,1.0
2025-11-17,HM01,24.0,1.209,3.303,0.45,1.5
2025-11-17,HM12,24.0,0.666,1.019,0.607,1.5
2025-11-17,HM13,24.0,1.083,6.111,0.337,1.5
2025-11-17,HM14,24.0,1.176,1.603,0.756,1.5
2025-11-17,HM16,24.0,5.678,1.815,0.567,1.5
2025-11-17,HM20,24.0,7.098,2.02,0.828,1.5
2025-11-17,HM25,24.0,1.212,4.676,0.373,1.5
2025-11-17,HM30,24.0,0.596,0.998,0.462,1.5
2025-11-17,HM36,24.0,2.919,0.867,0.975,1.5
2025-11-17,HM43,24.0,0.331,1.202,0.61,1.5
2025-11-17,HM47,24.0,1.251,1.466,0.825,1.5
2025-11-17,HM50,24.0,0.811,0.0,0.351,1.5
2025-11-17,HM56,24.0,0.457,1.307,0.247,1.5
2025-11-18,HM01,24.0,0.609,1.73,0.807,1.5
2025-11-18,HM12,24.0,0.908,0.545,0.318,1.5
2025-11-18,HM13,24.0,1.032,1.85,0.372,1.5
2025-11-18,HM14,24.0,0.503,2.493,0.307,1.5
2025-11-18,HM16,24.0,0.56,1.921,0.357,1.5
2025-11-18,HM20,24.0,0.634,1.206,0.332,1.5
2025-11-18,HM25,24.0,0.694,0.862,0.433,1.5
2025-11-18,HM30,24.0,0.581,0.291,0.601,1.5
2025-11-18,HM36,24.0,1.168,3.274,0.642,1.5
2025-11-18,HM43,24.0,1.443,3.165,0.438,1.5
2025-11-18,HM47,24.0,0.751,1.197,0.478,1.5
2025-11-18,HM50,24.0,0.337,2.362,0.523,1.5
2025-11-18,HM56,24.0,2.111,1.441,0.861,1.5
2025-11-19,HM01,24.0,0.339,0.585,0.554,1.5
2025-11-19,HM12,24.0,0.53,0.917,0.663,1.5
2025-11-19,HM13,24.0,1.552,1.629,0.351,1.5
2025-11-19,HM14,24.0,0.285,2.137,0.737,1.5
2025-11-19,HM16,24.0,3.847,0.0,0.765,1.5
2025-11-19,HM20,24.0,0.757,1.594,0.335,1.5
2025-11-19,HM25,24.0,1.043,0.456,0.811,1.5
2025-11-19,HM30,24.0,0.557,1.62,0.709,1.5
2025-11-19,HM36,24.0,0.737,0.742,0.575,1.5
2025-11-19,HM43,24.0,0.544,4.178,0.834,1.5
2025-11-19,HM47,24.0,1.064,1.15,0.486,1.5
2025-11-19,HM50,24.0,2.256,1.399,0.391,1.5
2025-11-19,HM56,24.0,0.417,0.953,0.575,1.5
2025-11-20,HM01,24.0,0.813,5.058,0.244,1.5
2025-11-20,HM12,24.0,0.68,2.999,0.541,1.5
2025-11-20,HM13,24.0,2.331,1.195,0.359,1.5
2025-11-20,HM14,24.0,4.67,0.523,1.083,1.5
2025-11-20,HM16,24.0,1.291,0.946,0.47,1.5
2025-11-20,HM20,24.0,0.51,0.0,0.325,1.5
2025-11-20,HM25,24.0,0.893,0.54,0.606,1.5
2025-11-20,HM30,24.0,0.782,0.454,0.513,1.5
2025-11-20,HM36,24.0,0.769,1.374,0.835,1.5
2025-11-20,HM43,24.0,0.897,1.69,0.379,1.5
2025-11-20,HM47,24.0,0.476,1.99,0.451,1.5
2025-11-20,HM50,24.0,1.752,1.421,0.549,1.5
2025-11-20,HM56,24.0,3.161,0.669,0.602,1.5
2025-11-21,HM01,24.0,5.811,2.113,0.461,1.5
2025-11-21,HM12,24.0,1.735,3.018,0.343,1.5
2025-11-21,HM13,24.0,3.207,2.773,0.893,1.5
2025-11-21,HM14,24.0,0.692,0.988,0.902,1.5
2025-11-21,HM16,24.0,2.019,3.231,0.256,1.5
2025-11-21,HM20,24.0,1.37,3.805,0.447,1.5
2025-11-21,HM25,24.0,2.447,1.72,0.974,1.5
2025-11-21,HM30,24.0,0.91,0.658,0.442,1.5
2025-11-21,HM36,24.0,1.558,0.469,0.968,1.5
2025-11-21,HM43,24.0,0.369,1.229,0.606,1.5
2025-11-21,HM47,24.0,0.572,0.807,0.478,1.5
2025-11-21,HM50,24.0,0.806,2.729,0.569,1.5
2025-11-21,HM56,24.0,0.393,7.2,0.365,1.5
2025-11-22,HM01,24.0,0.998,0.658,0.842,1.0
2025-11-22,HM12,24.0,0.759,3.067,0.561,1.0
2025-11-22,HM13,24.0,0.989,2.032,0.652,1.0
2025-11-22,HM14,24.0,1.478,7.2,0.52,1.0
2025-11-22,HM16,24.0,0.699,0.743,0.381,1.0
2025-11-22,HM20,24.0,0.434,0.576,0.601,1.0
2025-11-22,HM25,24.0,0.668,0.705,0.549,1.0
2025-11-22,HM30,24.0,0.376,3.114,0.445,1.0
2025-11-22,HM36,24.0,1.535,0.858,0.626,1.0
2025-11-22,HM43,24.0,1.106,3.705,0.472,1.0
2025-11-22,HM47,24.0,0.709,0.637,0.656,1.0
2025-11-22,HM50,24.0,1.141,2.755,0.456,1.0
2025-11-22,HM56,24.0,0.755,0.0,0.299,1.0
2025-11-23,HM01,24.0,0.359,0.639,0.384,1.0
2025-11-23,HM12,24.0,5.774,0.596,0.742,1.0
2025-11-23,HM13,24.0,0.758,4.056,0.326,1.0
2025-11-23,HM14,24.0,1.64,1.217,0.539,1.0
2025-11-23,HM16,24.0,0.749,0.674,0.555,1.0
2025-11-23,HM20,24.0,0.214,1.948,0.253,1.0
2025-11-23,HM25,24.0,2.591,3.349,1.094,1.0
2025-11-23,HM30,24.0,1.031,2.731,0.77,1.0
2025-11-23,HM36,24.0,0.762,3.903,0.777,1.0
2025-11-23,HM43,24.0,1.659,0.807,0.467,1.0
2025-11-23,HM47,24.0,2.204,3.328,0.561,1.0
2025-11-23,HM50,24.0,0.473,0.409,0.569,1.0
2025-11-23,HM56,24.0,0.786,1.242,0.528,1.0
2025-11-24,HM01,24.0,0.687,4.715,0.794,1.5
2025-11-24,HM12,24.0,1.194,1.035,0.35,1.5
2025-11-24,HM13,24.0,0.846,7.2,0.816,1.5
2025-11-24,HM14,24.0,2.502,2.34,0.558,1.5
2025-11-24,HM16,24.0,0.999,1.673,0.362,1.5
2025-11-24,HM20,24.0,1.632,0.741,0.822,1.5
2025-11-24,HM25,24.0,0.814,0.659,0.389,1.5
2025-11-24,HM30,24.0,2.829,1.64,0.726,1.5
2025-11-24,HM36,24.0,0.536,0.0,0.328,1.5
2025-11-24,HM43,24.0,1.621,7.2,0.421,1.5
2025-11-24,HM47,24.0,0.827,1.645,0.477,1.5
2025-11-24,HM50,24.0,2.03,0.412,0.492,1.5
2025-11-24,HM56,24.0,0.686,1.894,0.533,1.5
2025-11-25,HM01,24.0,1.122,0.694,0.302,1.5
2025-11-25,HM12,24.0,0.307,1.707,0.439,1.5
2025-11-25,HM13,24.0,1.409,1.123,0.925,1.5
2025-11-25,HM14,24.0,0.56,1.775,0.334,1.5
2025-11-25,HM16,24.0,0.711,2.944,0.673,1.5
2025-11-25,HM20,24.0,1.761,0.619,0.45,1.5
2025-11-25,HM25,24.0,6.797,2.542,0.609,1.5
2025-11-25,HM30,24.0,0.799,2.789,0.599,1.5
2025-11-25,HM36,24.0,0.382,3.341,0.532,1.5
2025-11-25,HM43,24.0,1.317,1.68,0.709,1.5
2025-11-25,HM47,24.0,5.607,3.575,0.366,1.5
2025-11-25,HM50,24.0,1.348,1.383,0.795,1.5
2025-11-25,HM56,24.0,2.35,6.163,0.647,1.5
2025-11-26,HM01,24.0,0.408,0.333,0.781,1.5
2025-11-26,HM12,24.0,1.403,1.001,0.495,1.5
2025-11-26,HM13,24.0,1.505,1.209,0.977,1.5
2025-11-26,HM14,24.0,1.142,0.827,0.912,1.5
2025-11-26,HM16,24.0,0.968,0.69,1.224,1.5
2025-11-26,HM20,24.0,4.317,0.982,0.225,1.5
2025-11-26,HM25,24.0,0.295,2.477,0.546,1.5
2025-11-26,HM30,24.0,1.218,0.332,0.826,1.5
2025-11-26,HM36,24.0,0.799,2.045,2.0,1.5
2025-11-26,HM43,24.0,1.058,3.073,0.798,1.5
2025-11-26,HM47,24.0,0.508,4.573,0.566,1.5
2025-11-26,HM50,24.0,0.414,0.0,0.689,1.5
2025-11-26,HM56,24.0,1.729,2.161,0.32,1.5
2025-11-27,HM01,24.0,1.176,5.938,0.424,1.5
2025-11-27,HM12,24.0,0.455,1.589,0.404,1.5
2025-11-27,HM13,24.0,1.348,0.381,0.64,1.5
2025-11-27,HM14,24.0,1.582,0.75,0.354,1.5
2025-11-27,HM16,24.0,0.77,1.488,0.501,1.5
2025-11-27,HM20,24.0,3.442,0.962,0.571,1.5
2025-11-27,HM25,24.0,0.881,0.539,0.495,1.5
2025-11-27,HM30,24.0,0.663,0.722,0.561,1.5
2025-11-27,HM36,24.0,0.788,0.707,0.746,1.5
2025-11-27,HM43,24.0,3.562,1.017,0.684,1.5
2025-11-27,HM47,24.0,0.309,0.0,0.952,1.5
2025-11-27,HM50,24.0,0.857,0.0,0.71,1.5
2025-11-27,HM56,24.0,0.894,0.931,0.431,1.5
2025-11-28,HM01,24.0,1.116,1.59,0.493,1.5
2025-11-28,HM12,24.0,0.579,2.732,0.371,1.5
2025-11-28,HM13,24.0,1.1,1.795,0.425,1.5
2025-11-28,HM14,24.0,0.683,1.713,0.647,1.5
2025-11-28,HM16,24.0,0.83,1.703,0.265,1.5
2025-11-28,HM20,24.0,0.755,1.834,0.504,1.5
2025-11-28,HM25,24.0,0.642,1.864,0.704,1.5
2025-11-28,HM30,24.0,1.923,3.475,0.621,1.5
2025-11-28,HM36,24.0,5.17,1.452,1.263,1.5
2025-11-28,HM43,24.0,1.861,2.305,0.983,1.5
2025-11-28,HM47,24.0,1.416,3.423,0.528,1.5
2025-11-28,HM50,24.0,1.057,0.0,0.709,1.5
2025-11-28,HM56,24.0,0.832,1.408,0.547,1.5
2025-11-29,HM01,24.0,0.463,0.724,0.383,1.0
2025-11-29,HM12,24.0,1.073,5.837,0.699,1.0
2025-11-29,HM13,24.0,0.72,3.34,0.673,1.0
2025-11-29,HM14,24.0,4.697,2.067,0.773,1.0
2025-11-29,HM16,24.0,0.842,0.919,0.57,1.0
2025-11-29,HM20,24.0,0.493,1.329,0.578,1.0
2025-11-29,HM25,24.0,0.919,1.622,0.63,1.0
2025-11-29,HM30,24.0,0.672,1.021,0.55,1.0
2025-11-29,HM36,24.0,0.782,2.476,0.435,1.0
2025-11-29,HM43,24.0,1.56,0.55,0.485,1.0
2025-11-29,HM47,24.0,0.565,5.173,0.866,1.0
2025-11-29,HM50,24.0,1.123,1.732,0.327,1.0
2025-11-29,HM56,24.0,0.601,1.553,0.641,1.0
2025-11-30,HM01,24.0,1.271,1.769,0.349,1.0
2025-11-30,HM12,24.0,1.748,0.0,0.418,1.0
2025-11-30,HM13,24.0,0.375,5.838,0.585,1.0
2025-11-30,HM14,24.0,0.971,1.511,1.342,1.0
2025-11-30,HM16,24.0,0.408,1.617,0.286,1.0
2025-11-30,HM20,24.0,0.828,1.338,0.738,1.0
2025-11-30,HM25,24.0,0.531,0.714,0.425,1.0
2025-11-30,HM30,24.0,1.117,1.467,0.352,1.0
2025-11-30,HM36,24.0,0.789,0.195,0.741,1.0
2025-11-30,HM43,24.0,1.083,2.824,0.86,1.0
2025-11-30,HM47,24.0,1.391,1.728,0.266,1.0
2025-11-30,HM50,24.0,0.5,0.937,0.719,1.0
2025-11-30,HM56,24.0,7.044,1.227,0.473,1.0
2025-12-01,HM01,24.0,0.705,0.88,0.885,1.5
2025-12-01,HM12,24.0,1.157,1.658,0.766,1.5
2025-12-01,HM13,24.0,0.94,1.646,0.411,1.5
2025-12-01,HM14,24.0,1.781,2.983,0.483,1.5
2025-12-01,HM16,24.0,0.856,0.884,0.402,1.5
2025-12-01,HM20,24.0,0.418,0.0,0.432,1.5
2025-12-01,HM25,24.0,0.518,0.537,0.553,1.5
2025-12-01,HM30,24.0,0.711,1.846,0.567,1.5
2025-12-01,HM36,24.0,0.549,0.773,1.109,1.5
2025-12-01,HM43,24.0,1.054,1.537,0.51,1.5
2025-12-01,HM47,24.0,0.561,0.51,0.772,1.5
2025-12-01,HM50,24.0,5.331,0.0,0.327,1.5
2025-12-01,HM56,24.0,0.291,1.43,0.503,1.5
2025-12-02,HM01,24.0,0.988,2.625,0.385,1.5
2025-12-02,HM12,24.0,1.025,2.427,0.307,1.5
2025-12-02,HM13,24.0,1.899,3.044,0.391,1.5
2025-12-02,HM14,24.0,0.887,6.128,0.429,1.5
2025-12-02,HM16,24.0,1.489,1.41,0.36,1.5
2025-12-02,HM20,24.0,1.096,1.811,0.662,1.5
2025-12-02,HM25,24.0,0.827,3.181,0.533,1.5
2025-12-02,HM30,24.0,0.957,1.997,0.384,1.5
2025-12-02,HM36,24.0,2.764,0.546,0.818,1.5
2025-12-02,HM43,24.0,0.926,0.517,0.262,1.5
2025-12-02,HM47,24.0,0.402,0.795,0.329,1.5
2025-12-02,HM50,24.0,0.553,0.922,0.507,1.5
2025-12-02,HM56,24.0,1.689,0.376,0.262,1.5
2025-12-03,HM01,24.0,1.169,6.454,0.424,1.5
2025-12-03,HM12,24.0,1.529,4.184,0.377,1.5
2025-12-03,HM13,24.0,0.493,0.356,0.522,1.5
2025-12-03,HM14,24.0,0.993,0.0,0.634,1.5
2025-12-03,HM16,24.0,0.279,2.004,0.293,1.5
2025-12-03,HM20,24.0,0.364,0.664,0.355,1.5
2025-12-03,HM25,24.0,0.827,2.193,0.749,1.5
2025-12-03,HM30,24.0,0.63,1.189,0.374,1.5
2025-12-03,HM36,24.0,1.811,7.047,0.979,1.5
2025-12-03,HM43,24.0,0.971,2.155,0.437,1.5
2025-12-03,HM47,24.0,0.641,2.154,0.755,1.5
2025-12-03,HM50,24.0,0.311,2.266,0.488,1.5
2025-12-03,HM56,24.0,1.075,1.745,0.607,1.5
2025-12-04,HM01,24.0,1.41,0.0,0.281,1.5
2025-12-04,HM12,24.0,0.528,1.965,1.145,1.5
2025-12-04,HM13,24.0,2.605,2.387,0.343,1.5
2025-12-04,HM14,24.0,0.642,2.165,0.488,1.5
2025-12-04,HM16,24.0,0.734,6.28,0.63,1.5
2025-12-04,HM20,24.0,0.97,3.185,0.707,1.5
2025-12-04,HM25,24.0,1.096,0.521,0.434,1.5
2025-12-04,HM30,24.0,1.112,7.2,0.403,1.5
2025-12-04,HM36,24.0,3.177,2.067,0.806,1.5
2025-12-04,HM43,24.0,1.123,3.46,0.359,1.5
2025-12-04,HM47,24.0,0.448,2.698,0.57,1.5
2025-12-04,HM50,24.0,0.612,2.106,0.665,1.5
2025-12-04,HM56,24.0,1.248,0.892,1.045,1.5
2025-12-05,HM01,24.0,0.824,1.88,0.659,1.5
2025-12-05,HM12,24.0,1.409,0.178,0.257,1.5
2025-12-05,HM13,24.0,0.963,6.914,0.413,1.5
2025-12-05,HM14,24.0,4.53,3.499,0.34,1.5
2025-12-05,HM16,24.0,0.534,3.291,0.856,1.5
2025-12-05,HM20,24.0,2.072,2.26,0.412,1.5
2025-12-05,HM25,24.0,0.558,0.0,1.362,1.5
2025-12-05,HM30,24.0,1.533,0.0,0.378,1.5
2025-12-05,HM36,24.0,2.542,0.0,0.719,1.5
2025-12-05,HM43,24.0,1.594,3.527,0.268,1.5
2025-12-05,HM47,24.0,0.537,1.274,0.546,1.5
2025-12-05,HM50,24.0,1.197,0.0,0.32,1.5
2025-12-05,HM56,24.0,5.229,0.0,0.477,1.5
2025-12-06,HM01,24.0,0.159,2.702,0.732,1.0
2025-12-06,HM12,24.0,0.655,3.049,0.281,1.0
2025-12-06,HM13,24.0,0.368,0.833,1.269,1.0
2025-12-06,HM14,24.0,0.773,2.414,0.46,1.0
2025-12-06,HM16,24.0,0.988,3.117,0.591,1.0
2025-12-06,HM20,24.0,0.189,3.345,0.284,1.0
2025-12-06,HM25,24.0,1.37,3.008,0.375,1.0
2025-12-06,HM30,24.0,0.29,2.845,0.325,1.0
2025-12-06,HM36,24.0,1.985,2.451,0.443,1.0
2025-12-06,HM43,24.0,1.713,3.093,0.429,1.0
2025-12-06,HM47,24.0,1.013,0.0,0.395,1.0
2025-12-06,HM50,24.0,1.27,1.266,0.406,1.0
2025-12-06,HM56,24.0,1.164,1.79,0.561,1.0
2025-12-07,HM01,24.0,1.018,0.538,0.788,1.0
2025-12-07,HM12,24.0,0.861,2.763,0.341,1.0
2025-12-07,HM13,24.0,4.485,5.038,0.332,1.0
2025-12-07,HM14,24.0,3.012,1.822,1.128,1.0
2025-12-07,HM16,24.0,0.583,2.131,0.434,1.0
2025-12-07,HM20,24.0,1.28,4.614,0.989,1.0
2025-12-07,HM25,24.0,0.918,0.713,0.256,1.0
2025-12-07,HM30,24.0,0.501,4.817,0.694,1.0
2025-12-07,HM36,24.0,1.31,0.0,0.732,1.0
2025-12-07,HM43,24.0,1.445,2.405,0.255,1.0
2025-12-07,HM47,24.0,1.535,1.272,0.618,1.0
2025-12-07,HM50,24.0,2.548,0.531,0.366,1.0
2025-12-07,HM56,24.0,1.12,0.566,0.66,1.0
2025-12-08,HM01,24.0,0.585,0.616,0.804,1.5
2025-12-08,HM12,24.0,1.362,6.199,0.283,1.5
2025-12-08,HM13,24.0,0.523,1.866,0.421,1.5
2025-12-08,HM14,24.0,3.933,2.08,0.359,1.5
2025-12-08,HM16,24.0,1.221,2.024,0.38,1.5
2025-12-08,HM20,24.0,2.071,1.335,0.846,1.5
2025-12-08,HM25,24.0,0.433,2.46,0.316,1.5
2025-12-08,HM30,24.0,1.302,0.0,0.312,1.5
2025-12-08,HM36,24.0,0.416,1.999,0.957,1.5
2025-12-08,HM43,24.0,6.838,4.049,0.421,1.5
2025-12-08,HM47,24.0,0.543,0.0,1.262,1.5
2025-12-08,HM50,24.0,1.67,0.0,0.365,1.5
2025-12-08,HM56,24.0,0.666,1.313,0.424,1.5
2025-12-09,HM01,24.0,0.618,1.781,0.72,1.5
2025-12-09,HM12,24.0,0.416,1.684,0.347,1.5
2025-12-09,HM13,24.0,0.589,7.2,0.244,1.5
2025-12-09,HM14,24.0,0.358,2.734,0.722,1.5
2025-12-09,HM16,24.0,0.781,4.987,0.313,1.5
2025-12-09,HM20,24.0,0.698,7.2,0.352,1.5
2025-12-09,HM25,24.0,1.161,0.0,0.412,1.5
2025-12-09,HM30,24.0,1.146,0.579,0.679,1.5
2025-12-09,HM36,24.0,3.552,0.679,0.56,1.5
2025-12-09,HM43,24.0,4.935,1.615,0.773,1.5
2025-12-09,HM47,24.0,3.121,0.596,0.313,1.5
2025-12-09,HM50,24.0,0.602,0.68,0.559,1.5
2025-12-09,HM56,24.0,0.484,0.637,0.213,1.5
2025-12-10,HM01,24.0,0.642,5.044,0.373,1.5
2025-12-10,HM12,24.0,0.96,1.851,0.279,1.5
2025-12-10,HM13,24.0,0.573,4.549,1.011,1.5
2025-12-10,HM14,24.0,1.442,1.526,0.356,1.5
2025-12-10,HM16,24.0,5.895,3.305,0.298,1.5
2025-12-10,HM20,24.0,0.735,3.27,0.891,1.5
2025-12-10,HM25,24.0,2.654,0.333,0.291,1.5
2025-12-10,HM30,24.0,0.494,1.844,0.33,1.5
2025-12-10,HM36,24.0,0.545,2.824,0.412,1.5
2025-12-10,HM43,24.0,0.868,0.888,0.31,1.5
2025-12-10,HM47,24.0,0.748,1.762,0.604,1.5
2025-12-10,HM50,24.0,3.535,1.575,0.519,1.5
2025-12-10,HM56,24.0,5.809,4.448,0.554,1.5
2025-12-11,HM01,24.0,1.327,1.338,0.801,1.5
2025-12-11,HM12,24.0,1.646,1.557,0.423,1.5
2025-12-11,HM13,24.0,1.029,3.112,0.52,1.5
2025-12-11,HM14,24.0,1.785,1.887,0.839,1.5
2025-12-11,HM16,24.0,0.985,2.337,0.397,1.5
2025-12-11,HM20,24.0,0.573,1.133,0.442,1.5
2025-12-11,HM25,24.0,0.937,1.868,0.358,1.5
2025-12-11,HM30,24.0,0.458,0.0,0.57,1.5
2025-12-11,HM36,24.0,0.377,1.12,0.962,1.5
2025-12-11,HM43,24.0,0.502,4.0,0.763,1.5
2025-12-11,HM47,24.0,0.703,7.2,0.597,1.5
2025-12-11,HM50,24.0,5.776,0.473,0.262,1.5
2025-12-11,HM56,24.0,1.428,3.098,0.588,1.5
2025-12-12,HM01,24.0,0.982,2.066,0.395,1.5
2025-12-12,HM12,24.0,1.505,1.188,0.557,1.5
2025-12-12,HM13,24.0,0.868,0.322,0.79,1.5
2025-12-12,HM14,24.0,0.75,4.439,0.281,1.5
2025-12-12,HM16,24.0,0.585,1.931,0.479,1.5
2025-12-12,HM20,24.0,2.528,1.946,0.677,1.5
2025-12-12,HM25,24.0,1.67,0.828,0.319,1.5
2025-12-12,HM30,24.0,0.952,0.444,0.447,1.5
2025-12-12,HM36,24.0,0.717,1.088,0.894,1.5
2025-12-12,HM43,24.0,1.108,3.454,0.57,1.5
2025-12-12,HM47,24.0,0.425,1.383,0.332,1.5
2025-12-12,HM50,24.0,1.02,5.685,0.549,1.5
2025-12-12,HM56,24.0,0.548,0.697,0.355,1.5
2025-12-13,HM01,24.0,0.635,0.374,0.362,1.0
2025-12-13,HM12,24.0,0.773,0.29,0.796,1.0
2025-12-13,HM13,24.0,1.525,2.098,0.599,1.0
2025-12-13,HM14,24.0,1.0,0.922,0.452,1.0
2025-12-13,HM16,24.0,1.291,0.971,0.601,1.0
2025-12-13,HM20,24.0,0.416,2.135,0.344,1.0
2025-12-13,HM25,24.0,0.624,5.905,0.581,1.0
2025-12-13,HM30,24.0,0.561,1.53,0.647,1.0
2025-12-13,HM36,24.0,2.307,2.328,0.391,1.0
2025-12-13,HM43,24.0,0.993,0.415,0.884,1.0
2025-12-13,HM47,24.0,0.987,4.303,0.871,1.0
2025-12-13,HM50,24.0,1.037,2.603,0.347,1.0
2025-12-13,HM56,24.0,0.391,3.745,0.657,1.0
2025-12-14,HM01,24.0,0.459,1.286,0.654,1.0
2025-12-14,HM12,24.0,1.013,0.954,0.453,1.0
2025-12-14,HM13,24.0,0.888,1.75,0.376,1.0
2025-12-14,HM14,24.0,1.3,6.566,0.332,1.0
2025-12-14,HM16,24.0,0.703,0.656,0.592,1.0
2025-12-14,HM20,24.0,1.173,0.623,0.934,1.0
2025-12-14,HM25,24.0,1.06,0.0,0.733,1.0
2025-12-14,HM30,24.0,6.214,2.839,0.621,1.0
2025-12-14,HM36,24.0,1.199,1.353,0.44,1.0
2025-12-14,HM43,24.0,0.405,3.882,0.868,1.0
2025-12-14,HM47,24.0,0.655,2.192,0.456,1.0
2025-12-14,HM50,24.0,0.236,0.568,0.378,1.0
2025-12-14,HM56,24.0,0.77,5.749,0.221,1.0
2025-12-15,HM01,24.0,0.636,1.854,0.552,1.5
2025-12-15,HM12,24.0,2.886,2.552,0.395,1.5
2025-12-15,HM13,24.0,0.809,3.425,0.281,1.5
2025-12-15,HM14,24.0,0.487,1.059,1.024,1.5
2025-12-15,HM16,24.0,0.783,1.654,0.327,1.5
2025-12-15,HM20,24.0,0.903,3.788,0.388,1.5
2025-12-15,HM25,24.0,1.838,0.779,0.485,1.5
2025-12-15,HM30,24.0,0.733,2.137,0.727,1.5
2025-12-15,HM36,24.0,0.798,0.0,0.737,1.5
2025-12-15,HM43,24.0,1.562,1.67,0.463,1.5
2025-12-15,HM47,24.0,1.29,1.695,0.454,1.5
2025-12-15,HM50,24.0,0.658,0.0,0.289,1.5
2025-12-15,HM56,24.0,0.812,0.0,0.59,1.5
2025-12-16,HM01,24.0,1.529,4.073,0.355,1.5
2025-12-16,HM12,24.0,2.13,3.03,0.475,1.5
2025-12-16,HM13,24.0,0.507,1.805,0.651,1.5
2025-12-16,HM14,24.0,2.402,0.631,0.632,1.5
2025-12-16,HM16,24.0,0.72,0.602,0.519,1.5
2025-12-16,HM20,24.0,2.112,1.006,0.251,1.5
2025-12-16,HM25,24.0,0.637,0.0,0.732,1.5
2025-12-16,HM30,24.0,0.506,1.313,0.503,1.5
2025-12-16,HM36,24.0,0.424,0.64,0.64,1.5
2025-12-16,HM43,24.0,0.443,2.489,0.592,1.5
2025-12-16,HM47,24.0,0.944,1.169,0.605,1.5
2025-12-16,HM50,24.0,1.067,3.098,0.308,1.5
2025-12-16,HM56,24.0,1.436,1.435,0.986,1.5
2025-12-17,HM01,24.0,0.497,6.158,1.226,1.5
2025-12-17,HM12,24.0,0.899,2.35,0.889,1.5
2025-12-17,HM13,24.0,0.529,2.755,0.428,1.5
2025-12-17,HM14,24.0,0.945,5.826,0.468,1.5
2025-12-17,HM16,24.0,1.136,0.799,0.535,1.5
2025-12-17,HM20,24.0,0.322,0.535,0.516,1.5
2025-12-17,HM25,24.0,1.746,1.353,0.581,1.5
2025-12-17,HM30,24.0,1.113,2.102,0.359,1.5
2025-12-17,HM36,24.0,1.432,2.082,0.247,1.5
2025-12-17,HM43,24.0,0.228,2.707,0.292,1.5
2025-12-17,HM47,24.0,1.005,5.273,0.295,1.5
2025-12-17,HM50,24.0,0.925,0.921,0.632,1.5
2025-12-17,HM56,24.0,1.494,0.609,0.546,1.5
2025-12-18,HM01,24.0,0.608,0.73,1.079,1.5
2025-12-18,HM12,24.0,3.423,2.839,0.299,1.5
2025-12-18,HM13,24.0,0.605,5.296,0.516,1.5
2025-12-18,HM14,24.0,0.784,1.172,0.62,1.5
2025-12-18,HM16,24.0,1.357,3.125,0.441,1.5
2025-12-18,HM20,24.0,0.547,1.917,0.418,1.5
2025-12-18,HM25,24.0,0.581,0.451,0.751,1.5
2025-12-18,HM30,24.0,0.885,3.133,0.32,1.5
2025-12-18,HM36,24.0,1.541,0.844,0.468,1.5
2025-12-18,HM43,24.0,1.796,0.998,0.697,1.5
2025-12-18,HM47,24.0,0.885,0.294,0.205,1.5
2025-12-18,HM50,24.0,0.517,4.209,0.494,1.5
2025-12-18,HM56,24.0,0.548,1.326,0.377,1.5
2025-12-19,HM01,24.0,0.554,0.724,0.611,1.5
2025-12-19,HM12,24.0,2.0,3.918,0.941,1.5
2025-12-19,HM13,24.0,1.139,4.148,0.265,1.5
2025-12-19,HM14,24.0,0.559,3.752,0.488,1.5
2025-12-19,HM16,24.0,6.177,0.775,0.555,1.5
2025-12-19,HM20,24.0,0.411,0.609,0.361,1.5
2025-12-19,HM25,24.0,0.707,0.512,0.391,1.5
2025-12-19,HM30,24.0,1.242,0.0,0.566,1.5
2025-12-19,HM36,24.0,0.588,1.024,0.435,1.5
2025-12-19,HM43,24.0,0.701,1.06,0.392,1.5
2025-12-19,HM47,24.0,1.783,0.662,0.55,1.5
2025-12-19,HM50,24.0,1.468,0.723,0.273,1.5
2025-12-19,HM56,24.0,1.776,3.236,0.324,1.5
2025-12-20,HM01,24.0,0.707,1.248,0.441,1.0
2025-12-20,HM12,24.0,1.568,1.67,1.144,1.0
2025-12-20,HM13,24.0,1.902,1.0,0.256,1.0
2025-12-20,HM14,24.0,0.576,0.583,0.449,1.0
2025-12-20,HM16,24.0,1.459,1.083,0.295,1.0
2025-12-20,HM20,24.0,0.736,1.367,0.647,1.0
2025-12-20,HM25,24.0,0.642,0.311,0.545,1.0
2025-12-20,HM30,24.0,0.391,3.033,0.496,1.0
2025-12-20,HM36,24.0,0.971,0.734,0.429,1.0
2025-12-20,HM43,24.0,0.851,1.52,0.861,1.0
2025-12-20,HM47,24.0,0.775,7.2,0.476,1.0
2025-12-20,HM50,24.0,0.224,0.0,1.474,1.0
2025-12-20,HM56,24.0,0.739,4.455,0.688,1.0
2025-12-21,HM01,24.0,0.817,5.14,0.85,1.0
2025-12-21,HM12,24.0,0.886,2.3,0.803,1.0
2025-12-21,HM13,24.0,1.07,2.649,0.486,1.0
2025-12-21,HM14,24.0,1.245,2.667,0.509,1.0
2025-12-21,HM16,24.0,0.552,1.568,0.409,1.0
2025-12-21,HM20,24.0,1.348,0.691,0.298,1.0
2025-12-21,HM25,24.0,2.527,0.246,0.309,1.0
2025-12-21,HM30,24.0,1.987,2.407,0.547,1.0
2025-12-21,HM36,24.0,0.596,2.395,0.293,1.0
2025-12-21,HM43,24.0,5.547,1.263,0.536,1.0
2025-12-21,HM47,24.0,0.829,3.115,0.204,1.0
2025-12-21,HM50,24.0,0.218,0.276,0.446,1.0
2025-12-21,HM56,24.0,0.348,0.712,0.479,1.0
2025-12-22,HM01,24.0,0.919,0.411,0.592,1.5
2025-12-22,HM12,24.0,1.023,3.143,0.677,1.5
2025-12-22,HM13,24.0,0.899,2.147,0.483,1.5
2025-12-22,HM14,24.0,0.826,5.108,0.58,1.5
2025-12-22,HM16,24.0,0.778,1.009,0.632,1.5
2025-12-22,HM20,24.0,5.139,0.0,0.598,1.5
2025-12-22,HM25,24.0,1.041,0.0,0.535,1.5
2025-12-22,HM30,24.0,0.384,2.199,0.448,1.5
2025-12-22,HM36,24.0,0.841,1.1,0.523,1.5
2025-12-22,HM43,24.0,1.044,1.066,0.482,1.5
2025-12-22,HM47,24.0,1.183,5.003,0.489,1.5
2025-12-22,HM50,24.0,0.789,0.67,0.464,1.5
2025-12-22,HM56,24.0,0.77,0.593,0.542,1.5
2025-12-23,HM01,24.0,0.896,6.277,0.413,1.5
2025-12-23,HM12,24.0,0.346,1.053,0.368,1.5
2025-12-23,HM13,24.0,0.895,4.81,0.627,1.5
2025-12-23,HM14,24.0,1.414,6.003,0.501,1.5
2025-12-23,HM16,24.0,0.874,2.419,0.233,1.5
2025-12-23,HM20,24.0,0.967,0.203,0.39,1.5
2025-12-23,HM25,24.0,0.396,1.035,0.462,1.5
2025-12-23,HM30,24.0,1.014,0.409,0.4,1.5
2025-12-23,HM36,24.0,0.604,2.638,0.531,1.5
2025-12-23,HM43,24.0,0.708,1.913,0.648,1.5
2025-12-23,HM47,24.0,0.974,2.42,0.468,1.5
2025-12-23,HM50,24.0,0.246,0.0,0.333,1.5
2025-12-23,HM56,24.0,0.961,1.862,0.92,1.5
2025-12-24,HM01,24.0,0.548,1.493,0.927,1.5
2025-12-24,HM12,24.0,0.425,2.27,0.619,1.5
2025-12-24,HM13,24.0,0.343,1.075,0.537,1.5
2025-12-24,HM14,24.0,0.863,0.81,0.704,1.5
2025-12-24,HM16,24.0,0.593,0.0,0.787,1.5
2025-12-24,HM20,24.0,0.339,2.652,0.161,1.5
2025-12-24,HM25,24.0,5.95,2.242,0.807,1.5
2025-12-24,HM30,24.0,0.592,2.497,0.274,1.5
2025-12-24,HM36,24.0,1.12,1.091,0.575,1.5
2025-12-24,HM43,24.0,0.678,2.733,0.635,1.5
2025-12-24,HM47,24.0,1.644,2.07,0.259,1.5
2025-12-24,HM50,24.0,0.436,0.284,0.524,1.5
2025-12-24,HM56,24.0,0.653,0.534,0.431,1.5
2025-12-25,HM01,24.0,0.641,0.0,0.36,1.5
2025-12-25,HM12,24.0,1.633,2.247,0.793,1.5
2025-12-25,HM13,24.0,0.595,2.13,0.484,1.5
2025-12-25,HM14,24.0,0.788,1.747,0.584,1.5
2025-12-25,HM16,24.0,0.589,1.654,0.656,1.5
2025-12-25,HM20,24.0,4.76,2.103,0.586,1.5
2025-12-25,HM25,24.0,1.464,4.705,0.374,1.5
2025-12-25,HM30,24.0,1.355,1.883,0.442,1.5
2025-12-25,HM36,24.0,0.702,4.897,0.37,1.5
2025-12-25,HM43,24.0,0.772,2.345,0.603,1.5
2025-12-25,HM47,24.0,0.809,5.258,0.386,1.5
2025-12-25,HM50,24.0,0.622,2.214,0.479,1.5
2025-12-25,HM56,24.0,1.709,4.622,0.612,1.5
2025-12-26,HM01,24.0,0.341,1.801,0.346,1.5
2025-12-26,HM12,24.0,0.675,0.0,0.776,1.5
2025-12-26,HM13,24.0,1.359,0.948,0.334,1.5
2025-12-26,HM14,24.0,0.285,4.852,0.73,1.5
2025-12-26,HM16,24.0,0.564,7.044,0.812,1.5
2025-12-26,HM20,24.0,0.975,0.0,0.41,1.5
2025-12-26,HM25,24.0,0.597,0.441,0.42,1.5
2025-12-26,HM30,24.0,0.501,3.84,0.413,1.5
2025-12-26,HM36,24.0,0.889,2.0,0.461,1.5
2025-12-26,HM43,24.0,0.536,2.696,0.554,1.5
2025-12-26,HM47,24.0,0.636,1.279,0.285,1.5
2025-12-26,HM50,24.0,0.36,2.25,0.545,1.5
2025-12-26,HM56,24.0,1.427,3.322,0.564,1.5
2025-12-27,HM01,24.0,1.237,1.261,0.768,1.0
2025-12-27,HM12,24.0,1.604,6.474,1.201,1.0
2025-12-27,HM13,24.0,0.618,2.204,0.469,1.0
2025-12-27,HM14,24.0,0.356,3.832,0.674,1.0
2025-12-27,HM16,24.0,0.523,0.72,1.067,1.0
2025-12-27,HM20,24.0,0.588,1.375,0.564,1.0
2025-12-27,HM25,24.0,1.037,1.688,0.431,1.0
2025-12-27,HM30,24.0,0.427,4.028,0.645,1.0
2025-12-27,HM36,24.0,5.911,2.019,0.494,1.0
2025-12-27,HM43,24.0,1.17,3.864,0.557,1.0
2025-12-27,HM47,24.0,0.41,5.054,1.074,1.0
2025-12-27,HM50,24.0,3.285,1.174,0.328,1.0
2025-12-27,HM56,24.0,3.438,1.711,0.353,1.0
2025-12-28,HM01,24.0,0.342,2.095,0.566,1.0
2025-12-28,HM12,24.0,0.549,0.35,0.491,1.0
2025-12-28,HM13,24.0,0.77,0.69,0.697,1.0
2025-12-28,HM14,24.0,0.586,2.072,0.387,1.0
2025-12-28,HM16,24.0,0.435,0.399,0.435,1.0
2025-12-28,HM20,24.0,1.847,0.0,0.249,1.0
2025-12-28,HM25,24.0,4.341,1.695,0.539,1.0
2025-12-28,HM30,24.0,1.217,0.48,0.377,1.0
2025-12-28,HM36,24.0,1.919,1.957,0.447,1.0
2025-12-28,HM43,24.0,0.893,1.316,0.487,1.0
2025-12-28,HM47,24.0,0.361,3.048,0.472,1.0
2025-12-28,HM50,24.0,1.202,0.2,0.854,1.0
2025-12-28,HM56,24.0,0.954,2.629,0.367,1.0
2025-12-29,HM01,24.0,0.491,2.302,0.384,1.5
2025-12-29,HM12,24.0,1.012,6.159,0.761,1.5
2025-12-29,HM13,24.0,0.7,0.5,0.282,1.5
2025-12-29,HM14,24.0,0.33,3.14,0.616,1.5
2025-12-29,HM16,24.0,1.084,3.063,0.323,1.5
2025-12-29,HM20,24.0,0.348,0.0,0.548,1.5
2025-12-29,HM25,24.0,0.574,0.638,0.399,1.5
2025-12-29,HM30,24.0,1.75,0.0,0.392,1.5
2025-12-29,HM36,24.0,1.034,1.217,0.448,1.5
2025-12-29,HM43,24.0,1.943,2.649,0.251,1.5
2025-12-29,HM47,24.0,1.324,0.838,0.358,1.5
2025-12-29,HM50,24.0,0.895,2.325,0.248,1.5
2025-12-29,HM56,24.0,1.931,4.98,0.625,1.5
2025-12-30,HM01,24.0,0.882,0.761,1.014,1.5
2025-12-30,HM12,24.0,1.666,1.031,0.416,1.5
2025-12-30,HM13,24.0,1.118,4.055,0.375,1.5
2025-12-30,HM14,24.0,0.456,0.0,0.593,1.5
2025-12-30,HM16,24.0,0.837,0.0,0.323,1.5
2025-12-30,HM20,24.0,0.661,0.388,0.382,1.5
2025-12-30,HM25,24.0,1.242,3.101,0.699,1.5
2025-12-30,HM30,24.0,0.703,0.0,0.504,1.5
2025-12-30,HM36,24.0,0.439,1.565,0.806,1.5
2025-12-30,HM43,24.0,1.217,1.509,0.302,1.5
2025-12-30,HM47,24.0,2.052,1.964,0.218,1.5
2025-12-30,HM50,24.0,0.304,2.892,0.72,1.5
2025-12-30,HM56,24.0,0.653,0.0,0.405,1.5
2025-12-31,HM01,24.0,1.884,1.533,0.706,1.5
2025-12-31,HM12,24.0,0.727,1.522,0.299,1.5
2025-12-31,HM13,24.0,0.402,2.413,1.054,1.5
2025-12-31,HM14,24.0,0.556,2.004,0.5,1.5
2025-12-31,HM16,24.0,0.614,1.856,0.398,1.5
2025-12-31,HM20,24.0,0.529,1.561,0.614,1.5
2025-12-31,HM25,24.0,3.269,0.804,0.283,1.5
2025-12-31,HM30,24.0,1.031,1.418,0.243,1.5
2025-12-31,HM36,24.0,1.291,0.0,0.451,1.5
2025-12-31,HM43,24.0,0.64,0.706,0.71,1.5
2025-12-31,HM47,24.0,1.561,3.453,0.427,1.5
2025-12-31,HM50,24.0,0.804,1.552,0.89,1.5
2025-12-31,HM56,24.0,1.375,6.0,0.415,1.5
2026-01-01,HM01,24.0,1.384,1.734,0.776,1.5
2026-01-01,HM12,24.0,0.576,2.113,0.219,1.5
2026-01-01,HM13,24.0,0.817,1.601,0.913,1.5
2026-01-01,HM14,24.0,0.515,1.876,0.372,1.5
2026-01-01,HM16,24.0,0.888,2.492,0.671,1.5
2026-01-01,HM20,24.0,0.672,2.406,0.533,1.5
2026-01-01,HM25,24.0,1.143,1.098,0.466,1.5
2026-01-01,HM30,24.0,0.774,0.505,0.357,1.5
2026-01-01,HM36,24.0,0.572,2.31,1.094,1.5
2026-01-01,HM43,24.0,1.525,1.126,0.332,1.5
2026-01-01,HM47,24.0,1.243,2.289,0.275,1.5
2026-01-01,HM50,24.0,1.236,1.976,0.433,1.5
2026-01-01,HM56,24.0,0.772,1.398,0.519,1.5
2026-01-02,HM01,24.0,0.419,3.532,0.432,1.5
2026-01-02,HM12,24.0,0.493,0.502,0.304,1.5
2026-01-02,HM13,24.0,0.506,6.221,0.364,1.5
2026-01-02,HM14,24.0,0.384,2.066,0.407,1.5
2026-01-02,HM16,24.0,0.548,2.113,0.901,1.5
2026-01-02,HM20,24.0,1.424,0.0,0.727,1.5
2026-01-02,HM25,24.0,0.311,1.737,0.561,1.5
2026-01-02,HM30,24.0,1.116,0.0,0.398,1.5
2026-01-02,HM36,24.0,2.27,0.733,0.841,1.5
2026-01-02,HM43,24.0,0.747,1.577,0.29,1.5
2026-01-02,HM47,24.0,1.387,2.305,0.813,1.5
2026-01-02,HM50,24.0,0.821,1.171,0.418,1.5
2026-01-02,HM56,24.0,0.739,1.601,0.439,1.5
2026-01-03,HM01,24.0,0.736,1.648,0.319,1.0
2026-01-03,HM12,24.0,2.153,1.612,0.813,1.0
2026-01-03,HM13,24.0,1.064,1.039,0.426,1.0
2026-01-03,HM14,24.0,0.871,1.075,0.444,1.0
2026-01-03,HM16,24.0,2.545,3.592,0.398,1.0
2026-01-03,HM20,24.0,6.741,0.417,0.293,1.0
2026-01-03,HM25,24.0,0.64,1.802,0.558,1.0
2026-01-03,HM30,24.0,0.298,3.69,0.66,1.0
2026-01-03,HM36,24.0,1.832,0.563,0.775,1.0
2026-01-03,HM43,24.0,0.672,1.898,0.436,1.0
2026-01-03,HM47,24.0,0.436,5.473,0.738,1.0
2026-01-03,HM50,24.0,0.897,1.395,0.561,1.0
2026-01-03,HM56,24.0,0.64,2.952,0.413,1.0
2026-01-04,HM01,24.0,1.281,0.63,0.695,1.0
2026-01-04,HM12,24.0,0.798,0.795,0.546,1.0
2026-01-04,HM13,24.0,0.68,0.731,0.48,1.0
2026-01-04,HM14,24.0,1.116,2.435,0.612,1.0
2026-01-04,HM16,24.0,0.726,0.478,0.644,1.0
2026-01-04,HM20,24.0,0.446,0.942,0.759,1.0
2026-01-04,HM25,24.0,0.688,0.699,0.58,1.0
2026-01-04,HM30,24.0,0.531,1.712,0.379,1.0
2026-01-04,HM36,24.0,6.207,1.829,0.646,1.0
2026-01-04,HM43,24.0,0.39,2.205,0.361,1.0
2026-01-04,HM47,24.0,0.249,1.465,1.05,1.0
2026-01-04,HM50,24.0,0.894,1.463,0.25,1.0
2026-01-04,HM56,24.0,1.236,1.089,0.383,1.0
2026-01-05,HM01,24.0,0.981,1.574,0.442,1.5
2026-01-05,HM12,24.0,0.418,2.759,0.247,1.5
2026-01-05,HM13,24.0,0.725,0.294,0.548,1.5
2026-01-05,HM14,24.0,2.759,1.061,0.184,1.5
2026-01-05,HM16,24.0,1.657,1.412,0.545,1.5
2026-01-05,HM20,24.0,7.775,0.532,0.592,1.5
2026-01-05,HM25,24.0,0.742,3.123,1.251,1.5
2026-01-05,HM30,24.0,0.816,0.95,0.544,1.5
2026-01-05,HM36,24.0,0.958,1.958,0.955,1.5
2026-01-05,HM43,24.0,0.458,1.112,0.412,1.5
2026-01-05,HM47,24.0,0.507,0.78,0.56,1.5
2026-01-05,HM50,24.0,1.17,0.829,0.492,1.5
2026-01-05,HM56,24.0,0.812,2.251,0.834,1.5
2026-01-06,HM01,24.0,1.841,1.009,0.364,1.5
2026-01-06,HM12,24.0,0.605,4.199,0.259,1.5
2026-01-06,HM13,24.0,0.994,1.938,0.86,1.5
2026-01-06,HM14,24.0,1.04,1.956,0.433,1.5
2026-01-06,HM16,24.0,0.503,1.438,0.298,1.5
2026-01-06,HM20,24.0,1.12,0.378,0.614,1.5
2026-01-06,HM25,24.0,1.323,1.919,0.589,1.5
2026-01-06,HM30,24.0,0.938,0.0,0.628,1.5
2026-01-06,HM36,24.0,1.353,3.074,0.512,1.5
2026-01-06,HM43,24.0,4.663,1.596,0.315,1.5
2026-01-06,HM47,24.0,0.514,4.231,0.506,1.5
2026-01-06,HM50,24.0,4.446,2.324,0.45,1.5
2026-01-06,HM56,24.0,4.898,1.563,0.454,1.5
2026-01-07,HM01,24.0,0.839,2.227,0.646,1.5
2026-01-07,HM12,24.0,1.694,1.868,0.547,1.5
2026-01-07,HM13,24.0,0.97,2.744,0.294,1.5
2026-01-07,HM14,24.0,0.64,2.669,0.565,1.5
2026-01-07,HM16,24.0,0.653,4.191,0.535,1.5
2026-01-07,HM20,24.0,0.878,1.376,0.345,1.5
2026-01-07,HM25,24.0,0.987,4.276,0.676,1.5
2026-01-07,HM30,24.0,0.284,0.321,0.471,1.5
2026-01-07,HM36,24.0,1.3,1.457,0.785,1.5
2026-01-07,HM43,24.0,2.13,0.184,0.586,1.5
2026-01-07,HM47,24.0,3.108,0.746,0.431,1.5
2026-01-07,HM50,24.0,1.437,0.489,0.745,1.5
2026-01-07,HM56,24.0,0.933,1.781,1.118,1.5
2026-01-08,HM01,24.0,0.159,1.883,0.272,1.5
2026-01-08,HM12,24.0,1.023,3.931,0.458,1.5
2026-01-08,HM13,24.0,2.872,0.987,0.76,1.5
2026-01-08,HM14,24.0,0.556,1.519,0.636,1.5
2026-01-08,HM16,24.0,1.014,4.763,0.751,1.5
2026-01-08,HM20,24.0,0.753,1.294,1.121,1.5
2026-01-08,HM25,24.0,1.091,2.352,0.551,1.5
2026-01-08,HM30,24.0,0.474,2.218,0.773,1.5
2026-01-08,HM36,24.0,0.526,3.131,0.457,1.5
2026-01-08,HM43,24.0,0.823,1.197,0.327,1.5
2026-01-08,HM47,24.0,0.418,1.432,0.533,1.5
2026-01-08,HM50,24.0,0.887,2.195,0.288,1.5
2026-01-08,HM56,24.0,1.146,2.876,0.81,1.5
2026-01-09,HM01,24.0,0.963,5.24,0.223,1.5
2026-01-09,HM12,24.0,3.742,7.018,0.355,1.5
2026-01-09,HM13,24.0,0.596,1.456,0.394,1.5
2026-01-09,HM14,24.0,2.001,1.524,0.811,1.5
2026-01-09,HM16,24.0,0.849,1.407,1.419,1.5
2026-01-09,HM20,24.0,0.698,0.0,0.503,1.5
2026-01-09,HM25,24.0,0.23,1.696,0.61,1.5
2026-01-09,HM30,24.0,0.833,3.413,0.539,1.5
2026-01-09,HM36,24.0,1.987,2.754,0.538,1.5
2026-01-09,HM43,24.0,1.878,0.582,0.961,1.5
2026-01-09,HM47,24.0,0.773,2.027,0.841,1.5
2026-01-09,HM50,24.0,0.611,1.671,0.424,1.5
2026-01-09,HM56,24.0,0.316,1.624,0.968,1.5
2026-01-10,HM01,24.0,1.066,0.278,0.328,1.0
2026-01-10,HM12,24.0,0.735,1.772,0.267,1.0
2026-01-10,HM13,24.0,0.618,2.917,0.8,1.0
2026-01-10,HM14,24.0,0.566,2.787,0.468,1.0
2026-01-10,HM16,24.0,0.645,2.816,0.436,1.0
2026-01-10,HM20,24.0,0.433,1.564,0.418,1.0
2026-01-10,HM25,24.0,1.063,5.293,0.473,1.0
2026-01-10,HM30,24.0,0.3,0.389,0.955,1.0
2026-01-10,HM36,24.0,1.126,3.494,0.552,1.0
2026-01-10,HM43,24.0,3.86,0.0,0.401,1.0
2026-01-10,HM47,24.0,1.173,0.742,0.273,1.0
2026-01-10,HM50,24.0,0.188,0.0,0.276,1.0
2026-01-10,HM56,24.0,0.438,1.603,1.939,1.0
2026-01-11,HM01,24.0,1.342,0.46,0.84,1.0
2026-01-11,HM12,24.0,0.866,5.278,1.0,1.0
2026-01-11,HM13,24.0,1.182,4.043,0.533,1.0
2026-01-11,HM14,24.0,0.739,2.69,0.736,1.0
2026-01-11,HM16,24.0,0.56,0.75,0.582,1.0
2026-01-11,HM20,24.0,0.505,0.595,0.305,1.0
2026-01-11,HM25,24.0,0.874,1.721,0.741,1.0
2026-01-11,HM30,24.0,0.838,2.0,0.597,1.0
2026-01-11,HM36,24.0,0.731,1.659,0.721,1.0
2026-01-11,HM43,24.0,1.652,3.33,0.453,1.0
2026-01-11,HM47,24.0,0.35,1.718,0.275,1.0
2026-01-11,HM50,24.0,3.973,2.097,0.728,1.0
2026-01-11,HM56,24.0,1.733,1.518,0.758,1.0
2026-01-12,HM01,24.0,0.735,5.725,0.415,1.5
2026-01-12,HM12,24.0,1.313,1.362,0.812,1.5
2026-01-12,HM13,24.0,3.473,0.495,0.422,1.5
2026-01-12,HM14,24.0,0.541,0.942,0.444,1.5
2026-01-12,HM16,24.0,0.747,2.12,0.453,1.5
2026-01-12,HM20,24.0,2.199,3.694,0.469,1.5
2026-01-12,HM25,24.0,1.054,0.816,0.427,1.5
2026-01-12,HM30,24.0,0.902,4.283,0.69,1.5
2026-01-12,HM36,24.0,0.918,0.229,0.733,1.5
2026-01-12,HM43,24.0,0.897,7.2,0.299,1.5
2026-01-12,HM47,24.0,0.367,0.458,0.397,1.5
2026-01-12,HM50,24.0,0.624,0.473,0.381,1.5
2026-01-12,HM56,24.0,1.74,1.235,0.5,1.5
2026-01-13,HM01,24.0,0.814,4.2,0.319,1.5
2026-01-13,HM12,24.0,0.421,0.693,0.828,1.5
2026-01-13,HM13,24.0,0.837,2.224,0.399,1.5
2026-01-13,HM14,24.0,0.685,2.239,0.7,1.5
2026-01-13,HM16,24.0,0.976,6.628,0.528,1.5
2026-01-13,HM20,24.0,0.961,1.105,0.481,1.5
2026-01-13,HM25,24.0,0.922,1.087,0.615,1.5
2026-01-13,HM30,24.0,0.401,0.854,0.548,1.5
2026-01-13,HM36,24.0,0.501,0.818,0.667,1.5
2026-01-13,HM43,24.0,0.443,2.232,0.382,1.5
2026-01-13,HM47,24.0,2.148,4.8,0.358,1.5
2026-01-13,HM50,24.0,1.722,2.807,0.339,1.5
2026-01-13,HM56,24.0,0.965,2.436,0.876,1.5
2026-01-14,HM01,24.0,0.855,3.219,0.46,1.5
2026-01-14,HM12,24.0,1.15,3.875,0.277,1.5
2026-01-14,HM13,24.0,7.02,1.734,0.495,1.5
2026-01-14,HM14,24.0,1.228,2.63,0.303,1.5
2026-01-14,HM16,24.0,1.789,0.924,0.601,1.5
2026-01-14,HM20,24.0,1.035,1.643,0.557,1.5
2026-01-14,HM25,24.0,1.41,1.187,0.399,1.5
2026-01-14,HM30,24.0,0.847,0.374,0.426,1.5
2026-01-14,HM36,24.0,0.448,1.369,0.782,1.5
2026-01-14,HM43,24.0,0.827,1.268,0.414,1.5
2026-01-14,HM47,24.0,0.916,3.03,0.449,1.5
2026-01-14,HM50,24.0,0.349,1.06,0.44,1.5
2026-01-14,HM56,24.0,0.792,0.0,0.322,1.5
2026-01-15,HM01,24.0,0.245,2.405,0.439,1.5
2026-01-15,HM12,24.0,1.324,0.939,0.225,1.5
2026-01-15,HM13,24.0,1.95,0.965,0.455,1.5
2026-01-15,HM14,24.0,0.7,1.002,0.232,1.5
2026-01-15,HM16,24.0,2.235,3.795,0.443,1.5
2026-01-15,HM20,24.0,0.989,3.846,0.327,1.5
2026-01-15,HM25,24.0,0.319,1.273,0.484,1.5
2026-01-15,HM30,24.0,2.453,0.491,0.449,1.5
2026-01-15,HM36,24.0,1.197,1.733,0.167,1.5
2026-01-15,HM43,24.0,1.325,1.318,0.652,1.5
2026-01-15,HM47,24.0,1.321,1.65,0.683,1.5
2026-01-15,HM50,24.0,0.42,0.317,0.296,1.5
2026-01-15,HM56,24.0,1.32,1.378,0.468,1.5
2026-01-16,HM01,24.0,1.437,4.0,0.656,1.5
2026-01-16,HM12,24.0,0.65,3.302,0.347,1.5
2026-01-16,HM13,24.0,1.032,1.29,0.436,1.5
2026-01-16,HM14,24.0,0.539,6.442,0.36,1.5
2026-01-16,HM16,24.0,0.894,1.812,0.625,1.5
2026-01-16,HM20,24.0,1.128,0.867,0.252,1.5
2026-01-16,HM25,24.0,0.68,0.748,0.641,1.5
2026-01-16,HM30,24.0,2.461,0.967,0.546,1.5
2026-01-16,HM36,24.0,0.637,1.516,0.453,1.5
2026-01-16,HM43,24.0,0.493,1.663,0.468,1.5
2026-01-16,HM47,24.0,0.874,2.299,0.287,1.5
2026-01-16,HM50,24.0,0.718,0.762,0.483,1.5
2026-01-16,HM56,24.0,0.81,0.605,0.31,1.5
2026-01-17,HM01,24.0,0.409,2.57,0.413,1.0
2026-01-17,HM12,24.0,2.611,3.543,0.558,1.0
2026-01-17,HM13,24.0,0.6,2.15,0.269,1.0
2026-01-17,HM14,24.0,0.902,1.866,0.621,1.0
2026-01-17,HM16,24.0,0.836,1.797,0.271,1.0
2026-01-17,HM20,24.0,1.011,0.537,0.552,1.0
2026-01-17,HM25,24.0,0.312,3.038,0.678,1.0
2026-01-17,HM30,24.0,4.219,4.552,0.542,1.0
2026-01-17,HM36,24.0,0.888,0.798,0.642,1.0
2026-01-17,HM43,24.0,0.358,0.48,0.982,1.0
2026-01-17,HM47,24.0,0.619,0.778,0.259,1.0
2026-01-17,HM50,24.0,0.738,4.619,0.576,1.0
2026-01-17,HM56,24.0,1.04,0.0,0.934,1.0
2026-01-18,HM01,24.0,1.454,1.35,0.423,1.0
2026-01-18,HM12,24.0,2.931,3.401,0.77,1.0
2026-01-18,HM13,24.0,0.932,1.05,0.553,1.0
2026-01-18,HM14,24.0,0.945,3.483,0.427,1.0
2026-01-18,HM16,24.0,0.377,1.528,0.464,1.0
2026-01-18,HM20,24.0,1.049,4.087,0.469,1.0
2026-01-18,HM25,24.0,0.387,0.0,0.909,1.0
2026-01-18,HM30,24.0,0.603,1.222,0.406,1.0
2026-01-18,HM36,24.0,1.014,2.036,0.51,1.0
2026-01-18,HM43,24.0,2.661,4.532,0.66,1.0
2026-01-18,HM47,24.0,0.891,1.456,0.43,1.0
2026-01-18,HM50,24.0,1.483,1.116,0.672,1.0
2026-01-18,HM56,24.0,0.411,0.818,0.419,1.0
2026-01-19,HM01,24.0,0.846,0.586,0.235,1.5
2026-01-19,HM12,24.0,2.415,3.142,0.698,1.5
2026-01-19,HM13,24.0,1.682,0.968,0.591,1.5
2026-01-19,HM14,24.0,5.508,0.886,0.442,1.5
2026-01-19,HM16,24.0,1.182,2.185,0.709,1.5
2026-01-19,HM20,24.0,1.015,0.686,0.66,1.5
2026-01-19,HM25,24.0,0.475,3.206,0.457,1.5
2026-01-19,HM30,24.0,0.717,1.109,0.73,1.5
2026-01-19,HM36,24.0,1.009,1.987,0.747,1.5
2026-01-19,HM43,24.0,0.803,1.751,0.726,1.5
2026-01-19,HM47,24.0,0.65,0.952,0.394,1.5
2026-01-19,HM50,24.0,1.289,0.433,0.813,1.5
2026-01-19,HM56,24.0,1.308,3.491,0.741,1.5
2026-01-20,HM01,24.0,0.915,1.214,0.371,1.5
2026-01-20,HM12,24.0,2.715,1.19,0.702,1.5
2026-01-20,HM13,24.0,2.745,2.294,0.696,1.5
2026-01-20,HM14,24.0,0.297,2.508,0.284,1.5
2026-01-20,HM16,24.0,0.685,0.487,0.592,1.5
2026-01-20,HM20,24.0,4.692,1.9,0.193,1.5
2026-01-20,HM25,24.0,1.58,0.459,0.677,1.5
2026-01-20,HM30,24.0,2.524,1.727,0.464,1.5
2026-01-20,HM36,24.0,0.651,2.003,0.634,1.5
2026-01-20,HM43,24.0,0.408,1.277,0.19,1.5
2026-01-20,HM47,24.0,0.244,1.886,0.268,1.5
2026-01-20,HM50,24.0,2.974,0.622,0.441,1.5
2026-01-20,HM56,24.0,1.399,2.176,0.49,1.5
2026-01-21,HM01,24.0,0.673,0.852,0.773,1.5
2026-01-21,HM12,24.0,2.724,2.144,0.714,1.5
2026-01-21,HM13,24.0,1.17,3.769,0.391,1.5
2026-01-21,HM14,24.0,0.669,4.332,0.185,1.5
2026-01-21,HM16,24.0,0.959,0.0,0.468,1.5
2026-01-21,HM20,24.0,2.19,3.89,0.906,1.5
2026-01-21,HM25,24.0,0.976,3.658,0.5,1.5
2026-01-21,HM30,24.0,0.746,0.339,0.786,1.5
2026-01-21,HM36,24.0,0.561,0.0,0.386,1.5
2026-01-21,HM43,24.0,1.028,5.223,0.293,1.5
2026-01-21,HM47,24.0,0.437,1.957,0.283,1.5
2026-01-21,HM50,24.0,2.2,1.231,0.868,1.5
2026-01-21,HM56,24.0,1.075,0.335,0.142,1.5
2026-01-22,HM01,24.0,1.129,3.397,0.626,1.5
2026-01-22,HM12,24.0,1.195,0.598,0.458,1.5
2026-01-22,HM13,24.0,0.557,2.948,0.715,1.5
2026-01-22,HM14,24.0,1.701,1.186,0.283,1.5
2026-01-22,HM16,24.0,0.598,1.621,0.476,1.5
2026-01-22,HM20,24.0,1.073,0.641,0.922,1.5
2026-01-22,HM25,24.0,1.2,0.935,1.098,1.5
2026-01-22,HM30,24.0,0.691,2.971,0.807,1.5
2026-01-22,HM36,24.0,1.05,0.884,0.415,1.5
2026-01-22,HM43,24.0,1.589,2.439,0.51,1.5
2026-01-22,HM47,24.0,1.366,0.874,0.287,1.5
2026-01-22,HM50,24.0,9.013,0.0,1.225,1.5
2026-01-22,HM56,24.0,0.538,1.993,0.786,1.5
2026-01-23,HM01,24.0,0.727,2.251,0.497,1.5
2026-01-23,HM12,24.0,0.988,1.091,0.584,1.5
2026-01-23,HM13,24.0,2.402,1.954,0.617,1.5
2026-01-23,HM14,24.0,0.313,4.323,0.579,1.5
2026-01-23,HM16,24.0,0.752,2.33,0.468,1.5
2026-01-23,HM20,24.0,9.6,0.683,0.636,1.5
2026-01-23,HM25,24.0,0.787,1.708,0.274,1.5
2026-01-23,HM30,24.0,0.987,0.454,0.517,1.5
2026-01-23,HM36,24.0,0.939,1.239,0.757,1.5
2026-01-23,HM43,24.0,0.634,3.174,0.296,1.5
2026-01-23,HM47,24.0,1.238,0.5,0.339,1.5
2026-01-23,HM50,24.0,0.81,1.126,0.355,1.5
2026-01-23,HM56,24.0,0.631,1.97,0.605,1.5
2026-01-24,HM01,24.0,0.641,2.87,0.771,1.0
2026-01-24,HM12,24.0,0.876,1.56,0.581,1.0
2026-01-24,HM13,24.0,1.351,2.1,0.43,1.0
2026-01-24,HM14,24.0,0.431,3.484,0.708,1.0
2026-01-24,HM16,24.0,0.229,3.408,0.37,1.0
2026-01-24,HM20,24.0,0.838,2.174,0.391,1.0
2026-01-24,HM25,24.0,0.561,2.931,0.401,1.0
2026-01-24,HM30,24.0,0.614,0.0,0.468,1.0
2026-01-24,HM36,24.0,1.506,0.614,0.266,1.0
2026-01-24,HM43,24.0,0.684,0.608,0.74,1.0
2026-01-24,HM47,24.0,0.825,1.581,0.424,1.0
2026-01-24,HM50,24.0,0.457,0.667,0.346,1.0
2026-01-24,HM56,24.0,2.754,2.869,0.745,1.0
2026-01-25,HM01,24.0,0.737,2.656,0.617,1.0
2026-01-25,HM12,24.0,0.781,4.198,0.523,1.0
2026-01-25,HM13,24.0,2.055,5.708,0.638,1.0
2026-01-25,HM14,24.0,0.615,2.042,0.351,1.0
2026-01-25,HM16,24.0,0.627,4.75,0.612,1.0
2026-01-25,HM20,24.0,0.875,1.095,0.752,1.0
2026-01-25,HM25,24.0,0.655,1.335,0.568,1.0
2026-01-25,HM30,24.0,0.613,1.319,0.726,1.0
2026-01-25,HM36,24.0,1.689,1.251,0.366,1.0
2026-01-25,HM43,24.0,0.753,1.273,0.512,1.0
2026-01-25,HM47,24.0,0.208,0.5,0.527,1.0
2026-01-25,HM50,24.0,0.6,2.999,0.382,1.0
2026-01-25,HM56,24.0,4.896,0.73,0.513,1.0
2026-01-26,HM01,24.0,1.277,3.68,1.111,1.5
2026-01-26,HM12,24.0,0.344,2.882,0.189,1.5
2026-01-26,HM13,24.0,0.577,0.724,0.778,1.5
2026-01-26,HM14,24.0,1.232,1.24,0.405,1.5
2026-01-26,HM16,24.0,0.873,0.618,0.662,1.5
2026-01-26,HM20,24.0,0.238,2.26,0.284,1.5
2026-01-26,HM25,24.0,0.755,1.699,0.36,1.5
2026-01-26,HM30,24.0,5.196,1.907,0.798,1.5
2026-01-26,HM36,24.0,0.968,0.833,0.734,1.5
2026-01-26,HM43,24.0,1.001,1.074,0.768,1.5
2026-01-26,HM47,24.0,1.088,1.208,0.352,1.5
2026-01-26,HM50,24.0,1.245,1.363,0.378,1.5
2026-01-26,HM56,24.0,1.91,0.864,1.198,1.5
2026-01-27,HM01,24.0,1.275,2.927,0.541,1.5
2026-01-27,HM12,24.0,1.826,0.998,0.403,1.5
2026-01-27,HM13,24.0,0.625,0.5,0.544,1.5
2026-01-27,HM14,24.0,0.49,1.324,0.499,1.5
2026-01-27,HM16,24.0,3.575,2.268,0.643,1.5
2026-01-27,HM20,24.0,0.592,5.307,0.393,1.5
2026-01-27,HM25,24.0,4.154,1.211,0.719,1.5
2026-01-27,HM30,24.0,0.819,1.892,0.974,1.5
2026-01-27,HM36,24.0,2.659,1.521,0.587,1.5
2026-01-27,HM43,24.0,1.227,4.127,2.0,1.5
2026-01-27,HM47,24.0,1.361,0.781,0.438,1.5
2026-01-27,HM50,24.0,0.604,1.497,0.454,1.5
2026-01-27,HM56,24.0,1.37,1.432,1.091,1.5
2026-01-28,HM01,24.0,1.069,1.015,0.426,1.5
2026-01-28,HM12,24.0,0.948,0.832,0.863,1.5
2026-01-28,HM13,24.0,0.878,1.131,0.769,1.5
2026-01-28,HM14,24.0,0.917,1.483,0.383,1.5
2026-01-28,HM16,24.0,1.821,0.323,0.361,1.5
2026-01-28,HM20,24.0,0.527,2.355,1.018,1.5
2026-01-28,HM25,24.0,0.915,2.218,0.539,1.5
2026-01-28,HM30,24.0,0.617,2.246,0.656,1.5
2026-01-28,HM36,24.0,0.599,1.501,0.449,1.5
2026-01-28,HM43,24.0,6.125,1.131,0.532,1.5
2026-01-28,HM47,24.0,0.488,1.45,0.523,1.5
2026-01-28,HM50,24.0,1.165,0.586,0.86,1.5
2026-01-28,HM56,24.0,0.985,3.301,0.761,1.5
2026-01-29,HM01,24.0,0.843,0.0,0.697,1.5
2026-01-29,HM12,24.0,0.464,3.363,0.421,1.5
2026-01-29,HM13,24.0,0.705,0.0,1.046,1.5
2026-01-29,HM14,24.0,0.418,5.217,0.509,1.5
2026-01-29,HM16,24.0,0.875,4.533,0.311,1.5
2026-01-29,HM20,24.0,0.285,3.534,0.389,1.5
2026-01-29,HM25,24.0,1.714,0.413,0.572,1.5
2026-01-29,HM30,24.0,0.619,1.809,0.613,1.5
2026-01-29,HM36,24.0,0.67,3.679,0.374,1.5
2026-01-29,HM43,24.0,0.516,1.886,0.383,1.5
2026-01-29,HM47,24.0,1.605,1.065,0.519,1.5
2026-01-29,HM50,24.0,0.407,0.0,0.909,1.5
2026-01-29,HM56,24.0,5.517,3.479,0.437,1.5
2026-01-30,HM01,24.0,0.475,1.825,0.939,1.5
2026-01-30,HM12,24.0,0.633,3.85,0.511,1.5
2026-01-30,HM13,24.0,0.734,1.2,0.372,1.5
2026-01-30,HM14,24.0,0.894,2.136,0.377,1.5
2026-01-30,HM16,24.0,0.861,6.324,0.624,1.5
2026-01-30,HM20,24.0,0.822,0.259,0.522,1.5
2026-01-30,HM25,24.0,0.369,2.0,0.357,1.5
2026-01-30,HM30,24.0,0.421,0.555,0.475,1.5
2026-01-30,HM36,24.0,1.949,7.2,1.039,1.5
2026-01-30,HM43,24.0,4.138,2.547,0.501,1.5
2026-01-30,HM47,24.0,0.711,2.206,0.454,1.5
2026-01-30,HM50,24.0,1.019,1.543,0.702,1.5
2026-01-30,HM56,24.0,1.264,0.667,0.346,1.5
2026-01-31,HM01,24.0,0.426,4.739,1.167,1.0
2026-01-31,HM12,24.0,1.423,2.777,1.178,1.0
2026-01-31,HM13,24.0,1.691,0.934,0.984,1.0
2026-01-31,HM14,24.0,0.628,3.359,0.718,1.0
2026-01-31,HM16,24.0,3.421,1.173,0.436,1.0
2026-01-31,HM20,24.0,1.274,0.654,0.401,1.0
2026-01-31,HM25,24.0,0.808,0.875,0.721,1.0
2026-01-31,HM30,24.0,0.729,5.509,0.482,1.0
2026-01-31,HM36,24.0,0.869,1.442,0.437,1.0
2026-01-31,HM43,24.0,1.21,2.357,0.269,1.0
2026-01-31,HM47,24.0,1.277,2.218,0.446,1.0
2026-01-31,HM50,24.0,0.492,1.197,0.58,1.0
2026-01-31,HM56,24.0,0.877,1.781,0.603,1.0
2026-02-01,HM01,24.0,0.447,1.453,0.593,1.0
2026-02-01,HM12,24.0,0.627,3.279,0.674,1.0
2026-02-01,HM13,24.0,0.803,6.0,0.164,1.0
2026-02-01,HM14,24.0,0.318,1.821,0.62,1.0
2026-02-01,HM16,24.0,0.825,0.223,0.577,1.0
2026-02-01,HM20,24.0,0.451,1.071,0.622,1.0
2026-02-01,HM25,24.0,0.474,0.0,0.535,1.0
2026-02-01,HM30,24.0,0.912,0.728,0.478,1.0
2026-02-01,HM36,24.0,1.383,0.931,0.89,1.0
2026-02-01,HM43,24.0,0.649,0.333,0.585,1.0
2026-02-01,HM47,24.0,1.45,2.742,0.476,1.0
2026-02-01,HM50,24.0,0.253,0.671,0.667,1.0
2026-02-01,HM56,24.0,1.674,1.534,0.344,1.0
2026-02-02,HM01,24.0,5.32,3.922,0.304,1.5
2026-02-02,HM12,24.0,0.928,1.63,0.56,1.5
2026-02-02,HM13,24.0,1.329,5.527,0.283,1.5
2026-02-02,HM14,24.0,0.907,0.303,0.297,1.5
2026-02-02,HM16,24.0,0.786,3.31,0.722,1.5
2026-02-02,HM20,24.0,2.67,1.605,0.413,1.5
2026-02-02,HM25,24.0,0.631,1.14,0.309,1.5
2026-02-02,HM30,24.0,0.455,2.573,0.523,1.5
2026-02-02,HM36,24.0,1.107,1.8,0.719,1.5
2026-02-02,HM43,24.0,1.486,2.855,0.343,1.5
2026-02-02,HM47,24.0,0.956,1.223,0.54,1.5
2026-02-02,HM50,24.0,0.465,3.869,0.493,1.5
2026-02-02,HM56,24.0,0.445,5.425,0.298,1.5
2026-02-03,HM01,24.0,0.619,2.565,0.521,1.5
2026-02-03,HM12,24.0,0.437,1.529,0.487,1.5
2026-02-03,HM13,24.0,0.392,1.923,0.468,1.5
2026-02-03,HM14,24.0,0.426,3.912,0.414,1.5
2026-02-03,HM16,24.0,1.051,2.484,1.114,1.5
2026-02-03,HM20,24.0,1.746,2.168,0.546,1.5
2026-02-03,HM25,24.0,1.026,1.04,0.482,1.5
2026-02-03,HM30,24.0,0.855,0.431,0.263,1.5
2026-02-03,HM36,24.0,0.361,1.145,0.963,1.5
2026-02-03,HM43,24.0,0.574,1.969,0.842,1.5
2026-02-03,HM47,24.0,1.872,0.87,0.357,1.5
2026-02-03,HM50,24.0,6.437,1.662,0.405,1.5
2026-02-03,HM56,24.0,0.452,1.093,0.36,1.5
2026-02-04,HM01,24.0,0.875,0.651,0.426,1.5
2026-02-04,HM12,24.0,1.357,1.927,0.564,1.5
2026-02-04,HM13,24.0,1.134,4.301,0.38,1.5
2026-02-04,HM14,24.0,0.791,1.469,0.958,1.5
2026-02-04,HM16,24.0,0.844,2.341,0.172,1.5
2026-02-04,HM20,24.0,0.416,6.193,0.299,1.5
2026-02-04,HM25,24.0,3.269,2.865,0.493,1.5
2026-02-04,HM30,24.0,3.492,2.968,0.388,1.5
2026-02-04,HM36,24.0,1.392,2.058,0.544,1.5
2026-02-04,HM43,24.0,1.405,2.93,0.282,1.5
2026-02-04,HM47,24.0,2.787,3.566,0.544,1.5
2026-02-04,HM50,24.0,0.708,0.0,0.615,1.5
2026-02-04,HM56,24.0,1.085,0.79,0.392,1.5
2026-02-05,HM01,24.0,0.586,4.0,0.477,1.5
2026-02-05,HM12,24.0,0.533,1.864,0.616,1.5
2026-02-05,HM13,24.0,0.949,0.393,0.453,1.5
2026-02-05,HM14,24.0,2.683,2.421,0.309,1.5
2026-02-05,HM16,24.0,0.539,1.861,0.63,1.5
2026-02-05,HM20,24.0,0.718,1.527,0.239,1.5
2026-02-05,HM25,24.0,0.932,0.69,0.79,1.5
2026-02-05,HM30,24.0,1.605,2.458,1.06,1.5
2026-02-05,HM36,24.0,5.559,5.381,0.374,1.5
2026-02-05,HM43,24.0,0.791,0.822,0.582,1.5
2026-02-05,HM47,24.0,0.567,0.833,0.405,1.5
2026-02-05,HM50,24.0,0.595,1.643,0.427,1.5
2026-02-05,HM56,24.0,1.215,1.852,0.68,1.5
2026-02-06,HM01,24.0,0.96,1.238,0.623,1.5
2026-02-06,HM12,24.0,1.176,1.504,0.486,1.5
2026-02-06,HM13,24.0,1.767,2.952,0.596,1.5
2026-02-06,HM14,24.0,1.559,4.974,0.317,1.5
2026-02-06,HM16,24.0,0.736,4.735,0.346,1.5
2026-02-06,HM20,24.0,0.942,1.288,0.677,1.5
2026-02-06,HM25,24.0,1.29,2.377,0.865,1.5
2026-02-06,HM30,24.0,0.647,1.757,0.564,1.5
2026-02-06,HM36,24.0,0.341,3.549,0.318,1.5
2026-02-06,HM43,24.0,3.183,2.508,0.329,1.5
2026-02-06,HM47,24.0,0.388,0.618,0.279,1.5
2026-02-06,HM50,24.0,2.435,0.0,0.557,1.5
2026-02-06,HM56,24.0,0.563,0.346,0.239,1.5
2026-02-07,HM01,24.0,0.899,1.068,0.791,1.0
2026-02-07,HM12,24.0,0.888,7.196,0.217,1.0
2026-02-07,HM13,24.0,1.593,1.417,0.805,1.0
2026-02-07,HM14,24.0,1.808,1.899,0.581,1.0
2026-02-07,HM16,24.0,1.179,5.577,0.251,1.0
2026-02-07,HM20,24.0,0.712,0.362,0.435,1.0
2026-02-07,HM25,24.0,0.7,0.727,0.345,1.0
2026-02-07,HM30,24.0,0.707,6.417,0.315,1.0
2026-02-07,HM36,24.0,1.501,0.307,0.182,1.0
2026-02-07,HM43,24.0,1.309,1.073,0.464,1.0
2026-02-07,HM47,24.0,0.429,1.523,0.295,1.0
2026-02-07,HM50,24.0,1.326,0.0,0.712,1.0
2026-02-07,HM56,24.0,0.508,0.205,0.553,1.0
2026-02-08,HM01,24.0,0.487,2.981,0.309,1.0
2026-02-08,HM12,24.0,1.521,1.824,0.451,1.0
2026-02-08,HM13,24.0,0.679,2.149,0.44,1.0
2026-02-08,HM14,24.0,0.635,3.744,0.594,1.0
2026-02-08,HM16,24.0,0.417,1.234,0.822,1.0
2026-02-08,HM20,24.0,1.702,2.801,0.441,1.0
2026-02-08,HM25,24.0,0.991,1.574,0.279,1.0
2026-02-08,HM30,24.0,0.507,4.626,1.036,1.0
2026-02-08,HM36,24.0,0.517,1.089,0.565,1.0
2026-02-08,HM43,24.0,1.792,2.899,0.788,1.0
2026-02-08,HM47,24.0,2.834,2.039,0.586,1.0
2026-02-08,HM50,24.0,0.536,0.556,0.567,1.0
2026-02-08,HM56,24.0,0.612,1.073,0.239,1.0
2026-02-09,HM01,24.0,0.554,1.565,0.429,1.5
2026-02-09,HM12,24.0,0.58,4.748,0.618,1.5
2026-02-09,HM13,24.0,1.019,7.2,0.634,1.5
2026-02-09,HM14,24.0,0.413,1.31,0.796,1.5
2026-02-09,HM16,24.0,0.777,1.135,0.456,1.5
2026-02-09,HM20,24.0,0.872,2.696,0.546,1.5
2026-02-09,HM25,24.0,1.104,0.826,0.933,1.5
2026-02-09,HM30,24.0,1.025,3.996,0.583,1.5
2026-02-09,HM36,24.0,0.842,0.0,0.408,1.5
2026-02-09,HM43,24.0,0.804,5.526,0.611,1.5
2026-02-09,HM47,24.0,1.697,1.017,0.854,1.5
2026-02-09,HM50,24.0,0.695,2.689,0.66,1.5
2026-02-09,HM56,24.0,0.545,1.561,0.521,1.5
2026-02-10,HM01,24.0,0.998,1.543,0.259,1.5
2026-02-10,HM12,24.0,1.184,2.739,0.374,1.5
2026-02-10,HM13,24.0,1.197,0.0,1.055,1.5
2026-02-10,HM14,24.0,0.831,2.319,0.299,1.5
2026-02-10,HM16,24.0,1.077,1.218,0.305,1.5
2026-02-10,HM20,24.0,0.716,0.375,0.298,1.5
2026-02-10,HM25,24.0,0.461,0.55,0.908,1.5
2026-02-10,HM30,24.0,1.002,0.841,0.939,1.5
2026-02-10,HM36,24.0,1.518,0.784,0.848,1.5
2026-02-10,HM43,24.0,1.193,1.14,0.674,1.5
2026-02-10,HM47,24.0,1.163,2.118,0.556,1.5
2026-02-10,HM50,24.0,0.326,1.006,0.38,1.5
2026-02-10,HM56,24.0,0.45,0.0,0.667,1.5
2026-02-11,HM01,24.0,0.459,1.669,0.62,1.5
2026-02-11,HM12,24.0,1.635,2.277,0.381,1.5
2026-02-11,HM13,24.0,1.213,2.083,0.664,1.5
2026-02-11,HM14,24.0,1.62,3.526,0.432,1.5
2026-02-11,HM16,24.0,0.952,1.144,0.364,1.5
2026-02-11,HM20,24.0,1.196,0.429,0.315,1.5
2026-02-11,HM25,24.0,0.805,1.426,0.277,1.5
2026-02-11,HM30,24.0,0.786,3.197,0.461,1.5
2026-02-11,HM36,24.0,0.726,1.125,0.632,1.5
2026-02-11,HM43,24.0,1.373,2.474,0.574,1.5
2026-02-11,HM47,24.0,1.523,0.982,0.392,1.5
2026-02-11,HM50,24.0,6.031,0.817,0.72,1.5
2026-02-11,HM56,24.0,0.456,5.046,0.479,1.5
2026-02-12,HM01,24.0,0.888,0.854,0.662,1.5
2026-02-12,HM12,24.0,0.384,1.866,0.366,1.5
2026-02-12,HM13,24.0,1.041,1.511,0.462,1.5
2026-02-12,HM14,24.0,0.897,1.675,0.346,1.5
2026-02-12,HM16,24.0,1.211,1.12,0.504,1.5
2026-02-12,HM20,24.0,1.203,0.0,0.454,1.5
2026-02-12,HM25,24.0,0.854,2.465,0.523,1.5
2026-02-12,HM30,24.0,0.363,1.34,0.571,1.5
2026-02-12,HM36,24.0,0.775,1.132,0.241,1.5
2026-02-12,HM43,24.0,0.306,0.0,0.755,1.5
2026-02-12,HM47,24.0,1.565,1.616,0.37,1.5
2026-02-12,HM50,24.0,1.615,0.438,0.618,1.5
2026-02-12,HM56,24.0,0.819,0.0,0.538,1.5
2026-02-13,HM01,24.0,5.439,0.0,0.515,1.5
2026-02-13,HM12,24.0,1.147,1.573,0.582,1.5
2026-02-13,HM13,24.0,0.99,2.83,0.591,1.5
2026-02-13,HM14,24.0,2.83,1.5,0.433,1.5
2026-02-13,HM16,24.0,1.355,1.177,0.717,1.5
2026-02-13,HM20,24.0,1.014,1.773,0.384,1.5
2026-02-13,HM25,24.0,0.614,1.073,0.649,1.5
2026-02-13,HM30,24.0,1.61,0.0,0.572,1.5
2026-02-13,HM36,24.0,1.501,2.575,0.57,1.5
2026-02-13,HM43,24.0,0.623,0.983,0.363,1.5
2026-02-13,HM47,24.0,0.48,1.26,0.606,1.5
2026-02-13,HM50,24.0,1.107,0.0,0.599,1.5
2026-02-13,HM56,24.0,1.681,2.368,0.503,1.5
2026-02-14,HM01,24.0,0.319,1.447,0.351,1.0
2026-02-14,HM12,24.0,0.984,0.688,0.298,1.0
2026-02-14,HM13,24.0,1.149,1.402,0.498,1.0
2026-02-14,HM14,24.0,0.95,1.138,0.582,1.0
2026-02-14,HM16,24.0,1.422,2.845,0.291,1.0
2026-02-14,HM20,24.0,0.93,0.955,0.447,1.0
2026-02-14,HM25,24.0,0.983,4.289,0.714,1.0
2026-02-14,HM30,24.0,2.998,0.414,0.581,1.0
2026-02-14,HM36,24.0,0.642,2.007,0.534,1.0
2026-02-14,HM43,24.0,0.677,0.387,0.623,1.0
2026-02-14,HM47,24.0,0.519,2.219,0.829,1.0
2026-02-14,HM50,24.0,0.77,0.0,0.469,1.0
2026-02-14,HM56,24.0,3.467,1.348,0.572,1.0
2026-02-15,HM01,24.0,1.186,1.134,0.462,1.0
2026-02-15,HM12,24.0,0.531,0.0,0.464,1.0
2026-02-15,HM13,24.0,0.455,1.617,0.707,1.0
2026-02-15,HM14,24.0,2.472,1.094,0.724,1.0
2026-02-15,HM16,24.0,0.996,0.228,0.763,1.0
2026-02-15,HM20,24.0,0.461,1.631,0.155,1.0
2026-02-15,HM25,24.0,0.89,0.432,0.308,1.0
2026-02-15,HM30,24.0,0.994,3.961,0.769,1.0
2026-02-15,HM36,24.0,0.744,4.514,0.447,1.0
2026-02-15,HM43,24.0,0.286,2.736,0.342,1.0
2026-02-15,HM47,24.0,1.063,1.024,0.527,1.0
2026-02-15,HM50,24.0,0.788,1.865,0.55,1.0
2026-02-15,HM56,24.0,2.657,0.671,0.925,1.0
2026-02-16,HM01,24.0,0.539,1.161,0.704,1.5
2026-02-16,HM12,24.0,1.476,1.068,0.388,1.5
2026-02-16,HM13,24.0,1.308,1.417,0.347,1.5
2026-02-16,HM14,24.0,1.793,2.303,0.347,1.5
2026-02-16,HM16,24.0,2.183,2.011,0.379,1.5
2026-02-16,HM20,24.0,0.664,0.597,0.427,1.5
2026-02-16,HM25,24.0,0.623,0.167,0.393,1.5
2026-02-16,HM30,24.0,0.832,0.435,0.334,1.5
2026-02-16,HM36,24.0,0.388,1.736,0.411,1.5
2026-02-16,HM43,24.0,1.463,0.688,0.345,1.5
2026-02-16,HM47,24.0,2.662,3.175,0.987,1.5
2026-02-16,HM50,24.0,0.539,0.594,0.451,1.5
2026-02-16,HM56,24.0,1.23,2.009,0.367,1.5
2026-02-17,HM01,24.0,0.767,2.557,0.378,1.5
2026-02-17,HM12,24.0,0.724,7.2,0.272,1.5
2026-02-17,HM13,24.0,1.174,5.286,0.806,1.5
2026-02-17,HM14,24.0,0.945,1.759,0.43,1.5
2026-02-17,HM16,24.0,1.037,0.749,0.351,1.5
2026-02-17,HM20,24.0,1.272,0.621,0.342,1.5
2026-02-17,HM25,24.0,3.578,2.097,0.384,1.5
2026-02-17,HM30,24.0,1.257,2.077,0.556,1.5
2026-02-17,HM36,24.0,0.433,1.251,0.681,1.5
2026-02-17,HM43,24.0,1.832,1.588,0.248,1.5
2026-02-17,HM47,24.0,7.955,1.789,0.672,1.5
2026-02-17,HM50,24.0,0.299,2.317,0.329,1.5
2026-02-17,HM56,24.0,0.816,4.111,0.412,1.5
2026-02-18,HM01,24.0,0.959,1.951,0.643,1.5
2026-02-18,HM12,24.0,1.397,2.55,0.317,1.5
2026-02-18,HM13,24.0,3.549,0.0,1.051,1.5
2026-02-18,HM14,24.0,0.811,2.957,0.791,1.5
2026-02-18,HM16,24.0,0.543,3.903,0.385,1.5
2026-02-18,HM20,24.0,0.787,2.801,0.248,1.5
2026-02-18,HM25,24.0,0.438,2.535,0.4,1.5
2026-02-18,HM30,24.0,1.318,4.0,0.582,1.5
2026-02-18,HM36,24.0,2.069,2.454,0.331,1.5
2026-02-18,HM43,24.0,1.176,1.722,0.315,1.5
2026-02-18,HM47,24.0,1.65,0.958,0.441,1.5
2026-02-18,HM50,24.0,0.569,0.464,0.332,1.5
2026-02-18,HM56,24.0,0.846,0.45,0.446,1.5
2026-02-19,HM01,24.0,0.42,4.522,0.822,1.5
2026-02-19,HM12,24.0,0.989,2.55,0.344,1.5
2026-02-19,HM13,24.0,1.328,5.174,0.52,1.5
2026-02-19,HM14,24.0,1.157,5.204,0.779,1.5
2026-02-19,HM16,24.0,0.506,0.463,0.585,1.5
2026-02-19,HM20,24.0,1.184,5.12,0.441,1.5
2026-02-19,HM25,24.0,0.477,1.369,0.735,1.5
2026-02-19,HM30,24.0,4.626,2.839,0.612,1.5
2026-02-19,HM36,24.0,1.15,2.06,0.354,1.5
2026-02-19,HM43,24.0,5.473,2.428,0.423,1.5
2026-02-19,HM47,24.0,0.608,1.297,0.282,1.5
2026-02-19,HM50,24.0,0.659,0.0,0.425,1.5
2026-02-19,HM56,24.0,0.797,1.884,0.51,1.5
2026-02-20,HM01,24.0,0.942,0.867,0.633,1.5
2026-02-20,HM12,24.0,0.582,1.439,0.525,1.5
2026-02-20,HM13,24.0,0.478,1.84,0.576,1.5
2026-02-20,HM14,24.0,0.904,1.269,0.589,1.5
2026-02-20,HM16,24.0,1.001,1.619,0.432,1.5
2026-02-20,HM20,24.0,0.984,1.789,0.36,1.5
2026-02-20,HM25,24.0,0.7,7.2,0.616,1.5
2026-02-20,HM30,24.0,3.927,2.092,1.053,1.5
2026-02-20,HM36,24.0,2.774,4.615,0.589,1.5
2026-02-20,HM43,24.0,0.401,0.83,0.537,1.5
2026-02-20,HM47,24.0,0.181,1.33,0.51,1.5
2026-02-20,HM50,24.0,0.811,0.314,0.385,1.5
2026-02-20,HM56,24.0,0.42,2.217,0.523,1.5
2026-02-21,HM01,24.0,0.898,1.883,0.793,1.0
2026-02-21,HM12,24.0,0.65,1.307,0.399,1.0
2026-02-21,HM13,24.0,4.343,0.743,0.587,1.0
2026-02-21,HM14,24.0,2.294,1.479,0.492,1.0
2026-02-21,HM16,24.0,0.711,3.752,0.438,1.0
2026-02-21,HM20,24.0,0.641,0.36,0.909,1.0
2026-02-21,HM25,24.0,2.688,1.233,0.403,1.0
2026-02-21,HM30,24.0,1.336,1.842,0.653,1.0
2026-02-21,HM36,24.0,0.561,3.312,0.611,1.0
2026-02-21,HM43,24.0,1.821,2.881,0.395,1.0
2026-02-21,HM47,24.0,0.63,1.923,0.634,1.0
2026-02-21,HM50,24.0,0.679,0.757,0.289,1.0
2026-02-21,HM56,24.0,0.298,2.546,0.613,1.0
2026-02-22,HM01,24.0,0.268,0.45,0.193,1.0
2026-02-22,HM12,24.0,0.952,1.46,0.358,1.0
2026-02-22,HM13,24.0,0.857,1.71,0.308,1.0
2026-02-22,HM14,24.0,0.745,1.836,0.651,1.0
2026-02-22,HM16,24.0,0.815,2.414,0.725,1.0
2026-02-22,HM20,24.0,0.58,1.122,0.88,1.0
2026-02-22,HM25,24.0,0.766,0.458,0.468,1.0
2026-02-22,HM30,24.0,1.057,0.0,0.61,1.0
2026-02-22,HM36,24.0,1.281,1.905,0.278,1.0
2026-02-22,HM43,24.0,0.733,1.801,0.539,1.0
2026-02-22,HM47,24.0,0.582,1.859,0.411,1.0
2026-02-22,HM50,24.0,0.697,0.658,0.377,1.0
2026-02-22,HM56,24.0,2.126,2.771,0.534,1.0
2026-02-23,HM01,24.0,0.509,1.5,0.584,1.5
2026-02-23,HM12,24.0,0.772,0.718,0.401,1.5
2026-02-23,HM13,24.0,0.752,2.144,0.659,1.5
2026-02-23,HM14,24.0,0.531,3.167,0.718,1.5
2026-02-23,HM16,24.0,1.963,2.143,0.522,1.5
2026-02-23,HM20,24.0,0.701,3.695,0.372,1.5
2026-02-23,HM25,24.0,0.943,1.514,0.783,1.5
2026-02-23,HM30,24.0,2.027,0.673,0.799,1.5
2026-02-23,HM36,24.0,5.884,6.849,0.499,1.5
2026-02-23,HM43,24.0,4.964,2.417,0.898,1.5
2026-02-23,HM47,24.0,0.891,1.535,0.356,1.5
2026-02-23,HM50,24.0,0.553,1.505,0.318,1.5
2026-02-23,HM56,24.0,0.858,0.571,0.428,1.5
2026-02-24,HM01,24.0,1.377,2.062,0.728,1.5
2026-02-24,HM12,24.0,0.667,0.371,0.503,1.5
2026-02-24,HM13,24.0,0.717,5.038,0.241,1.5
2026-02-24,HM14,24.0,0.551,2.717,1.441,1.5
2026-02-24,HM16,24.0,0.769,0.999,0.396,1.5
2026-02-24,HM20,24.0,0.84,3.766,0.873,1.5
2026-02-24,HM25,24.0,0.902,0.667,0.653,1.5
2026-02-24,HM30,24.0,1.156,7.2,0.298,1.5
2026-02-24,HM36,24.0,0.748,0.954,0.646,1.5
2026-02-24,HM43,24.0,6.048,4.286,0.378,1.5
2026-02-24,HM47,24.0,0.745,0.58,0.558,1.5
2026-02-24,HM50,24.0,0.46,1.154,0.484,1.5
2026-02-24,HM56,24.0,1.095,4.35,0.188,1.5
2026-02-25,HM01,24.0,0.877,2.99,0.887,1.5
2026-02-25,HM12,24.0,0.559,4.162,0.464,1.5
2026-02-25,HM13,24.0,3.655,0.0,0.622,1.5
2026-02-25,HM14,24.0,2.851,3.378,0.362,1.5
2026-02-25,HM16,24.0,0.561,1.17,0.833,1.5
2026-02-25,HM20,24.0,0.875,0.57,0.839,1.5
2026-02-25,HM25,24.0,4.894,0.0,0.666,1.5
2026-02-25,HM30,24.0,1.055,2.349,0.962,1.5
2026-02-25,HM36,24.0,0.535,0.253,0.262,1.5
2026-02-25,HM43,24.0,3.506,2.953,0.654,1.5
2026-02-25,HM47,24.0,0.849,4.487,0.368,1.5
2026-02-25,HM50,24.0,0.868,1.529,0.513,1.5
2026-02-25,HM56,24.0,0.468,5.103,0.504,1.5
2026-02-26,HM01,24.0,0.627,1.777,0.336,1.5
2026-02-26,HM12,24.0,0.263,2.015,0.692,1.5
2026-02-26,HM13,24.0,1.66,0.439,0.227,1.5
2026-02-26,HM14,24.0,0.307,1.235,0.957,1.5
2026-02-26,HM16,24.0,0.811,1.452,0.775,1.5
2026-02-26,HM20,24.0,0.907,2.35,0.71,1.5
2026-02-26,HM25,24.0,0.361,2.896,0.205,1.5
2026-02-26,HM30,24.0,0.406,1.045,0.489,1.5
2026-02-26,HM36,24.0,0.414,1.891,0.39,1.5
2026-02-26,HM43,24.0,1.237,0.86,0.344,1.5
2026-02-26,HM47,24.0,1.361,1.421,0.273,1.5
2026-02-26,HM50,24.0,0.627,0.526,0.502,1.5
2026-02-26,HM56,24.0,0.504,0.92,0.282,1.5
2026-02-27,HM01,24.0,1.044,2.09,0.962,1.5
2026-02-27,HM12,24.0,1.476,0.475,0.412,1.5
2026-02-27,HM13,24.0,0.601,1.042,0.797,1.5
2026-02-27,HM14,24.0,1.832,5.879,0.336,1.5
2026-02-27,HM16,24.0,4.452,2.208,0.82,1.5
2026-02-27,HM20,24.0,0.97,0.828,0.355,1.5
2026-02-27,HM25,24.0,1.737,1.542,0.6,1.5
2026-02-27,HM30,24.0,0.338,2.154,0.468,1.5
2026-02-27,HM36,24.0,0.796,2.719,0.77,1.5
2026-02-27,HM43,24.0,1.022,0.893,0.414,1.5
2026-02-27,HM47,24.0,1.485,1.565,0.512,1.5
2026-02-27,HM50,24.0,0.572,4.007,0.625,1.5
2026-02-27,HM56,24.0,0.79,3.073,0.364,1.5
2026-02-28,HM01,24.0,1.029,1.695,0.245,1.0
2026-02-28,HM12,24.0,0.738,1.441,0.372,1.0
2026-02-28,HM13,24.0,0.97,2.077,0.573,1.0
2026-02-28,HM14,24.0,1.125,2.863,0.311,1.0
2026-02-28,HM16,24.0,0.716,2.981,0.308,1.0
2026-02-28,HM20,24.0,1.007,0.279,0.519,1.0
2026-02-28,HM25,24.0,1.549,0.969,0.263,1.0
2026-02-28,HM30,24.0,0.717,0.472,0.444,1.0
2026-02-28,HM36,24.0,1.311,1.288,0.662,1.0
2026-02-28,HM43,24.0,0.671,0.478,0.937,1.0
2026-02-28,HM47,24.0,0.479,2.112,0.449,1.0
2026-02-28,HM50,24.0,2.682,1.745,1.401,1.0
2026-02-28,HM56,24.0,0.461,1.576,0.802,1.0
2026-03-01,HM01,24.0,1.06,0.483,0.562,1.0
2026-03-01,HM12,24.0,0.446,2.882,0.497,1.0
2026-03-01,HM13,24.0,0.423,7.2,0.624,1.0
2026-03-01,HM14,24.0,1.218,0.844,0.738,1.0
2026-03-01,HM16,24.0,0.248,0.992,0.277,1.0
2026-03-01,HM20,24.0,0.822,1.201,0.419,1.0
2026-03-01,HM25,24.0,1.001,0.752,0.494,1.0
2026-03-01,HM30,24.0,1.193,0.797,0.467,1.0
2026-03-01,HM36,24.0,0.587,0.931,0.595,1.0
2026-03-01,HM43,24.0,0.941,2.193,0.882,1.0
2026-03-01,HM47,24.0,4.582,5.863,0.476,1.0
2026-03-01,HM50,24.0,0.905,0.442,0.612,1.0
2026-03-01,HM56,24.0,2.11,2.098,0.506,1.0
2026-03-02,HM01,24.0,0.524,0.892,0.678,1.5
2026-03-02,HM12,24.0,1.085,1.029,0.36,1.5
2026-03-02,HM13,24.0,0.663,1.223,0.492,1.5
2026-03-02,HM14,24.0,1.142,2.5,0.565,1.5
2026-03-02,HM16,24.0,0.175,3.292,0.304,1.5
2026-03-02,HM20,24.0,0.445,0.567,0.803,1.5
2026-03-02,HM25,24.0,1.05,0.427,0.463,1.5
2026-03-02,HM30,24.0,2.54,0.562,0.56,1.5
2026-03-02,HM36,24.0,1.338,0.66,0.322,1.5
2026-03-02,HM43,24.0,0.505,1.07,0.444,1.5
2026-03-02,HM47,24.0,1.508,1.6,0.379,1.5
2026-03-02,HM50,24.0,0.495,1.933,0.721,1.5
2026-03-02,HM56,24.0,0.906,2.316,0.756,1.5
2026-03-03,HM01,24.0,4.485,3.589,0.472,1.5
2026-03-03,HM12,24.0,1.457,1.104,0.802,1.5
2026-03-03,HM13,24.0,1.243,1.182,0.344,1.5
2026-03-03,HM14,24.0,0.3,1.142,0.694,1.5
2026-03-03,HM16,24.0,1.383,1.467,0.388,1.5
2026-03-03,HM20,24.0,0.96,2.004,0.341,1.5
2026-03-03,HM25,24.0,1.09,3.388,0.66,1.5
2026-03-03,HM30,24.0,0.698,1.978,0.363,1.5
2026-03-03,HM36,24.0,1.634,4.043,0.285,1.5
2026-03-03,HM43,24.0,0.307,1.696,0.416,1.5
2026-03-03,HM47,24.0,0.78,2.995,0.497,1.5
2026-03-03,HM50,24.0,0.826,1.245,0.284,1.5
2026-03-03,HM56,24.0,1.86,1.106,0.379,1.5
2026-03-04,HM01,24.0,0.683,0.925,0.495,1.5
2026-03-04,HM12,24.0,1.271,7.2,0.36,1.5
2026-03-04,HM13,24.0,0.383,1.765,0.308,1.5
2026-03-04,HM14,24.0,1.053,1.147,0.588,1.5
2026-03-04,HM16,24.0,1.439,3.602,0.436,1.5
2026-03-04,HM20,24.0,0.252,0.54,0.63,1.5
2026-03-04,HM25,24.0,0.55,0.482,0.558,1.5
2026-03-04,HM30,24.0,0.153,0.71,0.685,1.5
2026-03-04,HM36,24.0,0.607,0.538,0.378,1.5
2026-03-04,HM43,24.0,0.494,2.407,0.887,1.5
2026-03-04,HM47,24.0,1.59,0.0,0.337,1.5
2026-03-04,HM50,24.0,0.489,0.703,0.443,1.5
2026-03-04,HM56,24.0,0.475,1.322,0.295,1.5
2026-03-05,HM01,24.0,0.431,1.71,0.354,1.5
2026-03-05,HM12,24.0,0.848,1.363,0.454,1.5
2026-03-05,HM13,24.0,0.746,0.946,0.552,1.5
2026-03-05,HM14,24.0,1.483,6.602,0.675,1.5
2026-03-05,HM16,24.0,2.895,1.562,0.608,1.5
2026-03-05,HM20,24.0,0.514,0.0,0.601,1.5
2026-03-05,HM25,24.0,0.851,1.052,0.537,1.5
2026-03-05,HM30,24.0,0.974,0.929,1.755,1.5
2026-03-05,HM36,24.0,0.596,2.264,0.449,1.5
2026-03-05,HM43,24.0,1.372,1.036,0.464,1.5
2026-03-05,HM47,24.0,1.242,1.111,0.528,1.5
2026-03-05,HM50,24.0,0.344,1.261,0.664,1.5
2026-03-05,HM56,24.0,0.976,2.523,0.398,1.5
2026-03-06,HM01,24.0,2.661,1.26,0.731,1.5
2026-03-06,HM12,24.0,0.74,0.57,0.716,1.5
2026-03-06,HM13,24.0,0.273,0.0,0.375,1.5
2026-03-06,HM14,24.0,0.526,1.188,0.372,1.5
2026-03-06,HM16,24.0,0.956,3.608,0.239,1.5
2026-03-06,HM20,24.0,1.841,1.194,0.449,1.5
2026-03-06,HM25,24.0,0.929,2.964,0.155,1.5
2026-03-06,HM30,24.0,0.417,1.093,0.484,1.5
2026-03-06,HM36,24.0,0.933,1.117,0.73,1.5
2026-03-06,HM43,24.0,0.71,4.48,0.295,1.5
2026-03-06,HM47,24.0,1.364,0.734,0.491,1.5
2026-03-06,HM50,24.0,0.616,2.313,0.452,1.5
2026-03-06,HM56,24.0,1.034,1.25,0.768,1.5
2026-03-07,HM01,24.0,6.064,2.088,0.823,1.0
2026-03-07,HM12,24.0,0.9,2.098,0.443,1.0
2026-03-07,HM13,24.0,0.387,2.151,0.37,1.0
2026-03-07,HM14,24.0,1.104,1.75,0.573,1.0
2026-03-07,HM16,24.0,0.485,4.531,0.698,1.0
2026-03-07,HM20,24.0,0.238,0.0,0.787,1.0
2026-03-07,HM25,24.0,0.672,0.37,1.362,1.0
2026-03-07,HM30,24.0,0.529,1.348,0.411,1.0
2026-03-07,HM36,24.0,0.918,0.667,0.172,1.0
2026-03-07,HM43,24.0,1.511,0.538,0.569,1.0
2026-03-07,HM47,24.0,0.735,0.0,0.679,1.0
2026-03-07,HM50,24.0,1.866,0.512,0.832,1.0
2026-03-07,HM56,24.0,0.579,1.091,0.789,1.0
2026-03-08,HM01,24.0,1.048,1.618,0.881,1.0
2026-03-08,HM12,24.0,0.702,6.896,0.23,1.0
2026-03-08,HM13,24.0,0.451,1.409,0.404,1.0
2026-03-08,HM14,24.0,1.407,4.15,0.597,1.0
2026-03-08,HM16,24.0,1.709,0.953,0.52,1.0
2026-03-08,HM20,24.0,1.056,1.461,0.882,1.0
2026-03-08,HM25,24.0,0.906,0.0,0.28,1.0
2026-03-08,HM30,24.0,0.771,0.828,0.851,1.0
2026-03-08,HM36,24.0,0.798,1.395,0.731,1.0
2026-03-08,HM43,24.0,0.221,0.336,0.633,1.0
2026-03-08,HM47,24.0,6.327,2.079,0.908,1.0
2026-03-08,HM50,24.0,0.999,2.776,0.857,1.0
2026-03-08,HM56,24.0,0.566,3.251,0.776,1.0
2026-03-09,HM01,24.0,1.161,2.416,0.309,1.5
2026-03-09,HM12,24.0,1.895,0.0,0.324,1.5
2026-03-09,HM13,24.0,0.736,0.974,0.412,1.5
2026-03-09,HM14,24.0,0.884,3.177,0.313,1.5
2026-03-09,HM16,24.0,0.756,1.009,0.374,1.5
2026-03-09,HM20,24.0,0.71,6.0,0.639,1.5
2026-03-09,HM25,24.0,0.938,0.427,0.361,1.5
2026-03-09,HM30,24.0,1.997,0.85,0.547,1.5
2026-03-09,HM36,24.0,2.232,6.0,0.855,1.5
2026-03-09,HM43,24.0,0.778,3.08,0.579,1.5
2026-03-09,HM47,24.0,1.118,0.832,0.337,1.5
2026-03-09,HM50,24.0,0.685,0.857,0.627,1.5
2026-03-09,HM56,24.0,1.273,3.585,0.546,1.5
2026-03-10,HM01,24.0,0.491,1.141,0.303,1.5
2026-03-10,HM12,24.0,0.457,0.0,0.649,1.5
2026-03-10,HM13,24.0,0.624,1.025,0.767,1.5
2026-03-10,HM14,24.0,0.549,1.338,0.561,1.5
2026-03-10,HM16,24.0,0.748,0.499,0.562,1.5
2026-03-10,HM20,24.0,1.102,0.0,0.35,1.5
2026-03-10,HM25,24.0,2.532,0.442,0.45,1.5
2026-03-10,HM30,24.0,1.034,0.751,0.362,1.5
2026-03-10,HM36,24.0,3.834,0.413,0.735,1.5
2026-03-10,HM43,24.0,0.794,1.719,0.503,1.5
2026-03-10,HM47,24.0,1.175,0.763,0.305,1.5
2026-03-10,HM50,24.0,0.445,3.818,0.585,1.5
2026-03-10,HM56,24.0,5.486,0.932,0.189,1.5
2026-03-11,HM01,24.0,1.223,0.913,0.535,1.5
2026-03-11,HM12,24.0,0.418,1.992,0.579,1.5
2026-03-11,HM13,24.0,2.192,1.803,0.268,1.5
2026-03-11,HM14,24.0,2.261,0.67,0.623,1.5
2026-03-11,HM16,24.0,0.746,0.436,0.695,1.5
2026-03-11,HM20,24.0,0.852,2.444,0.461,1.5
2026-03-11,HM25,24.0,0.494,0.396,0.422,1.5
2026-03-11,HM30,24.0,0.382,1.21,0.365,1.5
2026-03-11,HM36,24.0,0.89,0.627,0.779,1.5
2026-03-11,HM43,24.0,0.86,1.339,0.392,1.5
2026-03-11,HM47,24.0,0.381,1.347,0.563,1.5
2026-03-11,HM50,24.0,2.212,1.596,0.288,1.5
2026-03-11,HM56,24.0,0.419,1.701,1.222,1.5
2026-03-12,HM01,24.0,0.76,2.637,0.599,1.5
2026-03-12,HM12,24.0,5.941,1.621,0.355,1.5
2026-03-12,HM13,24.0,0.761,0.382,0.403,1.5
2026-03-12,HM14,24.0,0.884,2.898,0.348,1.5
2026-03-12,HM16,24.0,0.903,1.603,0.218,1.5
2026-03-12,HM20,24.0,0.853,0.0,0.496,1.5
2026-03-12,HM25,24.0,0.423,3.1,0.331,1.5
2026-03-12,HM30,24.0,0.782,2.409,0.541,1.5
2026-03-12,HM36,24.0,1.377,1.411,0.383,1.5
2026-03-12,HM43,24.0,3.256,0.86,0.344,1.5
2026-03-12,HM47,24.0,0.432,2.251,0.659,1.5
2026-03-12,HM50,24.0,0.233,0.414,0.315,1.5
2026-03-12,HM56,24.0,0.763,4.944,0.612,1.5
2026-03-13,HM01,24.0,4.466,0.549,0.658,1.5
2026-03-13,HM12,24.0,0.598,4.81,0.462,1.5
2026-03-13,HM13,24.0,0.798,2.581,0.408,1.5
2026-03-13,HM14,24.0,2.323,4.238,0.471,1.5
2026-03-13,HM16,24.0,0.272,1.957,0.406,1.5
2026-03-13,HM20,24.0,0.801,0.572,0.5,1.5
2026-03-13,HM25,24.0,0.844,1.93,0.505,1.5
2026-03-13,HM30,24.0,0.645,4.161,0.355,1.5
2026-03-13,HM36,24.0,1.298,0.573,0.345,1.5
2026-03-13,HM43,24.0,0.451,0.584,0.701,1.5
2026-03-13,HM47,24.0,0.984,1.089,0.629,1.5
2026-03-13,HM50,24.0,0.981,0.59,0.899,1.5
2026-03-13,HM56,24.0,0.583,1.195,0.365,1.5
2026-03-14,HM01,24.0,6.343,2.315,0.746,1.0
2026-03-14,HM12,24.0,0.554,0.495,0.449,1.0
2026-03-14,HM13,24.0,0.655,0.807,0.3,1.0
2026-03-14,HM14,24.0,1.153,4.109,0.549,1.0
2026-03-14,HM16,24.0,0.597,2.673,0.701,1.0
2026-03-14,HM20,24.0,6.49,2.64,0.332,1.0
2026-03-14,HM25,24.0,0.543,2.281,0.96,1.0
2026-03-14,HM30,24.0,0.642,0.873,0.387,1.0
2026-03-14,HM36,24.0,0.418,1.652,0.144,1.0
2026-03-14,HM43,24.0,0.773,3.469,0.234,1.0
2026-03-14,HM47,24.0,0.762,0.808,0.421,1.0
2026-03-14,HM50,24.0,6.152,1.462,0.286,1.0
2026-03-14,HM56,24.0,0.6,2.278,0.537,1.0
2026-03-15,HM01,24.0,1.271,1.281,0.485,1.0
2026-03-15,HM12,24.0,0.877,0.621,0.686,1.0
2026-03-15,HM13,24.0,1.375,5.516,0.521,1.0
2026-03-15,HM14,24.0,0.432,3.851,0.751,1.0
2026-03-15,HM16,24.0,0.585,2.354,0.495,1.0
2026-03-15,HM20,24.0,3.427,0.836,0.335,1.0
2026-03-15,HM25,24.0,0.476,0.727,0.426,1.0
2026-03-15,HM30,24.0,0.998,1.54,0.443,1.0
2026-03-15,HM36,24.0,1.367,3.575,0.387,1.0
2026-03-15,HM43,24.0,0.577,1.29,0.41,1.0
2026-03-15,HM47,24.0,0.955,2.941,0.318,1.0
2026-03-15,HM50,24.0,0.852,0.768,0.427,1.0
2026-03-15,HM56,24.0,0.637,0.491,0.584,1.0
2026-03-16,HM01,24.0,0.966,2.183,0.625,1.5
2026-03-16,HM12,24.0,0.482,3.315,0.421,1.5
2026-03-16,HM13,24.0,0.608,2.505,0.45,1.5
2026-03-16,HM14,24.0,1.034,2.09,0.224,1.5
2026-03-16,HM16,24.0,0.352,1.718,0.851,1.5
2026-03-16,HM20,24.0,3.48,0.963,0.178,1.5
2026-03-16,HM25,24.0,0.513,0.712,0.278,1.5
2026-03-16,HM30,24.0,2.207,1.065,0.389,1.5
2026-03-16,HM36,24.0,0.675,2.842,0.431,1.5
2026-03-16,HM43,24.0,1.262,1.558,0.41,1.5
2026-03-16,HM47,24.0,2.068,1.434,0.603,1.5
2026-03-16,HM50,24.0,0.581,1.234,0.412,1.5
2026-03-16,HM56,24.0,0.684,1.621,0.471,1.5
2026-03-17,HM01,24.0,0.671,0.894,0.605,1.5
2026-03-17,HM12,24.0,0.809,3.764,0.346,1.5
2026-03-17,HM13,24.0,4.027,3.387,0.543,1.5
2026-03-17,HM14,24.0,1.183,0.898,0.341,1.5
2026-03-17,HM16,24.0,3.945,1.262,0.721,1.5
2026-03-17,HM20,24.0,0.488,1.626,0.677,1.5
2026-03-17,HM25,24.0,0.814,1.665,0.5,1.5
2026-03-17,HM30,24.0,1.031,2.777,0.494,1.5
2026-03-17,HM36,24.0,0.687,3.588,0.604,1.5
2026-03-17,HM43,24.0,0.402,1.718,0.522,1.5
2026-03-17,HM47,24.0,1.019,0.742,0.215,1.5
2026-03-17,HM50,24.0,0.762,0.701,0.619,1.5
2026-03-17,HM56,24.0,2.144,7.2,0.308,1.5
2026-03-18,HM01,24.0,0.733,0.986,0.464,1.5
2026-03-18,HM12,24.0,0.889,1.596,0.324,1.5
2026-03-18,HM13,24.0,2.685,1.22,0.655,1.5
2026-03-18,HM14,24.0,0.473,1.74,0.347,1.5
2026-03-18,HM16,24.0,2.242,1.787,0.464,1.5
2026-03-18,HM20,24.0,0.855,2.678,0.541,1.5
2026-03-18,HM25,24.0,0.885,2.565,1.343,1.5
2026-03-18,HM30,24.0,0.893,0.508,0.455,1.5
2026-03-18,HM36,24.0,1.083,1.427,0.987,1.5
2026-03-18,HM43,24.0,0.94,1.573,0.958,1.5
2026-03-18,HM47,24.0,0.799,0.0,0.786,1.5
2026-03-18,HM50,24.0,1.308,4.563,0.659,1.5
2026-03-18,HM56,24.0,5.393,4.525,0.421,1.5
2026-03-19,HM01,24.0,0.694,0.732,0.869,1.5
2026-03-19,HM12,24.0,0.701,5.198,0.621,1.5
2026-03-19,HM13,24.0,0.922,2.559,0.405,1.5
2026-03-19,HM14,24.0,0.637,1.245,0.673,1.5
2026-03-19,HM16,24.0,1.12,0.573,0.611,1.5
2026-03-19,HM20,24.0,1.621,3.406,0.378,1.5
2026-03-19,HM25,24.0,0.157,1.935,0.261,1.5
2026-03-19,HM30,24.0,1.487,2.427,0.788,1.5
2026-03-19,HM36,24.0,1.067,0.894,0.41,1.5
2026-03-19,HM43,24.0,1.594,0.61,0.401,1.5
2026-03-19,HM47,24.0,0.664,2.651,0.47,1.5
2026-03-19,HM50,24.0,1.008,0.387,0.917,1.5
2026-03-19,HM56,24.0,0.605,0.0,0.302,1.5
2026-03-20,HM01,24.0,1.203,5.059,0.619,1.5
2026-03-20,HM12,24.0,0.306,1.611,0.161,1.5
2026-03-20,HM13,24.0,1.681,1.36,0.328,1.5
2026-03-20,HM14,24.0,0.766,4.761,0.431,1.5
2026-03-20,HM16,24.0,0.432,3.044,0.737,1.5
2026-03-20,HM20,24.0,1.515,0.539,0.259,1.5
2026-03-20,HM25,24.0,3.029,0.865,0.728,1.5
2026-03-20,HM30,24.0,0.712,1.465,0.559,1.5
2026-03-20,HM36,24.0,1.056,1.167,0.5,1.5
2026-03-20,HM43,24.0,0.69,0.89,0.676,1.5
2026-03-20,HM47,24.0,0.669,0.992,0.474,1.5
2026-03-20,HM50,24.0,1.584,3.406,0.53,1.5
2026-03-20,HM56,24.0,0.52,2.391,0.325,1.5
2026-03-21,HM01,24.0,0.258,3.076,1.043,1.0
2026-03-21,HM12,24.0,0.758,6.0,0.632,1.0
2026-03-21,HM13,24.0,3.958,1.866,0.625,1.0
2026-03-21,HM14,24.0,0.583,0.479,0.61,1.0
2026-03-21,HM16,24.0,1.323,1.464,0.44,1.0
2026-03-21,HM20,24.0,2.016,1.615,0.369,1.0
2026-03-21,HM25,24.0,0.563,1.622,0.348,1.0
2026-03-21,HM30,24.0,0.478,0.547,0.38,1.0
2026-03-21,HM36,24.0,0.704,0.51,0.397,1.0
2026-03-21,HM43,24.0,0.705,0.83,0.469,1.0
2026-03-21,HM47,24.0,1.243,1.62,0.389,1.0
2026-03-21,HM50,24.0,0.704,0.0,0.524,1.0
2026-03-21,HM56,24.0,0.91,2.386,1.497,1.0
2026-03-22,HM01,24.0,2.559,7.2,0.379,1.0
2026-03-22,HM12,24.0,3.139,0.0,0.319,1.0
2026-03-22,HM13,24.0,1.246,7.2,0.409,1.0
2026-03-22,HM14,24.0,1.433,2.594,0.294,1.0
2026-03-22,HM16,24.0,1.034,0.0,0.328,1.0
2026-03-22,HM20,24.0,0.562,1.871,0.273,1.0
2026-03-22,HM25,24.0,0.429,3.718,0.532,1.0
2026-03-22,HM30,24.0,1.162,0.0,0.535,1.0
2026-03-22,HM36,24.0,2.301,2.595,0.285,1.0
2026-03-22,HM43,24.0,3.785,0.71,0.739,1.0
2026-03-22,HM47,24.0,0.868,4.05,0.608,1.0
2026-03-22,HM50,24.0,1.439,1.246,0.458,1.0
2026-03-22,HM56,24.0,4.564,2.85,0.567,1.0
2026-03-23,HM01,24.0,0.361,0.0,0.612,1.5
2026-03-23,HM12,24.0,0.74,2.699,0.425,1.5
2026-03-23,HM13,24.0,1.178,1.491,0.502,1.5
2026-03-23,HM14,24.0,0.772,1.826,0.427,1.5
2026-03-23,HM16,24.0,0.779,1.867,0.417,1.5
2026-03-23,HM20,24.0,1.131,0.8,0.374,1.5
2026-03-23,HM25,24.0,1.123,0.829,0.888,1.5
2026-03-23,HM30,24.0,0.732,2.154,0.652,1.5
2026-03-23,HM36,24.0,2.627,2.593,0.531,1.5
2026-03-23,HM43,24.0,0.691,0.651,0.541,1.5
2026-03-23,HM47,24.0,3.754,2.35,0.938,1.5
2026-03-23,HM50,24.0,0.584,0.749,0.597,1.5
2026-03-23,HM56,24.0,1.173,6.391,0.473,1.5
2026-03-24,HM01,24.0,1.663,1.392,0.891,1.5
2026-03-24,HM12,24.0,0.892,2.362,0.281,1.5
2026-03-24,HM13,24.0,1.278,2.222,0.488,1.5
2026-03-24,HM14,24.0,0.624,3.181,0.735,1.5
2026-03-24,HM16,24.0,3.583,0.765,0.801,1.5
2026-03-24,HM20,24.0,0.703,2.443,0.205,1.5
2026-03-24,HM25,24.0,0.382,0.488,0.691,1.5
2026-03-24,HM30,24.0,0.873,1.308,0.295,1.5
2026-03-24,HM36,24.0,1.39,5.9,0.357,1.5
2026-03-24,HM43,24.0,1.083,2.813,0.248,1.5
2026-03-24,HM47,24.0,0.743,1.213,0.435,1.5
2026-03-24,HM50,24.0,1.341,1.859,0.392,1.5
2026-03-24,HM56,24.0,0.792,0.427,0.326,1.5
2026-03-25,HM01,24.0,0.352,1.382,0.664,1.5
2026-03-25,HM12,24.0,0.917,2.035,0.744,1.5
2026-03-25,HM13,24.0,1.545,1.521,0.257,1.5
2026-03-25,HM14,24.0,0.756,1.29,0.362,1.5
2026-03-25,HM16,24.0,0.996,1.704,0.689,1.5
2026-03-25,HM20,24.0,5.037,3.045,0.608,1.5
2026-03-25,HM25,24.0,1.697,1.807,0.498,1.5
2026-03-25,HM30,24.0,1.077,2.108,0.741,1.5
2026-03-25,HM36,24.0,0.712,1.119,0.398,1.5
2026-03-25,HM43,24.0,1.087,1.024,0.416,1.5
2026-03-25,HM47,24.0,2.075,1.424,0.638,1.5
2026-03-25,HM50,24.0,0.593,0.0,0.453,1.5
2026-03-25,HM56,24.0,1.652,0.0,0.764,1.5
2026-03-26,HM01,24.0,1.101,0.545,0.662,1.5
2026-03-26,HM12,24.0,0.845,1.186,0.491,1.5
2026-03-26,HM13,24.0,2.317,5.922,0.791,1.5
2026-03-26,HM14,24.0,2.063,2.68,0.439,1.5
2026-03-26,HM16,24.0,0.834,2.012,0.413,1.5
2026-03-26,HM20,24.0,1.006,3.84,0.491,1.5
2026-03-26,HM25,24.0,0.984,6.967,0.451,1.5
2026-03-26,HM30,24.0,3.478,1.771,0.475,1.5
2026-03-26,HM36,24.0,0.491,4.121,0.772,1.5
2026-03-26,HM43,24.0,1.233,3.131,0.538,1.5
2026-03-26,HM47,24.0,0.681,2.846,1.257,1.5
2026-03-26,HM50,24.0,2.476,0.36,0.418,1.5
2026-03-26,HM56,24.0,0.951,2.002,0.369,1.5
2026-03-27,HM01,24.0,1.378,1.567,0.263,1.5
2026-03-27,HM12,24.0,0.75,6.396,0.461,1.5
2026-03-27,HM13,24.0,1.329,7.006,0.558,1.5
2026-03-27,HM14,24.0,1.22,3.285,0.553,1.5
2026-03-27,HM16,24.0,0.942,1.438,0.672,1.5
2026-03-27,HM20,24.0,1.77,0.786,0.513,1.5
2026-03-27,HM25,24.0,2.38,2.374,0.448,1.5
2026-03-27,HM30,24.0,1.006,0.0,0.588,1.5
2026-03-27,HM36,24.0,0.719,1.941,0.456,1.5
2026-03-27,HM43,24.0,1.33,0.402,0.397,1.5
2026-03-27,HM47,24.0,0.402,0.844,0.364,1.5
2026-03-27,HM50,24.0,1.098,3.931,0.388,1.5
2026-03-27,HM56,24.0,2.161,0.0,0.35,1.5
2026-03-28,HM01,24.0,1.189,2.92,0.633,1.0
2026-03-28,HM12,24.0,0.952,7.2,0.382,1.0
2026-03-28,HM13,24.0,0.686,0.352,0.524,1.0
2026-03-28,HM14,24.0,5.87,2.509,0.489,1.0
2026-03-28,HM16,24.0,1.061,0.515,0.606,1.0
2026-03-28,HM20,24.0,0.493,1.045,0.588,1.0
2026-03-28,HM25,24.0,0.743,0.785,0.59,1.0
2026-03-28,HM30,24.0,0.66,1.697,0.526,1.0
2026-03-28,HM36,24.0,1.131,1.809,0.637,1.0
2026-03-28,HM43,24.0,1.069,0.0,0.628,1.0
2026-03-28,HM47,24.0,1.351,1.105,0.519,1.0
2026-03-28,HM50,24.0,0.649,0.623,0.576,1.0
2026-03-28,HM56,24.0,0.505,3.656,0.359,1.0
2026-03-29,HM01,24.0,5.793,2.391,0.52,1.0
2026-03-29,HM12,24.0,0.716,0.928,0.519,1.0
2026-03-29,HM13,24.0,0.972,1.963,0.276,1.0
2026-03-29,HM14,24.0,0.604,2.09,0.732,1.0
2026-03-29,HM16,24.0,0.471,4.485,0.357,1.0
2026-03-29,HM20,24.0,0.897,2.262,0.574,1.0
2026-03-29,HM25,24.0,0.762,0.986,0.339,1.0
2026-03-29,HM30,24.0,1.001,0.842,0.29,1.0
2026-03-29,HM36,24.0,0.57,0.394,0.476,1.0
2026-03-29,HM43,24.0,3.348,0.522,0.297,1.0
2026-03-29,HM47,24.0,0.927,0.673,0.734,1.0
2026-03-29,HM50,24.0,0.415,0.0,0.978,1.0
2026-03-29,HM56,24.0,1.283,4.033,0.316,1.0
2026-03-30,HM01,24.0,3.269,1.284,0.331,1.5
2026-03-30,HM12,24.0,1.514,1.462,0.601,1.5
2026-03-30,HM13,24.0,0.64,0.281,0.495,1.5
2026-03-30,HM14,24.0,0.585,2.779,0.852,1.5
2026-03-30,HM16,24.0,0.466,2.453,1.095,1.5
2026-03-30,HM20,24.0,0.285,2.922,0.341,1.5
2026-03-30,HM25,24.0,0.332,0.344,0.363,1.5
2026-03-30,HM30,24.0,0.383,0.69,0.485,1.5
2026-03-30,HM36,24.0,0.626,0.916,0.605,1.5
2026-03-30,HM43,24.0,1.486,1.05,0.523,1.5
2026-03-30,HM47,24.0,0.388,2.562,0.386,1.5
2026-03-30,HM50,24.0,1.35,0.476,0.537,1.5
2026-03-30,HM56,24.0,1.836,0.663,0.422,1.5
2026-03-31,HM01,24.0,0.404,3.205,0.571,1.5
2026-03-31,HM12,24.0,0.57,1.357,0.365,1.5
2026-03-31,HM13,24.0,1.11,7.2,0.533,1.5
2026-03-31,HM14,24.0,0.323,1.893,0.235,1.5
2026-03-31,HM16,24.0,0.461,0.838,0.665,1.5
2026-03-31,HM20,24.0,1.456,4.791,0.943,1.5
2026-03-31,HM25,24.0,1.019,0.651,0.65,1.5
2026-03-31,HM30,24.0,0.752,0.758,0.629,1.5
2026-03-31,HM36,24.0,0.464,2.985,0.403,1.5
2026-03-31,HM43,24.0,1.24,0.0,0.447,1.5
2026-03-31,HM47,24.0,0.708,1.158,0.407,1.5
2026-03-31,HM50,24.0,4.013,4.957,0.561,1.5
2026-03-31,HM56,24.0,0.86,3.284,0.371,1.5
2026-04-01,HM01,24.0,1.859,2.894,0.931,1.5
2026-04-01,HM12,24.0,0.884,5.936,0.478,1.5
2026-04-01,HM13,24.0,0.445,1.602,0.814,1.5
2026-04-01,HM14,24.0,0.761,6.0,0.586,1.5
2026-04-01,HM16,24.0,1.248,3.689,0.83,1.5
2026-04-01,HM20,24.0,0.725,0.705,0.357,1.5
2026-04-01,HM25,24.0,0.606,0.464,0.162,1.5
2026-04-01,HM30,24.0,1.347,1.17,0.663,1.5
2026-04-01,HM36,24.0,1.118,1.36,0.652,1.5
2026-04-01,HM43,24.0,1.113,0.806,1.006,1.5
2026-04-01,HM47,24.0,2.864,0.0,0.385,1.5
2026-04-01,HM50,24.0,3.862,0.909,0.638,1.5
2026-04-01,HM56,24.0,0.733,1.157,0.486,1.5
2026-04-02,HM01,24.0,1.226,0.563,0.303,1.5
2026-04-02,HM12,24.0,0.559,0.553,0.517,1.5
2026-04-02,HM13,24.0,2.417,1.938,0.782,1.5
2026-04-02,HM14,24.0,3.568,0.771,0.572,1.5
2026-04-02,HM16,24.0,0.737,1.022,0.478,1.5
2026-04-02,HM20,24.0,0.663,0.464,0.434,1.5
2026-04-02,HM25,24.0,2.305,0.78,0.735,1.5
2026-04-02,HM30,24.0,0.709,0.862,0.366,1.5
2026-04-02,HM36,24.0,1.197,1.113,0.54,1.5
2026-04-02,HM43,24.0,1.296,1.108,0.595,1.5
2026-04-02,HM47,24.0,0.734,2.148,0.448,1.5
2026-04-02,HM50,24.0,0.423,2.017,0.625,1.5
2026-04-02,HM56,24.0,1.067,3.49,0.643,1.5
2026-04-03,HM01,24.0,0.937,4.166,0.426,1.5
2026-04-03,HM12,24.0,0.654,3.159,0.696,1.5
2026-04-03,HM13,24.0,1.262,2.081,0.427,1.5
2026-04-03,HM14,24.0,0.538,2.218,0.645,1.5
2026-04-03,HM16,24.0,0.462,0.348,0.478,1.5
2026-04-03,HM20,24.0,1.684,0.632,0.342,1.5
2026-04-03,HM25,24.0,0.725,4.61,0.335,1.5
2026-04-03,HM30,24.0,0.621,1.493,0.554,1.5
2026-04-03,HM36,24.0,0.171,0.557,0.728,1.5
2026-04-03,HM43,24.0,0.618,4.384,0.552,1.5
2026-04-03,HM47,24.0,0.536,1.469,0.706,1.5
2026-04-03,HM50,24.0,1.115,0.982,0.778,1.5
2026-04-03,HM56,24.0,1.751,0.91,0.662,1.5
2026-04-04,HM01,24.0,3.682,0.659,0.828,1.0
2026-04-04,HM12,24.0,0.515,2.604,0.613,1.0
2026-04-04,HM13,24.0,1.026,0.931,0.449,1.0
2026-04-04,HM14,24.0,1.836,1.429,0.559,1.0
2026-04-04,HM16,24.0,1.216,1.526,0.522,1.0
2026-04-04,HM20,24.0,0.247,1.42,0.33,1.0
2026-04-04,HM25,24.0,0.537,0.929,0.31,1.0
2026-04-04,HM30,24.0,0.607,3.067,0.562,1.0
2026-04-04,HM36,24.0,0.403,3.431,0.523,1.0
2026-04-04,HM43,24.0,1.104,3.995,0.978,1.0
2026-04-04,HM47,24.0,1.164,4.16,0.462,1.0
2026-04-04,HM50,24.0,0.691,1.498,0.875,1.0
2026-04-04,HM56,24.0,0.355,2.305,0.432,1.0
2026-04-05,HM01,24.0,2.076,1.613,0.551,1.0
2026-04-05,HM12,24.0,0.961,0.775,0.504,1.0
2026-04-05,HM13,24.0,0.796,0.993,0.289,1.0
2026-04-05,HM14,24.0,0.52,1.231,0.637,1.0
2026-04-05,HM16,24.0,0.93,4.914,0.344,1.0
2026-04-05,HM20,24.0,0.302,1.435,0.362,1.0
2026-04-05,HM25,24.0,0.803,0.834,0.559,1.0
2026-04-05,HM30,24.0,1.389,2.883,0.266,1.0
2026-04-05,HM36,24.0,1.433,7.2,0.726,1.0
2026-04-05,HM43,24.0,1.16,0.0,0.591,1.0
2026-04-05,HM47,24.0,0.933,0.331,0.849,1.0
2026-04-05,HM50,24.0,1.648,1.755,0.32,1.0
2026-04-05,HM56,24.0,0.605,6.258,0.479,1.0
2026-04-06,HM01,24.0,0.852,0.872,0.475,1.5
2026-04-06,HM12,24.0,0.869,0.895,0.607,1.5
2026-04-06,HM13,24.0,1.436,1.59,0.538,1.5
2026-04-06,HM14,24.0,0.965,1.384,0.235,1.5
2026-04-06,HM16,24.0,0.489,1.445,0.741,1.5
2026-04-06,HM20,24.0,0.329,0.912,0.225,1.5
2026-04-06,HM25,24.0,0.881,2.034,0.28,1.5
2026-04-06,HM30,24.0,2.107,0.871,0.517,1.5
2026-04-06,HM36,24.0,1.236,0.4,0.715,1.5
2026-04-06,HM43,24.0,1.121,0.0,0.351,1.5
2026-04-06,HM47,24.0,1.223,1.658,0.737,1.5
2026-04-06,HM50,24.0,0.665,0.667,0.85,1.5
2026-04-06,HM56,24.0,0.575,0.0,0.57,1.5
2026-04-07,HM01,24.0,2.027,1.881,0.524,1.5
2026-04-07,HM12,24.0,1.707,2.745,0.339,1.5
2026-04-07,HM13,24.0,0.968,1.472,0.539,1.5
2026-04-07,HM14,24.0,1.693,2.593,0.754,1.5
2026-04-07,HM16,24.0,0.384,1.768,0.617,1.5
2026-04-07,HM20,24.0,0.745,0.301,0.397,1.5
2026-04-07,HM25,24.0,1.414,1.401,0.88,1.5
2026-04-07,HM30,24.0,0.989,6.388,0.458,1.5
2026-04-07,HM36,24.0,0.423,1.046,0.491,1.5
2026-04-07,HM43,24.0,0.499,1.523,0.212,1.5
2026-04-07,HM47,24.0,0.737,1.769,0.505,1.5
2026-04-07,HM50,24.0,1.069,1.693,0.413,1.5
2026-04-07,HM56,24.0,1.604,3.859,0.528,1.5
2026-04-08,HM01,24.0,1.172,1.136,0.428,1.5
2026-04-08,HM12,24.0,1.104,2.362,0.305,1.5
2026-04-08,HM13,24.0,0.659,1.512,0.479,1.5
2026-04-08,HM14,24.0,0.437,1.398,0.327,1.5
2026-04-08,HM16,24.0,1.471,1.316,0.275,1.5
2026-04-08,HM20,24.0,1.323,2.489,0.696,1.5
2026-04-08,HM25,24.0,0.475,0.439,0.397,1.5
2026-04-08,HM30,24.0,1.368,2.553,0.589,1.5
2026-04-08,HM36,24.0,0.905,0.0,0.623,1.5
2026-04-08,HM43,24.0,0.787,2.791,0.627,1.5
2026-04-08,HM47,24.0,0.565,1.618,0.629,1.5
2026-04-08,HM50,24.0,0.531,0.449,0.297,1.5
2026-04-08,HM56,24.0,7.198,1.743,0.254,1.5
2026-04-09,HM01,24.0,0.685,1.342,0.441,1.5
2026-04-09,HM12,24.0,0.734,1.987,0.648,1.5
2026-04-09,HM13,24.0,0.867,2.239,0.366,1.5
2026-04-09,HM14,24.0,0.621,3.772,0.792,1.5
2026-04-09,HM16,24.0,0.881,0.0,0.598,1.5
2026-04-09,HM20,24.0,1.03,3.527,0.657,1.5
2026-04-09,HM25,24.0,1.042,2.122,0.597,1.5
2026-04-09,HM30,24.0,0.923,0.416,0.427,1.5
2026-04-09,HM36,24.0,0.37,1.989,0.547,1.5
2026-04-09,HM43,24.0,0.826,4.751,0.966,1.5
2026-04-09,HM47,24.0,0.675,1.734,0.567,1.5
2026-04-09,HM50,24.0,0.811,1.328,0.608,1.5
2026-04-09,HM56,24.0,0.736,1.653,0.328,1.5
2026-04-10,HM01,24.0,1.237,0.376,0.999,1.5
2026-04-10,HM12,24.0,1.224,3.083,1.154,1.5
2026-04-10,HM13,24.0,0.474,0.0,0.636,1.5
2026-04-10,HM14,24.0,0.699,7.2,1.123,1.5
2026-04-10,HM16,24.0,0.245,1.906,0.446,1.5
2026-04-10,HM20,24.0,0.592,2.902,0.519,1.5
2026-04-10,HM25,24.0,5.391,1.704,0.861,1.5
2026-04-10,HM30,24.0,1.07,1.542,0.398,1.5
2026-04-10,HM36,24.0,1.136,1.046,0.601,1.5
2026-04-10,HM43,24.0,0.878,0.0,0.552,1.5
2026-04-10,HM47,24.0,0.81,1.038,0.66,1.5
2026-04-10,HM50,24.0,0.575,0.481,0.351,1.5
2026-04-10,HM56,24.0,0.393,0.0,0.392,1.5
2026-04-11,HM01,24.0,0.611,1.893,0.766,1.0
2026-04-11,HM12,24.0,4.509,3.377,0.292,1.0
2026-04-11,HM13,24.0,0.453,1.162,0.713,1.0
2026-04-11,HM14,24.0,1.559,3.301,0.496,1.0
2026-04-11,HM16,24.0,1.088,0.771,0.226,1.0
2026-04-11,HM20,24.0,0.888,1.344,0.432,1.0
2026-04-11,HM25,24.0,0.549,1.372,0.468,1.0
2026-04-11,HM30,24.0,0.338,0.374,0.991,1.0
2026-04-11,HM36,24.0,1.556,2.659,0.756,1.0
2026-04-11,HM43,24.0,0.727,1.64,0.306,1.0
2026-04-11,HM47,24.0,1.657,0.531,0.392,1.0
2026-04-11,HM50,24.0,3.89,0.976,0.38,1.0
2026-04-11,HM56,24.0,1.494,1.91,1.035,1.0
2026-04-12,HM01,24.0,0.528,4.454,0.676,1.0
2026-04-12,HM12,24.0,1.05,1.859,0.92,1.0
2026-04-12,HM13,24.0,2.389,1.627,0.466,1.0
2026-04-12,HM14,24.0,0.557,5.198,0.773,1.0
2026-04-12,HM16,24.0,0.903,0.741,0.412,1.0
2026-04-12,HM20,24.0,1.08,4.559,0.484,1.0
2026-04-12,HM25,24.0,0.436,2.081,0.814,1.0
2026-04-12,HM30,24.0,1.982,0.352,0.74,1.0
2026-04-12,HM36,24.0,2.059,1.481,0.836,1.0
2026-04-12,HM43,24.0,2.682,2.564,0.634,1.0
2026-04-12,HM47,24.0,0.977,2.812,0.691,1.0
2026-04-12,HM50,24.0,1.719,4.445,0.642,1.0
2026-04-12,HM56,24.0,0.969,0.522,0.491,1.0
2026-04-13,HM01,24.0,1.07,1.203,0.305,1.5
2026-04-13,HM12,24.0,6.355,4.71,1.11,1.5
2026-04-13,HM13,24.0,0.527,2.661,0.527,1.5
2026-04-13,HM14,24.0,1.569,1.791,0.626,1.5
2026-04-13,HM16,24.0,0.7,1.926,1.008,1.5
2026-04-13,HM20,24.0,0.532,0.84,0.79,1.5
2026-04-13,HM25,24.0,0.443,5.173,0.507,1.5
2026-04-13,HM30,24.0,1.191,1.75,0.872,1.5
2026-04-13,HM36,24.0,0.559,1.549,0.56,1.5
2026-04-13,HM43,24.0,1.161,0.0,0.401,1.5
2026-04-13,HM47,24.0,1.266,0.927,0.88,1.5
2026-04-13,HM50,24.0,0.665,3.319,0.86,1.5
2026-04-13,HM56,24.0,2.233,2.783,0.459,1.5
2026-04-14,HM01,24.0,1.402,2.333,0.421,1.5
2026-04-14,HM12,24.0,0.22,1.94,0.528,1.5
2026-04-14,HM13,24.0,0.548,2.318,0.707,1.5
2026-04-14,HM14,24.0,0.381,2.965,0.239,1.5
2026-04-14,HM16,24.0,2.346,1.122,0.752,1.5
2026-04-14,HM20,24.0,0.352,1.655,0.543,1.5
2026-04-14,HM25,24.0,2.471,0.0,0.265,1.5
2026-04-14,HM30,24.0,2.542,2.0,0.253,1.5
2026-04-14,HM36,24.0,0.577,0.958,1.081,1.5
2026-04-14,HM43,24.0,0.632,1.781,0.643,1.5
2026-04-14,HM47,24.0,1.904,0.875,0.891,1.5
2026-04-14,HM50,24.0,1.091,3.043,0.808,1.5
2026-04-14,HM56,24.0,0.636,0.649,0.643,1.5
2026-04-15,HM01,24.0,1.097,0.381,0.386,1.5
2026-04-15,HM12,24.0,0.677,1.63,0.642,1.5
2026-04-15,HM13,24.0,1.549,0.333,0.264,1.5
2026-04-15,HM14,24.0,0.666,2.006,0.427,1.5
2026-04-15,HM16,24.0,0.402,4.097,0.241,1.5
2026-04-15,HM20,24.0,0.417,0.0,0.532,1.5
2026-04-15,HM25,24.0,0.569,1.057,0.527,1.5
2026-04-15,HM30,24.0,4.917,0.99,0.23,1.5
2026-04-15,HM36,24.0,6.466,1.687,0.515,1.5
2026-04-15,HM43,24.0,0.663,5.417,0.792,1.5
2026-04-15,HM47,24.0,0.774,2.547,0.539,1.5
2026-04-15,HM50,24.0,0.814,0.763,0.339,1.5
2026-04-15,HM56,24.0,4.751,1.622,0.738,1.5
2026-04-16,HM01,24.0,0.511,0.685,0.53,1.5
2026-04-16,HM12,24.0,0.729,3.658,0.631,1.5
2026-04-16,HM13,24.0,0.786,2.604,0.312,1.5
2026-04-16,HM14,24.0,0.642,4.014,0.361,1.5
2026-04-16,HM16,24.0,0.801,1.733,0.604,1.5
2026-04-16,HM20,24.0,0.789,4.972,0.646,1.5
2026-04-16,HM25,24.0,1.288,0.0,0.662,1.5
2026-04-16,HM30,24.0,0.958,3.43,0.421,1.5
2026-04-16,HM36,24.0,0.298,0.0,0.545,1.5
2026-04-16,HM43,24.0,1.316,0.0,0.294,1.5
2026-04-16,HM47,24.0,0.723,0.0,0.887,1.5
2026-04-16,HM50,24.0,1.0,1.742,1.313,1.5
2026-04-16,HM56,24.0,0.812,0.888,0.379,1.5
2026-04-17,HM01,24.0,0.952,1.378,0.652,1.5
2026-04-17,HM12,24.0,0.513,0.71,0.251,1.5
2026-04-17,HM13,24.0,1.498,1.737,0.725,1.5
2026-04-17,HM14,24.0,0.71,1.279,0.686,1.5
2026-04-17,HM16,24.0,0.854,2.997,0.715,1.5
2026-04-17,HM20,24.0,1.381,0.466,0.589,1.5
2026-04-17,HM25,24.0,0.495,1.17,0.758,1.5
2026-04-17,HM30,24.0,1.3,1.934,0.411,1.5
2026-04-17,HM36,24.0,0.702,0.815,0.642,1.5
2026-04-17,HM43,24.0,4.383,1.382,0.652,1.5
2026-04-17,HM47,24.0,0.679,0.835,0.399,1.5
2026-04-17,HM50,24.0,5.741,0.0,0.505,1.5
2026-04-17,HM56,24.0,0.334,6.931,0.802,1.5
2026-04-18,HM01,24.0,0.899,0.849,0.68,1.0
2026-04-18,HM12,24.0,4.856,5.0,0.251,1.0
2026-04-18,HM13,24.0,0.528,1.347,0.754,1.0
2026-04-18,HM14,24.0,0.831,2.041,0.444,1.0
2026-04-18,HM16,24.0,1.107,1.358,0.341,1.0
2026-04-18,HM20,24.0,1.39,0.92,0.343,1.0
2026-04-18,HM25,24.0,0.609,1.239,0.709,1.0
2026-04-18,HM30,24.0,0.867,0.812,0.838,1.0
2026-04-18,HM36,24.0,0.612,0.929,0.417,1.0
2026-04-18,HM43,24.0,0.767,7.2,0.519,1.0
2026-04-18,HM47,24.0,0.354,2.042,0.467,1.0
2026-04-18,HM50,24.0,0.804,0.84,0.572,1.0
2026-04-18,HM56,24.0,1.208,0.262,0.841,1.0
2026-04-19,HM01,24.0,0.992,0.675,0.335,1.0
2026-04-19,HM12,24.0,0.47,1.354,0.688,1.0
2026-04-19,HM13,24.0,3.384,0.563,0.581,1.0
2026-04-19,HM14,24.0,6.933,2.638,0.366,1.0
2026-04-19,HM16,24.0,0.464,0.878,0.687,1.0
2026-04-19,HM20,24.0,0.368,0.917,0.573,1.0
2026-04-19,HM25,24.0,0.386,1.236,0.369,1.0
2026-04-19,HM30,24.0,1.085,2.209,1.276,1.0
2026-04-19,HM36,24.0,0.785,0.818,0.521,1.0
2026-04-19,HM43,24.0,0.516,1.296,0.327,1.0
2026-04-19,HM47,24.0,2.145,0.414,0.582,1.0
2026-04-19,HM50,24.0,1.692,1.392,1.166,1.0
2026-04-19,HM56,24.0,0.781,0.634,0.439,1.0
2026-04-20,HM01,24.0,1.402,3.121,0.515,1.5
2026-04-20,HM12,24.0,0.966,1.828,0.552,1.5
2026-04-20,HM13,24.0,1.665,3.067,0.494,1.5
2026-04-20,HM14,24.0,1.059,6.54,0.439,1.5
2026-04-20,HM16,24.0,1.102,0.736,0.42,1.5
2026-04-20,HM20,24.0,0.522,2.993,0.562,1.5
2026-04-20,HM25,24.0,0.364,4.435,1.254,1.5
2026-04-20,HM30,24.0,0.453,2.237,0.454,1.5
2026-04-20,HM36,24.0,1.124,2.294,0.687,1.5
2026-04-20,HM43,24.0,0.457,0.283,0.739,1.5
2026-04-20,HM47,24.0,1.428,0.988,0.388,1.5
2026-04-20,HM50,24.0,1.633,1.279,0.259,1.5
2026-04-20,HM56,24.0,0.558,2.623,0.63,1.5
2026-04-21,HM01,24.0,0.293,1.78,0.732,1.5
2026-04-21,HM12,24.0,1.075,2.905,0.435,1.5
2026-04-21,HM13,24.0,0.823,3.428,0.63,1.5
2026-04-21,HM14,24.0,0.745,3.924,0.318,1.5
2026-04-21,HM16,24.0,0.39,1.171,0.35,1.5
2026-04-21,HM20,24.0,1.211,1.021,0.469,1.5
2026-04-21,HM25,24.0,0.504,0.954,0.739,1.5
2026-04-21,HM30,24.0,0.433,0.866,0.276,1.5
2026-04-21,HM36,24.0,0.95,3.654,0.969,1.5
2026-04-21,HM43,24.0,0.99,2.64,0.403,1.5
2026-04-21,HM47,24.0,1.265,1.409,0.47,1.5
2026-04-21,HM50,24.0,0.756,3.629,0.547,1.5
2026-04-21,HM56,24.0,0.704,1.345,0.529,1.5
2026-04-22,HM01,24.0,0.769,1.194,0.413,1.5
2026-04-22,HM12,24.0,1.138,3.372,0.701,1.5
2026-04-22,HM13,24.0,1.794,2.537,0.319,1.5
2026-04-22,HM14,24.0,1.205,3.808,0.413,1.5
2026-04-22,HM16,24.0,0.527,2.16,0.439,1.5
2026-04-22,HM20,24.0,1.559,1.92,1.148,1.5
2026-04-22,HM25,24.0,2.272,0.687,0.281,1.5
2026-04-22,HM30,24.0,0.442,3.247,0.294,1.5
2026-04-22,HM36,24.0,0.536,1.631,0.355,1.5
2026-04-22,HM43,24.0,1.132,0.321,0.468,1.5
2026-04-22,HM47,24.0,0.882,1.334,0.474,1.5
2026-04-22,HM50,24.0,0.895,0.918,0.467,1.5
2026-04-22,HM56,24.0,0.701,0.709,0.578,1.5
2026-04-23,HM01,24.0,5.24,0.728,0.38,1.5
2026-04-23,HM12,24.0,4.118,1.081,0.347,1.5
2026-04-23,HM13,24.0,1.364,2.391,0.867,1.5
2026-04-23,HM14,24.0,0.701,4.026,0.479,1.5
2026-04-23,HM16,24.0,0.91,0.585,0.524,1.5
2026-04-23,HM20,24.0,1.557,1.481,0.305,1.5
2026-04-23,HM25,24.0,0.715,2.892,0.495,1.5
2026-04-23,HM30,24.0,1.449,3.393,0.516,1.5
2026-04-23,HM36,24.0,0.497,1.84,0.726,1.5
2026-04-23,HM43,24.0,0.499,0.53,0.294,1.5
2026-04-23,HM47,24.0,1.768,3.264,1.201,1.5
2026-04-23,HM50,24.0,0.733,3.631,0.682,1.5
2026-04-23,HM56,24.0,0.374,2.517,0.599,1.5
2026-04-24,HM01,24.0,0.591,1.906,0.558,1.5
2026-04-24,HM12,24.0,1.482,2.502,0.469,1.5
2026-04-24,HM13,24.0,0.506,0.934,0.62,1.5
2026-04-24,HM14,24.0,0.612,4.895,0.319,1.5
2026-04-24,HM16,24.0,1.038,0.722,0.284,1.5
2026-04-24,HM20,24.0,1.085,0.682,0.754,1.5
2026-04-24,HM25,24.0,0.526,2.955,0.751,1.5
2026-04-24,HM30,24.0,0.668,0.992,0.288,1.5
2026-04-24,HM36,24.0,1.31,3.822,1.057,1.5
2026-04-24,HM43,24.0,0.999,4.117,0.387,1.5
2026-04-24,HM47,24.0,0.368,0.965,0.424,1.5
2026-04-24,HM50,24.0,0.979,6.653,0.471,1.5
2026-04-24,HM56,24.0,1.027,0.781,0.23,1.5
2026-04-25,HM01,24.0,0.394,2.291,0.733,1.0
2026-04-25,HM12,24.0,2.031,7.2,0.289,1.0
2026-04-25,HM13,24.0,0.538,1.3,0.351,1.0
2026-04-25,HM14,24.0,0.617,4.292,0.5,1.0
2026-04-25,HM16,24.0,1.147,1.503,0.273,1.0
2026-04-25,HM20,24.0,1.074,0.957,0.637,1.0
2026-04-25,HM25,24.0,0.72,1.55,0.55,1.0
2026-04-25,HM30,24.0,0.884,1.57,0.691,1.0
2026-04-25,HM36,24.0,0.46,0.193,0.555,1.0
2026-04-25,HM43,24.0,0.775,1.766,0.74,1.0
2026-04-25,HM47,24.0,0.749,2.575,0.455,1.0
2026-04-25,HM50,24.0,0.497,1.771,0.604,1.0
2026-04-25,HM56,24.0,0.906,1.94,0.31,1.0
2026-04-26,HM01,24.0,0.383,1.108,0.48,1.0
2026-04-26,HM12,24.0,0.423,1.84,0.58,1.0
2026-04-26,HM13,24.0,2.931,1.225,0.807,1.0
2026-04-26,HM14,24.0,0.984,6.945,0.546,1.0
2026-04-26,HM16,24.0,1.013,0.727,0.469,1.0
2026-04-26,HM20,24.0,0.638,0.0,0.265,1.0
2026-04-26,HM25,24.0,0.78,1.798,0.616,1.0
2026-04-26,HM30,24.0,0.693,0.464,0.303,1.0
2026-04-26,HM36,24.0,0.462,3.351,0.897,1.0
2026-04-26,HM43,24.0,0.228,1.565,0.514,1.0
2026-04-26,HM47,24.0,0.544,0.842,0.61,1.0
2026-04-26,HM50,24.0,0.641,2.241,0.279,1.0
2026-04-26,HM56,24.0,0.755,1.448,0.758,1.0
2026-04-27,HM01,24.0,0.472,2.886,0.378,1.5
2026-04-27,HM12,24.0,5.227,2.318,0.352,1.5
2026-04-27,HM13,24.0,1.681,0.667,0.591,1.5
2026-04-27,HM14,24.0,0.138,1.151,0.299,1.5
2026-04-27,HM16,24.0,2.564,0.687,0.56,1.5
2026-04-27,HM20,24.0,0.675,2.058,0.401,1.5
2026-04-27,HM25,24.0,0.371,3.246,0.486,1.5
2026-04-27,HM30,24.0,0.528,0.651,0.582,1.5
2026-04-27,HM36,24.0,1.164,4.046,0.718,1.5
2026-04-27,HM43,24.0,1.96,0.869,0.581,1.5
2026-04-27,HM47,24.0,0.729,0.431,0.758,1.5
2026-04-27,HM50,24.0,1.158,1.509,0.352,1.5
2026-04-27,HM56,24.0,0.379,3.776,0.509,1.5
2026-04-28,HM01,24.0,1.379,2.642,0.402,1.5
2026-04-28,HM12,24.0,0.23,2.217,0.325,1.5
2026-04-28,HM13,24.0,1.336,3.775,0.671,1.5
2026-04-28,HM14,24.0,1.114,4.0,0.66,1.5
2026-04-28,HM16,24.0,0.638,2.724,1.472,1.5
2026-04-28,HM20,24.0,0.46,1.314,0.43,1.5
2026-04-28,HM25,24.0,0.879,0.0,1.044,1.5
2026-04-28,HM30,24.0,0.911,2.608,0.401,1.5
2026-04-28,HM36,24.0,1.149,3.839,0.452,1.5
2026-04-28,HM43,24.0,1.693,2.21,0.406,1.5
2026-04-28,HM47,24.0,1.152,1.501,0.868,1.5
2026-04-28,HM50,24.0,1.787,4.796,0.389,1.5
2026-04-28,HM56,24.0,1.538,3.328,0.433,1.5
2026-04-29,HM01,24.0,1.642,2.444,0.284,1.5
2026-04-29,HM12,24.0,0.403,4.775,0.525,1.5
2026-04-29,HM13,24.0,0.889,2.542,0.307,1.5
2026-04-29,HM14,24.0,0.711,0.628,0.348,1.5
2026-04-29,HM16,24.0,0.594,4.606,0.761,1.5
2026-04-29,HM20,24.0,0.367,1.128,0.472,1.5
2026-04-29,HM25,24.0,0.36,0.679,0.574,1.5
2026-04-29,HM30,24.0,0.836,0.346,0.451,1.5
2026-04-29,HM36,24.0,0.558,0.546,0.543,1.5
2026-04-29,HM43,24.0,0.58,0.0,0.33,1.5
2026-04-29,HM47,24.0,1.997,3.348,0.768,1.5
2026-04-29,HM50,24.0,0.482,0.444,0.429,1.5
2026-04-29,HM56,24.0,0.815,1.092,0.57,1.5
2026-04-30,HM01,24.0,0.667,1.034,0.695,1.5
2026-04-30,HM12,24.0,1.118,2.263,0.388,1.5
2026-04-30,HM13,24.0,2.125,0.343,0.609,1.5
2026-04-30,HM14,24.0,0.379,1.362,0.484,1.5
2026-04-30,HM16,24.0,0.926,1.342,0.439,1.5
2026-04-30,HM20,24.0,0.375,0.343,0.636,1.5
2026-04-30,HM25,24.0,0.836,2.186,0.78,1.5
2026-04-30,HM30,24.0,1.095,0.35,1.329,1.5
2026-04-30,HM36,24.0,0.383,2.627,0.692,1.5
2026-04-30,HM43,24.0,2.881,1.82,0.45,1.5
2026-04-30,HM47,24.0,1.288,1.466,0.395,1.5
2026-04-30,HM50,24.0,0.596,0.893,0.652,1.5
2026-04-30,HM56,24.0,1.205,0.535,0.617,1.5
2026-05-01,HM01,24.0,0.579,0.197,0.355,1.5
2026-05-01,HM12,24.0,1.044,1.964,0.637,1.5
2026-05-01,HM13,24.0,0.599,1.475,0.307,1.5
2026-05-01,HM14,24.0,0.609,0.909,0.594,1.5
2026-05-01,HM16,24.0,0.807,2.38,0.432,1.5
2026-05-01,HM20,24.0,1.283,4.076,0.775,1.5
2026-05-01,HM25,24.0,0.833,0.0,0.417,1.5
2026-05-01,HM30,24.0,1.095,0.407,0.335,1.5
2026-05-01,HM36,24.0,0.542,0.667,0.435,1.5
2026-05-01,HM43,24.0,0.583,1.46,1.143,1.5
2026-05-01,HM47,24.0,1.09,1.217,0.547,1.5
2026-05-01,HM50,24.0,0.444,0.0,0.869,1.5
2026-05-01,HM56,24.0,1.84,0.849,0.547,1.5
2026-05-02,HM01,24.0,0.721,3.078,0.791,1.0
2026-05-02,HM12,24.0,0.439,3.003,0.53,1.0
2026-05-02,HM13,24.0,0.292,0.593,0.601,1.0
2026-05-02,HM14,24.0,0.719,2.906,0.649,1.0
2026-05-02,HM16,24.0,0.464,0.925,0.859,1.0
2026-05-02,HM20,24.0,0.561,1.25,0.39,1.0
2026-05-02,HM25,24.0,0.832,1.602,0.29,1.0
2026-05-02,HM30,24.0,1.416,2.425,0.539,1.0
2026-05-02,HM36,24.0,0.635,1.812,0.316,1.0
2026-05-02,HM43,24.0,0.434,2.429,0.413,1.0
2026-05-02,HM47,24.0,0.713,0.0,0.341,1.0
2026-05-02,HM50,24.0,0.826,1.128,0.22,1.0
2026-05-02,HM56,24.0,4.389,0.718,0.294,1.0
2026-05-03,HM01,24.0,1.65,0.0,0.671,1.0
2026-05-03,HM12,24.0,0.941,2.865,0.492,1.0
2026-05-03,HM13,24.0,3.0,1.254,0.477,1.0
2026-05-03,HM14,24.0,0.567,1.095,0.311,1.0
2026-05-03,HM16,24.0,0.407,0.667,0.547,1.0
2026-05-03,HM20,24.0,1.748,0.806,0.215,1.0
2026-05-03,HM25,24.0,1.121,2.861,0.4,1.0
2026-05-03,HM30,24.0,1.189,0.681,0.271,1.0
2026-05-03,HM36,24.0,0.536,2.092,0.425,1.0
2026-05-03,HM43,24.0,1.164,1.106,0.487,1.0
2026-05-03,HM47,24.0,0.596,1.127,0.941,1.0
2026-05-03,HM50,24.0,1.567,1.561,0.239,1.0
2026-05-03,HM56,24.0,1.968,0.594,0.28,1.0
2026-05-04,HM01,24.0,0.606,0.617,0.588,1.5
2026-05-04,HM12,24.0,1.347,3.688,0.737,1.5
2026-05-04,HM13,24.0,0.734,2.499,0.421,1.5
2026-05-04,HM14,24.0,1.242,2.495,0.605,1.5
2026-05-04,HM16,24.0,0.595,1.422,0.406,1.5
2026-05-04,HM20,24.0,2.715,0.746,0.697,1.5
2026-05-04,HM25,24.0,0.156,0.837,0.36,1.5
2026-05-04,HM30,24.0,0.669,3.292,0.532,1.5
2026-05-04,HM36,24.0,0.488,2.976,0.42,1.5
2026-05-04,HM43,24.0,0.525,2.521,0.358,1.5
2026-05-04,HM47,24.0,1.718,2.001,0.726,1.5
2026-05-04,HM50,24.0,1.106,0.528,0.446,1.5
2026-05-04,HM56,24.0,0.839,0.739,0.952,1.5
2026-05-05,HM01,24.0,0.745,1.163,0.441,1.5
2026-05-05,HM12,24.0,1.015,1.641,0.426,1.5
2026-05-05,HM13,24.0,1.165,0.242,0.41,1.5
2026-05-05,HM14,24.0,0.809,2.347,0.48,1.5
2026-05-05,HM16,24.0,1.081,1.479,0.544,1.5
2026-05-05,HM20,24.0,0.712,1.539,0.59,1.5
2026-05-05,HM25,24.0,0.396,3.136,0.358,1.5
2026-05-05,HM30,24.0,0.871,0.0,0.271,1.5
2026-05-05,HM36,24.0,1.312,0.809,0.628,1.5
2026-05-05,HM43,24.0,0.529,0.972,0.344,1.5
2026-05-05,HM47,24.0,1.476,1.898,1.176,1.5
2026-05-05,HM50,24.0,0.714,0.0,0.386,1.5
2026-05-05,HM56,24.0,0.472,0.537,0.443,1.5
2026-05-06,HM01,24.0,1.107,4.935,0.853,1.5
2026-05-06,HM12,24.0,1.073,0.85,0.458,1.5
2026-05-06,HM13,24.0,0.587,0.785,0.318,1.5
2026-05-06,HM14,24.0,1.612,0.431,0.907,1.5
2026-05-06,HM16,24.0,0.95,1.07,0.57,1.5
2026-05-06,HM20,24.0,3.176,7.2,0.678,1.5
2026-05-06,HM25,24.0,0.298,2.612,0.373,1.5
2026-05-06,HM30,24.0,0.889,0.667,0.928,1.5
2026-05-06,HM36,24.0,0.815,0.536,0.364,1.5
2026-05-06,HM43,24.0,1.352,0.589,0.409,1.5
2026-05-06,HM47,24.0,4.795,1.155,0.8,1.5
2026-05-06,HM50,24.0,0.748,0.0,0.79,1.5
2026-05-06,HM56,24.0,1.49,2.429,0.492,1.5
2026-05-07,HM01,24.0,0.564,1.13,0.368,1.5
2026-05-07,HM12,24.0,1.581,1.134,0.48,1.5
2026-05-07,HM13,24.0,0.899,6.025,0.382,1.5
2026-05-07,HM14,24.0,0.715,3.737,0.263,1.5
2026-05-07,HM16,24.0,0.543,2.293,0.411,1.5
2026-05-07,HM20,24.0,0.45,4.873,0.592,1.5
2026-05-07,HM25,24.0,0.385,2.332,0.439,1.5
2026-05-07,HM30,24.0,0.294,0.956,0.54,1.5
2026-05-07,HM36,24.0,1.803,3.819,0.378,1.5
2026-05-07,HM43,24.0,0.587,1.596,1.081,1.5
2026-05-07,HM47,24.0,0.527,0.728,0.583,1.5
2026-05-07,HM50,24.0,3.692,3.515,0.375,1.5
2026-05-07,HM56,24.0,0.41,2.748,0.49,1.5
2026-05-08,HM01,24.0,1.117,1.021,0.817,1.5
2026-05-08,HM12,24.0,1.793,0.603,0.208,1.5
2026-05-08,HM13,24.0,0.451,5.482,0.694,1.5
2026-05-08,HM14,24.0,1.326,4.708,0.63,1.5
2026-05-08,HM16,24.0,5.557,2.42,0.522,1.5
2026-05-08,HM20,24.0,1.434,1.591,0.477,1.5
2026-05-08,HM25,24.0,1.924,0.754,0.46,1.5
2026-05-08,HM30,24.0,0.339,0.917,0.203,1.5
2026-05-08,HM36,24.0,0.499,2.346,0.353,1.5
2026-05-08,HM43,24.0,1.111,1.032,0.547,1.5
2026-05-08,HM47,24.0,1.329,0.954,0.395,1.5
2026-05-08,HM50,24.0,1.506,0.0,0.36,1.5
2026-05-08,HM56,24.0,0.616,2.151,0.431,1.5
2026-05-09,HM01,24.0,0.775,7.2,0.373,1.0
2026-05-09,HM12,24.0,1.522,1.212,0.811,1.0
2026-05-09,HM13,24.0,0.878,1.654,0.472,1.0
2026-05-09,HM14,24.0,1.007,0.49,0.615,1.0
2026-05-09,HM16,24.0,0.841,0.349,0.695,1.0
2026-05-09,HM20,24.0,0.356,6.0,0.834,1.0
2026-05-09,HM25,24.0,1.325,1.514,0.419,1.0
2026-05-09,HM30,24.0,1.244,0.452,0.907,1.0
2026-05-09,HM36,24.0,0.672,2.681,0.318,1.0
2026-05-09,HM43,24.0,2.505,1.497,0.417,1.0
2026-05-09,HM47,24.0,1.28,0.751,0.424,1.0
2026-05-09,HM50,24.0,0.555,2.574,0.305,1.0
2026-05-09,HM56,24.0,0.984,0.489,0.6,1.0
2026-05-10,HM01,24.0,1.491,2.893,0.885,1.0
2026-05-10,HM12,24.0,0.728,0.82,0.614,1.0
2026-05-10,HM13,24.0,0.517,1.994,0.598,1.0
2026-05-10,HM14,24.0,0.664,0.339,0.481,1.0
2026-05-10,HM16,24.0,0.327,1.117,0.347,1.0
2026-05-10,HM20,24.0,0.28,0.413,0.554,1.0
2026-05-10,HM25,24.0,0.251,2.452,0.235,1.0
2026-05-10,HM30,24.0,0.64,0.0,0.791,1.0
2026-05-10,HM36,24.0,0.729,0.619,0.464,1.0
2026-05-10,HM43,24.0,0.643,3.456,0.528,1.0
2026-05-10,HM47,24.0,1.492,0.375,0.646,1.0
2026-05-10,HM50,24.0,1.508,0.696,0.457,1.0
2026-05-10,HM56,24.0,1.656,0.958,0.295,1.0
2026-05-11,HM01,24.0,0.476,1.131,0.919,1.5
2026-05-11,HM12,24.0,5.983,3.117,0.28,1.5
2026-05-11,HM13,24.0,0.625,1.288,0.215,1.5
2026-05-11,HM14,24.0,1.188,2.161,0.329,1.5
2026-05-11,HM16,24.0,0.968,0.0,0.282,1.5
2026-05-11,HM20,24.0,2.046,2.771,0.655,1.5
2026-05-11,HM25,24.0,0.573,2.482,0.704,1.5
2026-05-11,HM30,24.0,1.86,1.057,0.58,1.5
2026-05-11,HM36,24.0,1.547,2.097,0.665,1.5
2026-05-11,HM43,24.0,0.657,1.491,0.317,1.5
2026-05-11,HM47,24.0,0.702,3.084,0.412,1.5
2026-05-11,HM50,24.0,4.991,0.0,0.459,1.5
2026-05-11,HM56,24.0,0.698,1.035,0.442,1.5
2026-05-12,HM01,24.0,1.299,0.569,0.182,1.5
2026-05-12,HM12,24.0,0.54,2.917,0.744,1.5
2026-05-12,HM13,24.0,0.68,0.958,0.577,1.5
2026-05-12,HM14,24.0,0.891,0.397,0.547,1.5
2026-05-12,HM16,24.0,0.806,1.596,0.316,1.5
2026-05-12,HM20,24.0,0.535,2.188,0.961,1.5
2026-05-12,HM25,24.0,1.005,0.687,1.112,1.5
2026-05-12,HM30,24.0,0.73,0.713,0.404,1.5
2026-05-12,HM36,24.0,1.708,3.895,0.319,1.5
2026-05-12,HM43,24.0,1.201,1.72,0.421,1.5
2026-05-12,HM47,24.0,1.731,0.598,0.245,1.5
2026-05-12,HM50,24.0,0.623,0.451,0.262,1.5
2026-05-12,HM56,24.0,0.576,1.668,0.329,1.5
2026-05-13,HM01,24.0,1.409,1.014,0.498,1.5
2026-05-13,HM12,24.0,0.569,0.525,0.368,1.5
2026-05-13,HM13,24.0,0.373,3.142,0.8,1.5
2026-05-13,HM14,24.0,2.051,2.259,0.471,1.5
2026-05-13,HM16,24.0,0.274,0.0,0.374,1.5
2026-05-13,HM20,24.0,0.98,0.0,0.536,1.5
2026-05-13,HM25,24.0,1.645,0.207,0.682,1.5
2026-05-13,HM30,24.0,0.55,0.823,0.36,1.5
2026-05-13,HM36,24.0,0.983,5.081,0.539,1.5
2026-05-13,HM43,24.0,1.194,3.469,0.77,1.5
2026-05-13,HM47,24.0,1.195,0.577,0.607,1.5
2026-05-13,HM50,24.0,0.329,1.781,0.753,1.5
2026-05-13,HM56,24.0,7.766,1.892,0.224,1.5
2026-05-14,HM01,24.0,0.86,0.945,0.46,1.5
2026-05-14,HM12,24.0,0.938,4.255,0.583,1.5
2026-05-14,HM13,24.0,1.36,0.7,0.602,1.5
2026-05-14,HM14,24.0,0.995,1.488,0.392,1.5
2026-05-14,HM16,24.0,1.164,5.156,0.353,1.5
2026-05-14,HM20,24.0,0.222,0.674,0.516,1.5
2026-05-14,HM25,24.0,1.195,1.782,0.58,1.5
2026-05-14,HM30,24.0,1.936,1.824,0.736,1.5
2026-05-14,HM36,24.0,1.67,0.385,0.499,1.5
2026-05-14,HM43,24.0,0.312,1.082,0.756,1.5
2026-05-14,HM47,24.0,0.85,1.766,0.546,1.5
2026-05-14,HM50,24.0,0.576,0.326,0.51,1.5
2026-05-14,HM56,24.0,1.239,4.758,0.485,1.5
