date,line,hours_planned,hours_down,chg_hours,sanitation_hours,break_hours,effective_hours,cfr_avg_uh,cfr_p10_uh,cfr_p90_uh,n_batches,run_hours_sum,capacity_units
2024-04-15,Q1,24.0,0.5392559932292954,0.8907542171531986,0.0,1.0,21.569989789617505,1302.200237102922,175.68704439790085,2507.599730286467,4,10.482466830133344,28088.445818347525
2024-04-15,G2,24.0,0.0,0.9041241316673554,0.0,1.0,22.095875868332644,450.88211760533596,219.71246839874124,669.9025707431917,3,6.423261996742158,9962.635301858465
2024-04-15,P3,16.0,0.607351653346018,0.3939479296217786,0.0,1.0,13.998700417032202,161.51122675389507,158.5192735805671,164.50317992722307,2,0.9862305397602067,2260.9472773151333
2024-04-16,Q1,24.0,0.3030783732337792,2.878772861757419,0.0,1.0,19.8181487650088,332.54369245961516,179.8254714394526,652.1861566008449,7,14.251242393695875,6590.400368029988
2024-04-16,G2,24.0,0.34979172697161787,0.6388810282432081,0.0,1.0,22.011327244785175,452.4306171406584,415.92543476322186,488.93579951809494,2,2.351834045779895,9958.598369443145
2024-04-16,P3,16.0,0.5550611782991437,1.3395187507944712,0.0,1.0,13.105420070906384,969.9354504921251,560.8233512307851,1444.4267609290814,3,3.692791508175514,12711.41152036312
2024-04-17,Q1,24.0,0.6052997361496719,1.1656090589112515,0.5,1.0,20.729091204939078,863.3635203192207,176.46004931414603,1812.2588689792374,3,3.9899473002200203,17896.741155714397
2024-04-17,G2,24.0,0.5639407478456886,1.3863587571822082,0.5,1.0,20.549700494972104,1107.6203367555224,264.3309091583668,2142.1236720668426,3,4.680730158165893,22761.266182466126
2024-04-17,P3,16.0,0.0,1.9367130688402336,0.5,1.0,12.563286931159766,342.0435716055113,162.63208960628666,625.3357428857464,5,8.005345038540092,4297.19153303873
2024-04-18,Q1,24.0,0.7310753716261338,3.893377172244404,0.0,1.0,18.375547456129464,1734.9934528407402,541.6537800286826,2626.172453584687,9,14.52377093421882,31881.454528748938
2024-04-18,G2,24.0,0.5563819411054102,1.4948039710258347,0.0,1.0,20.948814087868755,512.6011706970418,155.66552391069487,1145.3265122066655,4,8.495845576674906,10738.386626156205
2024-04-18,P3,16.0,0.0,2.771844569475545,0.0,1.0,12.228155430524454,1222.0580473066927,452.9570753510952,1977.5999318855759,6,11.086551782666906,14943.515747589445
2024-04-19,Q1,24.0,0.4226783975937241,2.436934144729669,0.0,1.0,20.140387457676606,1113.1126155804486,344.2223480435105,2236.145231070877,6,11.730426077340098,22418.51936181807
2024-04-19,G2,24.0,0.0,2.2715357229084967,0.0,1.0,20.728464277091504,742.8318943699168,465.15238617525944,1098.199446554961,6,4.685976180937546,15397.76438633103
2024-04-19,P3,16.0,0.0,2.3876415745153587,0.0,1.0,12.612358425484642,726.3472608094277,165.54995792529647,1528.4589187740178,5,7.220235256350309,9160.951994697476
2024-04-20,Q1,18.0,0.0,0.8475301977201115,0.5,1.0,15.652469802279889,353.0975142947917,210.4890271060391,495.7060014835444,2,5.651737960286401,5526.848179759319
2024-04-20,G2,18.0,0.0,2.619285220917074,0.5,1.0,13.880714779082926,1225.7628243702122,164.85991740177045,1893.8246957440156,7,7.209978834038676,17014.464151886034
2024-04-20,P3,12.0,0.0,2.4791810362715947,0.5,1.0,8.020818963728406,1131.8945498316605,190.82289799269614,2153.691300846203,6,6.799689835700126,9078.72127023061
2024-04-21,Q1,18.0,0.0,2.8325408747238776,0.0,1.0,14.167459125276123,949.5653241416055,181.01284674051342,2005.2351766267973,7,14.162762195019107,13452.92791655577
2024-04-21,G2,18.0,1.008908977507443,2.849029715616285,0.0,1.0,13.142061306876272,724.7473407065576,180.92617667894157,1398.0670443090967,6,10.634480281238663,9524.673983561124
2024-04-21,P3,12.0,0.11933944957289355,2.004461140927717,0.0,1.0,8.87619940949939,783.3222967807985,155.4500629783258,1779.9504729911478,4,5.4423030934276575,6952.92490813343
2024-04-22,Q1,24.0,0.0,1.6692958191886464,0.0,1.0,21.330704180811352,1098.8399773006363,169.0341646933137,2518.617764167293,5,10.453307756908217,23439.030497849333
2024-04-22,G2,24.0,0.4938798180216485,2.0819468546356226,0.0,1.0,20.42417332734273,1169.1133838500343,346.236121968881,1801.6344529257929,5,10.764782264840829,23878.17439106927
2024-04-22,P3,16.0,0.0,1.4922056041287732,0.0,1.0,13.507794395871226,295.09136015595965,166.4612999244727,465.13651181982914,3,8.401622250259845,3986.033420984689
2024-04-23,Q1,24.0,0.6254426010773751,1.6156518746282835,0.0,1.0,20.75890552429434,1003.8123490305081,341.6353003490049,1863.0755308211014,4,3.971325711337184,20838.045717644294
2024-04-23,G2,24.0,0.6088831452594792,0.7335391732782796,0.0,1.0,21.65757768146224,163.9014560418688,155.40735331692989,172.39555876680774,2,3.6898215895292403,3549.7085163315423
2024-04-23,P3,16.0,0.0,1.8921341959558637,0.0,1.0,13.107865804044136,534.072140756059,166.48650860565837,1240.7513341499566,5,12.694902330054699,7000.545950708992
2024-04-24,Q1,24.0,0.0,0.9818175488139459,0.5,1.0,21.518182451186053,506.53360947313587,266.6754864530199,735.3701510032181,3,6.317524259832009,10899.682626300762
2024-04-24,G2,24.0,0.0,3.05780644224261,0.5,1.0,19.442193557757392,792.6596975059082,156.8094748838853,1891.7982087149142,7,7.590417919899925,15411.04326434329
2024-04-24,P3,16.0,0.295519517598139,2.4065906924654654,0.5,1.0,11.797889789936395,739.3028410814878,330.16322275428024,1237.5946750563849,5,13.297889789936395,8722.213440466254
2024-04-25,Q1,24.0,0.11148978248700014,1.7226918859926774,0.0,1.0,21.165818331520324,740.7393483374206,169.25601028720953,1486.4856977937552,4,5.70861938908724,15678.354477918594
2024-04-25,G2,24.0,0.0,1.5347431767836208,0.0,1.0,21.46525682321638,1034.097606187963,757.0144524412075,1417.6307346937415,3,9.248261621411594,22197.170697097896
2024-04-25,P3,16.0,0.7893673796428511,1.8001458159407322,0.0,1.0,12.410486804416417,570.3138496375224,319.12015669561447,764.4103645051028,4,7.434314690573004,7077.8725053024
2024-04-26,Q1,24.0,0.0,1.7295445905740086,0.0,1.0,21.270455409425992,859.1366840929842,332.80963329824465,1474.0040040899069,4,7.916627907381593,18274.228529601925
2024-04-26,G2,24.0,0.13436780384077524,2.569535949785392,0.0,1.0,20.296096246373835,689.4162553590364,174.63457367553738,1288.0612041068387,7,17.657296026071332,13992.458672581644
2024-04-26,P3,16.0,0.0,1.562419886724559,0.0,1.0,13.437580113275441,471.43579973201673,252.13611917099604,689.7443283384139,3,4.033172250349526,6334.956327165051
2024-04-27,Q1,18.0,0.0,1.1815291069306937,0.5,1.0,15.318470893069307,399.04673454131216,233.15742294176385,526.8000711360929,3,3.9301053174231164,6112.785788045445
2024-04-27,G2,18.0,0.0,3.1998958283379144,0.5,1.0,13.300104171662085,517.7947706557369,157.93886265334166,1068.4157749832468,8,14.800104171662088,6886.724389263179
2024-04-27,P3,12.0,0.0,0.0,0.5,1.0,10.5,0.0,0.0,0.0,0,0.0,0.0
2024-04-28,Q1,18.0,0.22335067291904181,2.3939330038735562,0.0,1.0,14.3827163232074,1271.1856541471188,365.11293900962073,2244.670432482603,6,9.31451444787081,18283.102657728843
2024-04-28,G2,18.0,0.0,2.744804662329443,0.0,1.0,14.255195337670557,857.6234629030479,177.92169874101086,1549.4724348080642,6,9.770012785592565,12225.589989852406
2024-04-28,P3,12.0,0.17760958371288998,2.191241158137624,0.0,1.0,8.631149258149486,1636.4356405938984,1051.784512997178,2089.338986046034,4,9.449429148563423,14124.320265321405
2024-04-29,Q1,24.0,0.0,0.775471753532106,0.0,1.0,22.224528246467894,592.8549669614672,484.49921669420337,701.210717228731,2,6.701752150169442,13175.921959293919
2024-04-29,G2,24.0,0.6146494111765406,1.6291802169386813,0.0,1.0,20.756170371884778,531.5881250207564,149.29012115060047,1203.9141562902466,4,6.778712205079673,11033.733690601604
2024-04-29,P3,16.0,0.0,0.7630818071254062,0.0,1.0,14.236918192874594,509.5964796238354,502.4135534865355,516.7794057611353,2,3.500936391420986,7255.08339178143
2024-04-30,Q1,24.0,0.571535810982876,0.4521035884589749,0.0,1.0,21.97636060055815,1784.279277126938,1784.279277126938,1784.279277126938,1,2.8665444139485214,39211.96480624482
2024-04-30,G2,24.0,0.2900739525964476,2.2275307332038903,0.0,1.0,20.482395314199664,672.8532542364079,174.26613600421967,1268.9639151616784,5,8.680925752879862,13781.646341715796
2024-04-30,P3,16.0,0.3299118770188154,2.5990471963665915,0.0,1.0,12.071040926614593,1127.6353747124317,175.21868507423375,2268.7711868782953,5,11.509336848372177,13611.732758452146
2024-05-01,Q1,24.0,0.0,1.8637310821016813,0.5,1.0,20.63626891789832,336.4501710630389,206.61299715441947,591.2412119461636,5,10.353500157621333,6943.0762075297625
2024-05-01,G2,24.0,0.0,2.421803275110984,0.5,1.0,20.078196724889015,737.7284620358721,155.47956206682886,1663.5347377658259,5,6.667483138868376,14812.257190306056
2024-05-01,P3,16.0,0.0,2.1443473737240337,0.5,1.0,12.355652626275965,928.8002735643361,174.21353653361652,1832.6788405302689,5,11.642986843999267,11475.933539351025
2024-05-02,Q1,24.0,0.6445818047969392,1.3891114398966624,0.0,1.0,20.966306755306398,1325.6561657700709,329.3171736119681,2240.5239410134186,4,7.877373299482938,27794.113823598615
2024-05-02,G2,24.0,0.7329981963648337,3.4516898784612997,0.0,1.0,18.81531192517387,924.5946461630149,160.58562993712627,2020.8592114724156,8,12.614660164714554,17396.53667190289
2024-05-02,P3,16.0,0.788844903616672,3.52728962258413,0.0,1.0,10.683865473799198,792.8972223553748,334.26986045408444,1434.856660480217,6,12.10674768365435,8471.207258193874
2024-05-03,Q1,24.0,0.0,1.4368833997049644,0.0,1.0,21.563116600295036,697.6065917368743,180.53593771123192,1602.837985466438,4,11.105193714901755,15042.572278756636
2024-05-03,G2,24.0,0.0,2.6491582085958396,0.0,1.0,20.35084179140416,1814.8111406646342,849.3567165942186,2391.02376370833,6,8.947087765902264,36932.93440494369
2024-05-03,P3,16.0,0.0,1.4348299742401411,0.0,1.0,13.565170025759858,1104.8024221284059,175.17594355318622,2190.891179992671,4,9.761779493127387,14986.83270104314
2024-05-04,Q1,18.0,0.3297934983193216,1.2763334711910714,0.5,1.0,14.893873030489605,1993.9457669511314,1789.3392568833274,2287.7263514775104,5,6.716140562601196,29697.575082652365
2024-05-04,G2,18.0,0.0,1.9434198434995755,0.5,1.0,14.556580156500424,1294.9583337299537,265.62630343606935,2333.7576768604376,4,7.983512865596435,18850.164784268298
2024-05-04,P3,12.0,0.0,1.7153328532936016,0.5,1.0,8.784667146706399,1404.235908520132,352.1404817787196,2453.432957585271,4,8.364535676044861,12335.745051802216
2024-05-05,Q1,18.0,0.0,3.9461948614133897,0.0,1.0,13.053805138586611,1636.8283589582231,410.8016792618712,2683.698411474487,7,15.21129880150593,21366.838443153145
2024-05-05,G2,18.0,0.896603761727005,1.5733282642610946,0.0,1.0,14.530067974011901,1162.0647144030013,160.73589168745372,2220.5706479478526,4,9.307317025956403,16884.879290476336
2024-05-05,P3,12.0,1.0581916739784014,0.37559693374518793,0.0,1.0,9.566211392276411,197.39787548870265,197.39787548870265,197.39787548870265,1,1.1390588141607874,1888.349805311188
2024-05-06,Q1,24.0,0.0463360593695632,2.29415875087555,0.0,1.0,20.65950518975489,1409.197215773717,343.39149365180253,2132.281607660271,6,8.293593790567618,29113.317192665247
2024-05-06,G2,24.0,0.0,2.96334773386221,0.0,1.0,20.03665226613779,1036.729285493387,326.02783419792485,2183.6752580415878,6,12.074450782413987,20772.584187552482
2024-05-06,P3,16.0,0.0,4.245119916256723,0.0,1.0,10.754880083743277,1112.8855943680899,179.60582743555,1904.3145693141244,8,11.733579547774973,11968.95111435417
2024-05-07,Q1,24.0,0.0,0.9842325837878091,0.0,1.0,22.015767416212192,473.0001477535466,226.24886084383604,719.7514346632572,2,3.3090607897863666,10413.461240776085
2024-05-07,G2,24.0,0.0,1.9536589983910082,0.0,1.0,21.04634100160899,837.8263773626421,344.40912410297165,1409.937892465663,4,16.99874606991466,17633.1796381169
2024-05-07,P3,16.0,0.0,3.8973643549037664,0.0,1.0,11.102635645096234,704.5416126286359,180.74099388398145,1310.7233352819944,8,12.37094049906214,7822.268821824276
2024-05-08,Q1,24.0,0.0,3.1510109220029667,0.5,1.0,19.348989077997032,1177.4397819354963,158.04049279667726,1849.5291827394565,9,16.617903808393134,22782.269480669125
2024-05-08,G2,24.0,0.0,2.730658195569761,0.5,1.0,19.76934180443024,706.1653161477983,153.51668467628608,1730.1625137068804,7,11.842485874122136,13960.423505359366
2024-05-08,P3,16.0,0.6546634530416373,3.6778086101820575,0.5,1.0,10.167527936776306,1353.1001503428909,185.0057770373033,2212.750808685417,7,7.438755420578547,13757.683579867562
2024-05-09,Q1,24.0,0.0,2.3874371916163692,0.0,1.0,20.61256280838363,533.3851409237564,195.73262936274074,1071.3415932655353,8,11.437478087346927,10994.434718349481
2024-05-09,G2,24.0,0.0,3.2842893046417103,0.0,1.0,19.71571069535829,1428.3894098736207,178.22756305738625,2316.596480817898,8,17.467995117390995,28161.71236538186
2024-05-09,P3,16.0,0.6231839161060118,1.6556973279155784,0.0,1.0,12.72111875597841,1274.1909742771468,587.9530151870097,1704.9869839900282,4,11.790917597561293,16209.134701575415
2024-05-10,Q1,24.0,0.6481141713848594,1.6295920070180865,0.0,1.0,20.722293821597056,1263.839310941454,203.17703641133483,2595.360769490523,5,15.649339356155473,26189.64954461357
2024-05-10,G2,24.0,0.5602127705090628,1.9941447293493946,0.0,1.0,20.445642500141542,687.7671156536688,147.01011198394508,1740.1970494226994,6,8.68017942869233,14061.840570008415
2024-05-10,P3,16.0,0.0,2.423702545724543,0.0,1.0,12.576297454275457,1127.1740896118695,188.76383370437617,2323.27949909036,5,13.576297454275455,14175.67663371101
2024-05-11,Q1,18.0,0.0,1.2175554331130651,0.5,1.0,15.282444566886934,303.7515912663692,178.4614790249189,475.22312669948434,3,7.2711172067194445,4642.066855631984
2024-05-11,G2,18.0,0.0,2.203237287628903,0.5,1.0,14.296762712371097,572.2837244894688,298.139184144557,770.6320896530639,5,10.005701889599147,8181.804613177891
2024-05-11,P3,12.0,0.0,2.6882722598458324,0.5,1.0,7.8117277401541685,487.1801584433272,172.25477832131037,797.9606424058845,6,9.311727740154165,3805.718758164442
2024-05-12,Q1,18.0,0.5612179536684088,2.658707230821814,0.0,1.0,13.780074815509778,1140.8789039573928,384.8983134303995,1982.4280646380519,7,10.603032712770771,15721.396651969668
2024-05-12,G2,18.0,0.0,2.0706008981592228,0.0,1.0,14.929399101840778,847.5290597062951,264.01840658644346,1677.6998223273727,4,7.083626428243782,12653.099582763121
2024-05-12,P3,12.0,0.0,1.0031379355860135,0.0,1.0,9.996862064413987,1488.1527360710106,905.9169484346377,2070.3885237073837,2,5.048615910413055,14876.857633282167
2024-05-13,Q1,24.0,0.0,1.982500038831812,0.0,1.0,21.017499961168188,1365.523512962093,376.0608695425534,2590.9885372359054,5,4.125742179750804,28699.890380655037
2024-05-13,G2,24.0,0.6071720564406056,0.8640319021930984,0.0,1.0,21.528796041366295,739.4152190608668,697.8330779218626,780.997360199871,2,6.90717210046311,15918.71944104358
2024-05-13,P3,16.0,0.7397563940808121,2.023478878623245,0.0,1.0,12.236764727295942,916.738822796133,269.1298797069488,1785.4848199545963,4,5.744893544387981,11217.917290934525
2024-05-14,Q1,24.0,0.0,1.0951240010361032,0.0,1.0,21.904875998963895,1871.7649618982439,1088.3442415441023,2438.9711966346645,3,4.683736148055345,41000.77938958641
2024-05-14,G2,24.0,0.8117567042960331,2.055711488237525,0.0,1.0,20.132531807466442,225.43905938369647,159.4990388211833,345.39492548535145,5,6.887723567400338,4538.659033687585
2024-05-14,P3,16.0,0.0,1.5243564761376112,0.0,1.0,13.475643523862388,1034.4951380805803,299.3492175668631,1875.267722256483,3,4.370657297033413,13940.487707942699
2024-05-15,Q1,24.0,0.0,0.5772943378411737,0.5,1.0,21.922705662158826,642.4820326934384,579.6748485676702,705.2892168192067,2,2.192054397976076,14084.944495963755
2024-05-15,G2,24.0,0.0,0.20819539990248853,0.5,1.0,22.29180460009751,159.05830951384578,159.05830951384578,159.05830951384578,1,2.736940718079263,3545.696755704481
2024-05-15,P3,16.0,0.0,0.434853215723144,0.5,1.0,14.065146784276855,162.0744707789252,162.0744707789252,162.0744707789252,1,2.3285729681272667,2279.6012214895727
2024-05-16,Q1,24.0,0.0,0.7024112740859889,0.0,1.0,22.29758872591401,764.3824171351214,716.2545290727924,812.5103051974503,2,8.649023484163228,17043.88476659898
2024-05-16,G2,24.0,0.4392400502217444,1.8369512530292067,0.0,1.0,20.72380869674905,669.4275156719167,260.5461935946688,1245.0038692674154,4,7.606708460626834,13873.087771124778
2024-05-16,P3,16.0,0.0,4.611450315361145,0.0,1.0,10.388549684638855,1225.39706044169,174.44574579061887,2448.9837989367516,7,12.488518322833672,12730.098245808898
2024-05-17,Q1,24.0,0.0,3.1660578416717895,0.0,1.0,19.83394215832821,687.5387310461832,180.57917155863674,1872.341047545016,8,17.10570649612826,13636.603423180373
2024-05-17,G2,24.0,0.33415990474936075,3.1955819595926163,0.0,1.0,19.470258135658025,929.1847566825609,173.11826245550927,1869.6540545385783,6,17.748876946529005,18091.467068328053
2024-05-17,P3,16.0,0.35278511620471986,0.0,0.0,1.0,14.64721488379528,0.0,0.0,0.0,0,0.0,0.0
2024-05-18,Q1,18.0,0.0,2.027226020302734,0.5,1.0,14.472773979697266,1524.7609998909654,432.4462323390126,2455.3906590854017,5,15.972773979697266,22067.52132447915
2024-05-18,G2,18.0,0.0,2.9050346730615795,0.5,1.0,13.594965326938421,1173.477443675982,181.00615372728348,2216.1595408672542,6,8.368393336811009,15953.38515871931
2024-05-18,P3,12.0,0.0,1.7898629746633943,0.5,1.0,8.710137025336605,1512.5529111353778,629.4974569277681,2113.2544965867187,4,6.910005117624396,13174.543114060922
2024-05-19,Q1,18.0,0.0,1.3392302586946596,0.0,1.0,15.66076974130534,2034.6140806645685,1311.4934719270248,2505.3744118840145,4,13.186900192191127,31863.62262970546
2024-05-19,G2,18.0,0.0,1.0154607331061836,0.0,1.0,15.984539266893815,719.1342178947863,663.6683736547895,784.7647988142315,3,7.770146609012693,11495.029144106184
2024-05-19,P3,12.0,0.4102361336947694,2.1506084847855576,0.0,1.0,8.439155381519672,965.5768195656747,528.5433575524762,1509.5436364685834,3,9.757246387423626,8148.652813108313
2024-05-20,Q1,24.0,0.4596360308735727,3.226292205162143,0.0,1.0,19.314071763964286,955.54044026027,179.7464305583943,2575.17739086538,9,18.17172602037551,18455.376636556884
2024-05-20,G2,24.0,0.0,3.1606243431674046,0.0,1.0,19.839375656832594,776.534479475482,178.9854307131369,1672.176993285176,7,14.338188641735394,15405.959248797048
2024-05-20,P3,16.0,0.31877914127514784,2.454948850206669,0.0,1.0,12.226272008518183,340.1465178850327,171.2742163353479,509.2703827441221,4,6.119622773554338,4158.723850412705
2024-05-21,Q1,24.0,0.0,2.22971432269473,0.0,1.0,20.77028567730527,789.5596778096908,178.3132366708966,1693.673794783493,5,14.330424625933377,16399.380067388385
2024-05-21,G2,24.0,0.0,2.8182358925174884,0.0,1.0,20.18176410748251,561.4834356958845,176.1604001558347,1312.1616512433134,6,13.728649915045875,11331.726249473166
2024-05-21,P3,16.0,0.0,0.9303537965385736,0.0,1.0,14.069646203461426,795.1636047102612,767.5328911628284,822.794318257694,2,2.3253188954363386,11187.670592142429
2024-05-22,Q1,24.0,0.0,1.3580514818241904,0.5,1.0,21.14194851817581,1106.3734352843207,189.00170982883623,2144.777744311611,4,16.818743389178227,23390.890210658425
2024-05-22,G2,24.0,0.17246375628419208,1.8457632660216565,0.5,1.0,20.481772977694153,1278.7918325186376,343.1070044059351,2111.3634022108645,4,6.444161042029317,26191.92399937622
2024-05-22,P3,16.0,0.0,1.642471376162635,0.5,1.0,12.857528623837364,271.7348714436261,162.41050083265912,424.4805107718358,3,4.584088719439574,3493.838887681189
2024-05-23,Q1,24.0,0.7788745403134876,0.0,0.0,1.0,22.22112545968651,0.0,0.0,0.0,0,0.0,0.0
2024-05-23,G2,24.0,0.0,0.7641948249078682,0.0,1.0,22.235805175092132,174.64119492190576,171.2191794959374,178.06321034787416,2,2.7147554231405877,3883.287585828786
2024-05-23,P3,16.0,0.26191448598592526,2.143211341231016,0.0,1.0,12.594874172783058,774.6039662460385,271.91186602449693,1400.5507254548895,4,13.594874172783058,9756.03948860755
2024-05-24,Q1,24.0,0.0,1.105373014067884,0.0,1.0,21.894626985932117,604.95111024608,315.34275484757654,822.231934781936,3,4.872997165668369,13245.17890356342
2024-05-24,G2,24.0,0.3554850813125532,1.2807571476680564,0.0,1.0,21.36375777101939,1799.670296161518,1545.8449948591574,2131.7694493496956,3,8.800788122896927,38447.7202748934
2024-05-24,P3,16.0,0.20997584272462794,2.2546236559181145,0.0,1.0,12.535400501357257,355.40615545597086,168.9426514910877,623.3881591421149,5,10.01389310388758,4455.158499288233
2024-05-25,Q1,18.0,0.0,1.7462748248572972,0.5,1.0,14.753725175142701,581.5791603565403,176.54451342813394,1298.7789137993457,4,5.020926928816549,8580.459099490643
2024-05-25,G2,18.0,0.0,0.8556149776475853,0.5,1.0,15.644385022352413,800.0689606954318,777.9077143109056,822.2302070799578,2,3.2818337337406085,12516.586865552674
2024-05-25,P3,12.0,0.24225612492108078,1.204939847038767,0.5,1.0,9.052804028040152,498.00282414049525,259.4296057936371,715.0613668723241,3,7.495424161005413,4508.321972354447
2024-05-26,Q1,18.0,0.0,1.3325185525223489,0.0,1.0,15.667481447477652,1734.7825050855051,1022.4272363183816,2266.202326124368,4,5.6718316980574635,27179.672713835957
2024-05-26,G2,18.0,0.4733188738272,1.2641907336414198,0.0,1.0,15.26249039253138,304.10616204551724,149.37584371099206,517.4731628479478,3,3.690770903190365,4641.417376529298
2024-05-26,P3,12.0,0.0,1.225505522932851,0.0,1.0,9.77449447706715,1462.3378115117043,956.0439347904093,1968.6316882329995,2,2.4207078212814244,14293.612862227616
2024-05-27,Q1,24.0,0.4928480743709836,2.607855891894553,0.0,1.0,19.899296033734466,551.8632329766953,164.48881519762892,1318.1403855909412,6,14.156065211064618,10981.689843137032
2024-05-27,G2,24.0,1.0544299401954598,2.5656811491616507,0.0,1.0,19.37988891064289,1130.972877789923,156.3191004228308,2183.718283319746,6,10.945787698982224,21918.128732518802
2024-05-27,P3,16.0,0.2851322278626802,0.4487807750037751,0.0,1.0,14.266086997133545,2685.363296608868,2685.363296608868,2685.363296608868,1,1.5387777262467988,38309.626408331445
2024-05-28,Q1,24.0,0.0,1.9925891057073055,0.0,1.0,21.007410894292693,1270.265582046794,377.05772213947,2105.6216071247895,4,4.999418874926961,26684.99102693487
2024-05-28,G2,24.0,0.02451243082617638,1.8797267820887862,0.0,1.0,21.095760787085037,782.0363922815986,160.99612180476723,1690.1090341431322,5,10.948199104863594,16497.6526583676
2024-05-28,P3,16.0,0.0,2.402268515346388,0.0,1.0,12.597731484653611,851.7525188593252,163.64624326515883,1924.262694022778,5,9.665920866895464,10730.149523967139
2024-05-29,Q1,24.0,0.25612354346323774,4.2759128357488985,0.5,1.0,17.967963620787863,1608.090247888131,479.16800062586566,2438.485618005047,11,19.107845620169133,28894.107072997675
2024-05-29,G2,24.0,0.43216632192193255,2.5978791974014843,0.5,1.0,19.469954480676584,966.7049361015341,377.32809023764526,1852.4076737077307,6,14.75065949318241,18821.701102142237
2024-05-29,P3,16.0,0.0,1.9511369736270694,0.5,1.0,12.548863026372931,1074.681239808788,515.9841113051264,1977.7650510932044,4,11.72073699015792,13486.027675373121
2024-05-30,Q1,24.0,0.0,1.7889407206377765,0.0,1.0,21.211059279362225,1425.35599174762,638.2714695275764,2499.1183854881874,5,5.89331745299842,30233.3104351529
2024-05-30,G2,24.0,0.7093725844028919,2.3996283712452326,0.0,1.0,19.890999044351876,660.2678745967687,182.4148581910332,1137.739343781295,6,14.930976508744415,13133.387662620571
2024-05-30,P3,16.0,0.9885242125902022,1.2292479580133986,0.0,1.0,12.7822278293964,980.3561513717208,521.773365442079,1513.0187921063102,3,3.8458342613586707,12531.135680783558
2024-05-31,Q1,24.0,0.0,1.08780447495391,0.0,1.0,21.91219552504609,2038.7272281909984,1173.9278813726137,2735.33509147642,3,3.156865582480892,44672.989646356415
2024-05-31,G2,24.0,0.0,1.968561050606422,0.0,1.0,21.03143894939358,1120.8208005528559,236.01927874754728,2151.7949225595908,4,9.912357629956514,23572.474240037824
2024-05-31,P3,16.0,0.0,1.0786341234341363,0.0,1.0,13.921365876565863,1245.423989284254,370.6066940443492,2120.241284524159,2,4.115249683700691,17338.003026278344
2024-06-01,Q1,18.0,0.0,3.2252624451370533,0.5,1.0,13.274737554862947,713.713405448046,179.41160515994864,1362.4277842445128,6,15.456285174808098,9474.358146710301
2024-06-01,G2,18.0,0.0,2.191726561955963,0.5,1.0,14.308273438044036,415.4175832324934,176.9922805942064,769.0010494494869,5,6.352406937154097,5943.908371861933
2024-06-01,P3,12.0,0.0,0.8319613684083947,0.5,1.0,9.668038631591605,2024.5946707810176,1859.7271818701784,2189.462159691857,2,6.54357007046875,19573.859490425366
2024-06-02,Q1,18.0,0.0,0.5555735956312022,0.0,1.0,16.444426404368798,2272.177300077098,2116.553474582611,2427.8011255715855,2,2.9948139119381727,37364.652388795235
2024-06-02,G2,18.0,0.0,2.5405083933580075,0.0,1.0,14.459491606641993,1001.1531658821613,165.25179304267755,2182.9739480816665,6,13.34536775955331,14476.165799036171
2024-06-02,P3,12.0,0.0,2.524854591517186,0.0,1.0,8.475145408482813,1425.923914083827,452.3168356009552,2342.529325057316,3,10.437620864308778,12084.912513293388
2024-06-03,Q1,24.0,0.0,1.2764511489545138,0.0,1.0,21.723548851045486,822.8318753012409,236.9291945404052,1532.7019484152008,3,8.019215205106446,17874.828439303874
2024-06-03,G2,24.0,0.0,2.5561216995292986,0.0,1.0,20.4438783004707,734.916886427966,315.6299924772564,1257.3860065218173,6,10.398695451802698,15024.551387094185
2024-06-03,P3,16.0,0.9316212723194299,3.8676357950097824,0.0,1.0,10.200742932670789,777.3614458915047,169.43142602191955,1642.8964750671425,5,12.1720082077383,7929.664275308512
2024-06-04,Q1,24.0,0.0,2.365029301902932,0.0,1.0,20.634970698097067,1382.7625094818025,179.9451831454528,2552.053664573934,6,10.032581357915063,28533.263865584162
2024-06-04,G2,24.0,0.0,1.3079967591750272,0.0,1.0,21.692003240824974,1618.9412155603677,811.6256290892084,2280.827646210416,3,2.295308567424204,35118.078094640616
2024-06-04,P3,16.0,0.09850577282841594,2.1285042551459687,0.0,1.0,12.772989972025616,769.7408803136027,163.04023573859533,1678.5309655183535,5,12.083112732912165,9831.892545303817
2024-06-05,Q1,24.0,0.0,0.8602670293072757,0.5,1.0,21.639732970692723,813.9127297611107,178.9276811789867,1701.799436303375,3,5.556239232925156,17612.854133478024
2024-06-05,G2,24.0,0.0,3.0421863103696736,0.5,1.0,19.457813689630328,1173.3278851478988,317.567202855161,2148.2354482661212,7,14.142989630580761,22830.395386055785
2024-06-05,P3,16.0,0.0192848941692893,1.0686352299934505,0.5,1.0,13.41207987583726,190.93529363814164,181.09013935099165,199.1627387919136,3,5.2796242158533015,2560.839409391198
2024-06-06,Q1,24.0,0.0,0.7211050663061559,0.0,1.0,22.278894933693845,1391.8291933774658,413.92837563306693,2369.7300111218647,2,1.4886006796588989,31008.416364904413
2024-06-06,G2,24.0,0.0,3.0457283140497244,0.0,1.0,19.954271685950275,1365.706316834741,654.2508396544353,2277.8789426879207,7,16.36504673801449,27251.67488933891
2024-06-06,P3,16.0,0.0,0.0,0.0,1.0,15.0,0.0,0.0,0.0,0,0.0,0.0
2024-06-07,Q1,24.0,0.0,2.2667762518993957,0.0,1.0,20.733223748100606,622.5488490109727,179.92465208362154,1229.2614747996308,6,7.634923068732837,12907.444580667
2024-06-07,G2,24.0,0.0,2.381212349348097,0.0,1.0,20.618787650651903,1321.250603087679,313.02583333127353,2159.3794363289226,6,7.69062007789756,27242.585618360616
2024-06-07,P3,16.0,0.5188512933751619,2.479755109075507,0.0,1.0,12.001393597549331,1025.173914530588,166.46682696375683,2045.4842151332923,5,10.262940925739516,12303.515654221985
2024-06-08,Q1,18.0,0.0,0.7332862544562581,0.5,1.0,15.766713745543743,1061.4549657510374,375.3264947046674,1747.5834367974078,2,5.020743711235422,16735.656598782545
2024-06-08,G2,18.0,0.0,2.859280263175773,0.5,1.0,13.640719736824227,607.7434430348842,176.9298373865603,1388.8925486951591,7,15.140719736824225,8290.057978331455
2024-06-08,P3,12.0,0.0,1.3323048804093163,0.5,1.0,9.167695119590684,986.1151261768023,179.9101907634386,2108.448518491638,3,5.953016196518446,9040.402829605622
2024-06-09,Q1,18.0,0.0,2.356634419224649,0.0,1.0,14.64336558077535,600.447657709315,355.4886395790599,836.4195128103586,6,10.752448777091828,8792.574563957762
2024-06-09,G2,18.0,0.42521657721886696,1.614505462991527,0.0,1.0,14.960277959789607,865.9772418904922,156.508745284074,1922.4514256353427,4,7.614941023526733,12955.260245533724
2024-06-09,P3,12.0,0.0,2.392615081025547,0.0,1.0,8.607384918974454,447.2459273453229,169.93403743785677,692.4060588316855,5,8.279712015436909,3849.6178501048767
2024-06-10,Q1,24.0,0.0,2.054516150080464,0.0,1.0,20.945483849919537,981.5534503290821,173.8236306916892,1868.0246440016638,5,15.215815138669745,20559.111941700587
2024-06-10,G2,24.0,0.08170874832833003,3.8603416829086927,0.0,1.0,19.057949568762975,1167.0930509771351,474.56281936225633,2287.3003498115427,9,10.441139653420812,22242.400507575956
2024-06-10,P3,16.0,0.0,1.8352609147142664,0.0,1.0,13.164739085285733,269.7320007657386,170.7188514458928,433.6810700742539,4,6.453686712555445,3550.95141303304
2024-06-11,Q1,24.0,0.0,2.538338192083765,0.0,1.0,20.461661807916236,1604.715227471667,396.72379631174647,2556.7448658574863,7,18.55026471542816,32835.140282538625
2024-06-11,G2,24.0,0.0,2.114331683904065,0.0,1.0,20.885668316095934,730.6477960831301,276.46746741997674,1322.3847307310093,4,13.810831360568601,15260.067524878752
2024-06-11,P3,16.0,0.0,1.7695283471725125,0.0,1.0,13.230471652827488,518.3687790295122,262.03042286319896,775.2005827686892,3,10.70808624426368,6858.263436660757
2024-06-12,Q1,24.0,0.0,1.8205140880011794,0.5,1.0,20.67948591199882,1255.283910082735,313.55092837305097,2442.0854512864407,5,6.3428686153740585,25958.625934114712
2024-06-12,G2,24.0,0.6413725046085865,2.557801099648295,0.5,1.0,19.30082639574312,1268.3789396131294,269.2194842969866,2552.7458405774137,5,10.06916083400105,24480.761717489757
2024-06-12,P3,16.0,0.22880304681829255,2.4044395187912704,0.5,1.0,11.866757434390436,1453.7741001810384,436.8712231005464,2310.1365294791062,5,5.650945113800544,17251.584611247603
2024-06-13,Q1,24.0,0.0,2.2038559502501793,0.0,1.0,20.79614404974982,709.3743281812982,177.84792899636443,1664.114315416687,5,7.296338207068006,14752.250714052781
2024-06-13,G2,24.0,0.0,2.393955328984814,0.0,1.0,20.606044671015187,1071.6671883869217,166.1203187108482,2249.13279417642,5,11.315664338140419,22082.821956362157
2024-06-13,P3,16.0,0.0,1.4012333708625313,0.0,1.0,13.598766629137469,373.61066130167256,159.01721148757352,664.0363452932086,3,4.328287772869975,5080.644193199167
2024-06-14,Q1,24.0,0.5307834399433508,1.7379007399570263,0.0,1.0,20.73131582009962,1446.226134231187,674.4738733400557,1894.6243617400796,4,10.907174976652945,29982.170736028525
2024-06-14,G2,24.0,0.0,0.7799744894961331,0.0,1.0,22.220025510503866,524.2913328278546,509.98733598693246,538.5953296687769,2,2.3214033786499115,11649.766790371003
2024-06-14,P3,16.0,0.7554959870556046,1.6842492195603613,0.0,1.0,12.560254793384033,1041.6398084362204,301.6339813748043,1880.697407022249,3,6.156764043788256,13083.261396890663
2024-06-15,Q1,18.0,0.0,2.29894412874373,0.5,1.0,14.20105587125627,981.901875073318,192.4712868925831,2199.482393016513,6,9.754673421493628,13944.043388007483
2024-06-15,G2,18.0,0.0,2.502299502627068,0.5,1.0,13.997700497372932,650.2879998769246,155.76825300597142,1450.3561949966004,6,14.163016297774359,9102.536659312877
2024-06-15,P3,12.0,0.0,0.6228174116229105,0.5,1.0,9.877182588377089,717.984221193588,717.984221193588,717.984221193588,1,1.609207096288903,7091.661248302792
2024-06-16,Q1,18.0,0.0,2.788176302781907,0.0,1.0,14.211823697218094,1075.7099968315779,196.17587370420364,2346.8178367289247,6,9.500533400591488,15287.80082430542
2024-06-16,G2,18.0,1.1174822272018892,2.4924393445774116,0.0,1.0,13.390078428220699,1451.9638944228711,495.44871690327477,2355.7712107615594,6,10.869785579939691,19441.910421267003
2024-06-16,P3,12.0,0.0,2.6444004464349264,0.0,1.0,8.355599553565074,609.7631662797971,315.80914373636335,789.981759354571,5,10.098995834178762,5094.936839947899
2024-06-17,Q1,24.0,0.0,2.3018785187590014,0.0,1.0,20.698121481241,1418.7300236424492,396.7529356853921,2503.628996189829,6,14.927302526024992,29365.046378435327
2024-06-17,G2,24.0,0.0,3.5694397465014807,0.0,1.0,19.43056025349852,906.4313333682239,191.60544581365886,1815.2960508991112,8,15.51263535873467,17612.468638670278
2024-06-17,P3,16.0,0.0,3.5389218856816176,0.0,1.0,11.461078114318383,1557.167236427645,200.61376875123912,2502.8930771282107,8,12.461078114318386,17846.815333754523
2024-06-18,Q1,24.0,0.3012620261671615,4.13118310195155,0.0,1.0,18.56755487188129,505.60725652979477,191.34400186466928,878.0588508750633,9,20.011977425928148,9387.890479238324
2024-06-18,G2,24.0,0.0,2.602014948198822,0.0,1.0,20.39798505180118,1154.965798429141,164.71544604902982,2104.9796446796863,7,14.054295651472803,23558.97509169923
2024-06-18,P3,16.0,0.0,0.9970485770731874,0.0,1.0,14.002951422926813,1517.4642314354599,721.077457219251,2252.9356907158667,3,10.859901416154633,21248.977918819714
2024-06-19,Q1,24.0,0.0,2.1845446863947253,0.5,1.0,20.315455313605273,1006.4104494336624,196.7344183161287,2196.0764444574324,6,10.69825779985169,20445.686512614968
2024-06-19,G2,24.0,0.0,2.6781416792945847,0.5,1.0,19.821858320705417,389.2875866547387,172.4488519723631,740.1290597762771,7,7.88985544131236,7716.403388679562
2024-06-19,P3,16.0,0.0,3.742768045146188,0.5,1.0,10.757231954853811,1221.9626211009804,375.8598018963697,2489.098935284967,7,10.741845126631528,13144.935355344387
2024-06-20,Q1,24.0,0.0,2.842699163231307,0.0,1.0,20.157300836768695,584.0385137831753,399.7195543083039,815.6572452837237,7,15.403729884405216,11772.640022586744
2024-06-20,G2,24.0,1.198093267625027,0.8948439939773711,0.0,1.0,20.907062738397602,1786.4810988109948,968.7296717643248,2604.2325258576648,2,1.6431823642047696,37350.072413802955
2024-06-20,P3,16.0,0.0,1.379063828311278,0.0,1.0,13.620936171688722,388.99036274371446,190.33056895971603,662.9619296604568,3,7.232585703996741,5298.4129023341775
2024-06-21,Q1,24.0,0.2806775241902695,0.9653937448284052,0.0,1.0,21.753928730981325,1586.9029994608904,966.899752627559,2206.906246294222,2,3.5855767792571362,34521.374753252705
2024-06-21,G2,24.0,0.0,2.9356699949104192,0.0,1.0,20.06433000508958,959.9293740296674,173.87129993152632,2106.9945623003473,6,8.228118566061966,19260.339742110315
2024-06-21,P3,16.0,0.2559790763547703,1.383009964029994,0.0,1.0,13.361010959615236,893.5084538524746,493.2518154841837,1446.011263239801,3,6.302690945055355,11938.176244431777
2024-06-22,Q1,18.0,0.0,1.1909242276058014,0.5,1.0,15.309075772394198,1225.618864990788,181.90729991688093,2314.5634393284076,4,5.782989578687074,18763.09207221975
2024-06-22,G2,18.0,0.0,2.030747780367028,0.5,1.0,14.469252219632972,820.0886827679693,174.2533934954399,1694.4128154788496,5,13.043145086056679,11866.06999343632
2024-06-22,P3,12.0,0.9484895980567483,1.6825747478290878,0.5,1.0,7.868935654114164,1087.2603916813953,292.19752204606596,2034.93286162289,3,5.771606915061561,8555.582061407862
2024-06-23,Q1,18.0,0.0,2.069197695324976,0.0,1.0,14.930802304675023,1490.7918669592898,471.82609767714473,2389.80376776982,5,12.459843918087298,22258.718642986543
2024-06-23,G2,18.0,0.715356514779981,3.32468145797534,0.0,1.0,12.95996202724468,1117.0089772133374,172.78448265387064,2413.135292531622,7,10.018589666661443,14476.393928776271
2024-06-23,P3,12.0,0.5012637822489124,2.020662816929485,0.0,1.0,8.478073400821602,787.8054417806677,179.20794002435633,1864.573169718743,5,9.478073400821604,6679.07236098319
2024-06-24,Q1,24.0,0.5118469079979235,1.598802911711786,0.0,1.0,20.88935018029029,1541.450546536619,305.001333929225,2423.33776096579,5,7.172293148918995,32199.900252203286
2024-06-24,G2,24.0,0.6855627928123763,1.1305106507560074,0.0,1.0,21.183926556431615,1169.0645466881879,392.5085052362426,1945.6205881401331,2,0.8000855883686905,24765.37749677059
2024-06-24,P3,16.0,0.0,2.705749889689815,0.0,1.0,12.294250110310184,708.7678519839534,178.36597066466894,1489.628627289962,6,10.422106665006538,8713.769242438031
2024-06-25,Q1,24.0,0.14475734922801453,3.1940046538077054,0.0,1.0,19.661237996964278,884.9807176329175,189.44801061181838,2197.907516831302,8,13.434979506261644,17399.816512105033
2024-06-25,G2,24.0,0.0,2.574504935943343,0.0,1.0,20.42549506405666,1127.116504541722,346.22963173743653,2284.0912370478522,7,14.3794172249758,23021.912600133735
2024-06-25,P3,16.0,0.5014003117910062,1.6094503350390412,0.0,1.0,12.889149353169953,1049.800895328484,310.73850750331917,1911.3121195549857,3,3.8321890890449732,13531.040530980368
2024-06-26,Q1,24.0,0.0,1.3821081745100272,0.5,1.0,21.117891825489973,1234.1466869558676,560.1606186310514,2362.8654208383455,4,4.40836210604296,26062.57623192085
2024-06-26,G2,24.0,0.0,1.9241593891495616,0.5,1.0,20.575840610850438,1015.1806547035679,177.5853970019394,2376.894317079289,6,12.205249486019207,20888.19534239941
2024-06-26,P3,16.0,0.4741887522284258,2.4662066564705447,0.5,1.0,11.55960459130103,1134.9951441499686,420.07411426644137,2254.259965319012,6,8.752344710054636,13120.09507942035
2024-06-27,Q1,24.0,0.615233864200476,0.0,0.0,1.0,22.384766135799524,0.0,0.0,0.0,0,0.0,0.0
2024-06-27,G2,24.0,0.0,1.2415879950678623,0.0,1.0,21.758412004932136,361.1628185036652,166.45901727492014,622.546033659394,3,3.869000203625724,7858.3294058652755
2024-06-27,P3,16.0,0.0,2.841229256419155,0.0,1.0,12.158770743580845,1234.7306080393794,181.5838452784043,2372.3514528821947,7,10.838547808728286,15012.806393232993
2024-06-28,Q1,24.0,0.0,2.222472731934499,0.0,1.0,20.7775272680655,979.4656263452547,197.04685456553153,2167.382551141335,5,9.485603215699834,20350.873759521386
2024-06-28,G2,24.0,0.6716155081531288,2.288917866233777,0.0,1.0,20.039466625613095,1513.3418512270102,635.4097006935261,2265.7591013675833,6,14.896913273522792,30326.56352080721
2024-06-28,P3,16.0,0.0,2.0956214996700537,0.0,1.0,12.904378500329946,478.1525909713205,187.34310117345407,794.5954227282223,4,13.904378500329948,6170.2620148073665
2024-06-29,Q1,18.0,0.0,1.5900026206494338,0.5,1.0,14.909997379350568,633.189576609763,371.08491354188214,804.9258944787167,5,9.304212837898476,9440.854927883662
2024-06-29,G2,18.0,0.0,4.114391179336848,0.5,1.0,12.385608820663151,736.4071042135054,168.0335021306164,1773.4627553868806,8,14.429085910997012,9120.8503255458
2024-06-29,P3,12.0,0.0,1.8582179379565105,0.5,1.0,8.64178206204349,305.42154440905404,177.8989934603331,525.3579475035858,4,5.236255875038211,2639.3864238357824
2024-06-30,Q1,18.0,0.0,2.6026900940286946,0.0,1.0,14.397309905971305,952.0978687504096,181.21451212881425,2040.4854048356876,7,13.9338789710514,13707.648077214439
2024-06-30,G2,18.0,0.6532006800294856,1.7787169512950287,0.0,1.0,14.568082368675487,752.0447876015128,265.20424972911,1361.425089278876,4,9.19456084209129,10955.8504107119
2024-06-30,P3,12.0,0.6442102634438853,1.8263235130969213,0.0,1.0,8.529466223459194,977.9846727193833,174.07613436286962,2153.843116769547,4,4.424521870226611,8341.687233020773
2024-07-01,Q1,24.0,0.0,3.3376874207253735,0.0,1.0,19.662312579274627,1145.3737965104917,468.0257499380602,2118.1814996897847,6,21.67769284535118,22520.697607099777
2024-07-01,G2,24.0,0.4952807053865535,1.0648917461369576,0.0,1.0,21.43982754847649,880.4499668354465,166.2908765260663,1879.0444906450057,3,6.75438531882151,18876.695454013818
2024-07-01,P3,16.0,0.0,2.1899843237405405,0.0,1.0,12.810015676259459,1090.8091159292962,358.35947741513405,1726.7055858845497,4,9.159192173052796,13973.281874861006
2024-07-02,Q1,24.0,0.0,1.4369607452723883,0.0,1.0,21.563039254727613,502.349963507334,193.12346573327875,809.2777909460648,4,5.38892340542274,10832.191982719627
2024-07-02,G2,24.0,0.7611823596031051,1.9212548280859167,0.0,1.0,20.317562812310978,882.3788518616894,294.7599440111643,1666.8811041970566,4,5.8916602726458835,17927.78774695472
2024-07-02,P3,16.0,0.0,1.2544547073695074,0.0,1.0,13.745545292630492,998.699603497549,178.27111783687045,2137.730301947351,3,2.3055541302634857,13727.670633607673
2024-07-03,Q1,24.0,0.0,1.2496596638377035,0.5,1.0,21.250340336162296,451.1761608876849,286.3466039288676,551.8361825418813,4,6.905390727828553,9587.64697042642
2024-07-03,G2,24.0,0.0,2.6247589114027954,0.5,1.0,19.875241088597203,1060.512975436646,188.61374888875002,2220.508103066374,6,6.1376212353674475,21077.951064388904
2024-07-03,P3,16.0,0.2567578804048118,2.2445005893262153,0.5,1.0,11.998741530268973,1308.878933318712,323.39343557942857,2126.6551435539127,5,8.798971929540906,15704.900015305382
2024-07-04,Q1,24.0,0.9862794430148207,3.3275645510431975,0.0,1.0,18.68615600594198,1453.5709928922972,182.7721153732402,2408.9812435323697,9,15.867926664412092,27161.65433889745
2024-07-04,G2,24.0,0.0,1.0411547798540752,0.0,1.0,21.958845220145925,164.78499430342973,159.40139328155377,169.12008418557582,3,7.149617921884063,3618.4881845116415
2024-07-04,P3,16.0,0.0,2.122635646480967,0.0,1.0,12.877364353519033,1275.8859597040653,285.4786910728492,2442.816129614665,4,13.877364353519035,16430.048376648552
2024-07-05,Q1,24.0,0.0,3.1104589296872747,0.0,1.0,19.889541070312724,1274.5074461158151,182.09771900959063,2451.266023285655,7,20.889541070312728,25349.368193939885
2024-07-05,G2,24.0,0.0,3.688283080393067,0.0,1.0,19.311716919606933,859.8671934384591,167.70362026671108,2077.6965068720906,9,14.001507634169869,16605.511828140417
2024-07-05,P3,16.0,0.3107945068331568,1.1685090139591277,0.0,1.0,13.520696479207716,2379.084116392826,2180.227639437074,2586.6751764952883,3,5.0790325516534764,32166.874236251486
2024-07-06,Q1,18.0,0.0,0.8998364581207864,0.5,1.0,15.600163541879212,483.95422284149765,236.01876390650173,731.8896817764936,2,3.3326575224000887,7549.76502311042
2024-07-06,G2,18.0,0.5039838212975756,1.904935822906393,0.5,1.0,14.091080355796032,740.2511976982057,182.6978993540632,1596.4488570925191,4,7.389412490264008,10430.939110239671
2024-07-06,P3,12.0,0.0,3.570781852222296,0.5,1.0,6.9292181477777035,1166.75305564804,176.33336560304093,2080.807805908239,6,8.458433698762743,8084.686447171487
2024-07-07,Q1,18.0,0.0,1.5109688716670555,0.0,1.0,15.489031128332943,955.2646287756947,193.27174978797976,2059.9461375796545,4,10.29574103218346,14796.12357090215
2024-07-07,G2,18.0,0.0,4.8532729089209585,0.0,1.0,12.146727091079041,1206.4698743075908,394.2297133491455,2438.6431013746096,8,14.219186644577883,14654.66030682274
2024-07-07,P3,12.0,0.7934181811955807,0.23803193180440552,0.0,1.0,9.968549887000014,2395.739624780326,2395.739624780326,2395.739624780326,1,1.657666759597752,23882.049965885373
2024-07-08,Q1,24.0,0.9845169600403372,1.4072502456448934,0.0,1.0,20.60823279431477,856.2210182496445,182.43417234219592,1822.2959685639096,4,5.920785571114122,17645.20206747391
2024-07-08,G2,24.0,0.0,0.8181059468418288,0.0,1.0,22.18189405315817,2344.4209117653063,2231.1780288501177,2457.6637946804944,2,2.5684156748237035,52003.696280786506
2024-07-08,P3,16.0,0.0,1.664057729182132,0.0,1.0,13.335942270817869,1617.7980978604287,912.8765853991641,2220.677218812225,4,8.85060500816736,21574.862038905634
2024-07-09,Q1,24.0,0.0,2.149777746927711,0.0,1.0,20.85022225307229,1289.0789707596914,539.9349405726177,2336.802501787615,5,8.81563961630486,26877.58304210124
2024-07-09,G2,24.0,0.0,1.042223793656394,0.0,1.0,21.957776206343606,829.4331606506743,168.6519874342303,1748.6061099464916,3,4.8655555638939,18212.50771968775
2024-07-09,P3,16.0,0.0,1.880593534713196,0.0,1.0,13.119406465286804,995.6358483682648,354.05585822352066,1791.2224451848515,4,5.517637726886735,13062.151386153924
2024-07-10,Q1,24.0,0.0,1.3954065973779208,0.5,1.0,21.10459340262208,1184.0634616573839,732.7744344916283,1961.446167172448,4,6.6484212619753515,24989.177921180286
2024-07-10,G2,24.0,0.8154337974773351,2.910968982854531,0.5,1.0,18.773597219668133,1120.7256083356865,184.89894696516666,2226.74459251255,7,18.9111667023262,21040.05116466172
2024-07-10,P3,16.0,0.0,0.5607720573987443,0.5,1.0,13.939227942601256,742.8832022311545,742.8832022311545,742.8832022311545,1,3.035800301393077,10355.21829062961
2024-07-11,Q1,24.0,0.0,1.162109837868928,0.0,1.0,21.83789016213107,1194.236001797068,300.55708713869535,2234.1360760935363,3,3.9776170908641784,26079.594634906935
2024-07-11,G2,24.0,0.0,2.3343482135777993,0.0,1.0,20.665651786422202,608.8961535094724,160.90526203395194,1364.0187371985085,5,9.061034854317812,12583.235882518635
2024-07-11,P3,16.0,0.0,1.5617233469174512,0.0,1.0,13.438276653082548,326.94987238232096,175.54375505321147,583.0464056803154,4,4.609327376028017,4393.642836763663
2024-07-12,Q1,24.0,0.0,1.103043497714719,0.0,1.0,21.89695650228528,2032.2010350788303,1098.2219829920728,2740.9636187874594,3,9.353726451209578,44499.01766902027
2024-07-12,G2,24.0,0.0,1.8688537442922641,0.0,1.0,21.131146255707737,480.2008538272368,181.5745939882253,722.183049674305,5,7.5669449508964,10147.194474339074
2024-07-12,P3,16.0,0.0,1.6276729978284021,0.0,1.0,13.372327002171598,283.66914934880236,170.66286998786342,431.38102244186854,3,2.8864668594795027,3793.3166255200376
2024-07-13,Q1,18.0,0.0,1.4356516306229872,0.5,1.0,15.064348369377011,1212.0232874993799,760.9429766225834,1911.759845175143,4,7.161962286988404,18258.34103468825
2024-07-13,G2,18.0,0.0,2.1268333179817054,0.5,1.0,14.373166682018294,271.12242476710054,165.91354988793023,466.9269605036319,6,15.873166682018297,3896.887802410501
2024-07-13,P3,12.0,0.0,2.653439330667735,0.5,1.0,7.8465606693322645,1410.9398449820976,173.24669991715115,2478.749316780231,5,7.489589481554131,11071.02509443029
2024-07-14,Q1,18.0,0.0,1.9608525653867799,0.0,1.0,15.03914743461322,468.1435377607651,189.79399583387027,882.6557777259876,5,16.50527567596268,7040.479684945568
2024-07-14,G2,18.0,1.4450479092960593,3.398235607212861,0.0,1.0,12.156716483491081,1034.564653485147,179.38909029253168,2287.083329554423,8,12.81373393290515,12576.909176260124
2024-07-14,P3,12.0,0.0,1.8917041083340842,0.0,1.0,9.108295891665916,1785.778555385623,737.5904270135072,2537.9833750560197,4,7.356067890513024,16265.399479443964
2024-07-15,Q1,24.0,0.3109367554080832,2.337539420242399,0.0,1.0,20.351523824349517,1145.0442595025586,195.1751968485645,2391.579528589279,6,19.491132779043422,23303.395527200973
2024-07-15,G2,24.0,0.0,1.4964788635883872,0.0,1.0,21.503521136411614,1106.2956162309993,364.0119501684758,2113.2121234915076,4,4.74142052438299,23789.251166742804
2024-07-15,P3,16.0,0.0,0.6807837352463637,0.0,1.0,14.319216264753637,804.1959359364087,783.8481503085022,824.5437215643151,2,2.3024909332328467,11515.455525909396
2024-07-16,Q1,24.0,0.0,0.2980012704928543,0.0,1.0,22.701998729507146,1823.5404025122552,1823.5404025122552,1823.5404025122552,1,0.8233789284245141,41398.01190103817
2024-07-16,G2,24.0,0.22938165194420496,0.36233217099218973,0.0,1.0,22.408286177063605,151.6370262209826,151.6370262209826,151.6370262209826,1,0.25,3397.925878598676
2024-07-16,P3,16.0,0.5056638184698655,1.1242833474646892,0.0,1.0,13.370052834065444,1181.7283200364282,368.0109617601495,1995.445678312707,2,2.5656555779820804,15799.770074398442
2024-07-17,Q1,24.0,0.24190462742859442,2.059936184997954,0.5,1.0,20.19815918757345,1546.536430209563,639.403960015542,2672.0460960080463,6,16.677171953770912,31237.189006754328
2024-07-17,G2,24.0,0.5601963874626085,2.509166238548511,0.5,1.0,19.43063737398888,762.8166145037819,309.5375257424017,1487.1771778259117,5,9.441449204577289,14822.013019276852
2024-07-17,P3,16.0,0.0,1.7865277906473929,0.5,1.0,12.713472209352608,899.6541594902178,173.8607034945246,1971.5360535519153,4,5.956250486050366,11437.728154707362
2024-07-18,Q1,24.0,0.6800183884374009,2.6277373829601545,0.0,1.0,19.692244228602444,1469.3966079661216,420.34143538675085,2755.515862548079,7,13.944861417121182,28935.716872748864
2024-07-18,G2,24.0,0.7650948202064629,1.5295413062162533,0.0,1.0,20.705363873577284,872.3762220111357,264.57943873616455,1557.1709016411535,3,9.095068227979958,18062.867111397205
2024-07-18,P3,16.0,0.0,1.5000178644224316,0.0,1.0,13.499982135577568,1351.6724590764518,461.6119605021986,2170.6965147895635,3,5.1688037059105945,18247.5540506843
2024-07-19,Q1,24.0,0.0,4.228348363972955,0.0,1.0,18.771651636027045,1022.8937217939242,183.78581345685788,2512.732725594963,9,20.479334508611867,19201.404606194712
2024-07-19,G2,24.0,0.0,3.905542279924789,0.0,1.0,19.094457720075212,1483.4911516057568,197.0455472789048,2523.7080887161487,8,15.893353022282081,28326.459072441812
2024-07-19,P3,16.0,0.0,1.7750118944301883,0.0,1.0,13.224988105569812,2007.06350354054,1810.0446452575654,2222.986920626074,5,10.334726481754174,26543.390961446916
2024-07-20,Q1,18.0,0.0,1.2154386890199744,0.5,1.0,15.284561310980024,1200.8848624218692,181.6525990428433,2617.203266517526,3,6.921604106510054,18354.99830711487
2024-07-20,G2,18.0,0.2637764332270742,3.543480801794422,0.5,1.0,12.692742764978503,691.6725969860398,199.842170708524,962.7438557748374,9,14.16697695446404,8779.222351128448
2024-07-20,P3,12.0,0.0,2.005798312681134,0.5,1.0,8.494201687318867,1089.277854796986,680.3369995729332,1746.3516816069655,4,9.994201687318867,9252.545792175635
2024-07-21,Q1,18.0,0.827078640155228,1.1507674146045028,0.0,1.0,15.02215394524027,855.8397767076394,180.86339815339335,1790.2937078901111,3,6.239459943450605,12856.556878162217
2024-07-21,G2,18.0,0.3118148022576278,1.0386192353393606,0.0,1.0,15.64956596240301,327.90604225622167,192.79314522285927,463.01893928958407,2,2.7681747597237774,5131.58723775925
2024-07-21,P3,12.0,0.0,0.9484488852714008,0.0,1.0,10.0515511147286,507.1970520547121,260.8236173233432,753.570486786081,2,3.767414832530509,5098.117093967601
2024-07-22,Q1,24.0,0.0,0.6555402060744348,0.0,1.0,22.344459793925566,2329.46285557991,2086.3869156572873,2572.538795502533,2,2.998776342865246,52050.58911794834
2024-07-22,G2,24.0,0.19864543202147933,1.822200392116949,0.0,1.0,20.979154175861574,552.0147038401918,304.5711555171805,763.1868649811629,5,14.989662143472726,11580.80157920595
2024-07-22,P3,16.0,0.14345572528609557,3.0511854235461837,0.0,1.0,11.805358851167721,424.46413228759246,189.60296796801876,744.4295414601254,3,14.290591822231544,5010.951401104556
2024-07-23,Q1,24.0,0.24828136818016494,2.986103329033896,0.0,1.0,19.76561530278594,786.8609919222624,191.9710964936712,1632.1645129581082,7,18.096791366215943,15552.791663103993
2024-07-23,G2,24.0,0.0,3.3958689627166283,0.0,1.0,19.604131037283373,1213.9829064401692,173.4430305755657,2213.009334707876,8,12.590697616444507,23799.0799748752
2024-07-23,P3,16.0,0.0,1.4709174590067058,0.0,1.0,13.529082540993294,1085.0935401994168,250.2112745279274,2135.013130485728,3,4.975571876051382,14680.320070056534
2024-07-24,Q1,24.0,0.4662923447440352,0.8689852838391139,0.5,1.0,21.164722371416854,2325.871465466599,2291.985557105721,2367.7866828845595,3,6.334611840752292,49226.42383820104
2024-07-24,G2,24.0,0.0,1.0625102673245346,0.5,1.0,21.437489732675466,531.2614077590829,509.1876436262563,555.4166637449528,4,6.044516139401924,11388.910974202054
2024-07-24,P3,16.0,0.0,1.4920311722234922,0.5,1.0,13.007968827776509,2012.359331613812,1126.1264561960566,2762.450624550155,3,7.7380449766249235,26176.707455917636
2024-07-25,Q1,24.0,0.5391034833647328,1.416044102958472,0.0,1.0,21.044852413676793,1593.6388172221878,668.7790639715225,2348.7233602127944,4,4.606919454313646,33537.893709147385
2024-07-25,G2,24.0,0.7809576915130928,3.76404487655129,0.0,1.0,18.45499743193562,969.1308951895813,353.77731338627643,2156.599510181602,7,20.079116482486334,17885.308181933193
2024-07-25,P3,16.0,0.0,0.3694624565509042,0.0,1.0,14.630537543449096,1927.9826680145225,1927.9826680145225,1927.9826680145225,1,2.483514192225744,28207.422807505623
2024-07-26,Q1,24.0,0.0,1.2093593873049124,0.0,1.0,21.79064061269509,872.0879946791779,244.3487088853533,1641.3870602940178,3,6.6293606923020825,19003.356074699914
2024-07-26,G2,24.0,0.0,0.7979875927758379,0.0,1.0,22.202012407224164,1084.0557878911168,596.9859361332637,1571.1256396489698,2,2.8993949363896254,24068.22005288174
2024-07-26,P3,16.0,0.4311990889181193,3.119992906308132,0.0,1.0,11.448808004773749,1011.0993281394718,186.4707806929966,2326.79028422734,6,12.282332744436157,11575.882081624544
2024-07-27,Q1,18.0,0.3706968783976069,3.3549473751987033,0.5,1.0,12.77435574640369,921.6401794582669,203.9650055927925,1836.4369172756565,5,15.734348762845473,11773.35952257924
2024-07-27,G2,18.0,0.22362294672778432,2.812869351368323,0.5,1.0,13.463507701903893,1467.1078456585535,195.74561366576557,2328.2668098672816,7,12.178725365814,19752.417779547563
2024-07-27,P3,12.0,0.7864436259929997,2.1744748307174158,0.5,1.0,7.5390815432895835,787.2353140876138,181.41391927299307,1738.950960543934,4,8.322537592861424,5935.0312266637075
2024-07-28,Q1,18.0,0.0,2.9505588382123222,0.0,1.0,14.049441161787678,1058.8379328974593,379.843733347981,2108.220698801308,7,15.433355340502704,14876.081238111743
2024-07-28,G2,18.0,0.0,1.0067020044845572,0.0,1.0,15.993297995515444,1491.7163606658855,876.4429441633874,2106.9897771683836,2,5.197943132150731,23857.4642809153
2024-07-28,P3,12.0,0.22388429222403822,0.9395484805345442,0.0,1.0,9.836567227241417,530.5165653192508,275.46562859406555,785.5675020444362,2,2.132719753582945,5218.461859928024
2024-07-29,Q1,24.0,0.0,2.9826084910807555,0.0,1.0,20.017391508919246,1037.8788989721136,413.9399951925882,1976.340267911524,7,8.195424581995638,20775.628259570844
2024-07-29,G2,24.0,0.0,3.1261435970418794,0.0,1.0,19.873856402958122,923.998141943947,198.1986255931182,2080.35491067982,8,13.419593354965956,18363.406389594118
2024-07-29,P3,16.0,0.0,2.176186451515312,0.0,1.0,12.823813548484688,1550.057489503617,185.86553966548828,2503.372624609777,5,8.424649153440154,19877.648234826647
2024-07-30,Q1,24.0,0.4421878508957916,0.9782193199881364,0.0,1.0,21.579592829116073,1402.0885195986268,776.1766279042904,1885.9199834624644,3,2.2375178641165765,30256.4993633165
2024-07-30,G2,24.0,0.0,4.181511835927859,0.0,1.0,18.818488164072143,772.7290384409334,196.87429813460577,1609.9210184589017,9,19.818488164072136,14541.592263935554
2024-07-30,P3,16.0,0.0,2.9774111793309714,0.0,1.0,12.022588820669029,1051.164807832595,200.87727670336943,2186.694720598506,6,6.089972717273691,12637.722267328863
2024-07-31,Q1,24.0,0.0,1.7373509954487925,0.5,1.0,20.762649004551207,504.38020740018146,201.69504240432423,812.5458455170206,4,10.476489479124567,10472.26921109271
2024-07-31,G2,24.0,0.0,2.133339255984961,0.5,1.0,20.36666074401504,852.7525875063981,172.3274050177545,1904.279853827015,5,10.171765275446456,17367.72264832381
2024-07-31,P3,16.0,0.8656806484901276,0.2567725529397579,0.5,1.0,13.377546798570116,1853.2650054211358,1853.2650054211358,1853.2650054211358,1,1.181414838640596,24792.139340173544
2024-08-01,Q1,24.0,0.0,1.1764979972627387,0.0,1.0,21.82350200273726,977.8187047028832,327.3892812577526,1669.6112631792219,3,6.761984252106873,21339.428460397325
2024-08-01,G2,24.0,0.4264362452080269,3.872570753442232,0.0,1.0,18.70099300134974,491.18563933958853,163.5830057350796,1048.0027863725845,8,16.38310729458886,9185.659203653142
2024-08-01,P3,16.0,0.13903747055999582,1.5948471393870558,0.0,1.0,13.266115390052947,728.6020957138011,166.2634032478877,1502.346925405382,3,5.860135381206659,9665.719475173688
2024-08-02,Q1,24.0,0.0,3.3799565766164434,0.0,1.0,19.620043423383557,313.5767495125877,179.38960021371224,563.0276648871475,6,21.84340165244139,6152.389442000439
2024-08-02,G2,24.0,0.21766386444130692,4.629053474336562,0.0,1.0,18.153282661222132,783.0210787615948,161.23876364434352,2253.429077688558,9,19.836510904799503,14214.402972454309
2024-08-02,P3,16.0,0.0,0.8637504680893928,0.0,1.0,14.136249531910607,777.9665769577184,773.7070641374982,782.2260897779387,2,1.6005002902301944,10997.529659360645
2024-08-03,Q1,18.0,0.0,1.8322065326852182,0.5,1.0,14.66779346731478,1310.5245180774268,376.1347156551278,2218.4972067710273,4,7.232012238470377,19222.502965011932
2024-08-03,G2,18.0,0.0,2.230097078915715,0.5,1.0,14.269902921084284,736.0292486915649,180.15187277165302,1740.6262308190699,5,14.39226327046192,10503.065925907234
2024-08-03,P3,12.0,0.0,1.0629279800012865,0.5,1.0,9.437072019998713,635.4027320224254,334.33486468893796,880.1998086814641,3,5.127794923733219,5996.341343799571
2024-08-04,Q1,18.0,0.8463539631036359,2.5438974245129615,0.0,1.0,13.609748612383404,1280.2449210071038,396.6818264894527,2128.295563740753,6,14.609748612383406,17423.811537187332
2024-08-04,G2,18.0,0.0,2.222117769755083,0.0,1.0,14.777882230244916,753.6238700701825,325.136574065588,1292.00938914042,5,10.292888648056415,11136.964797798555
2024-08-04,P3,12.0,0.0,2.0313074153579,0.0,1.0,8.968692584642099,1505.936367199646,310.2558280632069,2738.508405046406,4,6.707032720002035,13506.280329446327
2024-08-05,Q1,24.0,0.0,1.972629244734201,0.0,1.0,21.0273707552658,658.5013213784949,181.78205396432833,1415.7767551522406,6,10.77058587324402,13846.551427458051
2024-08-05,G2,24.0,0.0,1.1126587247027617,0.0,1.0,21.88734127529724,371.08002343373613,164.97328914891872,647.2159253263151,3,3.9045648837332463,8121.955113339479
2024-08-05,P3,16.0,0.0,2.3167391726014586,0.0,1.0,12.683260827398541,903.1524749846845,319.5292294221648,1786.572846971446,5,7.648669522120851,11454.918407141291
2024-08-06,Q1,24.0,0.0,2.620332316545398,0.0,1.0,20.379667683454603,1031.8941905325578,197.27663874364703,2165.6665933729964,6,14.094552935450645,21029.660687540916
2024-08-06,G2,24.0,0.0,2.0566188006630757,0.0,1.0,20.943381199336926,1035.9116048011413,350.3071798993594,1946.8802354210504,4,8.890704940737528,21695.491628167165
2024-08-06,P3,16.0,0.9645476969087927,2.3047068360947907,0.0,1.0,11.730745466996416,1917.0476504472274,1210.7247377668198,2365.9504600384453,5,7.98008512678098,22488.39803549994
2024-08-07,Q1,24.0,0.0,1.8260859406010062,0.5,1.0,20.673914059398992,794.3606823762155,180.71150472908485,1695.2450804793557,5,8.76954929616478,16422.54447961142
2024-08-07,G2,24.0,0.0,1.9136898570579448,0.5,1.0,20.586310142942054,1699.9144936429948,643.4899236089492,2542.483200092875,4,9.294055999171299,34994.96698261699
2024-08-07,P3,16.0,0.0,1.3818871433472846,0.5,1.0,13.118112856652715,1483.1852625564306,704.9283310656283,2215.6234985989595,3,5.873262260840928,19456.591661539347
2024-08-08,Q1,24.0,0.0,1.243667821810381,0.0,1.0,21.75633217818962,768.9913167022759,190.11407016941249,1572.4592831722293,3,5.008452621012244,16730.43052831813
2024-08-08,G2,24.0,0.24861189928567973,1.4397526211758418,0.0,1.0,21.311635479538477,1488.4326602631684,524.8656684188632,2336.933481350355,3,6.822193506640057,31720.93429136838
2024-08-08,P3,16.0,0.0,2.595268710119258,0.0,1.0,12.404731289880742,1426.9139019329782,667.2480383874984,2432.8467689181794,5,13.056221627899282,17700.483527273835
2024-08-09,Q1,24.0,0.0,1.6589092811523074,0.0,1.0,21.341090718847692,1536.3391752981308,193.44730594617766,2491.0099586686306,5,12.812623900689381,32787.15371495706
2024-08-09,G2,24.0,0.0,0.9785262866554205,0.0,1.0,22.02147371334458,828.2983687846727,179.51813543304223,1731.85434883162,3,3.330642456307093,18240.350754997864
2024-08-09,P3,16.0,0.0,2.230455285999106,0.0,1.0,12.769544714000894,1135.624659124983,339.2748707645479,2119.990130015118,5,12.41964887101113,14501.409863018494
2024-08-10,Q1,18.0,0.0,2.3281554111151994,0.5,1.0,14.1718445888848,761.0893908147887,180.2634538358492,1904.5746171414226,6,15.671844588884802,10786.040564876192
2024-08-10,G2,18.0,0.0,3.935262736178318,0.5,1.0,12.564737263821682,919.9834269263698,187.37149829850915,2043.3603785661958,6,15.735875751609449,11559.35004640013
2024-08-10,P3,12.0,0.0,2.9585839338340563,0.5,1.0,7.541416066165944,1011.9809026334248,276.9340414673129,2038.1101174911873,4,9.97630155745261,7631.769037772823
2024-08-11,Q1,18.0,0.0,2.3743657309108452,0.0,1.0,14.625634269089154,506.7171671418928,195.3586253657112,768.813801724396,6,7.961120415540974,7411.059964486244
2024-08-11,G2,18.0,0.0,3.024407496572105,0.0,1.0,13.975592503427896,737.7894567543741,177.94358779001948,1312.8530465316142,7,14.63239479808475,10311.04480092457
2024-08-11,P3,12.0,0.8518804830776987,0.809050655572509,0.0,1.0,9.339068861349793,2530.328175726998,2391.90237775438,2668.753973699616,2,4.384473044663467,23630.909074928033
2024-08-12,Q1,24.0,0.0,0.8768752550292884,0.0,1.0,22.12312474497071,1362.2999666438986,435.49456671089035,2289.105366576907,2,1.172925867324735,30138.33210213241
2024-08-12,G2,24.0,0.6623212677395924,5.778254836095348,0.0,1.0,16.559423896165057,919.445828785949,169.10200402184987,2439.5680780897515,12,17.181991591686476,15225.493228427329
2024-08-12,P3,16.0,0.5813912065072918,2.206611293684327,0.0,1.0,12.211997499808382,650.680638170896,174.09338914411188,1574.819161080084,6,9.75062421641989,7946.110326516705
2024-08-13,Q1,24.0,0.0,2.0866306175692815,0.0,1.0,20.91336938243072,1259.3172952464124,330.88973615618585,2443.190358654629,5,13.022519719336175,26336.56776517179
2024-08-13,G2,24.0,0.0,2.2924965683345735,0.0,1.0,20.707503431665426,1108.7602355457173,289.72253985215804,2099.078708414195,5,9.542899947604742,22959.656382457106
2024-08-13,P3,16.0,0.0,2.6572185367201513,0.0,1.0,12.342781463279849,1200.2594670177557,322.8678730665422,1809.7154148858488,5,13.892162745570925,14814.540300632905
2024-08-14,Q1,24.0,0.0,1.1926882082532326,0.5,1.0,21.307311791746766,755.6902833588484,199.2545024356698,1525.8140035225306,3,10.435669182664078,16101.728485520447
2024-08-14,G2,24.0,0.0,1.210989814455271,0.5,1.0,21.28901018554473,1747.330928680345,932.9814640631189,2356.8431371688935,3,4.895088363957644,37198.945938193196
2024-08-14,P3,16.0,0.0,1.0033269480515365,0.5,1.0,13.496673051948463,1242.3640365565,416.05234167026873,2068.675731442731,2,1.2247406955033888,16767.781212902028
2024-08-15,Q1,24.0,0.7828761169331142,2.167539112201295,0.0,1.0,20.049584770865593,1201.1753579484187,621.2457713262424,2177.268487231916,7,16.60713095979249,24083.06716386164
2024-08-15,G2,24.0,0.0,2.829508375694287,0.0,1.0,20.17049162430571,1542.2568931114529,697.6196899285604,2280.122336424558,8,11.08554968183837,31108.079745032308
2024-08-15,P3,16.0,0.7260551077746278,3.7789715217652953,0.0,1.0,10.494973370460077,1752.1160541487175,809.4004588568982,2564.461405964848,8,11.494973370460077,18388.411330246374
2024-08-16,Q1,24.0,0.0,5.1427833983544575,0.0,1.0,17.857216601645543,1414.8547740686236,239.33863802570545,2539.6281510721115,10,19.962922519480067,25265.368160415677
2024-08-16,G2,24.0,0.0,1.1175001356174472,0.0,1.0,21.882499864382552,1520.705189431743,595.0262440939945,2185.672029871429,3,3.031592105890791,33276.83110150596
2024-08-16,P3,16.0,0.0,3.3402267426322654,0.0,1.0,11.659773257367736,1295.9408692569389,204.69236171980643,2373.119317673014,7,11.78328028575847,15110.376690491952
2024-08-17,Q1,18.0,0.0,1.004845571247684,0.5,1.0,15.495154428752315,1631.4169890395233,1017.5007191067872,2073.6318729269838,3,7.081764926460613,25279.058182857538
2024-08-17,G2,18.0,0.0,2.571238426205986,0.5,1.0,13.928761573794013,1046.6131538095428,413.52507666203223,1679.0322566779216,7,15.428761573794013,14578.025079409723
2024-08-17,P3,12.0,0.0,0.9367318509113346,0.5,1.0,9.563268149088666,2346.291676377842,1868.9035320687701,2823.6798206869144,2,4.153315015403532,22438.21645717607
2024-08-18,Q1,18.0,0.0,3.4854121535490115,0.0,1.0,13.514587846450988,695.1977973109404,181.73766568835896,1393.6845035319236,8,10.362833676329998,9395.311702417932
2024-08-18,G2,18.0,0.0,2.3911885559753596,0.0,1.0,14.60881144402464,1653.0460304635003,404.6988210573782,2666.494717092442,5,7.5193176932849495,24149.03776733469
2024-08-18,P3,12.0,0.351984339468013,1.8677506778948907,0.0,1.0,8.780264982637096,1003.0315367389902,334.2368097096777,1878.050077396493,4,9.780264982637096,8806.88267851003
2024-08-19,Q1,24.0,0.0,2.094549508139164,0.0,1.0,20.905450491860837,1322.560685330847,355.46942342728227,2227.990955902553,6,9.3064260988459,27648.72692966556
2024-08-19,G2,24.0,0.0,1.8648146595504647,0.0,1.0,21.135185340449535,905.0575937984095,175.5114346375249,2088.7215811895985,4,5.9354077922758055,19128.559988710673
2024-08-19,P3,16.0,0.0,2.1009218528550835,0.0,1.0,12.899078147144916,849.6860574973641,319.253022685133,1687.7400526037186,5,9.879085287781873,10960.166856197968
2024-08-20,Q1,24.0,0.0,2.0520241123029117,0.0,1.0,20.947975887697087,1291.6756148717038,214.5497262424057,2755.66391916499,6,13.124383246980228,27057.989635058762
2024-08-20,G2,24.0,0.0,2.237323045722841,0.0,1.0,20.762676954277158,897.9351231189355,306.11664798005705,1658.355357528739,5,5.822940666565614,18643.536887217546
2024-08-20,P3,16.0,0.0,3.3975893866989986,0.0,1.0,11.602410613301002,411.2626078673684,192.15754191316802,831.8972870957357,6,12.730180845448423,4771.6376463742035
2024-08-21,Q1,24.0,0.0,2.1222564982892864,0.5,1.0,20.377743501710714,1101.0913599468995,195.61863887672678,2316.4264960571077,6,11.445206110723962,22437.757304947743
2024-08-21,G2,24.0,0.0,2.5392842909250835,0.5,1.0,19.96071570907492,831.6712444417726,168.85255160193435,1977.7829464380943,6,19.57279239345335,16600.753273714778
2024-08-21,P3,16.0,0.0,0.7246899142786046,0.5,1.0,13.775310085721395,841.7461985484008,814.5225853613701,868.9698117354314,2,4.751680853884336,11595.31489848143
2024-08-22,Q1,24.0,0.0,2.00098392975827,0.0,1.0,20.99901607024173,1556.1334090220237,831.893321933938,2302.6018823877353,5,12.395211629853385,32677.27046349352
2024-08-22,G2,24.0,0.0,1.7973078776774791,0.0,1.0,21.20269212232252,1285.9027926711856,413.4578609381733,2334.529692581623,5,5.5669250867286575,27264.601012241877
2024-08-22,P3,16.0,0.0,1.6811886033127634,0.0,1.0,13.318811396687236,1039.5429006797785,245.87640321811335,2037.7631437514665,3,3.2904353436109908,13845.475832919143
2024-08-23,Q1,24.0,0.4933559153191737,1.263914739602797,0.0,1.0,21.24272934507803,1742.3113433967574,672.1429058965952,2513.6633274115056,3,13.634913322346595,37011.44830263662
2024-08-23,G2,24.0,0.0,1.530868472341313,0.0,1.0,21.469131527658686,888.4713562680705,240.29671959247528,1709.3429704015614,3,4.877409809907126,19074.708406276506
2024-08-23,P3,16.0,0.0,2.6425882508088203,0.0,1.0,12.35741174919118,919.5574547440305,184.91126109486385,1963.3733644574202,4,14.279095534059717,11363.350095310218
2024-08-24,Q1,18.0,0.0,1.387202319932036,0.5,1.0,15.112797680067963,972.0866156431208,181.8062552260797,1775.0364689547657,4,6.034755549194059,14690.948349716475
2024-08-24,G2,18.0,0.0,1.3701418574874105,0.5,1.0,15.129858142512589,1514.3964390584144,342.1918463261659,2688.0144972093567,4,8.98203058130561,22912.60329448002
2024-08-24,P3,12.0,0.0,1.2234267185329737,0.5,1.0,9.276573281467027,406.777380603493,180.0166597434504,708.7417337682787,3,4.092957013351781,3773.5001804115063
2024-08-25,Q1,18.0,0.0,3.907639303463967,0.0,1.0,13.092360696536034,653.3562771185332,189.5788106957852,1384.3196494964568,6,15.087248577732527,8553.976043381788
2024-08-25,G2,18.0,0.0,2.4571832515492447,0.0,1.0,14.542816748450756,1061.3630822318387,187.41813516471575,2141.717223318313,5,8.208791638399322,15435.2088084685
2024-08-25,P3,12.0,0.12963591764582977,0.9460395669537908,0.0,1.0,9.924324515400379,624.7813695130817,574.8188286212064,674.7439104049569,2,2.35750582489278,6200.5330622241
2024-08-26,Q1,24.0,0.0,2.397183945851294,0.0,1.0,20.602816054148708,874.7918786398011,336.10147954662966,1466.3642183432373,5,5.144294491113032,18023.176161279003
2024-08-26,G2,24.0,0.36644210429311985,2.1672458467007547,0.0,1.0,20.466312049006124,1087.672924396819,173.96959038563088,2338.0081807626584,7,16.379234981323286,22260.653477960346
2024-08-26,P3,16.0,0.0,3.7785114474533987,0.0,1.0,11.221488552546601,1138.2168133597809,185.08144427989404,2100.2799416637713,6,12.790877137733622,12772.486941432853
2024-08-27,Q1,24.0,0.26612515490867555,1.722693592139877,0.0,1.0,21.01118125295145,893.7673497101998,315.53213762760515,1627.9303415363033,4,4.992267673024449,18779.10778273105
2024-08-27,G2,24.0,0.0,2.6838715919146825,0.0,1.0,20.31612840808532,917.4072185996196,174.46738433385786,1707.824705285038,6,19.624867359158024,18638.162855574268
2024-08-27,P3,16.0,0.34681557164785715,0.0,0.0,1.0,14.653184428352143,0.0,0.0,0.0,0,0.0,0.0
2024-08-28,Q1,24.0,0.5232490605434101,2.5236774120066903,0.5,1.0,19.4530735274499,717.053673157211,204.68354135811308,1607.9034796452315,7,11.802958266011977,13948.897827055254
2024-08-28,G2,24.0,0.0,1.5843908163729847,0.5,1.0,20.915609183627016,1876.5245451076476,1185.6835012422184,2310.353576995111,4,5.698467098311351,39248.65400895502
2024-08-28,P3,16.0,0.6128488597994733,0.9373154662144362,0.5,1.0,12.94983567398609,1668.8338849033698,916.4343499937783,2421.2334198129615,2,2.013527225245256,21611.124576678456
2024-08-29,Q1,24.0,0.0,0.9146145736635799,0.0,1.0,22.08538542633642,388.45198731890576,242.76299440763222,534.1409802301794,2,5.415510314867227,8579.11185956438
2024-08-29,G2,24.0,0.0,1.8621546732845813,0.0,1.0,21.137845326715418,976.8244854260504,547.9674763089984,1667.8647036142747,4,5.965046717755747,20647.964884284233
2024-08-29,P3,16.0,0.0,2.9239587398299705,0.0,1.0,12.07604126017003,1729.9210001467422,660.2988485492527,2644.1613354400406,7,11.92199691397718,20890.597374606663
2024-08-30,Q1,24.0,0.0,1.57202793559703,0.0,1.0,21.42797206440297,1398.1653610743754,658.9637844612464,2208.493035286934,4,10.3795980615941,29959.848298517605
2024-08-30,G2,24.0,0.23079989282826485,1.1224501603061663,0.0,1.0,21.64674994686557,1726.3500143638737,1022.2052671828761,2273.6808187416914,3,5.2561659209063745,37369.867081702556
2024-08-30,P3,16.0,0.0,1.4868658328878561,0.0,1.0,13.513134167112144,518.7243258028107,252.15968214186208,763.1682225082358,3,4.885878008900777,7009.591410318172
2024-08-31,Q1,18.0,1.1362181280247774,3.3654849921834815,0.5,1.0,11.998296879791742,466.1549501922013,204.9355010924756,821.3457211897347,6,14.259673177997637,5593.065484390563
2024-08-31,G2,18.0,0.0,3.3341330908535207,0.5,1.0,13.16586690914648,716.9220480144501,192.63562158443045,1856.9800258558585,8,9.45855499211352,9438.900268390973
2024-08-31,P3,12.0,0.0,1.0377301394289586,0.5,1.0,9.462269860571041,1570.480751792235,492.80015918042955,2648.1613444040404,2,1.5703062850003002,14860.312684290615
2024-09-01,Q1,18.0,0.0,1.136333082753032,0.0,1.0,15.863666917246967,1814.7826974616853,684.8033883736944,2646.113646712919,4,12.294772425714875,28789.108239715148
2024-09-01,G2,18.0,0.0,4.150818195457401,0.0,1.0,12.8491818045426,943.3882336955334,164.85242742712467,1839.6265092888175,7,15.220245036067679,12121.76692702023
2024-09-01,P3,12.0,0.9162098870423118,1.4394621867633832,0.0,1.0,8.644327926194304,1080.180692321889,167.56478564508927,2118.390515404537,4,8.828833460781274,9337.436123974001
2024-09-02,Q1,24.0,0.0,2.061278330999263,0.0,1.0,20.93872166900074,1015.3695043755226,199.5617163467188,1934.6649997541856,5,6.054850217687245,21260.539443310296
2024-09-02,G2,24.0,0.7485581417297571,2.6492150666809082,0.0,1.0,19.602226791589334,636.1394100715416,169.59183133111242,1302.4651519619351,6,8.986088323692112,12469.748987290208
2024-09-02,P3,16.0,0.0,3.0243459303272995,0.0,1.0,11.9756540696727,860.0212545568392,186.01673603178068,2031.8795858974738,6,9.000012768720584,10299.317037138631
2024-09-03,Q1,24.0,0.2050080802788854,3.6527307554508703,0.0,1.0,19.14226116427024,889.8673962983644,213.07000451605637,2340.3590988625356,9,17.43559204004555,17034.07410151246
2024-09-03,G2,24.0,0.3787792038217733,1.957969689827432,0.0,1.0,20.663251106350796,1062.4440828441557,611.2252672077809,1672.1201490569963,5,8.710758059580067,21953.548870265357
2024-09-03,P3,16.0,0.0,1.7409610034360516,0.0,1.0,13.259038996563948,1747.5456666014004,1062.6208664419255,2322.681003020559,3,5.748445627893512,23170.776141744307
2024-09-04,Q1,24.0,0.0,1.5445417527510008,0.5,1.0,20.955458247249,1737.8303145920943,654.143761514799,2537.4302952646226,4,13.890654151267785,36417.03059823823
2024-09-04,G2,24.0,0.0,1.8995847200518587,0.5,1.0,20.60041527994814,378.27003847010184,183.45084866208668,684.1682036035066,5,12.950264628480351,7792.519880446057
2024-09-04,P3,16.0,0.0,1.074188649123863,0.5,1.0,13.425811350876137,1566.2708365506787,468.9077456056507,2663.6339274957068,2,1.9048550556406008,21028.456775908366
2024-09-05,Q1,24.0,0.0,1.9363073982229233,0.0,1.0,21.063692601777078,586.78559970416,188.59502166965748,893.8872381527902,5,8.866854199828403,12359.87149531784
2024-09-05,G2,24.0,0.3432559013146432,1.5642543381774145,0.0,1.0,21.092489760507945,1127.9449209783113,291.9758225420917,2146.9746275249004,3,7.1590286038774265,23791.166696151973
2024-09-05,P3,16.0,0.0,1.2803718141945537,0.0,1.0,13.719628185805446,208.22682112950713,186.94045581311082,227.3629699599825,3,9.60110990500336,2856.794564209055
2024-09-06,Q1,24.0,0.6658998237024072,3.891189351761325,0.0,1.0,18.442910824536266,1349.7695435999694,187.0531320041991,2598.2632610338837,9,15.892288064544427,24893.679326289253
2024-09-06,G2,24.0,0.0,1.5764985449841178,0.0,1.0,21.42350145501588,979.6851513312521,161.05136396342843,1843.197579727072,4,8.53161654889406,20988.28626500253
2024-09-06,P3,16.0,0.0,0.0,0.0,1.0,15.0,0.0,0.0,0.0,0,0.0,0.0
2024-09-07,Q1,18.0,0.0,1.4977801496866903,0.5,1.0,15.00221985031331,197.83479684768741,184.65381958692035,210.07454856914126,5,7.817529452447376,2967.961116351077
2024-09-07,G2,18.0,0.0,2.383307247464896,0.5,1.0,14.116692752535105,1158.791975594312,446.03029859768947,1794.6206593622828,6,10.104163716607033,16358.310283568058
2024-09-07,P3,12.0,0.000978797568190637,1.9740112122617632,0.5,1.0,8.525009990170046,1390.0695140487035,214.85788108124555,2720.1777918311086,4,7.223659144496521,11850.356494296018
2024-09-08,Q1,18.0,0.0,1.935532268898753,0.0,1.0,15.064467731101246,668.7174494638017,173.25426124813276,1630.524319188959,6,8.043777846915265,10073.87243867177
2024-09-08,G2,18.0,0.5624073753456917,2.503021398652068,0.0,1.0,13.93457122600224,697.8047248826344,175.60543813613756,1158.5260725419496,7,12.310876670112458,9723.609640717967
2024-09-08,P3,12.0,0.0,4.622388366705406,0.0,1.0,6.377611633294594,1043.7618075808903,261.99394747674506,2015.9700758639449,3,10.30607477077375,6656.707446416479
2024-09-09,Q1,24.0,0.0,1.347927903171904,0.0,1.0,21.652072096828096,997.065029629396,217.7025675514359,2085.105971648545,3,8.068048750799903,21588.523906761726
2024-09-09,G2,24.0,0.8469623720228223,2.5532957153547184,0.0,1.0,19.59974191262246,2141.2226492107234,1248.3846284947326,2674.786894910517,6,11.709748944933516,41967.41130199191
2024-09-09,P3,16.0,0.0,0.5812434706105205,0.0,1.0,14.41875652938948,521.9479207225585,521.9479207225585,521.9479207225585,1,2.4709577601827077,7525.839989919653
2024-09-10,Q1,24.0,0.19088645764125362,2.6191803922197496,0.0,1.0,20.189933150138998,1325.588331457456,205.6636619760843,2283.987860256102,6,14.530316725879572,26763.539796730332
2024-09-10,G2,24.0,0.0,1.2143459688236768,0.0,1.0,21.785654031176325,1336.3769638871372,481.3471133270617,2028.9473650389405,3,5.707648761207374,29113.846190478987
2024-09-10,P3,16.0,0.0,1.363598609975884,0.0,1.0,13.636401390024115,952.1750387922799,186.6055444253655,2009.248952507624,3,5.235276904704144,12984.241022533311
2024-09-11,Q1,24.0,0.0,1.3762110800695766,0.5,1.0,21.123788919930423,1714.581823976654,663.0727911466358,2499.748494859406,3,5.697427804629693,36218.46453563214
2024-09-11,G2,24.0,0.0,2.0717679007598195,0.5,1.0,20.42823209924018,1039.6394985657391,572.7307260457628,1807.3848639930443,5,7.463399354432103,21237.9969762386
2024-09-11,P3,16.0,0.0,2.761430184842553,0.5,1.0,11.738569815157447,706.8109423352167,177.40229534484797,1408.80977758874,5,8.32124232104345,8296.949592719166
2024-09-12,Q1,24.0,0.0,1.776121972181116,0.0,1.0,21.223878027818884,413.40117256484564,191.922473181091,768.1147227230108,5,11.524698789860315,8773.976063073591
2024-09-12,G2,24.0,0.0,1.7399238762019,0.0,1.0,21.2600761237981,386.09977597036095,168.9474063299677,627.3924868471121,4,7.917957446104247,8208.510628511267
2024-09-12,P3,16.0,0.0,0.4094749177533649,0.0,1.0,14.590525082246636,485.3408759686512,485.3408759686512,485.3408759686512,1,1.1645162457629104,7081.378224260158
2024-09-13,Q1,24.0,0.8408391275547265,2.295222205887852,0.0,1.0,19.86393866655742,610.82713599069,195.30205880929773,1338.4244037109743,7,12.28792491274099,12133.432765187994
2024-09-13,G2,24.0,0.49757595599631216,2.9829559315704586,0.0,1.0,19.51946811243323,1312.8537993428438,201.3072433057379,2619.864920323701,7,10.226578259733508,25626.207872559455
2024-09-13,P3,16.0,0.834711658813959,1.9462123633909727,0.0,1.0,12.219075977795068,988.0270295483185,266.9343906471742,1962.820664920558,4,3.6212309527610627,12072.777342166077
2024-09-14,Q1,18.0,0.0,2.030089368316774,0.5,1.0,14.469910631683227,923.9757908902641,207.68769789821064,2029.4795787184412,5,7.811824499682767,13369.84712002095
2024-09-14,G2,18.0,0.34896559328871585,1.3861283520935865,0.5,1.0,14.764906054617697,303.04214249480856,159.80675879185605,486.10127932469646,3,7.87125976442891,4474.388764525917
2024-09-14,P3,12.0,0.0,2.938809603746395,0.5,1.0,7.561190396253604,1456.0205517698782,387.03389992440975,2810.865568282258,5,6.04712681585578,11009.248612790278
2024-09-15,Q1,18.0,0.0,1.784859420487046,0.0,1.0,15.215140579512955,1316.1990188448974,593.2919350883564,2358.915566763554,5,9.445539900144794,20026.153102342134
2024-09-15,G2,18.0,0.0,1.2982945169275417,0.0,1.0,15.701705483072459,492.29031060920335,250.65315075414404,723.2354045152808,3,8.173626654771121,7729.797469355972
2024-09-15,P3,12.0,0.8129649528047752,0.8647368288856261,0.0,1.0,9.3222982183096,200.30933431605752,197.0801979111281,203.5384707209869,2,4.794265231029944,1867.3433504053648
2024-09-16,Q1,24.0,0.0,2.4973691198354886,0.0,1.0,20.50263088016451,1101.5884951170656,202.1718411660198,2435.7118489623626,7,15.902389427423616,22585.4622972211
2024-09-16,G2,24.0,0.0,3.1541250891069534,0.0,1.0,19.845874910893045,551.3660967319489,174.7733463839482,1095.0359825616595,7,13.52586919213745,10942.342585849612
2024-09-16,P3,16.0,0.0,1.5612288857998553,0.0,1.0,13.438771114200145,1136.4683299748397,309.86138084136485,2088.7673642837635,3,2.907228264049104,15272.737765069154
2024-09-17,Q1,24.0,0.5689477444684682,0.890585507696921,0.0,1.0,21.54046674783461,761.8069581490997,623.5492093914761,900.0647069067234,2,3.6327876668221752,16409.677450279716
2024-09-17,G2,24.0,0.3256644853642441,1.8129647973175482,0.0,1.0,20.86137071731821,1550.3203118850313,614.7480707506149,2526.1938372249597,4,10.750019265824422,32341.806756822025
2024-09-17,P3,16.0,0.7678302385145122,2.5406305750238403,0.0,1.0,11.691539186461647,1213.0891190188959,584.3961952071004,2138.7234505984284,5,6.5875337184829466,14182.878971679658
2024-09-18,Q1,24.0,0.0,1.5217459873950823,0.5,1.0,20.978254012604918,453.1693009629771,183.82746322203397,770.7321460801326,4,7.010502872690642,9506.70070631594
2024-09-18,G2,24.0,0.0,1.3975019514123366,0.5,1.0,21.102498048587663,1052.4708294447703,565.6522115556065,1613.7676095819718,3,5.307362006994395,22209.763624553703
2024-09-18,P3,16.0,0.0,3.8352992144283102,0.5,1.0,10.66470078557169,959.1982592433077,193.8424534888724,2095.243039296281,7,9.799829541332969,10229.5624288711
2024-09-19,Q1,24.0,0.3665119764163435,3.4503448273353223,0.0,1.0,19.183143196248334,1237.2548586984083,196.49375644074755,2245.212765114972,8,14.493820246772469,23734.437124665565
2024-09-19,G2,24.0,0.0,1.1080912439070827,0.0,1.0,21.891908756092917,918.9155748222139,164.79211222176494,1967.0703844055606,3,3.982360576969111,20116.81591856058
2024-09-19,P3,16.0,0.0,1.572929838422581,0.0,1.0,13.427070161577419,402.96416462356353,197.2298644799397,642.720151969154,4,6.821934290305592,5410.628111002021
2024-09-20,Q1,24.0,0.0,1.762411828326978,0.0,1.0,21.23758817167302,839.9576390953523,282.3630335023345,1517.253640590395,4,3.2700013092604063,17838.674420757852
2024-09-20,G2,24.0,0.0,2.2293669540087193,0.0,1.0,20.770633045991282,1525.2517822774855,321.4257677605772,2328.881890721871,5,12.260003044975559,31680.44507242984
2024-09-20,P3,16.0,0.0,0.9313580270029352,0.0,1.0,14.068641972997066,1338.4197793871158,427.7199216537813,2249.1196371204505,2,0.917096560869723,18829.74868577505
2024-09-21,Q1,18.0,0.0,1.6798413279411157,0.5,1.0,14.820158672058884,1805.8167241784327,423.15019844042786,2814.2122726578464,5,11.656653670035068,26762.490384981964
2024-09-21,G2,18.0,0.0,2.0431899885962546,0.5,1.0,14.456810011403746,1069.3073260366357,184.59396743147303,2162.2067550506504,5,9.256885873695955,15458.772856313804
2024-09-21,P3,12.0,0.15493964939454435,1.7960384457601586,0.5,1.0,8.549021904845297,1146.27000699666,262.01604518566285,2290.9739310444975,3,5.0466227029198345,9799.487398681618
2024-09-22,Q1,18.0,0.0,1.707593951586522,0.0,1.0,15.29240604841348,828.8231889165668,191.85806158789492,1704.5973072881275,4,15.203572352100977,12674.700747253053
2024-09-22,G2,18.0,0.0,1.7207486320703782,0.0,1.0,15.279251367929621,1376.0770276399849,438.60049634255637,2178.4268616848294,5,5.017308661577422,21025.426806944764
2024-09-22,P3,12.0,0.0,2.5731871561722754,0.0,1.0,8.426812843827724,1130.52741614978,224.09452440673633,2287.365639030479,5,9.738973856518314,9526.742950710337
2024-09-23,Q1,24.0,0.0,2.2316124960628727,0.0,1.0,20.768387503937127,841.6254429325691,188.5221852903754,1757.0848529134537,5,5.6766480223938665,17479.203331996316
2024-09-23,G2,24.0,0.0,2.281644572386757,0.0,1.0,20.718355427613243,1441.1740484151485,458.9703233090734,2289.2061276637733,7,14.888455855958707,29858.756168117343
2024-09-23,P3,16.0,0.6788932808062247,1.4985228160098203,0.0,1.0,12.822583903183954,398.3798274059679,184.7961126056808,688.6474032932958,3,8.629072271608495,5108.2587622489655
2024-09-24,Q1,24.0,0.0,0.38231832704897434,0.0,1.0,22.617681672951026,795.9358229547283,795.9358229547283,795.9358229547283,1,3.221417072146875,18002.22307568835
2024-09-24,G2,24.0,0.0,3.004257483502497,0.0,1.0,19.995742516497504,842.5054629775765,381.81814830749653,1385.078692527154,7,16.11568466063087,16846.52230644214
2024-09-24,P3,16.0,0.7415882285994899,1.5161951147407347,0.0,1.0,12.742216656659776,736.5606605112848,191.04477243307744,1486.1436541288115,3,4.588731157262182,9385.41551700722
2024-09-25,Q1,24.0,0.0,3.4594988393608275,0.5,1.0,19.040501160639174,1614.077097356111,194.05811102857072,2465.5166308202292,9,17.528879816716806,30732.83684557014
2024-09-25,G2,24.0,0.0,1.5985707599593397,0.5,1.0,20.90142924004066,1288.4403564691074,166.72425723904917,2441.610431297221,4,5.487409567987474,26930.244940751814
2024-09-25,P3,16.0,0.6809733580178188,2.2796108024818635,0.5,1.0,11.539415839500316,915.5298199269685,349.2338884364814,1613.378940373235,4,10.122201293509928,10564.679305600132
2024-09-26,Q1,24.0,0.48240707510537867,0.9344492095897027,0.0,1.0,21.58314371530492,658.8592156715347,323.5206365055515,928.7885224188256,3,7.4198431108108265,14220.253139991813
2024-09-26,G2,24.0,0.0,0.8356746493868727,0.0,1.0,22.164325350613126,392.87424470742144,206.101790109683,579.6466993051598,2,12.609333746033787,8707.792581571686
2024-09-26,P3,16.0,1.0542456540717478,3.2857900660673134,0.0,1.0,10.659964279860938,1428.2082238465703,192.62184481735753,2736.226194062454,4,12.994676249744092,15224.648650408075
2024-09-27,Q1,24.0,0.0,2.3764592711224446,0.0,1.0,20.623540728877554,1222.260708615395,193.46150483842337,2512.5870196631067,6,10.275368589989656,25207.34350543634
2024-09-27,G2,24.0,0.0,0.7254606893438403,0.0,1.0,22.27453931065616,774.064213723472,769.8509687755175,778.2774586714266,2,5.675256853920915,17241.92375755563
2024-09-27,P3,16.0,0.0,1.4099521165731597,0.0,1.0,13.590047883426841,1195.9027781306033,322.4101910971582,2213.6335787167436,3,3.80256322304365,16252.376018718085
2024-09-28,Q1,18.0,0.0,1.7092433436214505,0.5,1.0,14.790756656378548,1422.1553621537464,623.8406475679701,2250.961430240163,4,5.998109187205407,21034.75388917997
2024-09-28,G2,18.0,0.0,2.8038381234342222,0.5,1.0,13.696161876565778,1293.6131171851448,181.7873248178503,2444.150856692516,6,15.196161876565778,17717.534658616598
2024-09-28,P3,12.0,0.0,0.8564847061687395,0.5,1.0,9.64351529383126,201.04851752390812,190.46469874558824,211.632336302228,2,1.1808075269151301,1938.81445354391
2024-09-29,Q1,18.0,0.9767778905057103,0.9667391510040154,0.0,1.0,15.056482958490275,1605.110889197831,836.314054860388,2656.5401548616646,3,4.349518737542771,24167.324749694315
2024-09-29,G2,18.0,0.0,2.6594890120481325,0.0,1.0,14.340510987951868,330.6373186446222,168.84317908690133,618.0333627655365,6,10.154623505285384,4741.508101050148
2024-09-29,P3,12.0,0.0,1.2521443658322824,0.0,1.0,9.747855634167717,1107.9980494342851,501.66305474723504,1955.442285755441,3,6.858374607041286,10800.605028824837
2024-09-30,Q1,24.0,0.9402137716901342,0.9006489632223226,0.0,1.0,21.15913726508754,1035.8639130444903,354.1453906231069,1717.5824354658737,2,2.2255620209228026,21917.986724059076
2024-09-30,G2,24.0,0.09816480993301074,2.5659128185047537,0.0,1.0,20.335922371562237,1199.0305262124898,193.03379991531375,2497.63121969837,6,9.923756553766914,24383.391702190613
2024-09-30,P3,16.0,0.0,0.46247057682709714,0.0,1.0,14.537529423172902,903.2776289687882,903.2776289687882,903.2776289687882,1,1.7305265782988342,13131.425108427615
2024-10-01,Q1,24.0,0.0,0.46521845824507013,0.0,1.0,22.53478154175493,2305.669051602139,2169.2882975014086,2442.0498057028694,2,2.614002075105822,51957.74838543948
2024-10-01,G2,24.0,0.0,1.8614576834150247,0.0,1.0,21.138542316584974,1397.6076753551508,401.2637355869201,2668.163897868269,5,6.050865224883892,29543.38898747881
2024-10-01,P3,16.0,0.0,0.5382492909949632,0.0,1.0,14.461750709005036,158.9191384994124,158.9191384994124,158.9191384994124,1,0.9947203921553865,2298.248963868347
2024-10-02,Q1,24.0,0.0,0.0,0.5,1.0,22.5,0.0,0.0,0.0,0,0.0,0.0
2024-10-02,G2,24.0,0.0,1.652511446987509,0.5,1.0,20.84748855301249,1045.8898571032687,285.5109503651261,1918.4697724371151,3,5.661001965884179,21804.176823672264
2024-10-02,P3,16.0,0.0,0.4195892237042996,0.5,1.0,14.0804107762957,2604.5818603765583,2604.5818603765583,2604.5818603765583,1,1.9644297049709503,36673.582494590395
2024-10-03,Q1,24.0,0.0,0.553697919221843,0.0,1.0,22.446302080778157,1662.9544259874424,809.585289213783,2516.323562761102,2,1.8249952633401314,37327.17739228117
2024-10-03,G2,24.0,0.7597466682634434,1.3063471825475572,0.0,1.0,20.933906149189,301.7847266704173,176.81076121291818,469.1381766112114,3,6.338286025013108,6317.53314537717
2024-10-03,P3,16.0,0.4806106017164504,1.0980199856041193,0.0,1.0,13.42136941267943,487.37037580219277,252.34044107868408,722.4003105257015,2,5.4142103782037045,6541.177854437629
2024-10-04,Q1,24.0,0.0,1.378149349481866,0.0,1.0,21.621850650518134,573.04403122271,287.57906464665933,854.4156736518389,3,8.843848669371006,12390.272459268286
2024-10-04,G2,24.0,0.0,0.9900602804486295,0.0,1.0,22.00993971955137,1419.0573155930351,428.6471204038887,2409.4675107821818,2,2.0643126339012166,31233.365974791086
2024-10-04,P3,16.0,0.0,2.7466165071475213,0.0,1.0,12.253383492852478,972.4509666816023,331.84027998506394,1816.946305380553,5,11.01379076057732,11915.814622744781
2024-10-05,Q1,18.0,0.0,3.0605807066929405,0.5,1.0,13.43941929330706,927.6656687196387,177.62386383141228,2667.4608817307258,9,10.747372935108695,12467.287885929307
2024-10-05,G2,18.0,0.0,3.112308701578888,0.5,1.0,13.387691298421112,1274.4763163923203,442.7615604656536,2148.089042765166,6,15.444750032193397,17062.29549100926
2024-10-05,P3,12.0,0.0,1.4762295098677678,0.5,1.0,9.023770490132232,2323.792293270395,2224.5517447011725,2423.032841839618,2,11.381123919717297,20969.3683212101
2024-10-06,Q1,18.0,0.5065725612083862,1.5648991148397922,0.0,1.0,14.928528323951822,1485.4145414913135,551.3023180049365,2577.6518647650773,4,8.138485002694022,22175.05305546298
2024-10-06,G2,18.0,0.0,2.353875229158328,0.0,1.0,14.646124770841672,1016.6723642715245,325.4327449778629,1992.1457240212903,5,6.162390193726806,14890.310298187344
2024-10-06,P3,12.0,0.0,0.9028985881787792,0.0,1.0,10.097101411821221,183.26742687490582,172.34258275226335,194.1922709975483,2,1.6964163800476224,1850.469794639454
2024-10-07,Q1,24.0,0.0,1.7014447936983312,0.0,1.0,21.298555206301668,671.4819970726129,179.7510518137123,1634.971148124084,5,10.735436367320123,14301.59638468874
2024-10-07,G2,24.0,1.2993924415540827,2.443809625186321,0.0,1.0,19.256797933259595,718.3378484535589,193.87190280688088,1185.8417764747974,6,9.883701565008923,13832.886795482636
2024-10-07,P3,16.0,0.8837049844843486,1.9245477527226535,0.0,1.0,12.191747262792997,1138.108159439872,203.85655175794795,2236.8402070592488,4,9.537290139355324,13875.527037613436
2024-10-08,Q1,24.0,0.5252235477710734,0.7539267202439961,0.0,1.0,21.72084973198493,373.70168358023994,224.69724079160963,522.7061263688703,2,2.616781590294993,8117.118113636172
2024-10-08,G2,24.0,0.0,3.5899046834518042,0.0,1.0,19.410095316548194,674.4799743092138,159.72654267534344,1569.8919612889479,8,13.873871626955527,13091.720590444818
2024-10-08,P3,16.0,0.12292302579375691,1.774925863424906,0.0,1.0,13.102151110781337,830.2401929806776,181.0111886008382,1814.836890801049,4,12.601680940063941,10877.932466677097
2024-10-09,Q1,24.0,0.0,1.8998717913912027,0.5,1.0,20.600128208608798,2041.752142546234,1097.625303960997,2627.0734972719683,5,15.695579083146352,42060.35590665413
2024-10-09,G2,24.0,0.0858204574736135,2.2049722239928777,0.5,1.0,20.209207318533508,1136.0684516365793,157.94222305817644,2324.514565686013,6,19.579572056430248,22959.042867168988
2024-10-09,P3,16.0,0.0,2.0407809744815144,0.5,1.0,12.459219025518486,1214.1762323814687,209.07974452381168,2364.4767467897714,4,11.054631175451213,15127.68761481955
2024-10-10,Q1,24.0,0.0,0.0,0.0,1.0,23.0,0.0,0.0,0.0,0,0.0,0.0
2024-10-10,G2,24.0,0.0,1.9651241059805578,0.0,1.0,21.034875894019443,415.7006801548594,152.82347675090747,786.6199838401106,5,9.24405927959806,8744.212216116939
2024-10-10,P3,16.0,0.0,2.0550080321541295,0.0,1.0,12.944991967845871,689.729674139424,508.8985416597549,867.3271618146999,4,7.27605679048854,8928.545091719794
2024-10-11,Q1,24.0,0.9172797524512661,1.1015694223318901,0.0,1.0,20.981150825216844,1093.5679842618185,282.8988712732722,2073.791877618164,3,3.346899583182315,22944.314815425576
2024-10-11,G2,24.0,0.0,1.267919270060401,0.0,1.0,21.7320807299396,1625.7822166942294,841.8814760028721,2195.7398251191044,3,7.733665612973857,35331.63038249915
2024-10-11,P3,16.0,0.0,0.8300309498886982,0.0,1.0,14.169969050111302,2035.5475453990775,1755.549424728571,2315.545666069584,2,2.8351033476650658,28843.64571833496
2024-10-12,Q1,18.0,0.38994294297339355,2.233719712910649,0.5,1.0,13.876337344115957,604.9259361242468,200.85514924212316,1402.56810325127,6,8.50441977777658,8394.15635786519
2024-10-12,G2,18.0,1.102567276808402,2.2820496624324877,0.5,1.0,13.115383060759111,994.2360469270149,183.05250050743462,2076.1181522280126,6,10.292302786467967,13039.786608262672
2024-10-12,P3,12.0,0.0,1.6198235378612102,0.5,1.0,8.88017646213879,964.9809437260819,341.04891250237915,1633.665301941076,3,3.2494841101387433,8569.20106288883
2024-10-13,Q1,18.0,0.0,2.98647634369298,0.0,1.0,14.01352365630702,1302.312576525133,444.64200331671503,2435.392484548396,8,15.003065586361101,18249.988099041097
2024-10-13,G2,18.0,0.7095060101977084,2.101761088369266,0.0,1.0,14.188732901433028,896.9420295150181,179.519112149252,1722.2605309173268,5,11.409899521757842,12726.470884857852
2024-10-13,P3,12.0,0.2171244638904804,0.7271263499112476,0.0,1.0,10.055749186198273,1051.8708534438395,643.6824632208259,1460.059243666853,2,5.355816777796722,10577.349478503571
2024-10-14,Q1,24.0,0.0,2.2831491006056357,0.0,1.0,20.716850899394366,1253.7532784114908,206.15205046809794,2776.9540618920155,6,5.723865362124174,25973.81973347773
2024-10-14,G2,24.0,1.1949382334768759,0.8510283496482738,0.0,1.0,20.95403341687485,415.74306283250013,224.58946019384973,606.8966654711505,2,3.1857130087346945,8711.494031426108
2024-10-14,P3,16.0,0.3316054428204137,1.637256163681452,0.0,1.0,13.031138393498136,913.4933961876928,299.8080770978184,1571.6667802435575,3,11.957209411324667,11903.858867268447
2024-10-15,Q1,24.0,0.0,1.7688972999831085,0.0,1.0,21.23110270001689,1354.803528502191,397.566838199564,2331.9612059006163,4,9.541190449077178,28763.97285197528
2024-10-15,G2,24.0,0.0,2.93455123345529,0.0,1.0,20.06544876654471,1166.2975421054396,161.4758987823,2431.6344867760754,7,10.171831663237159,23402.28357766372
2024-10-15,P3,16.0,0.0,2.1812961327262896,0.0,1.0,12.81870386727371,638.7367818592362,164.30104570052816,1559.8367879083617,5,10.806037568945417,8187.777655788956
2024-10-16,Q1,24.0,0.3995527162930226,2.785912257886315,0.5,1.0,19.31453502582066,1622.4507177390312,440.3314512448369,2600.225348413885,7,8.273375129447379,31336.88121543839
2024-10-16,G2,24.0,0.4871350181925862,0.45821521672490867,0.5,1.0,21.554649765082505,1807.4663680347658,1807.4663680347658,1807.4663680347658,1,3.7993462875473525,38959.304525155094
2024-10-16,P3,16.0,0.3585614709414393,2.0029157008954153,0.5,1.0,12.138522828163147,456.512556734747,273.2364110848342,577.5533216368384,4,7.754461151108936,5541.3880912678505
2024-10-17,Q1,24.0,0.0,0.6610048622927001,0.0,1.0,22.3389951377073,746.2916963920701,729.8417246670816,762.7416681170586,2,3.653241750834205,16671.406577013786
2024-10-17,G2,24.0,0.0,3.698090696784976,0.0,1.0,19.301909303215023,922.0348777585573,177.84949151484298,2367.6700644255566,8,12.94134280984914,17797.033584896624
2024-10-17,P3,16.0,0.0,3.198454037002252,0.0,1.0,11.801545962997748,1536.2848182434066,195.89568425403883,2762.280300719413,6,12.80154596299775,18130.535894755205
2024-10-18,Q1,24.0,0.0,1.6434059506477054,0.0,1.0,21.356594049352296,1572.973431261426,564.8780972199982,2585.753099538947,4,7.429299619368338,33593.355021867035
2024-10-18,G2,24.0,0.1878253689300411,2.1495399886971995,0.0,1.0,20.66263464237276,874.5447655304704,180.6406840609317,1744.9504890311841,5,5.844153938879825,18070.39896855566
2024-10-18,P3,16.0,0.0,1.0261596009365535,0.0,1.0,13.973840399063446,1342.55081193144,440.7216979212229,2244.379925941657,2,5.595041301089799,18760.590773562988
2024-10-19,Q1,18.0,0.0,1.7978530852678618,0.5,1.0,14.70214691473214,1117.381970954068,566.5818374267567,1981.3511247766817,4,11.403866691561447,16427.91389683967
2024-10-19,G2,18.0,0.0,0.9544008985359854,0.5,1.0,15.545599101464013,337.98994441644345,203.63599512619848,472.34389370668845,2,4.605902085911938,5254.256176224135
2024-10-19,P3,12.0,0.0,0.5114985018281475,0.5,1.0,9.988501498171853,555.7174110758267,555.7174110758267,555.7174110758267,1,0.8798056386682945,5550.784193091079
2024-10-20,Q1,18.0,0.0,0.0,0.0,1.0,17.0,0.0,0.0,0.0,0,0.0,0.0
2024-10-20,G2,18.0,0.6194305864679102,0.8178564889527523,0.0,1.0,15.562712924579337,163.4234802070948,160.7703621304226,166.076598283767,2,7.352652735712956,2543.3127075986895
2024-10-20,P3,12.0,0.0,4.957390762418617,0.0,1.0,6.042609237581383,1059.1479435657482,338.83551265513347,1875.1243675401536,5,8.970149148061044,6400.017147755715
2024-10-21,Q1,24.0,0.13552588337623056,1.0927557342404575,0.0,1.0,21.77171838238331,1339.1485125641623,609.9874166475072,2309.1116342907712,3,5.351821880813409,29155.564287734436
2024-10-21,G2,24.0,0.0,1.308185991063787,0.0,1.0,21.691814008936213,290.564050440381,155.88521389749607,478.01479326304394,3,2.1415266006257165,6302.861339835905
2024-10-21,P3,16.0,1.108913955048846,0.9147209819594448,0.0,1.0,12.976365062991709,1520.4279460269388,932.6664423578079,2108.1894496960695,2,6.6960601588422675,19729.62807962021
2024-10-22,Q1,24.0,0.0,2.5673282980190804,0.0,1.0,20.43267170198092,795.3153808781559,212.32555074786302,1614.9711237541137,6,14.003498836300182,16250.418077019272
2024-10-22,G2,24.0,0.0,2.565157436857326,0.0,1.0,20.434842563142674,671.4576201036991,187.86374494409475,1485.1277635984352,6,20.970118986590823,13721.130754641556
2024-10-22,P3,16.0,0.0,1.0038086835534668,0.0,1.0,13.996191316446533,390.94215376749946,236.18809062612064,545.6962169088783,2,2.64691298612638,5471.701177793581
2024-10-23,Q1,24.0,0.2176405248662578,3.0131424319633173,0.5,1.0,19.269217043170425,1299.5122097602912,426.6117108870516,2945.6643977846193,7,12.780342617279757,25040.582820121064
2024-10-23,G2,24.0,0.0,2.532573803808208,0.5,1.0,19.96742619619179,954.4048089416349,180.63307279443734,2108.822061316641,7,8.888083144773118,19057.007583832623
2024-10-23,P3,16.0,0.0,0.24884712477389803,0.5,1.0,14.251152875226103,182.0931590778157,182.0931590778157,182.0931590778157,1,3.7774172724419905,2595.0374475508174
2024-10-24,Q1,24.0,0.0,2.400360064709547,0.0,1.0,20.599639935290455,1328.3447278969554,193.15430082142655,2510.5130485625805,6,8.71561016138819,27363.423104618654
2024-10-24,G2,24.0,0.23118799087881997,1.3634953625102526,0.0,1.0,21.405316646610927,1541.739016213685,959.8460324782118,2065.253379024702,3,4.931132938607078,33001.41182848835
2024-10-24,P3,16.0,0.8754779945607261,0.47130787523879886,0.0,1.0,13.653214130200476,2580.942166074779,2580.942166074779,2580.942166074779,1,4.173570102595495,35238.1560510824
2024-10-25,Q1,24.0,0.0,1.939949890773613,0.0,1.0,21.06005010922639,1107.9069874776912,747.4015613429978,1738.3963294003402,5,16.60404696850021,23332.57667264223
2024-10-25,G2,24.0,0.0,3.6484382611009556,0.0,1.0,19.351561738899044,1114.0970744203478,181.80457177177584,2312.2648779329957,8,20.809487867241515,21559.518318772163
2024-10-25,P3,16.0,0.0,1.1861167210497148,0.0,1.0,13.813883278950286,1282.5243236168747,504.89349693828876,1861.3172313144814,3,6.1115888377526755,17716.64130885817
2024-10-26,Q1,18.0,0.0,1.8788417162039324,0.5,1.0,14.621158283796067,962.6936613998948,182.50098164253714,1951.4571748863532,5,6.433847251584392,14075.696402135038
2024-10-26,G2,18.0,0.0,1.897339490969349,0.5,1.0,14.602660509030652,782.2515874519219,265.71284600489923,1477.593061485777,4,9.70603668321996,11422.954364210716
2024-10-26,P3,12.0,0.3332055499178082,1.2831375767497593,0.5,1.0,8.883656873332432,530.9103673181066,480.7766927555049,576.3137898233945,4,5.273974682364269,4716.425533748944
2024-10-27,Q1,18.0,0.0,1.5530171706101934,0.0,1.0,15.446982829389807,1834.499910770626,995.2642649465022,2418.570563748597,4,6.266893578844754,28337.48862219099
2024-10-27,G2,18.0,0.9316891640832292,1.0963987462770233,0.0,1.0,14.971912089639746,896.2932602593011,251.73292581727856,1667.874772601801,3,8.895794717133452,13419.223899138853
2024-10-27,P3,12.0,0.0,1.3394411776886936,0.0,1.0,9.660558822311307,385.70520486624036,182.39724476525762,657.5341425895836,3,3.9728011108854018,3726.1278196819485
2024-10-28,Q1,24.0,0.0,3.0917739229351158,0.0,1.0,19.908226077064885,1069.2397370835213,193.90450885108,2375.415736190108,8,10.977558308951167,21286.66641644016
2024-10-28,G2,24.0,0.0,0.23743948846453658,0.0,1.0,22.76256051153546,161.21948268334398,161.21948268334398,161.21948268334398,1,1.2396863642182319,3669.768230218061
2024-10-28,P3,16.0,0.04907164363668637,2.0142220525445462,0.0,1.0,12.936706303818767,1162.459488794486,192.03913440629748,2252.2207598308983,4,10.548033203041165,15038.39699662157
2024-10-29,Q1,24.0,0.0,1.6789047037697038,0.0,1.0,21.321095296230297,1639.2064246465766,400.9115351304573,2862.9629744091585,4,9.45934156784706,34949.676390082604
2024-10-29,G2,24.0,0.0,2.578087945776998,0.0,1.0,20.421912054223,532.2644492750884,173.08258485215708,1234.7281228363925,6,9.857436240325127,10869.857772685295
2024-10-29,P3,16.0,1.0439036508600186,2.2374839765530985,0.0,1.0,11.718612372586882,580.023787384905,292.24065532713075,788.7057167574892,4,7.056698568116161,6797.073931243451
2024-10-30,Q1,24.0,0.0,2.014697953398532,0.5,1.0,20.48530204660147,848.2940282049603,181.81261162587313,1836.438207211982,5,14.975192805240049,17377.55939210688
2024-10-30,G2,24.0,0.0,1.0527099557011115,0.5,1.0,21.44729004429889,1557.248371143858,554.3299410582305,2332.2933750410857,3,7.012770351770309,33398.75748693433
2024-10-30,P3,16.0,0.857504168286167,0.7326565877751193,0.5,1.0,12.909839243938713,1649.0346150447726,1015.9485126108406,2282.120717478705,2,1.7749117873993026,21288.771787918373
2024-10-31,Q1,24.0,0.3176531768519602,1.5395302952919512,0.0,1.0,21.14281652785609,482.1417871844945,224.25420245300086,784.05595188489,4,5.55712922764202,10193.835346854405
2024-10-31,G2,24.0,0.0,0.7390174615082848,0.0,1.0,22.260982538491714,673.2314565895078,632.9687144826568,713.4941986963589,2,4.032734003283862,14986.793699502376
2024-10-31,P3,16.0,0.0,0.8294158414615761,0.0,1.0,14.170584158538423,1345.405029062648,873.8817102902497,1816.9283478350467,2,2.632700976284775,19065.17519165309
2024-11-01,Q1,24.0,0.0,3.4925315298758344,0.0,1.0,19.507468470124167,1596.178095905284,423.84286670934034,2653.026629133903,8,16.81507687876742,31137.393878575156
2024-11-01,G2,24.0,0.4346140890945784,3.561867750602931,0.0,1.0,19.00351816030249,987.6686613100367,186.62726617199198,2201.1197709587564,8,19.84315882688946,18769.17934156693
2024-11-01,P3,16.0,0.0,2.4996889790725114,0.0,1.0,12.500311020927489,1529.6170077204165,321.934668347275,2556.1696554470486,5,9.91395247912201,19120.68833940565
2024-11-02,Q1,18.0,0.4257904029413132,1.5523966119778485,0.5,1.0,14.521812985080839,1397.343930438397,176.00996896509196,2349.046691401186,5,7.403546184599085,20291.967233664207
2024-11-02,G2,18.0,0.0,1.2611633199765317,0.5,1.0,15.238836680023468,1517.3554561878414,744.2103393937161,2327.3104413100245,4,10.88327637145581,23122.731982389018
2024-11-02,P3,12.0,0.0,1.5483519333408646,0.5,1.0,8.951648066659136,1026.023751589966,315.33665556398495,1846.472967386381,3,5.802827982571195,9184.603532266672
2024-11-03,Q1,18.0,0.0,2.5729977100038597,0.0,1.0,14.42700228999614,1417.7730677316704,347.508596742351,2563.2353332218127,6,12.139970660795102,20454.215294859663
2024-11-03,G2,18.0,0.0,1.9093685069196666,0.0,1.0,15.090631493080334,886.1289385738917,581.8656084405802,1317.2136928746522,5,14.998872863979864,13372.245267373019
2024-11-03,P3,12.0,0.0,2.2611718994906784,0.0,1.0,8.738828100509322,574.616557643972,178.01463569336343,1291.8168571231486,5,9.701138411053972,5021.475320957077
2024-11-04,Q1,24.0,0.21712704588354742,2.1284435706334635,0.0,1.0,20.654429383482988,687.7836889576034,190.18696374505046,1396.8506376644368,5,10.953588046330708,14205.779634686249
2024-11-04,G2,24.0,0.0,1.2993764875533464,0.0,1.0,21.700623512446654,278.59665789708487,171.39340098108144,422.61136378850165,3,10.497268343076566,6045.721184850537
2024-11-04,P3,16.0,0.0,0.9716854876222506,0.0,1.0,14.028314512377749,206.23618424360876,205.6134276098599,206.8589408773576,2,2.6320577658068824,2893.146056402028
2024-11-05,Q1,24.0,0.0,2.5682652893587927,0.0,1.0,20.43173471064121,1301.3353663221571,197.7988631646041,2427.668746574416,6,10.804705159321365,26588.53897426941
2024-11-05,G2,24.0,0.0,0.2541967507495745,0.0,1.0,22.745803249250425,175.89485983807742,175.89485983807742,175.89485983807742,1,3.350686112023716,4000.8698744313897
2024-11-05,P3,16.0,0.0,2.6020009942164664,0.0,1.0,12.397999005783534,1585.0706342982041,818.2673349256914,2305.416585128634,5,12.843725660652172,19651.70414812581
2024-11-06,Q1,24.0,0.4285996125826503,1.9453043832485528,0.5,1.0,20.126096004168797,1907.138221554426,792.4229876062382,2577.4516073793366,6,13.795955421113412,38383.24694022412
2024-11-06,G2,24.0,0.2900154614898157,2.0042371203195914,0.5,1.0,20.205747418190594,1698.0145366780039,1118.1376941956087,2178.9760001571212,4,9.432014731209968,34309.65284053167
2024-11-06,P3,16.0,0.7196580525504255,1.508980287329038,0.5,1.0,12.271361660120537,730.224526306707,175.71866469002606,1501.2224622021831,3,4.5766834457493,8960.849255399806
2024-11-07,Q1,24.0,0.0,1.6035819477387991,0.0,1.0,21.3964180522612,1154.0848187812744,570.7419445574957,2044.1230373190833,4,13.296700952486164,24693.281250412256
2024-11-07,G2,24.0,0.8126888264568177,2.5915409787906403,0.0,1.0,19.595770194752543,1718.3214849974756,497.43503579593425,2537.232125357485,6,12.542945534632217,33671.832940716464
2024-11-07,P3,16.0,0.0,2.844611051315582,0.0,1.0,12.155388948684418,1761.174641713609,453.1486638336642,2692.6948417385174,6,11.163258674389967,21407.762776588843
2024-11-08,Q1,24.0,0.566218411997941,2.935276946150671,0.0,1.0,19.498504641851387,681.8340043992938,174.76140087626453,1197.5120342044265,9,15.977443720680215,13294.743499751748
2024-11-08,G2,24.0,0.0,1.739002653748156,0.0,1.0,21.260997346251845,1365.062144763828,309.3653343327344,2518.237608817313,4,7.813478565520754,29022.5826372926
2024-11-08,P3,16.0,0.0,0.42430067241570535,0.0,1.0,14.575699327584294,173.60106437513107,173.60106437513107,173.60106437513107,1,2.3147033801317103,2530.3569172805155
2024-11-09,Q1,18.0,0.5169861002748708,2.509294064219777,0.5,1.0,13.473719835505353,1275.7250246063536,209.45701040644946,2976.5595591886354,6,14.312712051514858,17188.76156868918
2024-11-09,G2,18.0,0.0,2.556714767696969,0.5,1.0,13.943285232303031,1480.1997420992923,501.6202834201612,2151.845693062199,6,6.192599505837424,20638.847204871818
2024-11-09,P3,12.0,0.32823646213318114,2.0581856178348445,0.5,1.0,8.113577920031974,1682.4700335143202,604.4044083852223,2492.9458428832536,5,9.309524438827896,13650.851715037243
2024-11-10,Q1,18.0,0.2694440395081624,1.0967852686151287,0.0,1.0,15.633770691876709,656.6317381205815,324.72598104882,900.1728628445848,3,6.065452225884751,10265.63002278561
2024-11-10,G2,18.0,0.0,1.9824572204329551,0.0,1.0,15.017542779567044,431.1257879020084,178.77192870668264,805.1189355811381,5,12.493675195090715,6474.449963192959
2024-11-10,P3,12.0,0.0,2.8103783200673194,0.0,1.0,8.189621679932682,859.251531842303,169.74333176364905,1668.9649169539148,6,8.470365836378488,7036.944973691092
2024-11-11,Q1,24.0,0.0,1.248913705029356,0.0,1.0,21.751086294970644,1171.6949863971652,562.5239351151181,2013.7785817745316,3,7.184881643620186,25485.638760509195
2024-11-11,G2,24.0,0.6009572737326024,1.5423498819039299,0.0,1.0,20.856692844363465,412.2519486697404,192.43899749228837,689.9331153542641,4,7.183039017058592,8598.212267895069
2024-11-11,P3,16.0,0.0,1.406042128692159,0.0,1.0,13.593957871307842,1187.34593064772,528.6009245984735,2104.101801506427,3,12.412306302225044,16140.730559893907
2024-11-12,Q1,24.0,0.0,1.697041716697965,0.0,1.0,21.302958283302036,1502.6215027480275,561.7031993995774,2327.3625171564936,5,6.330970007160592,32010.283188633846
2024-11-12,G2,24.0,0.500633678558825,1.315567801758965,0.0,1.0,21.18379851968221,892.1396679508927,184.7160313493237,1869.087941487384,3,4.998989077812976,18898.906977287897
2024-11-12,P3,16.0,0.059809077072368155,2.2275629814556117,0.0,1.0,12.712627941472022,870.5089539348263,165.0796498093608,1880.7547077985055,4,5.821916767494558,11066.456451093454
2024-11-13,Q1,24.0,0.41595037491364967,2.0609944364160344,0.5,1.0,20.023055188670316,1460.6460191709705,441.7907952175958,2724.2592190032815,5,11.905423902182722,29246.595852971943
2024-11-13,G2,24.0,0.7610299784577155,1.712905810041391,0.5,1.0,20.026064211500895,560.2034664772164,159.1627158314472,1268.1876218684781,4,11.070700741729594,11218.670591178125
2024-11-13,P3,16.0,0.14270564422218923,1.0289392147540621,0.5,1.0,13.328355141023748,462.0669058294611,240.86551016420134,683.2683014947208,2,2.2540066773511547,6158.591819809034
2024-11-14,Q1,24.0,0.25441173306697185,0.21812403475744008,0.0,1.0,22.527464232175586,2992.6378944092103,2992.6378944092103,2992.6378944092103,1,2.4374232762421295,67416.54312615674
2024-11-14,G2,24.0,0.5578475444547306,1.4214103696437532,0.0,1.0,21.020742085901517,924.9829193178512,550.59007525792,1370.3786849538228,3,7.000258896972301,19443.827380844803
2024-11-14,P3,16.0,0.0,1.9101720186480757,0.0,1.0,13.089827981351924,953.0216131113758,211.78101995765633,2075.0494304657386,4,7.255870550967913,12474.888978138435
2024-11-15,Q1,24.0,0.38177567917110805,0.8327037928898039,0.0,1.0,21.785520527939088,2043.8943828720876,1804.9139883832609,2325.693762060338,3,5.072554860963057,44527.303034999255
2024-11-15,G2,24.0,0.0,0.9103538995015799,0.0,1.0,22.08964610049842,1145.769192949081,357.28682160403446,1934.2515642941275,2,3.7527383073641927,25309.63598509889
2024-11-15,P3,16.0,0.49656484941808365,2.1173998578999895,0.0,1.0,12.386035292681926,1390.137862834462,319.7229712489495,2754.9600735218814,5,9.229706772002931,17218.296630761073
2024-11-16,Q1,18.0,0.8463744252116507,1.0460609415294935,0.5,1.0,14.607564633258857,1683.0436718657468,624.933030277552,2443.169592961395,3,3.583192724229431,24585.169217376206
2024-11-16,G2,18.0,0.0,1.4834604489222556,0.5,1.0,15.016539551077745,1119.9717543836714,563.1857671430923,1798.9913150497719,3,6.437628993684054,16818.10014579233
2024-11-16,P3,12.0,0.0,1.4828109958112212,0.5,1.0,9.01718900418878,1219.7747457779094,306.2982060320966,2286.282309537769,3,3.0977470764858483,10998.939425215729
2024-11-17,Q1,18.0,0.0,1.1365690873706271,0.0,1.0,15.863430912629372,1924.1286260506101,1184.1945034244243,2454.3837533696146,3,5.628908545757029,30523.28152636633
2024-11-17,G2,18.0,0.0,2.1266793843505765,0.0,1.0,14.873320615649423,1212.5836485709997,410.2521083815385,2326.4444469665214,5,13.144063606304076,18035.145378490444
2024-11-17,P3,12.0,0.0,1.998406605945828,0.0,1.0,9.001593394054172,1063.1481502042552,299.39765699790235,1789.8062999129725,4,8.268530654126401,9570.027365779537
2024-11-18,Q1,24.0,0.0,2.7886467515237503,0.0,1.0,20.21135324847625,432.41743668885454,194.02791219500008,657.5153589908099,7,14.478796256434315,8739.741563719053
2024-11-18,G2,24.0,0.0,3.4651702902887638,0.0,1.0,19.534829709711236,1325.7600701376027,187.35769682279602,2389.3282721288674,7,13.670453390898214,25898.497206072894
2024-11-18,P3,16.0,0.5308266273601967,2.084312665626665,0.0,1.0,12.384860707013138,743.1754490516272,188.28675593886925,1785.8026408933965,5,5.897897934580851,9204.12441737634
2024-11-19,Q1,24.0,0.5787343781898179,0.0,0.0,1.0,22.421265621810182,0.0,0.0,0.0,0,0.0,0.0
2024-11-19,G2,24.0,0.0,3.162969775773257,0.0,1.0,19.837030224226744,1600.4232654564426,399.18522038445195,2485.8566306109055,8,12.069655910616193,31747.644688415112
2024-11-19,P3,16.0,0.0,0.9930699535713446,0.0,1.0,14.006930046428655,928.2994656538363,345.4466468873379,1511.1522844203346,2,6.574336229062459,13002.625677550384
2024-11-20,Q1,24.0,0.8953064968974453,0.9957491537763443,0.5,1.0,20.60894434932621,1514.537416018079,471.75110393671423,2557.323728099444,2,2.83585330984808,31213.017321688912
2024-11-20,G2,24.0,0.0,1.8340663178053764,0.5,1.0,20.665933682194623,413.75722184369795,179.21734432594073,696.6031795605176,4,5.815777276765658,8550.679307150951
2024-11-20,P3,16.0,0.5412600988752648,2.542129958480833,0.5,1.0,11.416609942643902,821.0167829172834,198.63915493392966,1602.8283658722057,6,10.228459857400878,9373.228366930967
2024-11-21,Q1,24.0,0.7590952969720526,1.5463992792383139,0.0,1.0,20.694505423789632,343.42201636891707,198.242384450773,620.256382932101,5,7.125776459897631,7106.948780395326
2024-11-21,G2,24.0,0.6050278988758027,1.8945362022567904,0.0,1.0,20.500435898867405,1799.4526376243793,1022.0787800436913,2405.8772295307563,4,4.43955762632717,36889.563450666465
2024-11-21,P3,16.0,0.0,3.1669816057751308,0.0,1.0,11.833018394224869,671.7480623523719,166.45193549303818,1634.2760090145928,6,13.704355745864877,7948.807178100531
2024-11-22,Q1,24.0,0.0,0.30444047754725767,0.0,1.0,22.695559522452744,919.3508314055249,919.3508314055249,919.3508314055249,1,2.8640063451683218,20865.181516180506
2024-11-22,G2,24.0,0.0,0.9954980006499343,0.0,1.0,22.004501999350065,174.45891292688887,160.3864075902085,184.53909996717925,3,6.695392031484782,3838.8814983041652
2024-11-22,P3,16.0,0.0,2.1594481034156074,0.0,1.0,12.840551896584392,808.2589019713902,180.72808017484905,1691.710940808082,5,11.215004497470833,10378.490376639953
2024-11-23,Q1,18.0,0.35008051979266347,0.9250694568215131,0.5,1.0,15.224850023385823,379.52755865615325,246.63309461145744,512.4220227008491,2,4.330761895639727,5778.250160281699
2024-11-23,G2,18.0,0.5250596754742745,1.3878151896702697,0.5,1.0,14.587125134855455,1221.5214998254091,685.7310569645822,1961.2438092430768,3,12.33349166468765,17818.48697286956
2024-11-23,P3,12.0,0.24850481334241642,2.058272397966504,0.5,1.0,8.193222788691081,1053.5635896509,344.967301082517,2046.1132928421162,4,9.693222788691083,8632.081212062933
2024-11-24,Q1,18.0,0.0,0.9249221884062389,0.0,1.0,16.07507781159376,1482.8503421163184,474.33748905486334,2491.363195177774,2,3.7365724591679896,23836.93463246825
2024-11-24,G2,18.0,0.0,0.8649367415456415,0.0,1.0,16.13506325845436,1533.7224061105426,438.285432504289,2629.159379716796,2,3.481464895928611,24746.70804350243
2024-11-24,P3,12.0,0.0,1.7576248644737007,0.0,1.0,9.242375135526299,1231.831785963268,354.8918966016519,2120.3324004993033,4,9.375055286687939,11385.051469737862
2024-11-25,Q1,24.0,0.7609935367562698,2.3121245038559137,0.0,1.0,19.926881959387817,893.961582289094,175.62423229937752,1779.2947717459779,6,14.453995411763556,17813.866926502335
2024-11-25,G2,24.0,0.9426431062441847,1.3419492296267757,0.0,1.0,20.715407664129042,1393.1042349445563,495.4454797009646,2158.445718330908,3,6.605364530271974,28858.722145501088
2024-11-25,P3,16.0,1.0050440907458422,1.1538440331536057,0.0,1.0,12.841111876100552,1685.532761611488,595.7795921661626,2581.2547308478984,3,3.780480381635538,21644.11476268584
2024-11-26,Q1,24.0,0.0,4.254973809914214,0.0,1.0,18.745026190085788,1309.497566743409,203.05776175148065,2590.281195138768,8,20.528459179089985,24546.566184458814
2024-11-26,G2,24.0,0.0,0.9299523501664181,0.0,1.0,22.070047649833583,1611.7908278504033,1009.8306146545563,2213.75104104625,2,1.3132220882189367,35572.300372223115
2024-11-26,P3,16.0,0.0,1.1120496266100628,0.0,1.0,13.887950373389938,1634.6667853831284,861.9441506140138,2407.389420152243,2,2.257459490184652,22702.17119242975
2024-11-27,Q1,24.0,0.6293316743434274,0.7454741843645444,0.5,1.0,21.12519414129203,349.0896736034257,216.5313435619087,481.6480036449427,2,7.463900262094931,7374.587127592636
2024-11-27,G2,24.0,0.0,1.543762457801588,0.5,1.0,20.956237542198412,1015.7339412230509,254.37295169637184,1985.9855446806573,3,5.040714301337668,21285.961751943654
2024-11-27,P3,16.0,0.0,4.277789954093644,0.5,1.0,10.222210045906355,1006.3894008430998,184.90487975634048,2320.1541149103814,5,13.540714832314821,10287.523843392011
2024-11-28,Q1,24.0,1.0514063182905633,3.6054832205721925,0.0,1.0,18.343110461137243,502.88130559498705,167.137772089836,916.2591379314782,9,18.95904982204331,9224.407337369761
2024-11-28,G2,24.0,0.0,0.923709016460722,0.0,1.0,22.076290983539277,856.0846048547786,322.0094503163085,1390.1597593932486,2,4.847283579867999,18899.172843302335
2024-11-28,P3,16.0,0.0,1.4945158109239869,0.0,1.0,13.505484189076013,1413.5043254728366,588.1210461869401,2197.494095021305,4,10.65705264589012,19090.06031886395
2024-11-29,Q1,24.0,0.0,2.3321239619433944,0.0,1.0,20.667876038056605,1184.3540295090415,371.62287601116714,2349.9393063877783,6,11.003679145148988,24478.082267065703
2024-11-29,G2,24.0,0.0,1.8674057424908233,0.0,1.0,21.132594257509176,1372.8001251805795,588.6534845504245,2140.5020698625694,4,9.38182617736371,29010.82804209899
2024-11-29,P3,16.0,0.0,1.1247112919995124,0.0,1.0,13.875288708000488,342.81444741176426,217.37113802162588,468.2577568019027,2,4.96112183575875,4756.6494311118795
2024-11-30,Q1,18.0,0.0,3.168774673819422,0.5,1.0,13.331225326180578,590.4416544626322,173.4784851255416,1168.164471008379,8,12.728798720182377,7871.3107376042035
2024-11-30,G2,18.0,0.8883941975328862,3.456119331361495,0.5,1.0,12.155486471105618,870.2529855753972,170.87600843463014,2257.492227353936,7,14.394467063036604,10578.348392601014
2024-11-30,P3,12.0,0.0,2.5625645824907926,0.5,1.0,7.937435417509207,878.4493416594746,345.10967659824325,1498.473885259963,4,8.79279881163386,6972.6349169755595
2024-12-01,Q1,18.0,0.0,2.209410876697722,0.0,1.0,14.790589123302277,767.460042510074,178.0560802215279,1632.1843703333368,6,9.2221700272736,11351.186157318603
2024-12-01,G2,18.0,0.0,1.155092922170878,0.0,1.0,15.844907077829124,451.4761623478524,221.15060119060504,681.8017235050997,2,1.8761979993583409,7153.597840256617
2024-12-01,P3,12.0,0.0,0.6379931397999742,0.0,1.0,10.362006860200026,1229.6265435953324,378.148217245794,2081.104869944871,2,1.3669745135074214,12741.39868021888
2024-12-02,Q1,24.0,0.0,0.5019425054272146,0.0,1.0,22.498057494572784,2419.0815960403133,2419.0815960403133,2419.0815960403133,1,0.3261586923727522,54424.63683177786
2024-12-02,G2,24.0,0.0,2.6838072685031595,0.0,1.0,20.31619273149684,1160.6667177597485,349.3478156313939,2223.570838239158,7,8.168582709312792,23580.328735040897
2024-12-02,P3,16.0,0.0,1.8798914360934715,0.0,1.0,13.120108563906529,1105.5663364153877,563.3591909349514,1922.9350825591087,4,2.9234080921018433,14505.150358370294
2024-12-03,Q1,24.0,0.6726095289954714,2.2800417906179034,0.0,1.0,20.047348680386623,743.7688655459516,189.37522470494866,1484.6678122676926,5,4.78377788110075,14910.59378521529
2024-12-03,G2,24.0,0.537495885288684,3.9319442600338803,0.0,1.0,18.530559854677435,518.9314666435488,181.8160647054101,1123.9181404472076,7,15.72280606948676,9616.090603113827
2024-12-03,P3,16.0,0.0,1.8480123236913422,0.0,1.0,13.151987676308657,826.9395781578944,352.2359060162553,1350.66966307556,4,4.949505190101958,10875.899140984508
2024-12-04,Q1,24.0,0.0,1.285362868832388,0.5,1.0,21.214637131167613,968.8069072825347,330.65232636319445,1811.4157813384263,4,10.057303686191194,20552.88698816772
2024-12-04,G2,24.0,0.8160530678356832,1.5257902680690925,0.5,1.0,20.158156664095227,1428.2980401055495,754.5656591748542,1978.3006326310642,3,4.437692775178979,28791.855655467833
2024-12-04,P3,16.0,0.0,1.7044986758055567,0.5,1.0,12.795501324194444,848.151542850836,281.7057285641867,1539.7030315255647,3,7.092218588143166,10852.524189665432
2024-12-05,Q1,24.0,0.0,3.7386837638186394,0.0,1.0,19.26131623618136,1399.9718830562272,184.51899044756678,2724.5158232921553,10,18.186767649344237,26965.301161308304
2024-12-05,G2,24.0,0.4093728860036344,0.3983337767602591,0.0,1.0,22.192293337236105,2640.8891181327217,2640.8891181327217,2640.8891181327217,1,0.44204314448546067,58607.385980716135
2024-12-05,P3,16.0,0.0,3.58336438721795,0.0,1.0,11.41663561278205,1316.1659887996557,344.74108071963076,2495.447278792671,5,13.422734437484786,15026.18750006265
2024-12-06,Q1,24.0,0.0,1.275583700372759,0.0,1.0,21.72441629962724,1498.8942765396278,998.1785469644175,1916.701951679574,3,5.833063783710781,32562.603252675468
2024-12-06,G2,24.0,0.0,1.2332643645634993,0.0,1.0,21.7667356354365,1724.378427482008,892.3679633026657,2342.3377945882166,3,8.045101359648315,37534.08936645058
2024-12-06,P3,16.0,0.0,0.37390350292134056,0.0,1.0,14.62609649707866,502.6143283618545,502.6143283618545,502.6143283618545,1,2.1581850146186436,7351.285667434863
2024-12-07,Q1,18.0,0.0,0.9446256283969543,0.5,1.0,15.555374371603044,717.14294590589,204.58422142597078,1430.7114027797004,3,7.269605073867559,11155.42700152039
2024-12-07,G2,18.0,0.0,2.1283750081515906,0.5,1.0,14.37162499184841,712.4804161673462,173.818427609389,1385.1281905758613,5,9.538848015939388,10239.50135519319
2024-12-07,P3,12.0,0.0,3.5031770066962102,0.5,1.0,6.996822993303789,1148.4777575408593,383.4422913971033,2167.618573017451,4,10.011962686127381,8035.695581259859
2024-12-08,Q1,18.0,0.0,1.9916448714534942,0.0,1.0,15.008355128546505,515.9008955678623,307.7686379212547,685.0985171953229,4,4.451268798837324,7742.823851817661
2024-12-08,G2,18.0,0.0,2.496604227119977,0.0,1.0,14.503395772880022,1306.8032671118415,656.8131514112754,2136.0084081829546,6,7.896403427669199,18953.084980215684
2024-12-08,P3,12.0,0.0,2.422444773965778,0.0,1.0,8.577555226034221,800.9107711449731,181.69232498695376,1710.6768942281178,5,6.155472997951861,6869.856370621662
2024-12-09,Q1,24.0,0.0,2.096993428721653,0.0,1.0,20.903006571278347,1484.2263223313619,483.25253356142895,2467.2493844469755,6,12.855865617091489,31024.79256895675
2024-12-09,G2,24.0,0.0,1.5055431859021842,0.0,1.0,21.494456814097816,451.8501027495769,169.3803318602699,740.170007514903,4,8.20245096952499,9712.27251999644
2024-12-09,P3,16.0,0.0,1.5323027468429047,0.0,1.0,13.467697253157095,981.9375105142009,647.9905664409051,1416.117616765502,3,10.852693289454706,13224.437113124019
2024-12-10,Q1,24.0,0.8615712556003368,2.7968001141289696,0.0,1.0,19.341628630270694,1229.8492675013313,199.97849296714594,2528.877721748282,7,20.341628630270698,23787.287803221192
2024-12-10,G2,24.0,0.7554492751938345,6.692637811743224,0.0,1.0,15.551912913062939,1074.8048713854582,174.3356437157368,2355.112099695862,10,18.468888376890824,16715.27175832246
2024-12-10,P3,16.0,0.0,3.124948230861334,0.0,1.0,11.875051769138667,1018.8888313704722,187.46164198393464,2498.573413610341,7,13.183584707113642,12099.357619521554
2024-12-11,Q1,24.0,0.0,1.7539115590379282,0.5,1.0,20.746088440962072,1121.254867872155,534.349739307417,2063.8284107031755,4,6.005473797186241,23261.65265373497
2024-12-11,G2,24.0,0.9420524609667666,1.5729377388738746,0.5,1.0,19.985009800159357,1470.3184992626564,1030.8213443611799,1747.4867902824096,4,8.815204990002163,29384.329617119787
2024-12-11,P3,16.0,0.0,1.4380489404680583,0.5,1.0,13.061951059531943,2152.0412743134084,1754.9309476264148,2583.8118594448392,4,5.425242940120144,28109.8578031745
2024-12-12,Q1,24.0,0.0,1.233090308702757,0.0,1.0,21.766909691297244,1638.7432384636306,715.8324525237672,2292.0432164098643,4,7.141410016055057,35670.37607886183
2024-12-12,G2,24.0,0.0,1.7512968715672583,0.0,1.0,21.24870312843274,1175.3556701830082,354.6459337802671,2028.1214748265602,4,6.468970215406588,24974.78370603885
2024-12-12,P3,16.0,1.0096415424247795,0.0,0.0,1.0,13.990358457575221,0.0,0.0,0.0,0,0.0,0.0
2024-12-13,Q1,24.0,0.0,2.1368052716350543,0.0,1.0,20.863194728364945,1643.9401161350738,638.4691084251526,2616.736430373587,5,6.916584701620813,34297.84276469693
2024-12-13,G2,24.0,0.0,2.2000066799158033,0.0,1.0,20.799993320084198,350.8684268310836,160.94642673670577,692.9455265128764,6,12.862900048888974,7298.06093431499
2024-12-13,P3,16.0,0.0,2.382377522084882,0.0,1.0,12.617622477915118,1233.8556265647849,318.4382880416793,2385.951309410805,5,7.7878443342771515,15568.324488245871
2024-12-14,Q1,18.0,0.0,3.8495883532755473,0.5,1.0,12.650411646724454,1341.9125524755536,184.44499883836622,2537.1217167242376,9,14.64777082466892,16975.746182722483
2024-12-14,G2,18.0,0.5415560854535222,2.0456827613377606,0.5,1.0,13.912761153208718,1904.2066928100962,1040.4358655203764,2626.9071491765844,5,12.298021347432696,26492.772903408353
2024-12-14,P3,12.0,0.0,3.753724568585681,0.5,1.0,6.746275431414318,1628.4947270404748,612.1898266828565,2385.5189854618084,3,9.577089100126754,10986.27396722092
2024-12-15,Q1,18.0,0.0,1.200847016081711,0.0,1.0,15.79915298391829,1273.3844542039471,191.27615283971124,2350.0928550166664,4,8.342906833374384,20118.395799311456
2024-12-15,G2,18.0,0.0,1.528493432789054,0.0,1.0,15.471506567210945,896.533312373083,232.30980698996956,1729.4053973840291,3,7.6511950655202146,13870.721030103536
2024-12-15,P3,12.0,0.0,1.4506762327878795,0.0,1.0,9.54932376721212,550.1645796992353,306.95456930606457,738.7636485846086,3,7.331191122567466,5253.699696800175
2024-12-16,Q1,24.0,0.0,1.218641054795976,0.0,1.0,21.781358945204023,1646.30071726639,989.2479250113674,2235.099950652572,3,4.518577165196839,35858.66685452608
2024-12-16,G2,24.0,0.5083589298363361,1.719158845365849,0.0,1.0,20.772482224797812,475.95202880388047,269.5769913719094,676.6268609717938,4,6.492181400979722,9886.705058185064
2024-12-16,P3,16.0,0.0,0.9532926467048902,0.0,1.0,14.04670735329511,492.9106616949133,231.61419021644855,754.207133173378,2,11.701671997289985,6923.771816147497
2024-12-17,Q1,24.0,0.39841100697135123,2.26085508883931,0.0,1.0,20.34073390418934,1035.4561913962063,195.87910677153977,2198.085952385559,6,10.148465423992606,21061.938858635578
2024-12-17,G2,24.0,0.0,2.096209531969632,0.0,1.0,20.90379046803037,975.6965702694217,255.39317329933172,1985.0456081452455,4,4.798991895765115,20395.75666528786
2024-12-17,P3,16.0,0.5989543600624105,1.0806907310883385,0.0,1.0,13.32035490884925,949.9525995180946,164.1133607228555,2049.1510844737927,3,3.5084656345097494,12653.705772164958
2024-12-18,Q1,24.0,0.0,1.8665602168524351,0.5,1.0,20.633439783147566,1181.5390011897537,201.32311540427787,2668.7303300960793,5,14.732393978964513,24379.213832489102
2024-12-18,G2,24.0,0.8286985264656113,0.465994722261381,0.5,1.0,21.205306751273007,1636.7333897891392,1636.7333897891392,1636.7333897891392,1,0.7591910212277172,34707.433600529585
2024-12-18,P3,16.0,0.0,2.1221990375498327,0.5,1.0,12.377800962450166,419.5333458522699,206.8697818209785,741.090942681652,5,8.912834844878038,5192.900252070165
2024-12-19,Q1,24.0,0.0,1.0182302064403677,0.0,1.0,21.981769793559632,405.542160900988,195.16886481436435,691.5996164433157,3,5.915621589494581,8914.534422508237
2024-12-19,G2,24.0,0.3727210795485363,2.0290138792890686,0.0,1.0,20.598265041162396,680.9689627791784,185.44515346886845,1341.7962502860337,4,8.74856103377197,14026.779180130967
2024-12-19,P3,16.0,0.7511540225960309,2.486570661672548,0.0,1.0,11.76227531573142,1583.2630244378818,644.4494119780684,2640.617220013335,6,8.753678186949621,18622.77559065597
2024-12-20,Q1,24.0,0.11260606700435949,3.5994579513272202,0.0,1.0,19.28793598166842,622.5515881646893,201.57744022318397,1066.1121059261254,9,19.81592031029403,12007.73517780653
2024-12-20,G2,24.0,0.0,3.534965980833196,0.0,1.0,19.465034019166804,913.3069724757167,167.44118382932436,2118.6477148132117,9,20.465034019166808,17777.551289182065
2024-12-20,P3,16.0,0.04942860526480697,1.4526824582531004,0.0,1.0,13.497888936482092,1040.7449198681836,649.5196488742845,1553.5489594753872,3,2.1499626890982757,14047.859339588696
2024-12-21,Q1,18.0,0.0,2.1369853123638687,0.5,1.0,14.36301468763613,415.01032603606825,194.8266817710704,579.978465393419,5,10.806614604970056,5960.799408376708
2024-12-21,G2,18.0,0.25109665405125803,1.8423628495336468,0.5,1.0,14.406540496415094,1072.9880418127686,567.2836072163351,1888.9701156601611,4,4.301876904098991,15458.045676544783
2024-12-21,P3,12.0,0.0,2.0836855221239086,0.5,1.0,8.416314477876092,289.5830479810698,168.37360153855937,526.0009553657894,6,9.916314477876089,2437.221999270565
2024-12-22,Q1,18.0,1.032606316150644,2.2554803758127107,0.0,1.0,13.711913308036644,1294.3958462025905,188.95139345786063,2404.706559038715,6,9.845603187613829,17748.643629412654
2024-12-22,G2,18.0,0.05504507389379015,3.675036463401235,0.0,1.0,13.269918462704975,973.2009549357925,186.1137794259572,1884.0407888520126,7,14.269918462704975,12914.297319824585
2024-12-22,P3,12.0,0.7000539420925409,2.8620874420095945,0.0,1.0,7.437858615897865,928.2822895543603,191.32183090464656,1880.3785205843424,6,7.5243651350719585,6904.432425347295
2024-12-23,Q1,24.0,0.0,1.6441003811199553,0.0,1.0,21.355899618880045,420.94869686614754,178.6404407170926,728.9289136992224,4,10.297503207010465,8989.738114971811
2024-12-23,G2,24.0,0.34862641640505265,2.2807831437098978,0.0,1.0,20.37059043988505,328.3642009031765,171.46131449180064,635.430681720363,6,11.794897553560002,6688.97265171874
2024-12-23,P3,16.0,0.0,1.778739755806377,0.0,1.0,13.221260244193623,565.7277695353525,269.2526616577432,805.9540200828761,4,3.636189472313164,7479.634068394089
2024-12-24,Q1,24.0,0.0,0.8425818497316964,0.0,1.0,22.157418150268303,217.11060926823268,213.0891878692986,221.13203066716673,2,5.69477647579131,4810.610554415748
2024-12-24,G2,24.0,0.0,2.71627985673945,0.0,1.0,20.28372014326055,754.717463010125,162.6492986839795,1695.0485076366815,6,19.76971905574236,15308.477806928971
2024-12-24,P3,16.0,0.696691173958621,3.0296981306347477,0.0,1.0,11.273610695406632,938.4212886645901,288.6862501218339,1741.857984278557,5,12.74952875438797,10579.396276686397
2024-12-25,Q1,24.0,0.331358562305593,2.3518126590300463,0.5,1.0,19.816828778664362,1231.6689598381392,193.84609504187222,2395.6234423398105,7,11.001683303832696,24407.772889108037
2024-12-25,G2,24.0,0.0,2.8191006669847147,0.5,1.0,19.680899333015287,752.2239395766948,170.20590611250037,1715.3517603865023,7,18.598676040170353,14804.443630693104
2024-12-25,P3,16.0,0.0,3.1767548224657456,0.5,1.0,11.323245177534254,870.8462516428145,171.37644322269568,2131.4051480826874,7,12.823245177534254,9860.805619288281
2024-12-26,Q1,24.0,0.0,2.8620166301861976,0.0,1.0,20.137983369813803,744.3446170775973,169.36249779890707,2075.2678143370113,8,17.495793174174743,14989.599520119076
2024-12-26,G2,24.0,0.0,1.8826272702889952,0.0,1.0,21.117372729711004,961.5453790852897,723.0872918582093,1340.8064712033383,4,10.304836586632433,20305.312166675325
2024-12-26,P3,16.0,0.0,2.2711508071717836,0.0,1.0,12.728849192828216,783.6946521088174,157.27777000979452,1615.5734482985388,5,9.584317155023474,9975.53103991911
2024-12-27,Q1,24.0,0.0,1.9828790782092252,0.0,1.0,21.017120921790774,600.7341204890994,321.33238819312203,871.0045023271476,5,11.196441789365599,12625.70165216503
2024-12-27,G2,24.0,0.0,3.8194395997152673,0.0,1.0,19.180560400284733,1377.5578691756482,150.19488733159358,2344.850679037798,9,14.606793408535953,26422.331914611055
2024-12-27,P3,16.0,1.0441597644928355,0.9790520843504957,0.0,1.0,12.976788151156669,2135.6226659293866,1843.6058304089322,2427.6395014498407,2,3.510374921590821,27713.52290657408
2024-12-28,Q1,18.0,0.0,1.6863008726779811,0.5,1.0,14.813699127322018,1175.3493371621346,181.595515003845,2316.9416550140536,4,14.174955868116129,17411.271450217224
2024-12-28,G2,18.0,0.46151887027978516,2.3725416676752293,0.5,1.0,13.665939462044985,946.0413622558705,371.71061722418824,1722.111201397151,5,10.561231981448064,12928.543985179296
2024-12-28,P3,12.0,0.0,0.8136545364723704,0.5,1.0,9.68634546352763,401.20321782625905,211.6835187401827,590.7229169123354,2,4.830765614232394,3886.1929689440717
2024-12-29,Q1,18.0,0.0,1.553396469286707,0.0,1.0,15.446603530713293,1271.6260602700993,189.2243525896717,2121.822165275284,5,7.848862322686003,19642.30359231515
2024-12-29,G2,18.0,0.23760557365572055,1.635190175041341,0.0,1.0,15.127204251302938,260.49435754453884,166.280214424583,415.522688536522,4,4.536992807912862,3940.5513528881756
2024-12-29,P3,12.0,0.0,4.9587848262547185,0.0,1.0,6.0412151737452815,738.4287084134896,288.69074826731986,1270.9000340761086,4,9.961155411813738,4461.006717996704
2024-12-30,Q1,24.0,0.0,1.0268684380414526,0.0,1.0,21.973131561958546,185.9252627695793,171.6109314914309,201.87994158868815,4,11.13575109561426,4085.360259527679
2024-12-30,G2,24.0,0.0,1.2802367663897047,0.0,1.0,21.719763233610294,991.8842713649601,174.16468603928612,2132.529771725431,3,6.97629262390366,21543.491529188996
2024-12-30,P3,16.0,0.6495435424265681,2.9655118150359585,0.0,1.0,11.384944642537475,318.9673610568968,183.03154741092274,602.734832490029,7,8.00245404011826,3631.4257484090335
2024-12-31,Q1,24.0,0.0,4.262792776696257,0.0,1.0,18.73720722330374,993.9625178228039,203.06909865929794,2530.381077889272,11,19.737207223303745,18624.081668642615
2024-12-31,G2,24.0,0.6123203439568684,4.033056640668747,0.0,1.0,18.354623015374386,967.4222525846375,157.39911986227196,2041.342228168888,10,18.01283935522463,17756.67074287532
2024-12-31,P3,16.0,0.0,1.5509609310458907,0.0,1.0,13.449039068954109,1570.754025394779,599.5299284859227,2267.8692440607806,3,6.46987533408274,21125.13225525132
