date,line,minutes
2024-11-14,HM01,48.2
2024-11-14,HM12,29.0
2024-11-14,HM12,32.0
2024-11-14,HM12,35.8
2024-11-14,HM12,29.9
2024-11-14,HM12,32.2
2024-11-14,HM12,32.5
2024-11-14,HM12,36.9
2024-11-14,HM13,41.4
2024-11-14,HM13,38.6
2024-11-14,HM13,39.5
2024-11-14,HM13,37.6
2024-11-14,HM13,37.3
2024-11-14,HM13,38.7
2024-11-14,HM14,35.5
2024-11-14,HM14,31.5
2024-11-14,HM14,33.9
2024-11-14,HM14,35.8
2024-11-14,HM14,35.8
2024-11-14,HM14,32.7
2024-11-14,HM14,37.8
2024-11-14,HM14,34.9
2024-11-14,HM14,35.4
2024-11-14,HM14,37.0
2024-11-14,HM14,34.4
2024-11-14,HM14,36.6
2024-11-14,HM16,34.3
2024-11-14,HM16,38.1
2024-11-14,HM25,38.1
2024-11-14,HM30,36.3
2024-11-14,HM30,33.3
2024-11-14,HM30,33.2
2024-11-14,HM43,32.3
2024-11-14,HM43,36.9
2024-11-14,HM43,36.3
2024-11-14,HM43,35.8
2024-11-14,HM43,38.5
2024-11-14,HM43,35.9
2024-11-14,HM47,37.5
2024-11-14,HM50,37.5
2024-11-14,HM50,42.1
2024-11-14,HM50,39.7
2024-11-14,HM56,35.5
2024-11-14,HM56,34.8
2024-11-14,HM56,33.3
2024-11-14,HM56,35.9
2024-11-15,HM01,27.0
2024-11-15,HM01,31.9
2024-11-15,HM01,28.6
2024-11-15,HM12,30.8
2024-11-15,HM12,35.4
2024-11-15,HM12,34.1
2024-11-15,HM12,34.2
2024-11-15,HM12,37.6
2024-11-15,HM12,32.8
2024-11-15,HM13,35.1
2024-11-15,HM13,37.1
2024-11-15,HM13,34.6
2024-11-15,HM13,33.7
2024-11-15,HM13,32.6
2024-11-15,HM14,38.4
2024-11-15,HM14,39.2
2024-11-15,HM16,43.6
2024-11-15,HM16,42.2
2024-11-15,HM25,37.7
2024-11-15,HM25,37.2
2024-11-15,HM25,40.1
2024-11-15,HM30,32.1
2024-11-15,HM30,30.1
2024-11-15,HM30,28.8
2024-11-15,HM30,34.4
2024-11-15,HM36,23.7
2024-11-15,HM43,27.6
2024-11-15,HM43,29.7
2024-11-15,HM43,27.9
2024-11-15,HM47,40.0
2024-11-15,HM47,39.0
2024-11-15,HM47,40.5
2024-11-15,HM47,34.0
2024-11-15,HM47,37.0
2024-11-15,HM50,15.4
2024-11-15,HM56,29.6
2024-11-15,HM56,27.4
2024-11-15,HM56,30.8
2024-11-16,HM01,40.0
2024-11-16,HM12,33.4
2024-11-16,HM12,36.8
2024-11-16,HM12,33.2
2024-11-16,HM12,36.2
2024-11-16,HM12,35.6
2024-11-16,HM12,36.8
2024-11-16,HM12,37.2
2024-11-16,HM13,36.0
2024-11-16,HM13,33.9
2024-11-16,HM14,23.3
2024-11-16,HM14,26.0
2024-11-16,HM16,33.9
2024-11-16,HM16,37.0
2024-11-16,HM20,7.7
2024-11-16,HM30,34.4
2024-11-16,HM30,33.9
2024-11-16,HM30,31.0
2024-11-16,HM30,34.8
2024-11-16,HM30,31.5
2024-11-16,HM36,31.6
2024-11-16,HM43,34.9
2024-11-16,HM43,33.4
2024-11-16,HM43,36.2
2024-11-16,HM43,37.2
2024-11-16,HM43,33.1
2024-11-16,HM47,34.5
2024-11-16,HM56,28.1
2024-11-17,HM01,37.5
2024-11-17,HM01,37.0
2024-11-17,HM01,34.4
2024-11-17,HM01,37.1
2024-11-17,HM01,37.0
2024-11-17,HM01,38.0
2024-11-17,HM12,37.3
2024-11-17,HM12,32.6
2024-11-17,HM12,36.9
2024-11-17,HM12,34.0
2024-11-17,HM13,38.7
2024-11-17,HM13,35.7
2024-11-17,HM13,35.0
2024-11-17,HM13,33.1
2024-11-17,HM13,38.2
2024-11-17,HM13,31.9
2024-11-17,HM13,40.4
2024-11-17,HM14,37.2
2024-11-17,HM14,31.9
2024-11-17,HM14,33.6
2024-11-17,HM16,30.0
2024-11-17,HM16,33.4
2024-11-17,HM16,32.0
2024-11-17,HM16,33.9
2024-11-17,HM20,44.1
2024-11-17,HM20,45.4
2024-11-17,HM25,27.4
2024-11-17,HM30,31.5
2024-11-17,HM30,34.0
2024-11-17,HM36,31.6
2024-11-17,HM36,31.5
2024-11-17,HM36,29.2
2024-11-17,HM43,29.1
2024-11-17,HM43,27.2
2024-11-17,HM43,29.1
2024-11-17,HM50,36.1
2024-11-17,HM50,37.0
2024-11-17,HM50,38.5
2024-11-17,HM56,53.3
2024-11-18,HM01,38.1
2024-11-18,HM01,39.4
2024-11-18,HM01,38.9
2024-11-18,HM01,37.6
2024-11-18,HM01,38.7
2024-11-18,HM12,35.6
2024-11-18,HM12,36.3
2024-11-18,HM12,33.9
2024-11-18,HM13,30.6
2024-11-18,HM13,29.4
2024-11-18,HM13,31.7
2024-11-18,HM14,36.9
2024-11-18,HM14,34.9
2024-11-18,HM14,30.2
2024-11-18,HM14,32.3
2024-11-18,HM14,31.5
2024-11-18,HM14,31.8
2024-11-18,HM16,32.4
2024-11-18,HM20,37.4
2024-11-18,HM20,39.2
2024-11-18,HM20,36.0
2024-11-18,HM25,36.8
2024-11-18,HM25,32.8
2024-11-18,HM25,31.4
2024-11-18,HM25,35.1
2024-11-18,HM25,35.8
2024-11-18,HM25,32.8
2024-11-18,HM25,38.9
2024-11-18,HM25,37.0
2024-11-18,HM25,32.3
2024-11-18,HM25,33.6
2024-11-18,HM25,36.2
2024-11-18,HM25,36.9
2024-11-18,HM30,37.9
2024-11-18,HM30,30.9
2024-11-18,HM30,32.3
2024-11-18,HM36,36.6
2024-11-18,HM36,36.9
2024-11-18,HM36,38.1
2024-11-18,HM43,33.4
2024-11-18,HM43,32.5
2024-11-18,HM43,33.3
2024-11-18,HM43,34.0
2024-11-18,HM47,36.3
2024-11-18,HM47,38.3
2024-11-18,HM47,35.5
2024-11-18,HM47,34.3
2024-11-18,HM47,35.2
2024-11-18,HM47,33.6
2024-11-18,HM47,32.4
2024-11-18,HM47,33.1
2024-11-18,HM47,37.5
2024-11-18,HM47,32.6
2024-11-18,HM47,32.8
2024-11-18,HM47,33.5
2024-11-18,HM50,35.9
2024-11-18,HM50,38.4
2024-11-18,HM56,34.7
2024-11-18,HM56,38.1
2024-11-18,HM56,35.5
2024-11-18,HM56,38.0
2024-11-19,HM01,36.9
2024-11-19,HM01,37.8
2024-11-19,HM01,34.3
2024-11-19,HM12,29.5
2024-11-19,HM12,30.1
2024-11-19,HM13,40.3
2024-11-19,HM13,39.9
2024-11-19,HM14,27.8
2024-11-19,HM14,30.3
2024-11-19,HM14,29.0
2024-11-19,HM14,30.9
2024-11-19,HM16,35.5
2024-11-19,HM16,36.3
2024-11-19,HM16,32.3
2024-11-19,HM20,17.4
2024-11-19,HM25,40.0
2024-11-19,HM30,33.6
2024-11-19,HM30,32.2
2024-11-19,HM30,36.6
2024-11-19,HM30,34.8
2024-11-19,HM30,34.9
2024-11-19,HM30,31.8
2024-11-19,HM30,32.8
2024-11-19,HM36,37.5
2024-11-19,HM36,34.5
2024-11-19,HM36,35.5
2024-11-19,HM36,34.8
2024-11-19,HM36,34.9
2024-11-19,HM36,35.1
2024-11-19,HM36,34.3
2024-11-19,HM36,33.2
2024-11-19,HM36,35.6
2024-11-19,HM36,35.2
2024-11-19,HM36,38.4
2024-11-19,HM36,35.3
2024-11-19,HM43,40.0
2024-11-19,HM43,38.5
2024-11-19,HM43,36.4
2024-11-19,HM47,26.4
2024-11-19,HM47,28.4
2024-11-19,HM50,12.9
2024-11-19,HM56,38.4
2024-11-20,HM01,28.1
2024-11-20,HM01,31.9
2024-11-20,HM12,35.5
2024-11-20,HM12,33.9
2024-11-20,HM12,32.4
2024-11-20,HM13,46.8
2024-11-20,HM14,35.5
2024-11-20,HM14,36.0
2024-11-20,HM14,32.9
2024-11-20,HM14,36.5
2024-11-20,HM14,35.0
2024-11-20,HM16,32.2
2024-11-20,HM16,35.7
2024-11-20,HM16,36.1
2024-11-20,HM16,37.0
2024-11-20,HM16,32.8
2024-11-20,HM16,36.0
2024-11-20,HM16,31.3
2024-11-20,HM16,34.4
2024-11-20,HM20,43.3
2024-11-20,HM30,39.2
2024-11-20,HM30,37.8
2024-11-20,HM30,36.8
2024-11-20,HM36,31.3
2024-11-20,HM36,36.1
2024-11-20,HM36,31.9
2024-11-20,HM36,32.0
2024-11-20,HM36,32.0
2024-11-20,HM43,35.8
2024-11-20,HM43,37.6
2024-11-20,HM43,38.6
2024-11-20,HM47,33.6
2024-11-20,HM47,33.1
2024-11-20,HM47,32.7
2024-11-20,HM47,33.2
2024-11-20,HM50,48.9
2024-11-20,HM56,33.5
2024-11-20,HM56,35.0
2024-11-20,HM56,33.6
2024-11-21,HM01,35.1
2024-11-21,HM01,40.6
2024-11-21,HM01,37.7
2024-11-21,HM01,37.5
2024-11-21,HM01,33.8
2024-11-21,HM12,36.1
2024-11-21,HM12,34.4
2024-11-21,HM12,38.5
2024-11-21,HM12,35.4
2024-11-21,HM12,37.6
2024-11-21,HM12,36.2
2024-11-21,HM12,34.4
2024-11-21,HM12,35.1
2024-11-21,HM12,35.0
2024-11-21,HM12,35.0
2024-11-21,HM12,35.0
2024-11-21,HM12,36.8
2024-11-21,HM13,37.7
2024-11-21,HM13,43.3
2024-11-21,HM14,34.6
2024-11-21,HM14,35.7
2024-11-21,HM14,38.0
2024-11-21,HM16,36.5
2024-11-21,HM16,35.9
2024-11-21,HM16,38.9
2024-11-21,HM16,35.6
2024-11-21,HM16,39.7
2024-11-21,HM16,36.4
2024-11-21,HM20,36.3
2024-11-21,HM20,31.9
2024-11-21,HM25,31.2
2024-11-21,HM30,35.7
2024-11-21,HM30,36.3
2024-11-21,HM30,37.7
2024-11-21,HM30,37.3
2024-11-21,HM30,35.3
2024-11-21,HM30,36.5
2024-11-21,HM36,32.8
2024-11-21,HM36,34.8
2024-11-21,HM36,30.7
2024-11-21,HM43,34.1
2024-11-21,HM47,30.2
2024-11-21,HM47,32.2
2024-11-21,HM50,37.7
2024-11-21,HM50,36.4
2024-11-21,HM50,36.0
2024-11-21,HM50,40.3
2024-11-21,HM50,34.6
2024-11-21,HM50,35.4
2024-11-21,HM50,37.0
2024-11-21,HM50,40.6
2024-11-21,HM50,39.2
2024-11-21,HM56,39.2
2024-11-21,HM56,37.7
2024-11-21,HM56,38.8
2024-11-21,HM56,36.0
2024-11-22,HM01,28.5
2024-11-22,HM01,29.8
2024-11-22,HM01,30.5
2024-11-22,HM12,35.4
2024-11-22,HM12,35.1
2024-11-22,HM12,37.0
2024-11-22,HM13,37.1
2024-11-22,HM14,31.3
2024-11-22,HM14,31.6
2024-11-22,HM14,30.5
2024-11-22,HM14,36.5
2024-11-22,HM14,33.3
2024-11-22,HM16,31.1
2024-11-22,HM16,34.3
2024-11-22,HM16,27.2
2024-11-22,HM16,30.6
2024-11-22,HM20,34.8
2024-11-22,HM20,36.8
2024-11-22,HM25,36.3
2024-11-22,HM25,38.6
2024-11-22,HM30,38.7
2024-11-22,HM30,34.0
2024-11-22,HM30,31.2
2024-11-22,HM30,34.1
2024-11-22,HM30,31.7
2024-11-22,HM30,32.1
2024-11-22,HM36,35.3
2024-11-22,HM36,35.1
2024-11-22,HM36,32.3
2024-11-22,HM43,29.0
2024-11-22,HM43,30.5
2024-11-22,HM47,33.1
2024-11-22,HM47,35.4
2024-11-22,HM47,32.1
2024-11-22,HM47,36.1
2024-11-22,HM50,38.0
2024-11-22,HM50,38.1
2024-11-22,HM50,36.3
2024-11-22,HM50,38.3
2024-11-22,HM56,30.4
2024-11-22,HM56,34.4
2024-11-22,HM56,35.7
2024-11-22,HM56,40.5
2024-11-22,HM56,35.5
2024-11-22,HM56,33.3
2024-11-22,HM56,37.6
2024-11-22,HM56,39.7
2024-11-22,HM56,35.7
2024-11-22,HM56,35.3
2024-11-22,HM56,38.4
2024-11-22,HM56,34.2
2024-11-23,HM01,35.1
2024-11-23,HM01,33.0
2024-11-23,HM01,32.3
2024-11-23,HM01,31.8
2024-11-23,HM01,36.1
2024-11-23,HM01,35.3
2024-11-23,HM01,34.9
2024-11-23,HM01,34.1
2024-11-23,HM12,35.4
2024-11-23,HM12,39.1
2024-11-23,HM12,38.9
2024-11-23,HM12,36.8
2024-11-23,HM13,33.5
2024-11-23,HM13,33.2
2024-11-23,HM13,32.3
2024-11-23,HM13,35.0
2024-11-23,HM14,41.7
2024-11-23,HM14,42.5
2024-11-23,HM14,38.1
2024-11-23,HM16,35.7
2024-11-23,HM16,34.1
2024-11-23,HM16,30.3
2024-11-23,HM16,33.6
2024-11-23,HM20,49.3
2024-11-23,HM25,32.8
2024-11-23,HM25,29.1
2024-11-23,HM30,29.3
2024-11-23,HM30,31.0
2024-11-23,HM30,27.4
2024-11-23,HM36,35.4
2024-11-23,HM36,31.5
2024-11-23,HM43,36.9
2024-11-23,HM43,38.6
2024-11-23,HM43,36.8
2024-11-23,HM43,37.8
2024-11-23,HM43,37.0
2024-11-23,HM43,38.3
2024-11-23,HM43,35.5
2024-11-23,HM47,37.8
2024-11-23,HM47,37.8
2024-11-23,HM50,52.7
2024-11-23,HM56,39.1
2024-11-23,HM56,33.6
2024-11-23,HM56,41.1
2024-11-23,HM56,39.4
2024-11-24,HM01,34.8
2024-11-24,HM01,36.0
2024-11-24,HM01,38.8
2024-11-24,HM01,39.0
2024-11-24,HM01,37.4
2024-11-24,HM01,35.2
2024-11-24,HM01,37.3
2024-11-24,HM01,34.5
2024-11-24,HM01,38.2
2024-11-24,HM12,38.0
2024-11-24,HM13,34.8
2024-11-24,HM13,35.9
2024-11-24,HM13,39.5
2024-11-24,HM13,34.9
2024-11-24,HM13,36.3
2024-11-24,HM13,36.1
2024-11-24,HM13,30.9
2024-11-24,HM14,37.7
2024-11-24,HM14,37.2
2024-11-24,HM14,33.1
2024-11-24,HM14,31.3
2024-11-24,HM14,34.0
2024-11-24,HM16,36.5
2024-11-24,HM16,36.4
2024-11-24,HM16,35.2
2024-11-24,HM20,38.3
2024-11-24,HM20,34.2
2024-11-24,HM20,38.7
2024-11-24,HM20,38.6
2024-11-24,HM20,38.5
2024-11-24,HM25,35.3
2024-11-24,HM25,36.8
2024-11-24,HM25,34.7
2024-11-24,HM36,33.4
2024-11-24,HM36,30.0
2024-11-24,HM43,38.6
2024-11-24,HM43,33.6
2024-11-24,HM43,36.5
2024-11-24,HM56,27.6
2024-11-24,HM56,27.8
2024-11-25,HM01,40.6
2024-11-25,HM12,34.3
2024-11-25,HM12,27.1
2024-11-25,HM13,35.2
2024-11-25,HM13,33.6
2024-11-25,HM14,20.3
2024-11-25,HM16,29.9
2024-11-25,HM20,19.6
2024-11-25,HM25,37.7
2024-11-25,HM25,36.2
2024-11-25,HM25,39.1
2024-11-25,HM30,29.1
2024-11-25,HM30,31.7
2024-11-25,HM30,29.3
2024-11-25,HM30,30.1
2024-11-25,HM36,37.9
2024-11-25,HM36,40.0
2024-11-25,HM43,13.6
2024-11-25,HM47,40.5
2024-11-25,HM56,39.9
2024-11-25,HM56,34.3
2024-11-25,HM56,35.8
2024-11-26,HM01,39.2
2024-11-26,HM01,39.2
2024-11-26,HM01,43.4
2024-11-26,HM01,38.3
2024-11-26,HM12,27.8
2024-11-26,HM13,39.0
2024-11-26,HM13,38.3
2024-11-26,HM13,37.2
2024-11-26,HM13,34.3
2024-11-26,HM13,34.2
2024-11-26,HM14,31.9
2024-11-26,HM14,31.8
2024-11-26,HM14,29.2
2024-11-26,HM14,35.6
2024-11-26,HM14,36.6
2024-11-26,HM14,33.0
2024-11-26,HM16,37.8
2024-11-26,HM16,39.1
2024-11-26,HM16,40.4
2024-11-26,HM20,37.4
2024-11-26,HM20,35.9
2024-11-26,HM25,32.8
2024-11-26,HM25,31.5
2024-11-26,HM25,30.8
2024-11-26,HM30,28.6
2024-11-26,HM30,31.9
2024-11-26,HM30,31.5
2024-11-26,HM30,34.4
2024-11-26,HM36,26.4
2024-11-26,HM36,29.5
2024-11-26,HM43,42.0
2024-11-26,HM43,41.9
2024-11-26,HM47,44.1
2024-11-26,HM50,27.7
2024-11-26,HM50,34.0
2024-11-26,HM50,32.5
2024-11-26,HM50,33.4
2024-11-26,HM50,31.2
2024-11-26,HM56,32.5
2024-11-26,HM56,37.2
2024-11-26,HM56,32.4
2024-11-26,HM56,36.4
2024-11-26,HM56,34.8
2024-11-26,HM56,33.9
2024-11-27,HM01,20.5
2024-11-27,HM12,31.5
2024-11-27,HM12,30.6
2024-11-27,HM12,34.8
2024-11-27,HM12,31.7
2024-11-27,HM13,35.8
2024-11-27,HM13,36.1
2024-11-27,HM13,35.2
2024-11-27,HM13,36.4
2024-11-27,HM13,37.9
2024-11-27,HM14,30.0
2024-11-27,HM14,33.4
2024-11-27,HM14,31.6
2024-11-27,HM16,40.5
2024-11-27,HM16,33.7
2024-11-27,HM20,25.3
2024-11-27,HM25,33.2
2024-11-27,HM25,38.6
2024-11-27,HM25,36.1
2024-11-27,HM30,33.4
2024-11-27,HM30,31.0
2024-11-27,HM36,34.2
2024-11-27,HM36,35.2
2024-11-27,HM36,33.6
2024-11-27,HM36,31.2
2024-11-27,HM36,30.0
2024-11-27,HM36,33.0
2024-11-27,HM36,34.4
2024-11-27,HM43,30.9
2024-11-27,HM47,42.1
2024-11-27,HM47,35.2
2024-11-27,HM47,40.7
2024-11-27,HM50,49.9
2024-11-27,HM56,38.4
2024-11-27,HM56,39.1
2024-11-27,HM56,36.4
2024-11-27,HM56,35.2
2024-11-27,HM56,36.5
2024-11-27,HM56,34.0
2024-11-27,HM56,35.1
2024-11-28,HM01,33.7
2024-11-28,HM01,30.3
2024-11-28,HM01,35.0
2024-11-28,HM01,32.9
2024-11-28,HM12,37.7
2024-11-28,HM13,35.2
2024-11-28,HM13,30.5
2024-11-28,HM13,32.0
2024-11-28,HM14,36.9
2024-11-28,HM14,36.0
2024-11-28,HM14,38.5
2024-11-28,HM14,35.5
2024-11-28,HM14,35.5
2024-11-28,HM14,35.0
2024-11-28,HM16,34.8
2024-11-28,HM16,33.3
2024-11-28,HM16,34.7
2024-11-28,HM16,37.1
2024-11-28,HM16,35.4
2024-11-28,HM16,39.5
2024-11-28,HM20,20.9
2024-11-28,HM25,30.9
2024-11-28,HM25,37.7
2024-11-28,HM25,35.2
2024-11-28,HM25,34.2
2024-11-28,HM25,34.1
2024-11-28,HM30,37.8
2024-11-28,HM30,36.2
2024-11-28,HM30,33.8
2024-11-28,HM30,34.8
2024-11-28,HM36,32.1
2024-11-28,HM36,32.8
2024-11-28,HM43,31.5
2024-11-28,HM43,31.4
2024-11-28,HM43,29.0
2024-11-28,HM47,29.4
2024-11-28,HM47,31.7
2024-11-28,HM47,28.4
2024-11-28,HM47,33.5
2024-11-28,HM47,31.1
2024-11-28,HM50,40.9
2024-11-28,HM50,42.5
2024-11-28,HM50,38.5
2024-11-28,HM56,24.2
2024-11-29,HM01,47.3
2024-11-29,HM12,29.0
2024-11-29,HM12,31.5
2024-11-29,HM12,32.3
2024-11-29,HM12,33.1
2024-11-29,HM14,38.3
2024-11-29,HM16,27.9
2024-11-29,HM16,28.2
2024-11-29,HM16,28.5
2024-11-29,HM20,30.3
2024-11-29,HM20,32.0
2024-11-29,HM25,34.3
2024-11-29,HM25,39.8
2024-11-29,HM25,32.8
2024-11-29,HM25,37.0
2024-11-29,HM25,36.4
2024-11-29,HM25,40.2
2024-11-29,HM25,34.4
2024-11-29,HM30,37.2
2024-11-29,HM30,33.9
2024-11-29,HM30,31.5
2024-11-29,HM30,33.7
2024-11-29,HM30,31.8
2024-11-29,HM30,28.7
2024-11-29,HM36,32.9
2024-11-29,HM36,30.5
2024-11-29,HM36,33.3
2024-11-29,HM36,34.5
2024-11-29,HM36,35.2
2024-11-29,HM43,32.8
2024-11-29,HM43,34.8
2024-11-29,HM43,34.2
2024-11-29,HM43,34.3
2024-11-29,HM47,32.9
2024-11-29,HM47,35.3
2024-11-29,HM47,35.3
2024-11-29,HM47,33.7
2024-11-29,HM47,33.3
2024-11-29,HM47,33.8
2024-11-29,HM47,32.9
2024-11-29,HM56,36.4
2024-11-29,HM56,36.3
2024-11-29,HM56,36.6
2024-11-29,HM56,38.8
2024-11-30,HM01,36.2
2024-11-30,HM01,36.1
2024-11-30,HM01,36.5
2024-11-30,HM01,39.1
2024-11-30,HM01,34.2
2024-11-30,HM01,36.8
2024-11-30,HM01,38.4
2024-11-30,HM12,28.6
2024-11-30,HM12,30.2
2024-11-30,HM12,26.8
2024-11-30,HM12,34.3
2024-11-30,HM13,34.1
2024-11-30,HM13,38.2
2024-11-30,HM13,37.5
2024-11-30,HM13,34.1
2024-11-30,HM13,30.4
2024-11-30,HM13,34.9
2024-11-30,HM13,38.9
2024-11-30,HM13,37.0
2024-11-30,HM13,32.2
2024-11-30,HM13,37.1
2024-11-30,HM13,35.5
2024-11-30,HM14,39.5
2024-11-30,HM14,36.8
2024-11-30,HM14,33.1
2024-11-30,HM14,35.1
2024-11-30,HM14,31.9
2024-11-30,HM14,38.0
2024-11-30,HM14,33.3
2024-11-30,HM16,43.7
2024-11-30,HM25,33.7
2024-11-30,HM25,36.8
2024-11-30,HM25,36.8
2024-11-30,HM25,38.9
2024-11-30,HM25,40.9
2024-11-30,HM25,39.0
2024-11-30,HM25,34.9
2024-11-30,HM30,34.9
2024-11-30,HM30,34.5
2024-11-30,HM30,31.6
2024-11-30,HM30,29.8
2024-11-30,HM36,33.8
2024-11-30,HM36,32.3
2024-11-30,HM36,36.5
2024-11-30,HM36,35.2
2024-11-30,HM43,31.1
2024-11-30,HM43,28.4
2024-11-30,HM47,26.2
2024-11-30,HM50,36.2
2024-11-30,HM56,30.8
2024-11-30,HM56,33.9
2024-12-01,HM01,38.3
2024-12-01,HM01,37.5
2024-12-01,HM12,35.4
2024-12-01,HM12,33.1
2024-12-01,HM12,33.9
2024-12-01,HM12,33.6
2024-12-01,HM12,37.1
2024-12-01,HM14,30.2
2024-12-01,HM14,28.9
2024-12-01,HM16,40.1
2024-12-01,HM16,38.6
2024-12-01,HM16,36.5
2024-12-01,HM16,37.9
2024-12-01,HM16,37.4
2024-12-01,HM20,38.8
2024-12-01,HM20,35.4
2024-12-01,HM20,39.6
2024-12-01,HM20,32.3
2024-12-01,HM20,34.4
2024-12-01,HM20,36.4
2024-12-01,HM20,37.7
2024-12-01,HM20,35.7
2024-12-01,HM20,40.0
2024-12-01,HM20,35.5
2024-12-01,HM20,32.9
2024-12-01,HM30,37.8
2024-12-01,HM30,33.4
2024-12-01,HM43,32.4
2024-12-01,HM43,27.4
2024-12-01,HM47,12.5
2024-12-01,HM50,36.3
2024-12-01,HM50,33.3
2024-12-01,HM50,33.9
2024-12-01,HM56,42.6
2024-12-02,HM01,38.2
2024-12-02,HM12,37.5
2024-12-02,HM12,37.3
2024-12-02,HM12,41.1
2024-12-02,HM12,39.7
2024-12-02,HM13,39.9
2024-12-02,HM13,37.9
2024-12-02,HM13,35.1
2024-12-02,HM13,37.3
2024-12-02,HM14,30.9
2024-12-02,HM14,36.6
2024-12-02,HM14,35.2
2024-12-02,HM14,34.8
2024-12-02,HM14,37.2
2024-12-02,HM16,37.5
2024-12-02,HM16,36.1
2024-12-02,HM16,39.7
2024-12-02,HM16,39.5
2024-12-02,HM16,37.8
2024-12-02,HM16,32.6
2024-12-02,HM16,37.8
2024-12-02,HM20,41.2
2024-12-02,HM25,37.3
2024-12-02,HM25,38.3
2024-12-02,HM25,38.6
2024-12-02,HM25,37.1
2024-12-02,HM25,37.2
2024-12-02,HM30,41.9
2024-12-02,HM30,36.7
2024-12-02,HM36,33.4
2024-12-02,HM36,31.1
2024-12-02,HM43,39.4
2024-12-02,HM43,39.5
2024-12-02,HM43,38.7
2024-12-02,HM43,39.5
2024-12-02,HM43,37.1
2024-12-02,HM43,33.8
2024-12-02,HM43,31.6
2024-12-02,HM47,27.7
2024-12-02,HM47,31.5
2024-12-02,HM47,32.0
2024-12-02,HM47,35.0
2024-12-02,HM50,40.5
2024-12-02,HM50,42.7
2024-12-02,HM56,35.7
2024-12-02,HM56,35.0
2024-12-02,HM56,36.9
2024-12-02,HM56,35.0
2024-12-02,HM56,39.2
2024-12-02,HM56,37.0
2024-12-03,HM01,39.3
2024-12-03,HM12,33.2
2024-12-03,HM12,32.8
2024-12-03,HM12,30.2
2024-12-03,HM12,32.4
2024-12-03,HM12,29.6
2024-12-03,HM13,34.3
2024-12-03,HM13,31.1
2024-12-03,HM13,37.3
2024-12-03,HM13,35.0
2024-12-03,HM13,33.0
2024-12-03,HM14,34.1
2024-12-03,HM14,32.7
2024-12-03,HM14,32.3
2024-12-03,HM14,32.0
2024-12-03,HM14,33.8
2024-12-03,HM14,30.7
2024-12-03,HM14,33.2
2024-12-03,HM14,36.5
2024-12-03,HM16,35.2
2024-12-03,HM16,37.1
2024-12-03,HM20,30.9
2024-12-03,HM20,31.3
2024-12-03,HM25,23.3
2024-12-03,HM25,26.1
2024-12-03,HM30,31.1
2024-12-03,HM30,33.9
2024-12-03,HM30,29.8
2024-12-03,HM30,29.4
2024-12-03,HM30,33.9
2024-12-03,HM36,35.2
2024-12-03,HM36,32.0
2024-12-03,HM47,33.3
2024-12-03,HM47,34.7
2024-12-03,HM47,34.7
2024-12-03,HM47,32.2
2024-12-03,HM47,31.7
2024-12-03,HM50,32.3
2024-12-03,HM56,33.8
2024-12-03,HM56,33.2
2024-12-03,HM56,34.6
2024-12-03,HM56,33.9
2024-12-03,HM56,33.7
2024-12-03,HM56,32.9
2024-12-03,HM56,35.2
2024-12-03,HM56,31.7
2024-12-03,HM56,37.9
2024-12-03,HM56,33.2
2024-12-04,HM01,28.7
2024-12-04,HM01,22.7
2024-12-04,HM12,31.9
2024-12-04,HM12,30.8
2024-12-04,HM13,28.7
2024-12-04,HM13,31.6
2024-12-04,HM13,29.8
2024-12-04,HM13,28.4
2024-12-04,HM14,39.2
2024-12-04,HM14,36.0
2024-12-04,HM14,35.4
2024-12-04,HM14,40.7
2024-12-04,HM14,33.7
2024-12-04,HM16,9.5
2024-12-04,HM20,35.3
2024-12-04,HM20,33.5
2024-12-04,HM20,36.1
2024-12-04,HM20,33.9
2024-12-04,HM20,34.8
2024-12-04,HM20,31.7
2024-12-04,HM25,35.4
2024-12-04,HM25,32.8
2024-12-04,HM30,44.0
2024-12-04,HM36,36.4
2024-12-04,HM36,37.1
2024-12-04,HM36,37.5
2024-12-04,HM36,31.1
2024-12-04,HM36,33.7
2024-12-04,HM43,40.0
2024-12-04,HM43,43.1
2024-12-04,HM43,42.4
2024-12-04,HM47,28.7
2024-12-04,HM47,28.0
2024-12-04,HM50,24.8
2024-12-04,HM50,25.4
2024-12-04,HM56,34.4
2024-12-04,HM56,36.5
2024-12-04,HM56,38.1
2024-12-05,HM01,13.7
2024-12-05,HM12,33.0
2024-12-05,HM12,38.6
2024-12-05,HM12,32.3
2024-12-05,HM12,33.7
2024-12-05,HM12,39.1
2024-12-05,HM12,39.1
2024-12-05,HM12,34.0
2024-12-05,HM12,38.1
2024-12-05,HM12,35.3
2024-12-05,HM12,38.1
2024-12-05,HM12,36.4
2024-12-05,HM13,29.0
2024-12-05,HM13,28.6
2024-12-05,HM14,32.3
2024-12-05,HM14,30.0
2024-12-05,HM14,32.2
2024-12-05,HM14,35.6
2024-12-05,HM16,30.5
2024-12-05,HM16,28.6
2024-12-05,HM16,30.7
2024-12-05,HM20,35.8
2024-12-05,HM20,33.9
2024-12-05,HM20,37.6
2024-12-05,HM20,35.1
2024-12-05,HM20,29.2
2024-12-05,HM20,36.4
2024-12-05,HM25,35.5
2024-12-05,HM25,35.3
2024-12-05,HM25,34.5
2024-12-05,HM25,36.9
2024-12-05,HM25,36.5
2024-12-05,HM25,37.4
2024-12-05,HM30,41.3
2024-12-05,HM30,42.8
2024-12-05,HM30,38.7
2024-12-05,HM36,33.3
2024-12-05,HM36,38.3
2024-12-05,HM36,31.9
2024-12-05,HM43,35.8
2024-12-05,HM43,40.8
2024-12-05,HM47,37.3
2024-12-05,HM47,36.9
2024-12-05,HM50,27.9
2024-12-05,HM50,24.9
2024-12-05,HM56,37.5
2024-12-05,HM56,41.1
2024-12-05,HM56,35.5
2024-12-05,HM56,41.4
2024-12-05,HM56,38.7
2024-12-06,HM01,32.0
2024-12-06,HM01,32.9
2024-12-06,HM01,33.6
2024-12-06,HM12,29.9
2024-12-06,HM12,32.6
2024-12-06,HM13,37.0
2024-12-06,HM13,35.0
2024-12-06,HM13,38.1
2024-12-06,HM13,38.3
2024-12-06,HM13,39.6
2024-12-06,HM14,36.4
2024-12-06,HM14,35.1
2024-12-06,HM14,36.5
2024-12-06,HM16,34.1
2024-12-06,HM16,32.4
2024-12-06,HM16,31.3
2024-12-06,HM16,34.3
2024-12-06,HM16,36.3
2024-12-06,HM16,33.9
2024-12-06,HM20,37.1
2024-12-06,HM20,35.6
2024-12-06,HM20,38.4
2024-12-06,HM20,36.3
2024-12-06,HM25,32.8
2024-12-06,HM25,29.2
2024-12-06,HM25,26.3
2024-12-06,HM30,36.3
2024-12-06,HM36,42.4
2024-12-06,HM43,40.1
2024-12-06,HM43,41.0
2024-12-06,HM47,40.8
2024-12-06,HM47,37.2
2024-12-06,HM47,37.9
2024-12-06,HM47,35.8
2024-12-06,HM50,34.4
2024-12-06,HM50,34.2
2024-12-06,HM50,37.2
2024-12-06,HM56,32.5
2024-12-06,HM56,35.8
2024-12-06,HM56,37.7
2024-12-06,HM56,34.2
2024-12-07,HM01,33.6
2024-12-07,HM01,40.0
2024-12-07,HM12,31.8
2024-12-07,HM12,33.9
2024-12-07,HM12,33.2
2024-12-07,HM12,33.7
2024-12-07,HM12,31.2
2024-12-07,HM12,35.5
2024-12-07,HM13,33.8
2024-12-07,HM14,40.5
2024-12-07,HM14,38.1
2024-12-07,HM14,35.3
2024-12-07,HM16,29.6
2024-12-07,HM20,35.2
2024-12-07,HM20,38.2
2024-12-07,HM20,35.3
2024-12-07,HM20,36.6
2024-12-07,HM25,31.7
2024-12-07,HM25,32.7
2024-12-07,HM25,32.6
2024-12-07,HM25,32.3
2024-12-07,HM25,34.5
2024-12-07,HM30,31.2
2024-12-07,HM30,37.0
2024-12-07,HM30,34.0
2024-12-07,HM30,37.0
2024-12-07,HM30,32.8
2024-12-07,HM30,36.1
2024-12-07,HM36,36.8
2024-12-07,HM36,30.2
2024-12-07,HM36,37.3
2024-12-07,HM36,31.3
2024-12-07,HM36,37.5
2024-12-07,HM36,38.7
2024-12-07,HM43,33.3
2024-12-07,HM43,32.9
2024-12-07,HM43,34.3
2024-12-07,HM43,29.6
2024-12-07,HM43,36.5
2024-12-07,HM43,33.6
2024-12-07,HM47,27.0
2024-12-07,HM50,33.2
2024-12-07,HM50,26.7
2024-12-07,HM56,29.4
2024-12-08,HM01,33.8
2024-12-08,HM12,36.3
2024-12-08,HM12,32.2
2024-12-08,HM12,27.2
2024-12-08,HM12,33.1
2024-12-08,HM13,38.7
2024-12-08,HM13,38.1
2024-12-08,HM14,40.2
2024-12-08,HM14,43.2
2024-12-08,HM16,36.7
2024-12-08,HM16,41.1
2024-12-08,HM16,37.2
2024-12-08,HM25,35.2
2024-12-08,HM25,29.8
2024-12-08,HM25,33.3
2024-12-08,HM30,31.7
2024-12-08,HM30,33.0
2024-12-08,HM30,32.6
2024-12-08,HM30,32.2
2024-12-08,HM36,35.7
2024-12-08,HM36,36.7
2024-12-08,HM36,32.5
2024-12-08,HM36,34.1
2024-12-08,HM36,35.3
2024-12-08,HM43,32.4
2024-12-08,HM47,28.0
2024-12-08,HM50,42.8
2024-12-08,HM56,44.1
2024-12-08,HM56,43.1
2024-12-09,HM01,38.4
2024-12-09,HM12,49.6
2024-12-09,HM13,43.9
2024-12-09,HM13,40.2
2024-12-09,HM14,32.2
2024-12-09,HM14,32.8
2024-12-09,HM14,34.2
2024-12-09,HM14,34.4
2024-12-09,HM16,32.4
2024-12-09,HM16,33.7
2024-12-09,HM16,32.3
2024-12-09,HM20,41.1
2024-12-09,HM25,35.6
2024-12-09,HM25,32.9
2024-12-09,HM25,35.8
2024-12-09,HM25,35.4
2024-12-09,HM25,37.0
2024-12-09,HM25,38.5
2024-12-09,HM30,28.0
2024-12-09,HM36,28.8
2024-12-09,HM36,32.9
2024-12-09,HM43,38.9
2024-12-09,HM43,38.0
2024-12-09,HM47,49.8
2024-12-09,HM50,12.9
2024-12-10,HM01,33.0
2024-12-10,HM01,32.7
2024-12-10,HM01,30.6
2024-12-10,HM01,31.3
2024-12-10,HM01,33.8
2024-12-10,HM12,36.1
2024-12-10,HM12,39.3
2024-12-10,HM12,35.4
2024-12-10,HM12,37.7
2024-12-10,HM12,39.6
2024-12-10,HM12,32.1
2024-12-10,HM12,40.6
2024-12-10,HM12,34.8
2024-12-10,HM12,35.9
2024-12-10,HM13,33.7
2024-12-10,HM13,38.1
2024-12-10,HM13,35.4
2024-12-10,HM14,38.0
2024-12-10,HM14,36.1
2024-12-10,HM14,36.0
2024-12-10,HM14,35.0
2024-12-10,HM14,37.0
2024-12-10,HM14,31.6
2024-12-10,HM14,36.4
2024-12-10,HM14,33.5
2024-12-10,HM14,33.2
2024-12-10,HM16,31.6
2024-12-10,HM16,31.5
2024-12-10,HM16,32.1
2024-12-10,HM16,35.4
2024-12-10,HM16,30.9
2024-12-10,HM16,31.7
2024-12-10,HM20,21.9
2024-12-10,HM43,33.6
2024-12-10,HM43,35.5
2024-12-10,HM43,37.9
2024-12-10,HM43,34.8
2024-12-10,HM43,32.9
2024-12-10,HM47,35.8
2024-12-10,HM47,34.8
2024-12-10,HM47,33.2
2024-12-10,HM47,36.3
2024-12-10,HM50,30.7
2024-12-10,HM50,32.3
2024-12-10,HM50,36.0
2024-12-10,HM50,32.1
2024-12-10,HM50,28.4
2024-12-10,HM56,11.2
2024-12-11,HM01,34.1
2024-12-11,HM01,31.3
2024-12-11,HM01,34.0
2024-12-11,HM01,34.0
2024-12-11,HM01,36.3
2024-12-11,HM01,32.2
2024-12-11,HM01,38.3
2024-12-11,HM01,33.8
2024-12-11,HM01,34.9
2024-12-11,HM01,35.4
2024-12-11,HM12,41.6
2024-12-11,HM12,42.4
2024-12-11,HM13,37.6
2024-12-11,HM13,39.3
2024-12-11,HM13,37.9
2024-12-11,HM14,52.6
2024-12-11,HM16,33.1
2024-12-11,HM16,31.7
2024-12-11,HM20,37.7
2024-12-11,HM20,33.9
2024-12-11,HM20,39.2
2024-12-11,HM20,39.5
2024-12-11,HM20,37.0
2024-12-11,HM25,41.4
2024-12-11,HM25,44.5
2024-12-11,HM30,37.1
2024-12-11,HM30,37.4
2024-12-11,HM36,36.6
2024-12-11,HM36,29.0
2024-12-11,HM36,30.4
2024-12-11,HM43,34.7
2024-12-11,HM43,33.5
2024-12-11,HM43,34.2
2024-12-11,HM43,37.2
2024-12-11,HM43,38.0
2024-12-11,HM47,34.6
2024-12-11,HM47,37.3
2024-12-11,HM47,40.8
2024-12-11,HM47,34.0
2024-12-11,HM47,34.3
2024-12-11,HM47,34.0
2024-12-11,HM47,32.8
2024-12-11,HM47,33.7
2024-12-11,HM50,41.7
2024-12-11,HM56,36.0
2024-12-11,HM56,38.3
2024-12-11,HM56,35.6
2024-12-11,HM56,34.2
2024-12-11,HM56,36.9
2024-12-11,HM56,30.8
2024-12-11,HM56,31.3
2024-12-11,HM56,33.4
2024-12-12,HM01,37.5
2024-12-12,HM12,35.0
2024-12-12,HM12,35.4
2024-12-12,HM12,34.6
2024-12-12,HM12,35.8
2024-12-12,HM12,38.2
2024-12-12,HM12,37.0
2024-12-12,HM13,34.8
2024-12-12,HM13,35.5
2024-12-12,HM13,38.3
2024-12-12,HM13,33.6
2024-12-12,HM13,36.4
2024-12-12,HM13,35.5
2024-12-12,HM13,36.2
2024-12-12,HM13,37.5
2024-12-12,HM13,37.0
2024-12-12,HM13,33.4
2024-12-12,HM13,36.4
2024-12-12,HM13,34.7
2024-12-12,HM14,28.5
2024-12-12,HM16,33.0
2024-12-12,HM16,32.4
2024-12-12,HM16,36.1
2024-12-12,HM16,37.0
2024-12-12,HM16,36.9
2024-12-12,HM16,33.7
2024-12-12,HM20,33.6
2024-12-12,HM20,37.7
2024-12-12,HM20,38.0
2024-12-12,HM25,31.3
2024-12-12,HM25,37.3
2024-12-12,HM25,32.2
2024-12-12,HM25,35.1
2024-12-12,HM25,35.0
2024-12-12,HM25,37.6
2024-12-12,HM25,37.9
2024-12-12,HM30,30.2
2024-12-12,HM30,29.1
2024-12-12,HM30,32.5
2024-12-12,HM36,37.8
2024-12-12,HM36,34.2
2024-12-12,HM36,33.6
2024-12-12,HM36,32.2
2024-12-12,HM36,33.9
2024-12-12,HM43,31.8
2024-12-12,HM43,37.2
2024-12-12,HM43,34.8
2024-12-12,HM43,36.7
2024-12-12,HM43,37.0
2024-12-12,HM43,36.4
2024-12-12,HM43,38.5
2024-12-12,HM43,34.4
2024-12-12,HM43,36.1
2024-12-12,HM47,40.3
2024-12-12,HM50,32.1
2024-12-12,HM56,34.1
2024-12-12,HM56,35.1
2024-12-13,HM12,27.5
2024-12-13,HM12,27.9
2024-12-13,HM13,32.1
2024-12-13,HM13,32.7
2024-12-13,HM14,31.5
2024-12-13,HM14,33.1
2024-12-13,HM14,31.8
2024-12-13,HM14,32.9
2024-12-13,HM14,34.5
2024-12-13,HM14,35.2
2024-12-13,HM16,36.5
2024-12-13,HM16,35.2
2024-12-13,HM16,33.1
2024-12-13,HM16,34.2
2024-12-13,HM16,32.9
2024-12-13,HM16,35.5
2024-12-13,HM16,31.8
2024-12-13,HM16,31.6
2024-12-13,HM16,33.3
2024-12-13,HM16,33.4
2024-12-13,HM16,34.7
2024-12-13,HM20,35.4
2024-12-13,HM20,31.0
2024-12-13,HM20,35.5
2024-12-13,HM20,35.3
2024-12-13,HM25,12.8
2024-12-13,HM30,32.3
2024-12-13,HM30,35.4
2024-12-13,HM30,34.7
2024-12-13,HM30,34.2
2024-12-13,HM36,31.2
2024-12-13,HM36,31.2
2024-12-13,HM36,33.2
2024-12-13,HM47,38.6
2024-12-13,HM47,41.4
2024-12-13,HM50,34.9
2024-12-13,HM50,36.0
2024-12-13,HM56,22.1
2024-12-14,HM01,28.8
2024-12-14,HM01,26.1
2024-12-14,HM12,9.0
2024-12-14,HM13,43.1
2024-12-14,HM13,43.1
2024-12-14,HM13,41.5
2024-12-14,HM14,36.2
2024-12-14,HM14,37.0
2024-12-14,HM14,34.0
2024-12-14,HM14,33.1
2024-12-14,HM14,34.3
2024-12-14,HM16,38.5
2024-12-14,HM16,36.6
2024-12-14,HM16,34.9
2024-12-14,HM16,38.3
2024-12-14,HM16,35.5
2024-12-14,HM16,35.4
2024-12-14,HM16,36.2
2024-12-14,HM16,36.2
2024-12-14,HM16,39.4
2024-12-14,HM16,32.8
2024-12-14,HM16,37.2
2024-12-14,HM16,32.6
2024-12-14,HM20,34.1
2024-12-14,HM20,34.1
2024-12-14,HM20,34.6
2024-12-14,HM20,27.5
2024-12-14,HM20,32.8
2024-12-14,HM30,45.7
2024-12-14,HM36,36.8
2024-12-14,HM36,35.4
2024-12-14,HM36,33.5
2024-12-14,HM36,34.1
2024-12-14,HM36,36.6
2024-12-14,HM36,34.8
2024-12-14,HM36,37.4
2024-12-14,HM43,28.6
2024-12-14,HM43,26.6
2024-12-14,HM43,30.5
2024-12-14,HM47,24.4
2024-12-14,HM47,29.9
2024-12-14,HM50,23.2
2024-12-14,HM56,15.8
2024-12-15,HM01,40.6
2024-12-15,HM01,38.3
2024-12-15,HM12,37.2
2024-12-15,HM12,39.4
2024-12-15,HM12,36.4
2024-12-15,HM12,40.1
2024-12-15,HM13,32.4
2024-12-15,HM13,29.8
2024-12-15,HM13,34.9
2024-12-15,HM14,34.0
2024-12-15,HM14,36.0
2024-12-15,HM16,33.5
2024-12-15,HM20,25.1
2024-12-15,HM20,25.6
2024-12-15,HM25,33.5
2024-12-15,HM25,36.6
2024-12-15,HM25,35.4
2024-12-15,HM25,33.7
2024-12-15,HM25,34.6
2024-12-15,HM25,36.1
2024-12-15,HM25,34.2
2024-12-15,HM25,31.5
2024-12-15,HM25,31.6
2024-12-15,HM25,36.7
2024-12-15,HM30,35.2
2024-12-15,HM30,28.5
2024-12-15,HM43,32.1
2024-12-15,HM43,34.4
2024-12-15,HM47,34.0
2024-12-15,HM47,29.3
2024-12-15,HM47,34.6
2024-12-15,HM47,32.0
2024-12-15,HM50,34.4
2024-12-15,HM50,38.0
2024-12-15,HM56,23.6
2024-12-16,HM01,37.5
2024-12-16,HM01,36.5
2024-12-16,HM01,36.0
2024-12-16,HM01,31.1
2024-12-16,HM01,35.0
2024-12-16,HM12,34.7
2024-12-16,HM12,35.2
2024-12-16,HM12,32.9
2024-12-16,HM12,35.7
2024-12-16,HM12,35.2
2024-12-16,HM13,36.9
2024-12-16,HM13,37.5
2024-12-16,HM13,38.1
2024-12-16,HM13,40.8
2024-12-16,HM13,36.9
2024-12-16,HM13,35.0
2024-12-16,HM14,39.3
2024-12-16,HM14,31.3
2024-12-16,HM14,33.6
2024-12-16,HM14,38.1
2024-12-16,HM14,35.6
2024-12-16,HM14,32.8
2024-12-16,HM14,34.1
2024-12-16,HM14,35.8
2024-12-16,HM16,36.9
2024-12-16,HM16,36.3
2024-12-16,HM16,37.5
2024-12-16,HM16,34.9
2024-12-16,HM20,30.9
2024-12-16,HM20,34.9
2024-12-16,HM25,35.4
2024-12-16,HM25,35.3
2024-12-16,HM25,37.6
2024-12-16,HM25,33.9
2024-12-16,HM30,32.1
2024-12-16,HM30,30.9
2024-12-16,HM30,33.5
2024-12-16,HM30,33.6
2024-12-16,HM30,34.9
2024-12-16,HM30,36.2
2024-12-16,HM30,35.8
2024-12-16,HM36,31.3
2024-12-16,HM36,31.5
2024-12-16,HM36,33.2
2024-12-16,HM36,33.3
2024-12-16,HM36,32.0
2024-12-16,HM43,33.5
2024-12-16,HM43,35.8
2024-12-16,HM43,32.9
2024-12-16,HM47,34.2
2024-12-16,HM47,30.8
2024-12-16,HM47,34.4
2024-12-16,HM50,49.7
2024-12-16,HM56,35.3
2024-12-16,HM56,38.9
2024-12-17,HM01,53.4
2024-12-17,HM12,25.8
2024-12-17,HM13,40.0
2024-12-17,HM13,39.5
2024-12-17,HM13,41.9
2024-12-17,HM14,30.3
2024-12-17,HM16,40.9
2024-12-17,HM16,38.8
2024-12-17,HM16,38.7
2024-12-17,HM16,38.1
2024-12-17,HM16,37.3
2024-12-17,HM20,39.7
2024-12-17,HM20,40.7
2024-12-17,HM20,36.6
2024-12-17,HM25,39.0
2024-12-17,HM30,35.5
2024-12-17,HM30,38.8
2024-12-17,HM30,44.0
2024-12-17,HM30,36.1
2024-12-17,HM36,39.2
2024-12-17,HM36,40.7
2024-12-17,HM36,39.5
2024-12-17,HM36,40.9
2024-12-17,HM43,26.3
2024-12-17,HM43,32.0
2024-12-17,HM43,31.3
2024-12-17,HM47,38.0
2024-12-17,HM47,40.6
2024-12-17,HM47,41.0
2024-12-17,HM47,38.0
2024-12-17,HM50,48.6
2024-12-17,HM56,31.7
2024-12-17,HM56,29.0
2024-12-18,HM01,27.3
2024-12-18,HM01,34.2
2024-12-18,HM01,32.4
2024-12-18,HM12,12.4
2024-12-18,HM14,33.8
2024-12-18,HM14,33.2
2024-12-18,HM14,31.9
2024-12-18,HM14,34.7
2024-12-18,HM14,31.3
2024-12-18,HM16,34.8
2024-12-18,HM16,36.1
2024-12-18,HM16,35.2
2024-12-18,HM16,34.8
2024-12-18,HM20,20.8
2024-12-18,HM25,32.6
2024-12-18,HM25,31.1
2024-12-18,HM25,34.0
2024-12-18,HM25,35.7
2024-12-18,HM30,33.9
2024-12-18,HM30,34.9
2024-12-18,HM36,35.5
2024-12-18,HM36,38.3
2024-12-18,HM36,39.2
2024-12-18,HM36,38.1
2024-12-18,HM36,37.7
2024-12-18,HM36,37.5
2024-12-18,HM36,37.2
2024-12-18,HM36,39.1
2024-12-18,HM43,16.8
2024-12-18,HM47,47.9
2024-12-18,HM50,38.9
2024-12-18,HM56,33.7
2024-12-18,HM56,34.3
2024-12-18,HM56,33.9
2024-12-19,HM01,42.9
2024-12-19,HM12,34.0
2024-12-19,HM12,37.6
2024-12-19,HM12,36.4
2024-12-19,HM13,32.5
2024-12-19,HM13,29.1
2024-12-19,HM13,32.8
2024-12-19,HM14,39.4
2024-12-19,HM14,38.5
2024-12-19,HM14,36.8
2024-12-19,HM16,37.2
2024-12-19,HM20,37.9
2024-12-19,HM25,30.7
2024-12-19,HM25,30.5
2024-12-19,HM25,31.9
2024-12-19,HM25,32.2
2024-12-19,HM30,37.7
2024-12-19,HM36,52.2
2024-12-19,HM43,34.7
2024-12-19,HM43,34.4
2024-12-19,HM43,34.1
2024-12-19,HM43,36.3
2024-12-19,HM47,32.3
2024-12-19,HM47,34.7
2024-12-19,HM47,28.3
2024-12-19,HM50,26.0
2024-12-19,HM56,40.5
2024-12-19,HM56,42.4
2024-12-19,HM56,37.1
2024-12-20,HM01,32.9
2024-12-20,HM01,32.4
2024-12-20,HM12,38.6
2024-12-20,HM12,37.3
2024-12-20,HM12,37.2
2024-12-20,HM13,43.0
2024-12-20,HM13,38.1
2024-12-20,HM13,39.8
2024-12-20,HM14,26.4
2024-12-20,HM14,29.1
2024-12-20,HM16,22.5
2024-12-20,HM20,26.3
2024-12-20,HM25,27.0
2024-12-20,HM25,28.3
2024-12-20,HM30,45.3
2024-12-20,HM36,32.3
2024-12-20,HM36,27.5
2024-12-20,HM36,29.3
2024-12-20,HM43,36.1
2024-12-20,HM43,37.6
2024-12-20,HM43,37.0
2024-12-20,HM43,37.0
2024-12-20,HM47,29.3
2024-12-20,HM47,28.8
2024-12-20,HM50,31.2
2024-12-20,HM50,29.3
2024-12-20,HM56,33.9
2024-12-20,HM56,34.4
2024-12-20,HM56,33.5
2024-12-20,HM56,37.0
2024-12-20,HM56,35.9
2024-12-20,HM56,35.8
2024-12-20,HM56,36.4
2024-12-20,HM56,38.4
2024-12-21,HM01,32.6
2024-12-21,HM01,34.7
2024-12-21,HM01,32.0
2024-12-21,HM01,32.4
2024-12-21,HM01,32.8
2024-12-21,HM01,30.8
2024-12-21,HM12,32.2
2024-12-21,HM12,30.0
2024-12-21,HM12,33.2
2024-12-21,HM13,41.5
2024-12-21,HM13,44.1
2024-12-21,HM13,37.0
2024-12-21,HM13,36.1
2024-12-21,HM13,37.5
2024-12-21,HM14,35.4
2024-12-21,HM14,34.7
2024-12-21,HM14,32.0
2024-12-21,HM14,30.1
2024-12-21,HM14,34.3
2024-12-21,HM14,31.6
2024-12-21,HM16,41.3
2024-12-21,HM16,44.0
2024-12-21,HM20,27.3
2024-12-21,HM25,21.8
2024-12-21,HM30,34.4
2024-12-21,HM30,35.1
2024-12-21,HM30,37.5
2024-12-21,HM36,38.9
2024-12-21,HM36,36.4
2024-12-21,HM36,38.1
2024-12-21,HM36,34.5
2024-12-21,HM36,37.1
2024-12-21,HM36,35.1
2024-12-21,HM36,34.2
2024-12-21,HM36,34.6
2024-12-21,HM36,37.7
2024-12-21,HM43,41.2
2024-12-21,HM43,42.6
2024-12-21,HM43,38.5
2024-12-21,HM47,34.8
2024-12-21,HM47,37.7
2024-12-21,HM47,32.2
2024-12-21,HM47,35.7
2024-12-21,HM47,35.1
2024-12-21,HM47,34.0
2024-12-21,HM47,35.9
2024-12-21,HM47,36.1
2024-12-21,HM50,34.7
2024-12-21,HM50,36.2
2024-12-21,HM50,38.2
2024-12-21,HM56,36.0
2024-12-21,HM56,36.1
2024-12-21,HM56,34.7
2024-12-21,HM56,35.6
2024-12-21,HM56,31.3
2024-12-21,HM56,34.7
2024-12-22,HM01,33.2
2024-12-22,HM01,29.2
2024-12-22,HM01,33.8
2024-12-22,HM01,34.9
2024-12-22,HM01,32.9
2024-12-22,HM01,35.7
2024-12-22,HM12,35.4
2024-12-22,HM12,34.5
2024-12-22,HM12,37.2
2024-12-22,HM12,34.4
2024-12-22,HM13,32.0
2024-12-22,HM13,34.0
2024-12-22,HM13,31.8
2024-12-22,HM13,33.3
2024-12-22,HM13,29.1
2024-12-22,HM13,35.3
2024-12-22,HM14,38.5
2024-12-22,HM14,35.2
2024-12-22,HM14,34.7
2024-12-22,HM14,37.7
2024-12-22,HM14,33.2
2024-12-22,HM14,37.5
2024-12-22,HM14,36.4
2024-12-22,HM16,35.4
2024-12-22,HM16,35.7
2024-12-22,HM16,36.1
2024-12-22,HM16,35.9
2024-12-22,HM20,38.5
2024-12-22,HM20,36.3
2024-12-22,HM20,37.6
2024-12-22,HM25,28.4
2024-12-22,HM25,27.3
2024-12-22,HM30,25.0
2024-12-22,HM36,33.6
2024-12-22,HM36,36.7
2024-12-22,HM36,35.0
2024-12-22,HM43,37.4
2024-12-22,HM43,34.9
2024-12-22,HM43,36.2
2024-12-22,HM43,34.0
2024-12-22,HM43,30.6
2024-12-22,HM43,36.5
2024-12-22,HM43,34.1
2024-12-22,HM47,32.9
2024-12-22,HM47,31.5
2024-12-22,HM47,32.6
2024-12-22,HM47,33.0
2024-12-22,HM47,36.0
2024-12-22,HM47,34.9
2024-12-22,HM47,33.7
2024-12-22,HM47,35.4
2024-12-22,HM47,31.1
2024-12-22,HM47,35.5
2024-12-22,HM50,34.1
2024-12-22,HM50,32.9
2024-12-22,HM56,25.5
2024-12-23,HM01,38.7
2024-12-23,HM01,38.2
2024-12-23,HM01,34.3
2024-12-23,HM12,37.3
2024-12-23,HM12,35.4
2024-12-23,HM13,42.5
2024-12-23,HM14,37.4
2024-12-23,HM14,37.2
2024-12-23,HM14,38.1
2024-12-23,HM16,35.4
2024-12-23,HM16,32.0
2024-12-23,HM16,31.3
2024-12-23,HM16,33.9
2024-12-23,HM16,34.5
2024-12-23,HM16,34.2
2024-12-23,HM20,34.8
2024-12-23,HM20,35.9
2024-12-23,HM20,35.3
2024-12-23,HM20,31.8
2024-12-23,HM20,39.8
2024-12-23,HM20,41.5
2024-12-23,HM25,34.3
2024-12-23,HM43,33.9
2024-12-23,HM43,37.4
2024-12-23,HM47,36.7
2024-12-23,HM47,37.0
2024-12-23,HM47,41.5
2024-12-23,HM50,43.5
2024-12-23,HM56,47.9
2024-12-24,HM01,29.5
2024-12-24,HM12,35.7
2024-12-24,HM12,32.6
2024-12-24,HM12,33.9
2024-12-24,HM12,32.8
2024-12-24,HM12,35.0
2024-12-24,HM12,32.1
2024-12-24,HM12,32.5
2024-12-24,HM12,37.0
2024-12-24,HM12,34.3
2024-12-24,HM12,34.0
2024-12-24,HM13,31.9
2024-12-24,HM13,30.3
2024-12-24,HM14,31.3
2024-12-24,HM14,35.1
2024-12-24,HM14,34.0
2024-12-24,HM16,33.8
2024-12-24,HM16,32.5
2024-12-24,HM16,35.3
2024-12-24,HM20,32.5
2024-12-24,HM20,30.4
2024-12-24,HM25,36.0
2024-12-24,HM25,34.3
2024-12-24,HM25,34.9
2024-12-24,HM25,34.0
2024-12-24,HM25,32.1
2024-12-24,HM30,34.5
2024-12-24,HM30,32.5
2024-12-24,HM30,33.1
2024-12-24,HM30,30.9
2024-12-24,HM30,32.9
2024-12-24,HM36,39.3
2024-12-24,HM43,34.9
2024-12-24,HM43,33.6
2024-12-24,HM43,33.6
2024-12-24,HM43,33.4
2024-12-24,HM47,17.6
2024-12-24,HM50,29.8
2024-12-24,HM56,38.6
2024-12-25,HM01,33.2
2024-12-25,HM01,31.6
2024-12-25,HM14,24.6
2024-12-25,HM16,33.8
2024-12-25,HM16,37.5
2024-12-25,HM16,34.5
2024-12-25,HM16,38.1
2024-12-25,HM16,32.7
2024-12-25,HM20,46.3
2024-12-25,HM25,38.1
2024-12-25,HM25,37.4
2024-12-25,HM30,30.2
2024-12-25,HM30,32.0
2024-12-25,HM36,29.1
2024-12-25,HM36,28.3
2024-12-25,HM36,28.6
2024-12-25,HM43,31.9
2024-12-25,HM43,29.1
2024-12-25,HM43,31.0
2024-12-25,HM43,36.4
2024-12-25,HM47,34.6
2024-12-25,HM47,35.2
2024-12-25,HM47,35.3
2024-12-25,HM47,35.8
2024-12-25,HM47,35.6
2024-12-25,HM47,35.9
2024-12-25,HM56,28.5
2024-12-25,HM56,35.1
2024-12-25,HM56,34.7
2024-12-26,HM01,33.9
2024-12-26,HM01,37.7
2024-12-26,HM01,37.3
2024-12-26,HM01,35.6
2024-12-26,HM01,36.2
2024-12-26,HM12,43.7
2024-12-26,HM13,29.7
2024-12-26,HM13,33.7
2024-12-26,HM13,32.6
2024-12-26,HM14,40.2
2024-12-26,HM16,39.2
2024-12-26,HM16,35.7
2024-12-26,HM20,33.8
2024-12-26,HM20,35.4
2024-12-26,HM20,34.9
2024-12-26,HM20,36.4
2024-12-26,HM20,34.5
2024-12-26,HM25,37.0
2024-12-26,HM25,39.6
2024-12-26,HM25,35.5
2024-12-26,HM25,36.5
2024-12-26,HM25,34.8
2024-12-26,HM30,37.9
2024-12-26,HM30,32.0
2024-12-26,HM30,35.2
2024-12-26,HM36,44.3
2024-12-26,HM36,44.4
2024-12-26,HM43,40.3
2024-12-26,HM43,41.2
2024-12-26,HM47,34.4
2024-12-26,HM47,36.3
2024-12-26,HM47,37.3
2024-12-26,HM47,33.8
2024-12-26,HM47,35.4
2024-12-26,HM50,30.2
2024-12-26,HM56,32.9
2024-12-26,HM56,35.4
2024-12-26,HM56,32.0
2024-12-26,HM56,30.2
2024-12-26,HM56,31.9
2024-12-26,HM56,34.4
2024-12-26,HM56,37.5
2024-12-26,HM56,31.8
2024-12-26,HM56,33.9
2024-12-26,HM56,28.6
2024-12-26,HM56,32.0
2024-12-27,HM01,34.5
2024-12-27,HM01,34.5
2024-12-27,HM12,40.7
2024-12-27,HM12,42.1
2024-12-27,HM12,39.0
2024-12-27,HM13,45.6
2024-12-27,HM14,45.7
2024-12-27,HM14,43.1
2024-12-27,HM16,26.8
2024-12-27,HM20,34.9
2024-12-27,HM20,33.1
2024-12-27,HM20,35.6
2024-12-27,HM20,36.3
2024-12-27,HM20,32.9
2024-12-27,HM20,33.4
2024-12-27,HM20,36.9
2024-12-27,HM25,32.1
2024-12-27,HM25,29.3
2024-12-27,HM25,32.6
2024-12-27,HM25,29.5
2024-12-27,HM25,33.5
2024-12-27,HM30,38.0
2024-12-27,HM36,36.4
2024-12-27,HM36,35.5
2024-12-27,HM43,31.3
2024-12-27,HM43,33.3
2024-12-27,HM43,32.7
2024-12-27,HM47,36.4
2024-12-27,HM47,39.1
2024-12-27,HM47,33.5
2024-12-27,HM47,38.0
2024-12-27,HM50,50.7
2024-12-28,HM01,30.8
2024-12-28,HM01,33.5
2024-12-28,HM12,31.3
2024-12-28,HM12,34.6
2024-12-28,HM13,26.4
2024-12-28,HM13,31.2
2024-12-28,HM14,48.0
2024-12-28,HM16,18.1
2024-12-28,HM20,40.4
2024-12-28,HM25,32.2
2024-12-28,HM25,32.5
2024-12-28,HM25,31.7
2024-12-28,HM25,33.6
2024-12-28,HM30,32.2
2024-12-28,HM30,29.0
2024-12-28,HM30,30.0
2024-12-28,HM36,31.3
2024-12-28,HM36,31.9
2024-12-28,HM36,32.2
2024-12-28,HM43,53.4
2024-12-28,HM47,41.0
2024-12-28,HM47,40.2
2024-12-28,HM47,40.1
2024-12-28,HM56,35.9
2024-12-28,HM56,36.6
2024-12-28,HM56,40.3
2024-12-28,HM56,37.8
2024-12-28,HM56,39.7
2024-12-28,HM56,39.0
2024-12-28,HM56,37.8
2024-12-29,HM01,32.4
2024-12-29,HM01,39.4
2024-12-29,HM01,35.7
2024-12-29,HM01,35.3
2024-12-29,HM12,35.5
2024-12-29,HM12,33.2
2024-12-29,HM12,29.5
2024-12-29,HM13,29.9
2024-12-29,HM13,27.0
2024-12-29,HM14,35.9
2024-12-29,HM14,31.4
2024-12-29,HM14,32.9
2024-12-29,HM14,33.6
2024-12-29,HM14,30.3
2024-12-29,HM16,30.7
2024-12-29,HM16,29.3
2024-12-29,HM16,29.0
2024-12-29,HM20,35.7
2024-12-29,HM20,32.2
2024-12-29,HM20,32.4
2024-12-29,HM20,34.1
2024-12-29,HM20,34.9
2024-12-29,HM25,35.5
2024-12-29,HM25,33.7
2024-12-29,HM25,31.9
2024-12-29,HM25,33.7
2024-12-29,HM25,33.8
2024-12-29,HM25,36.1
2024-12-29,HM30,28.3
2024-12-29,HM30,25.5
2024-12-29,HM36,32.1
2024-12-29,HM36,32.2
2024-12-29,HM36,32.2
2024-12-29,HM36,32.6
2024-12-29,HM36,31.3
2024-12-29,HM36,35.2
2024-12-29,HM43,33.7
2024-12-29,HM43,35.0
2024-12-29,HM47,35.7
2024-12-29,HM47,35.3
2024-12-29,HM47,34.8
2024-12-29,HM47,36.0
2024-12-29,HM47,35.2
2024-12-29,HM47,34.8
2024-12-29,HM47,32.7
2024-12-29,HM47,35.6
2024-12-29,HM47,38.1
2024-12-29,HM50,39.5
2024-12-29,HM50,43.5
2024-12-29,HM50,40.1
2024-12-29,HM56,37.5
2024-12-29,HM56,35.3
2024-12-29,HM56,35.0
2024-12-29,HM56,36.5
2024-12-29,HM56,37.2
2024-12-29,HM56,37.5
2024-12-29,HM56,32.3
2024-12-29,HM56,39.8
2024-12-29,HM56,37.6
2024-12-30,HM01,30.9
2024-12-30,HM01,30.5
2024-12-30,HM01,26.8
2024-12-30,HM01,30.0
2024-12-30,HM01,31.2
2024-12-30,HM13,36.9
2024-12-30,HM13,40.9
2024-12-30,HM13,36.6
2024-12-30,HM13,34.8
2024-12-30,HM13,38.0
2024-12-30,HM13,31.6
2024-12-30,HM13,37.7
2024-12-30,HM13,32.5
2024-12-30,HM13,35.2
2024-12-30,HM14,36.9
2024-12-30,HM14,34.1
2024-12-30,HM14,35.7
2024-12-30,HM14,33.9
2024-12-30,HM16,47.3
2024-12-30,HM20,34.4
2024-12-30,HM20,34.7
2024-12-30,HM20,28.6
2024-12-30,HM20,33.7
2024-12-30,HM20,35.2
2024-12-30,HM25,31.9
2024-12-30,HM25,36.2
2024-12-30,HM25,37.1
2024-12-30,HM25,34.7
2024-12-30,HM25,31.3
2024-12-30,HM25,35.3
2024-12-30,HM25,34.1
2024-12-30,HM25,37.4
2024-12-30,HM25,35.4
2024-12-30,HM30,36.8
2024-12-30,HM30,35.5
2024-12-30,HM30,36.9
2024-12-30,HM30,35.6
2024-12-30,HM30,34.4
2024-12-30,HM30,33.4
2024-12-30,HM36,37.7
2024-12-30,HM36,37.1
2024-12-30,HM36,39.9
2024-12-30,HM43,38.5
2024-12-30,HM43,38.5
2024-12-30,HM43,37.7
2024-12-30,HM47,26.1
2024-12-30,HM56,30.2
2024-12-30,HM56,30.4
2024-12-30,HM56,36.2
2024-12-30,HM56,32.0
2024-12-31,HM12,36.4
2024-12-31,HM12,34.1
2024-12-31,HM13,34.6
2024-12-31,HM13,38.4
2024-12-31,HM13,38.4
2024-12-31,HM13,35.3
2024-12-31,HM14,41.1
2024-12-31,HM14,38.3
2024-12-31,HM16,38.0
2024-12-31,HM16,40.9
2024-12-31,HM16,40.9
2024-12-31,HM20,30.1
2024-12-31,HM20,31.2
2024-12-31,HM20,32.7
2024-12-31,HM20,33.0
2024-12-31,HM20,34.6
2024-12-31,HM25,35.7
2024-12-31,HM25,37.9
2024-12-31,HM25,32.2
2024-12-31,HM30,38.3
2024-12-31,HM30,36.4
2024-12-31,HM30,38.0
2024-12-31,HM30,38.3
2024-12-31,HM30,36.1
2024-12-31,HM30,37.4
2024-12-31,HM36,35.2
2024-12-31,HM36,36.1
2024-12-31,HM36,37.6
2024-12-31,HM36,37.4
2024-12-31,HM36,37.7
2024-12-31,HM43,33.2
2024-12-31,HM43,34.2
2024-12-31,HM43,35.4
2024-12-31,HM47,37.2
2024-12-31,HM47,35.9
2024-12-31,HM47,35.6
2024-12-31,HM47,33.7
2024-12-31,HM47,36.2
2024-12-31,HM50,36.2
2024-12-31,HM50,31.3
2024-12-31,HM50,32.4
2024-12-31,HM56,34.0
2024-12-31,HM56,30.2
2024-12-31,HM56,31.3
2024-12-31,HM56,33.7
2024-12-31,HM56,36.3
2024-12-31,HM56,33.3
2025-01-01,HM01,35.3
2025-01-01,HM01,38.4
2025-01-01,HM12,36.6
2025-01-01,HM12,33.9
2025-01-01,HM12,32.5
2025-01-01,HM12,40.4
2025-01-01,HM12,39.3
2025-01-01,HM12,36.1
2025-01-01,HM12,38.1
2025-01-01,HM13,32.2
2025-01-01,HM13,32.0
2025-01-01,HM13,35.3
2025-01-01,HM13,30.0
2025-01-01,HM13,31.0
2025-01-01,HM13,33.6
2025-01-01,HM14,40.2
2025-01-01,HM14,33.8
2025-01-01,HM14,37.6
2025-01-01,HM14,36.1
2025-01-01,HM14,37.4
2025-01-01,HM14,36.3
2025-01-01,HM14,37.1
2025-01-01,HM16,33.1
2025-01-01,HM16,35.9
2025-01-01,HM16,33.7
2025-01-01,HM20,30.3
2025-01-01,HM20,34.0
2025-01-01,HM20,35.1
2025-01-01,HM25,28.9
2025-01-01,HM25,32.7
2025-01-01,HM30,35.8
2025-01-01,HM30,33.7
2025-01-01,HM30,35.4
2025-01-01,HM30,38.7
2025-01-01,HM30,37.9
2025-01-01,HM30,34.7
2025-01-01,HM30,38.8
2025-01-01,HM36,10.7
2025-01-01,HM43,26.4
2025-01-01,HM47,31.5
2025-01-01,HM47,31.4
2025-01-01,HM47,33.4
2025-01-01,HM47,35.0
2025-01-01,HM50,35.6
2025-01-01,HM50,37.6
2025-01-01,HM50,38.8
2025-01-01,HM50,33.4
2025-01-01,HM50,37.4
2025-01-01,HM50,36.4
2025-01-01,HM50,41.6
2025-01-01,HM56,32.6
2025-01-01,HM56,36.9
2025-01-01,HM56,36.2
2025-01-01,HM56,33.3
2025-01-01,HM56,38.3
2025-01-01,HM56,35.5
2025-01-02,HM01,29.0
2025-01-02,HM01,32.0
2025-01-02,HM12,44.0
2025-01-02,HM12,38.6
2025-01-02,HM12,38.8
2025-01-02,HM13,36.1
2025-01-02,HM13,36.1
2025-01-02,HM14,40.6
2025-01-02,HM14,32.4
2025-01-02,HM14,34.8
2025-01-02,HM14,36.3
2025-01-02,HM14,37.9
2025-01-02,HM14,40.5
2025-01-02,HM16,36.9
2025-01-02,HM16,35.3
2025-01-02,HM16,34.7
2025-01-02,HM16,36.7
2025-01-02,HM16,35.5
2025-01-02,HM16,37.3
2025-01-02,HM16,33.9
2025-01-02,HM20,35.1
2025-01-02,HM20,34.3
2025-01-02,HM20,34.3
2025-01-02,HM20,35.3
2025-01-02,HM20,36.4
2025-01-02,HM25,38.3
2025-01-02,HM25,40.7
2025-01-02,HM25,44.3
2025-01-02,HM25,39.3
2025-01-02,HM30,32.6
2025-01-02,HM30,32.6
2025-01-02,HM30,32.2
2025-01-02,HM36,34.1
2025-01-02,HM36,32.2
2025-01-02,HM43,40.5
2025-01-02,HM43,39.8
2025-01-02,HM43,38.8
2025-01-02,HM43,36.2
2025-01-02,HM47,31.1
2025-01-02,HM47,30.6
2025-01-02,HM47,31.8
2025-01-02,HM50,34.4
2025-01-02,HM56,24.7
2025-01-03,HM01,33.8
2025-01-03,HM01,35.3
2025-01-03,HM01,35.6
2025-01-03,HM01,34.3
2025-01-03,HM12,38.3
2025-01-03,HM12,38.9
2025-01-03,HM13,39.5
2025-01-03,HM13,37.8
2025-01-03,HM13,38.3
2025-01-03,HM13,36.2
2025-01-03,HM13,37.2
2025-01-03,HM14,30.1
2025-01-03,HM14,36.8
2025-01-03,HM14,34.8
2025-01-03,HM14,37.4
2025-01-03,HM14,32.5
2025-01-03,HM14,32.1
2025-01-03,HM14,31.3
2025-01-03,HM14,34.7
2025-01-03,HM14,33.7
2025-01-03,HM14,35.1
2025-01-03,HM16,47.2
2025-01-03,HM20,32.4
2025-01-03,HM20,37.9
2025-01-03,HM20,35.5
2025-01-03,HM25,34.9
2025-01-03,HM25,34.9
2025-01-03,HM25,33.3
2025-01-03,HM25,37.0
2025-01-03,HM25,35.6
2025-01-03,HM25,35.3
2025-01-03,HM25,36.2
2025-01-03,HM25,37.9
2025-01-03,HM25,36.9
2025-01-03,HM25,38.7
2025-01-03,HM25,36.0
2025-01-03,HM25,37.5
2025-01-03,HM30,36.6
2025-01-03,HM36,35.2
2025-01-03,HM36,32.2
2025-01-03,HM36,32.2
2025-01-03,HM36,34.6
2025-01-03,HM43,32.8
2025-01-03,HM43,33.1
2025-01-03,HM43,35.4
2025-01-03,HM43,36.5
2025-01-03,HM43,35.9
2025-01-03,HM43,39.4
2025-01-03,HM43,39.4
2025-01-03,HM43,34.1
2025-01-03,HM43,34.3
2025-01-03,HM43,36.1
2025-01-03,HM43,34.9
2025-01-03,HM47,32.9
2025-01-03,HM47,33.4
2025-01-03,HM47,30.8
2025-01-03,HM47,35.2
2025-01-03,HM50,31.5
2025-01-03,HM50,31.4
2025-01-03,HM56,31.9
2025-01-03,HM56,33.4
2025-01-03,HM56,30.2
2025-01-04,HM01,29.7
2025-01-04,HM01,33.4
2025-01-04,HM01,32.3
2025-01-04,HM01,33.6
2025-01-04,HM12,32.8
2025-01-04,HM12,36.5
2025-01-04,HM12,37.1
2025-01-04,HM12,36.7
2025-01-04,HM13,34.2
2025-01-04,HM13,33.8
2025-01-04,HM13,39.0
2025-01-04,HM13,35.1
2025-01-04,HM13,32.8
2025-01-04,HM14,33.8
2025-01-04,HM14,27.9
2025-01-04,HM16,29.5
2025-01-04,HM16,36.6
2025-01-04,HM16,34.2
2025-01-04,HM16,33.3
2025-01-04,HM16,37.9
2025-01-04,HM16,36.8
2025-01-04,HM16,33.7
2025-01-04,HM16,33.1
2025-01-04,HM20,34.2
2025-01-04,HM20,33.4
2025-01-04,HM20,33.0
2025-01-04,HM20,33.9
2025-01-04,HM20,30.8
2025-01-04,HM25,30.1
2025-01-04,HM25,32.6
2025-01-04,HM25,31.4
2025-01-04,HM25,31.9
2025-01-04,HM30,31.7
2025-01-04,HM30,30.9
2025-01-04,HM30,28.9
2025-01-04,HM36,39.4
2025-01-04,HM36,39.9
2025-01-04,HM36,38.5
2025-01-04,HM43,36.1
2025-01-04,HM43,34.0
2025-01-04,HM43,37.4
2025-01-04,HM47,36.6
2025-01-04,HM47,34.1
2025-01-04,HM47,36.8
2025-01-04,HM47,35.4
2025-01-04,HM47,33.0
2025-01-04,HM50,38.4
2025-01-04,HM50,38.9
2025-01-04,HM50,37.9
2025-01-04,HM50,33.8
2025-01-04,HM50,35.0
2025-01-04,HM56,32.0
2025-01-04,HM56,31.5
2025-01-04,HM56,35.2
2025-01-04,HM56,28.9
2025-01-05,HM01,27.1
2025-01-05,HM01,25.4
2025-01-05,HM12,34.6
2025-01-05,HM12,31.3
2025-01-05,HM12,34.0
2025-01-05,HM12,35.0
2025-01-05,HM12,33.4
2025-01-05,HM12,36.4
2025-01-05,HM12,34.3
2025-01-05,HM12,36.9
2025-01-05,HM12,35.5
2025-01-05,HM12,33.7
2025-01-05,HM12,33.0
2025-01-05,HM13,38.4
2025-01-05,HM13,37.7
2025-01-05,HM13,36.9
2025-01-05,HM14,39.0
2025-01-05,HM14,40.0
2025-01-05,HM14,42.1
2025-01-05,HM16,40.2
2025-01-05,HM16,38.3
2025-01-05,HM16,36.9
2025-01-05,HM16,40.4
2025-01-05,HM16,40.6
2025-01-05,HM20,34.5
2025-01-05,HM20,36.0
2025-01-05,HM20,33.1
2025-01-05,HM20,35.7
2025-01-05,HM20,34.6
2025-01-05,HM20,33.9
2025-01-05,HM20,33.5
2025-01-05,HM20,34.4
2025-01-05,HM20,33.9
2025-01-05,HM20,34.2
2025-01-05,HM20,34.0
2025-01-05,HM25,32.7
2025-01-05,HM25,35.3
2025-01-05,HM25,37.7
2025-01-05,HM25,37.8
2025-01-05,HM25,38.6
2025-01-05,HM30,31.5
2025-01-05,HM30,30.8
2025-01-05,HM30,31.9
2025-01-05,HM30,29.9
2025-01-05,HM36,32.9
2025-01-05,HM36,33.9
2025-01-05,HM36,33.6
2025-01-05,HM36,33.0
2025-01-05,HM43,34.0
2025-01-05,HM43,36.0
2025-01-05,HM47,50.3
2025-01-05,HM56,38.3
2025-01-05,HM56,36.6
2025-01-05,HM56,34.8
2025-01-05,HM56,37.0
2025-01-06,HM01,35.0
2025-01-06,HM01,34.1
2025-01-06,HM01,36.6
2025-01-06,HM01,34.9
2025-01-06,HM01,37.8
2025-01-06,HM01,37.7
2025-01-06,HM12,31.4
2025-01-06,HM12,31.3
2025-01-06,HM13,46.1
2025-01-06,HM13,44.0
2025-01-06,HM14,33.9
2025-01-06,HM14,32.4
2025-01-06,HM14,33.0
2025-01-06,HM14,31.5
2025-01-06,HM16,32.6
2025-01-06,HM16,34.2
2025-01-06,HM16,29.8
2025-01-06,HM16,32.4
2025-01-06,HM16,34.0
2025-01-06,HM16,30.2
2025-01-06,HM16,34.6
2025-01-06,HM20,44.5
2025-01-06,HM20,46.1
2025-01-06,HM25,27.0
2025-01-06,HM25,29.7
2025-01-06,HM30,15.0
2025-01-06,HM36,35.9
2025-01-06,HM36,36.6
2025-01-06,HM36,37.5
2025-01-06,HM36,34.8
2025-01-06,HM36,37.1
2025-01-06,HM36,38.8
2025-01-06,HM43,35.5
2025-01-06,HM43,33.0
2025-01-06,HM43,38.5
2025-01-06,HM43,33.8
2025-01-06,HM43,36.7
2025-01-06,HM43,30.4
2025-01-06,HM47,32.9
2025-01-06,HM47,33.1
2025-01-06,HM50,20.4
2025-01-06,HM56,30.3
2025-01-07,HM01,26.3
2025-01-07,HM13,37.1
2025-01-07,HM13,39.6
2025-01-07,HM13,41.5
2025-01-07,HM14,35.8
2025-01-07,HM14,33.9
2025-01-07,HM14,34.7
2025-01-07,HM16,43.7
2025-01-07,HM20,38.8
2025-01-07,HM20,37.6
2025-01-07,HM20,37.8
2025-01-07,HM25,41.8
2025-01-07,HM30,29.1
2025-01-07,HM30,34.4
2025-01-07,HM30,31.6
2025-01-07,HM36,44.8
2025-01-07,HM36,38.8
2025-01-07,HM43,33.3
2025-01-07,HM43,34.6
2025-01-07,HM43,33.6
2025-01-07,HM43,35.2
2025-01-07,HM43,34.9
2025-01-07,HM47,39.3
2025-01-07,HM47,37.8
2025-01-07,HM56,28.6
2025-01-07,HM56,32.7
2025-01-08,HM01,28.0
2025-01-08,HM12,34.7
2025-01-08,HM12,36.6
2025-01-08,HM13,42.0
2025-01-08,HM14,32.3
2025-01-08,HM14,31.9
2025-01-08,HM14,30.2
2025-01-08,HM14,31.5
2025-01-08,HM16,29.7
2025-01-08,HM16,29.0
2025-01-08,HM20,31.1
2025-01-08,HM20,28.1
2025-01-08,HM25,37.2
2025-01-08,HM25,38.6
2025-01-08,HM25,40.2
2025-01-08,HM25,39.3
2025-01-08,HM30,37.5
2025-01-08,HM30,29.0
2025-01-08,HM30,31.1
2025-01-08,HM30,38.0
2025-01-08,HM30,35.6
2025-01-08,HM30,34.3
2025-01-08,HM30,32.4
2025-01-08,HM30,33.2
2025-01-08,HM36,51.5
2025-01-08,HM43,39.6
2025-01-08,HM43,44.7
2025-01-08,HM47,42.3
2025-01-08,HM50,44.2
2025-01-08,HM56,36.1
2025-01-08,HM56,37.8
2025-01-08,HM56,32.7
2025-01-08,HM56,33.3
2025-01-08,HM56,35.3
2025-01-09,HM01,41.0
2025-01-09,HM01,43.5
2025-01-09,HM12,42.9
2025-01-09,HM12,41.2
2025-01-09,HM13,30.4
2025-01-09,HM13,32.0
2025-01-09,HM16,36.0
2025-01-09,HM16,40.7
2025-01-09,HM16,36.6
2025-01-09,HM20,30.6
2025-01-09,HM20,26.6
2025-01-09,HM20,33.0
2025-01-09,HM20,31.5
2025-01-09,HM25,33.8
2025-01-09,HM25,34.9
2025-01-09,HM25,32.0
2025-01-09,HM30,36.3
2025-01-09,HM30,36.7
2025-01-09,HM30,43.4
2025-01-09,HM36,30.7
2025-01-09,HM36,31.6
2025-01-09,HM43,27.2
2025-01-09,HM43,27.8
2025-01-09,HM47,44.7
2025-01-09,HM50,45.4
2025-01-09,HM56,36.5
2025-01-09,HM56,34.4
2025-01-10,HM01,32.6
2025-01-10,HM12,28.0
2025-01-10,HM12,30.1
2025-01-10,HM12,31.9
2025-01-10,HM12,34.5
2025-01-10,HM13,30.3
2025-01-10,HM13,34.9
2025-01-10,HM13,35.5
2025-01-10,HM13,34.7
2025-01-10,HM14,35.8
2025-01-10,HM14,33.9
2025-01-10,HM14,30.2
2025-01-10,HM14,34.3
2025-01-10,HM16,33.4
2025-01-10,HM16,30.1
2025-01-10,HM20,33.6
2025-01-10,HM20,30.8
2025-01-10,HM20,28.2
2025-01-10,HM20,32.4
2025-01-10,HM25,32.6
2025-01-10,HM25,33.3
2025-01-10,HM25,31.9
2025-01-10,HM25,34.2
2025-01-10,HM25,34.3
2025-01-10,HM25,37.1
2025-01-10,HM25,31.8
2025-01-10,HM25,31.8
2025-01-10,HM25,36.3
2025-01-10,HM25,32.4
2025-01-10,HM30,36.7
2025-01-10,HM30,36.6
2025-01-10,HM30,40.8
2025-01-10,HM30,40.2
2025-01-10,HM43,36.4
2025-01-10,HM43,38.0
2025-01-10,HM43,37.1
2025-01-10,HM43,36.5
2025-01-10,HM43,36.3
2025-01-10,HM43,38.2
2025-01-10,HM43,33.9
2025-01-10,HM43,34.8
2025-01-10,HM43,36.5
2025-01-10,HM43,35.1
2025-01-10,HM47,31.7
2025-01-10,HM47,32.8
2025-01-11,HM01,43.0
2025-01-11,HM01,40.6
2025-01-11,HM12,34.8
2025-01-11,HM12,37.8
2025-01-11,HM12,35.2
2025-01-11,HM12,40.6
2025-01-11,HM12,36.7
2025-01-11,HM12,38.4
2025-01-11,HM12,37.7
2025-01-11,HM12,39.1
2025-01-11,HM12,36.8
2025-01-11,HM13,37.2
2025-01-11,HM13,35.9
2025-01-11,HM13,37.5
2025-01-11,HM13,38.3
2025-01-11,HM16,26.7
2025-01-11,HM20,28.2
2025-01-11,HM25,37.8
2025-01-11,HM25,35.3
2025-01-11,HM25,36.1
2025-01-11,HM25,38.1
2025-01-11,HM30,42.0
2025-01-11,HM30,40.7
2025-01-11,HM36,29.0
2025-01-11,HM36,26.9
2025-01-11,HM43,42.9
2025-01-11,HM47,32.6
2025-01-11,HM47,32.8
2025-01-11,HM47,32.5
2025-01-11,HM47,31.2
2025-01-11,HM47,34.1
2025-01-11,HM50,38.2
2025-01-11,HM50,40.8
2025-01-11,HM50,37.7
2025-01-11,HM50,35.7
2025-01-11,HM56,38.9
2025-01-11,HM56,36.0
2025-01-11,HM56,39.3
2025-01-11,HM56,40.7
2025-01-11,HM56,41.9
2025-01-11,HM56,34.4
2025-01-11,HM56,36.3
2025-01-11,HM56,35.0
2025-01-12,HM01,24.3
2025-01-12,HM12,17.1
2025-01-12,HM13,34.9
2025-01-12,HM13,32.2
2025-01-12,HM13,35.9
2025-01-12,HM14,32.3
2025-01-12,HM14,34.5
2025-01-12,HM14,32.2
2025-01-12,HM16,38.5
2025-01-12,HM16,38.0
2025-01-12,HM16,38.7
2025-01-12,HM20,40.4
2025-01-12,HM25,36.8
2025-01-12,HM25,39.4
2025-01-12,HM30,47.1
2025-01-12,HM36,30.0
2025-01-12,HM36,31.0
2025-01-12,HM43,25.9
2025-01-12,HM43,26.6
2025-01-12,HM47,34.7
2025-01-12,HM47,33.1
2025-01-12,HM47,36.5
2025-01-12,HM47,35.9
2025-01-12,HM47,35.3
2025-01-12,HM50,28.5
2025-01-12,HM50,28.6
2025-01-12,HM56,42.9
2025-01-13,HM01,38.0
2025-01-13,HM01,36.6
2025-01-13,HM01,36.0
2025-01-13,HM12,43.7
2025-01-13,HM12,42.0
2025-01-13,HM13,43.4
2025-01-13,HM14,32.4
2025-01-13,HM14,32.0
2025-01-13,HM14,31.7
2025-01-13,HM16,33.5
2025-01-13,HM16,34.7
2025-01-13,HM16,32.5
2025-01-13,HM16,34.0
2025-01-13,HM16,33.5
2025-01-13,HM25,17.8
2025-01-13,HM30,32.8
2025-01-13,HM30,41.2
2025-01-13,HM30,40.6
2025-01-13,HM30,33.3
2025-01-13,HM30,36.1
2025-01-13,HM30,31.2
2025-01-13,HM30,36.2
2025-01-13,HM36,37.8
2025-01-13,HM36,36.5
2025-01-13,HM36,38.4
2025-01-13,HM36,37.1
2025-01-13,HM43,34.5
2025-01-13,HM43,35.9
2025-01-13,HM43,32.5
2025-01-13,HM43,33.7
2025-01-13,HM43,35.0
2025-01-13,HM43,34.7
2025-01-13,HM47,45.0
2025-01-13,HM50,38.2
2025-01-13,HM50,38.5
2025-01-13,HM50,39.8
2025-01-13,HM56,33.6
2025-01-13,HM56,32.5
2025-01-13,HM56,34.5
2025-01-13,HM56,30.2
2025-01-13,HM56,33.7
2025-01-13,HM56,31.1
2025-01-14,HM01,40.1
2025-01-14,HM01,39.7
2025-01-14,HM01,41.5
2025-01-14,HM01,39.6
2025-01-14,HM12,35.9
2025-01-14,HM12,35.8
2025-01-14,HM12,32.7
2025-01-14,HM13,38.4
2025-01-14,HM13,35.8
2025-01-14,HM13,37.8
2025-01-14,HM13,36.5
2025-01-14,HM13,35.6
2025-01-14,HM13,34.1
2025-01-14,HM13,36.3
2025-01-14,HM13,37.0
2025-01-14,HM14,36.0
2025-01-14,HM14,35.5
2025-01-14,HM14,36.8
2025-01-14,HM14,34.1
2025-01-14,HM14,34.5
2025-01-14,HM14,31.6
2025-01-14,HM16,33.8
2025-01-14,HM16,38.7
2025-01-14,HM16,39.1
2025-01-14,HM16,34.4
2025-01-14,HM16,36.2
2025-01-14,HM20,35.8
2025-01-14,HM20,41.1
2025-01-14,HM25,12.8
2025-01-14,HM30,20.2
2025-01-14,HM36,33.1
2025-01-14,HM36,33.0
2025-01-14,HM36,33.8
2025-01-14,HM36,33.8
2025-01-14,HM36,33.3
2025-01-14,HM47,35.1
2025-01-14,HM47,37.7
2025-01-14,HM47,37.0
2025-01-14,HM47,37.1
2025-01-14,HM47,40.3
2025-01-14,HM50,36.7
2025-01-14,HM50,41.1
2025-01-14,HM56,25.7
2025-01-15,HM01,39.2
2025-01-15,HM01,31.4
2025-01-15,HM01,36.1
2025-01-15,HM01,30.0
2025-01-15,HM01,35.3
2025-01-15,HM01,36.0
2025-01-15,HM01,33.8
2025-01-15,HM01,35.4
2025-01-15,HM01,34.7
2025-01-15,HM01,33.4
2025-01-15,HM12,52.1
2025-01-15,HM13,27.7
2025-01-15,HM13,25.8
2025-01-15,HM14,26.0
2025-01-15,HM14,31.7
2025-01-15,HM20,35.3
2025-01-15,HM20,34.2
2025-01-15,HM20,34.1
2025-01-15,HM20,38.5
2025-01-15,HM25,45.5
2025-01-15,HM30,31.5
2025-01-15,HM36,30.4
2025-01-15,HM36,30.2
2025-01-15,HM43,36.9
2025-01-15,HM43,33.7
2025-01-15,HM43,31.7
2025-01-15,HM43,36.8
2025-01-15,HM43,35.1
2025-01-15,HM43,34.3
2025-01-15,HM47,32.9
2025-01-15,HM47,34.0
2025-01-15,HM50,32.4
2025-01-15,HM50,33.5
2025-01-16,HM01,29.7
2025-01-16,HM12,30.5
2025-01-16,HM13,30.8
2025-01-16,HM13,30.8
2025-01-16,HM13,32.8
2025-01-16,HM13,30.7
2025-01-16,HM14,31.9
2025-01-16,HM14,33.0
2025-01-16,HM14,32.2
2025-01-16,HM14,28.5
2025-01-16,HM16,36.8
2025-01-16,HM16,36.3
2025-01-16,HM16,34.9
2025-01-16,HM16,34.6
2025-01-16,HM16,40.4
2025-01-16,HM16,36.0
2025-01-16,HM16,33.9
2025-01-16,HM16,36.3
2025-01-16,HM16,36.4
2025-01-16,HM16,39.9
2025-01-16,HM16,33.6
2025-01-16,HM16,32.4
2025-01-16,HM20,38.4
2025-01-16,HM20,40.7
2025-01-16,HM25,48.5
2025-01-16,HM30,42.4
2025-01-16,HM30,41.2
2025-01-16,HM30,44.0
2025-01-16,HM36,34.6
2025-01-16,HM36,31.8
2025-01-16,HM36,31.0
2025-01-16,HM43,36.2
2025-01-16,HM43,37.9
2025-01-16,HM43,36.1
2025-01-16,HM47,33.0
2025-01-16,HM47,32.9
2025-01-16,HM47,36.1
2025-01-16,HM47,34.3
2025-01-16,HM56,40.8
2025-01-17,HM01,49.6
2025-01-17,HM12,36.2
2025-01-17,HM12,36.1
2025-01-17,HM12,38.1
2025-01-17,HM12,33.6
2025-01-17,HM12,34.4
2025-01-17,HM13,37.7
2025-01-17,HM13,35.5
2025-01-17,HM13,38.5
2025-01-17,HM14,37.7
2025-01-17,HM14,38.6
2025-01-17,HM14,34.4
2025-01-17,HM14,33.6
2025-01-17,HM14,34.6
2025-01-17,HM14,35.1
2025-01-17,HM16,29.7
2025-01-17,HM16,32.9
2025-01-17,HM16,33.4
2025-01-17,HM16,32.6
2025-01-17,HM20,33.4
2025-01-17,HM20,33.3
2025-01-17,HM20,32.9
2025-01-17,HM25,32.2
2025-01-17,HM30,29.5
2025-01-17,HM36,36.7
2025-01-17,HM36,32.3
2025-01-17,HM36,31.1
2025-01-17,HM36,32.5
2025-01-17,HM36,35.5
2025-01-17,HM36,31.6
2025-01-17,HM36,32.9
2025-01-17,HM36,33.6
2025-01-17,HM43,45.7
2025-01-17,HM47,32.6
2025-01-17,HM47,32.1
2025-01-17,HM47,31.0
2025-01-17,HM50,30.4
2025-01-17,HM50,35.0
2025-01-17,HM50,34.7
2025-01-17,HM50,32.7
2025-01-17,HM50,32.1
2025-01-17,HM50,36.7
2025-01-17,HM50,36.0
2025-01-17,HM50,35.7
2025-01-17,HM50,32.6
2025-01-17,HM50,34.8
2025-01-17,HM56,37.6
2025-01-17,HM56,40.1
2025-01-17,HM56,37.8
2025-01-17,HM56,34.4
2025-01-17,HM56,36.9
2025-01-17,HM56,39.1
2025-01-18,HM01,35.5
2025-01-18,HM01,36.8
2025-01-18,HM01,34.9
2025-01-18,HM12,37.6
2025-01-18,HM12,30.4
2025-01-18,HM12,36.1
2025-01-18,HM12,35.2
2025-01-18,HM13,29.1
2025-01-18,HM13,30.6
2025-01-18,HM14,14.5
2025-01-18,HM16,32.0
2025-01-18,HM16,33.0
2025-01-18,HM16,32.5
2025-01-18,HM16,32.1
2025-01-18,HM16,34.1
2025-01-18,HM20,32.0
2025-01-18,HM20,34.4
2025-01-18,HM20,35.3
2025-01-18,HM20,35.4
2025-01-18,HM20,33.1
2025-01-18,HM20,37.2
2025-01-18,HM20,30.9
2025-01-18,HM20,34.9
2025-01-18,HM20,33.1
2025-01-18,HM20,34.1
2025-01-18,HM25,27.2
2025-01-18,HM30,30.5
2025-01-18,HM30,29.9
2025-01-18,HM30,33.0
2025-01-18,HM36,36.5
2025-01-18,HM43,44.3
2025-01-18,HM43,43.8
2025-01-18,HM47,33.9
2025-01-18,HM47,33.9
2025-01-18,HM47,30.1
2025-01-18,HM47,30.8
2025-01-18,HM47,33.0
2025-01-18,HM50,36.8
2025-01-18,HM50,38.2
2025-01-18,HM50,35.7
2025-01-18,HM50,37.4
2025-01-18,HM50,36.6
2025-01-18,HM56,48.2
2025-01-19,HM01,52.2
2025-01-19,HM12,34.1
2025-01-19,HM12,33.0
2025-01-19,HM12,32.1
2025-01-19,HM12,34.6
2025-01-19,HM12,33.1
2025-01-19,HM12,31.9
2025-01-19,HM12,36.5
2025-01-19,HM13,46.5
2025-01-19,HM14,31.0
2025-01-19,HM14,32.7
2025-01-19,HM14,32.9
2025-01-19,HM16,44.3
2025-01-19,HM16,46.6
2025-01-19,HM20,29.9
2025-01-19,HM20,33.5
2025-01-19,HM25,35.0
2025-01-19,HM25,38.9
2025-01-19,HM25,39.8
2025-01-19,HM30,28.5
2025-01-19,HM36,30.9
2025-01-19,HM36,26.2
2025-01-19,HM36,30.5
2025-01-19,HM43,32.1
2025-01-19,HM43,33.0
2025-01-19,HM43,34.6
2025-01-19,HM43,30.8
2025-01-19,HM43,32.4
2025-01-19,HM47,32.8
2025-01-19,HM50,32.3
2025-01-19,HM50,30.8
2025-01-19,HM50,29.6
2025-01-19,HM50,32.7
2025-01-19,HM56,40.0
2025-01-19,HM56,39.6
2025-01-20,HM01,32.4
2025-01-20,HM01,28.4
2025-01-20,HM01,34.4
2025-01-20,HM01,31.3
2025-01-20,HM01,30.9
2025-01-20,HM12,33.4
2025-01-20,HM12,33.6
2025-01-20,HM12,38.6
2025-01-20,HM12,30.2
2025-01-20,HM12,33.2
2025-01-20,HM12,33.3
2025-01-20,HM13,32.7
2025-01-20,HM13,32.9
2025-01-20,HM13,33.9
2025-01-20,HM13,31.5
2025-01-20,HM13,33.0
2025-01-20,HM13,31.3
2025-01-20,HM13,36.0
2025-01-20,HM13,33.7
2025-01-20,HM14,43.2
2025-01-20,HM16,33.4
2025-01-20,HM16,31.4
2025-01-20,HM16,34.3
2025-01-20,HM16,33.2
2025-01-20,HM16,33.7
2025-01-20,HM16,33.7
2025-01-20,HM20,44.6
2025-01-20,HM20,40.1
2025-01-20,HM25,36.1
2025-01-20,HM25,34.9
2025-01-20,HM25,36.7
2025-01-20,HM25,35.5
2025-01-20,HM30,34.1
2025-01-20,HM30,38.3
2025-01-20,HM30,35.8
2025-01-20,HM30,36.6
2025-01-20,HM30,34.9
2025-01-20,HM30,33.4
2025-01-20,HM30,36.1
2025-01-20,HM36,38.5
2025-01-20,HM36,37.2
2025-01-20,HM43,32.7
2025-01-20,HM43,36.7
2025-01-20,HM43,35.7
2025-01-20,HM43,38.1
2025-01-20,HM43,34.4
2025-01-20,HM43,31.8
2025-01-20,HM43,31.9
2025-01-20,HM43,30.4
2025-01-20,HM43,33.0
2025-01-20,HM43,32.7
2025-01-20,HM47,34.6
2025-01-20,HM47,35.3
2025-01-20,HM47,34.7
2025-01-20,HM47,33.4
2025-01-20,HM47,33.5
2025-01-20,HM47,35.0
2025-01-20,HM50,44.2
2025-01-20,HM50,45.7
2025-01-20,HM56,30.5
2025-01-20,HM56,33.9
2025-01-21,HM01,37.7
2025-01-21,HM01,38.3
2025-01-21,HM01,39.4
2025-01-21,HM01,37.0
2025-01-21,HM01,35.9
2025-01-21,HM12,36.9
2025-01-21,HM12,34.3
2025-01-21,HM12,37.4
2025-01-21,HM12,35.7
2025-01-21,HM12,37.3
2025-01-21,HM12,35.5
2025-01-21,HM13,39.3
2025-01-21,HM13,33.8
2025-01-21,HM13,36.5
2025-01-21,HM13,38.7
2025-01-21,HM13,34.3
2025-01-21,HM13,39.0
2025-01-21,HM13,36.6
2025-01-21,HM14,20.1
2025-01-21,HM16,32.8
2025-01-21,HM16,35.2
2025-01-21,HM16,39.5
2025-01-21,HM20,34.8
2025-01-21,HM20,37.8
2025-01-21,HM20,39.6
2025-01-21,HM20,38.1
2025-01-21,HM20,35.6
2025-01-21,HM20,38.4
2025-01-21,HM20,37.3
2025-01-21,HM20,36.1
2025-01-21,HM20,36.6
2025-01-21,HM20,35.2
2025-01-21,HM25,34.0
2025-01-21,HM25,32.7
2025-01-21,HM25,34.5
2025-01-21,HM25,34.4
2025-01-21,HM25,34.8
2025-01-21,HM36,31.3
2025-01-21,HM36,32.6
2025-01-21,HM36,32.8
2025-01-21,HM36,32.5
2025-01-21,HM43,30.9
2025-01-21,HM43,30.2
2025-01-21,HM43,34.3
2025-01-21,HM47,37.1
2025-01-21,HM47,37.5
2025-01-21,HM47,35.4
2025-01-21,HM47,35.4
2025-01-21,HM50,34.4
2025-01-21,HM56,36.0
2025-01-21,HM56,36.6
2025-01-21,HM56,34.5
2025-01-21,HM56,37.3
2025-01-21,HM56,35.8
2025-01-22,HM01,44.5
2025-01-22,HM01,40.8
2025-01-22,HM12,35.1
2025-01-22,HM12,40.5
2025-01-22,HM12,37.9
2025-01-22,HM13,31.3
2025-01-22,HM14,36.8
2025-01-22,HM14,34.2
2025-01-22,HM14,32.6
2025-01-22,HM14,36.5
2025-01-22,HM14,35.2
2025-01-22,HM16,18.4
2025-01-22,HM20,37.4
2025-01-22,HM20,35.5
2025-01-22,HM20,37.3
2025-01-22,HM20,38.5
2025-01-22,HM25,32.4
2025-01-22,HM25,35.2
2025-01-22,HM36,31.2
2025-01-22,HM36,32.8
2025-01-22,HM36,31.8
2025-01-22,HM43,33.3
2025-01-22,HM43,37.4
2025-01-22,HM43,38.6
2025-01-22,HM47,37.2
2025-01-22,HM47,36.9
2025-01-22,HM47,37.3
2025-01-22,HM47,35.8
2025-01-22,HM47,35.4
2025-01-22,HM47,35.6
2025-01-22,HM47,40.3
2025-01-22,HM50,28.0
2025-01-22,HM50,27.1
2025-01-22,HM56,39.8
2025-01-23,HM01,34.6
2025-01-23,HM01,33.2
2025-01-23,HM01,29.4
2025-01-23,HM12,36.4
2025-01-23,HM12,37.5
2025-01-23,HM12,35.6
2025-01-23,HM13,45.6
2025-01-23,HM14,31.6
2025-01-23,HM16,32.2
2025-01-23,HM16,30.5
2025-01-23,HM16,34.8
2025-01-23,HM16,34.9
2025-01-23,HM20,32.2
2025-01-23,HM20,32.0
2025-01-23,HM20,32.9
2025-01-23,HM20,33.8
2025-01-23,HM20,31.7
2025-01-23,HM20,35.6
2025-01-23,HM20,34.1
2025-01-23,HM25,31.7
2025-01-23,HM25,34.1
2025-01-23,HM30,33.1
2025-01-23,HM30,36.2
2025-01-23,HM36,38.3
2025-01-23,HM36,34.7
2025-01-23,HM36,38.8
2025-01-23,HM36,37.0
2025-01-23,HM36,31.7
2025-01-23,HM36,35.4
2025-01-23,HM43,37.3
2025-01-23,HM43,40.3
2025-01-23,HM43,40.4
2025-01-23,HM43,39.5
2025-01-23,HM47,34.0
2025-01-23,HM47,34.2
2025-01-23,HM47,34.6
2025-01-23,HM47,35.4
2025-01-23,HM47,36.0
2025-01-23,HM47,35.0
2025-01-23,HM47,34.3
2025-01-23,HM50,39.9
2025-01-23,HM50,35.9
2025-01-23,HM50,36.1
2025-01-23,HM50,37.9
2025-01-24,HM01,37.1
2025-01-24,HM01,36.1
2025-01-24,HM01,35.2
2025-01-24,HM01,33.9
2025-01-24,HM01,37.3
2025-01-24,HM01,33.1
2025-01-24,HM01,32.5
2025-01-24,HM01,32.0
2025-01-24,HM01,34.5
2025-01-24,HM01,34.9
2025-01-24,HM01,32.3
2025-01-24,HM12,33.8
2025-01-24,HM12,31.0
2025-01-24,HM12,30.0
2025-01-24,HM13,38.2
2025-01-24,HM13,36.9
2025-01-24,HM13,36.3
2025-01-24,HM13,38.8
2025-01-24,HM14,27.9
2025-01-24,HM14,28.0
2025-01-24,HM16,40.4
2025-01-24,HM16,40.0
2025-01-24,HM20,29.5
2025-01-24,HM20,34.3
2025-01-24,HM20,33.3
2025-01-24,HM20,31.8
2025-01-24,HM25,34.4
2025-01-24,HM25,34.3
2025-01-24,HM25,34.9
2025-01-24,HM25,33.7
2025-01-24,HM25,31.9
2025-01-24,HM25,34.3
2025-01-24,HM25,32.0
2025-01-24,HM30,36.3
2025-01-24,HM30,29.4
2025-01-24,HM30,31.7
2025-01-24,HM30,32.8
2025-01-24,HM36,44.6
2025-01-24,HM43,29.7
2025-01-24,HM43,30.2
2025-01-24,HM43,29.5
2025-01-24,HM43,32.9
2025-01-24,HM47,33.8
2025-01-24,HM47,32.6
2025-01-24,HM47,30.4
2025-01-24,HM47,38.1
2025-01-24,HM47,33.0
2025-01-24,HM50,37.3
2025-01-24,HM50,36.1
2025-01-24,HM50,37.6
2025-01-24,HM56,31.7
2025-01-24,HM56,28.1
2025-01-24,HM56,31.2
2025-01-24,HM56,35.9
2025-01-24,HM56,35.6
2025-01-25,HM01,37.2
2025-01-25,HM01,40.6
2025-01-25,HM01,39.5
2025-01-25,HM12,30.9
2025-01-25,HM12,32.5
2025-01-25,HM12,35.4
2025-01-25,HM13,34.9
2025-01-25,HM13,35.2
2025-01-25,HM13,33.1
2025-01-25,HM13,34.5
2025-01-25,HM13,29.8
2025-01-25,HM13,31.0
2025-01-25,HM14,26.8
2025-01-25,HM14,30.9
2025-01-25,HM14,34.6
2025-01-25,HM14,33.6
2025-01-25,HM14,33.0
2025-01-25,HM14,31.3
2025-01-25,HM16,32.6
2025-01-25,HM16,30.5
2025-01-25,HM16,33.4
2025-01-25,HM16,28.7
2025-01-25,HM16,31.8
2025-01-25,HM20,38.7
2025-01-25,HM20,37.2
2025-01-25,HM25,47.4
2025-01-25,HM30,21.4
2025-01-25,HM36,38.9
2025-01-25,HM43,36.0
2025-01-25,HM43,33.0
2025-01-25,HM43,39.1
2025-01-25,HM43,37.7
2025-01-25,HM43,35.9
2025-01-25,HM43,37.8
2025-01-25,HM43,36.2
2025-01-25,HM47,29.0
2025-01-25,HM47,27.8
2025-01-25,HM50,33.6
2025-01-25,HM50,32.1
2025-01-25,HM50,35.0
2025-01-25,HM50,31.4
2025-01-25,HM50,29.3
2025-01-25,HM50,30.8
2025-01-25,HM56,18.3
2025-01-26,HM01,31.5
2025-01-26,HM01,34.5
2025-01-26,HM01,32.8
2025-01-26,HM01,28.7
2025-01-26,HM01,30.3
2025-01-26,HM12,33.1
2025-01-26,HM12,31.5
2025-01-26,HM12,31.3
2025-01-26,HM12,31.0
2025-01-26,HM12,35.5
2025-01-26,HM12,30.5
2025-01-26,HM12,36.1
2025-01-26,HM13,39.8
2025-01-26,HM13,43.1
2025-01-26,HM14,36.7
2025-01-26,HM14,38.6
2025-01-26,HM14,37.9
2025-01-26,HM14,37.3
2025-01-26,HM14,33.5
2025-01-26,HM14,38.8
2025-01-26,HM14,36.1
2025-01-26,HM14,36.8
2025-01-26,HM14,38.3
2025-01-26,HM14,34.6
2025-01-26,HM14,36.8
2025-01-26,HM14,35.4
2025-01-26,HM16,34.6
2025-01-26,HM16,33.9
2025-01-26,HM16,32.9
2025-01-26,HM16,34.7
2025-01-26,HM16,34.9
2025-01-26,HM16,36.0
2025-01-26,HM16,31.8
2025-01-26,HM16,31.6
2025-01-26,HM16,35.5
2025-01-26,HM16,31.4
2025-01-26,HM16,35.8
2025-01-26,HM16,34.0
2025-01-26,HM20,31.5
2025-01-26,HM20,33.9
2025-01-26,HM25,49.1
2025-01-26,HM30,41.6
2025-01-26,HM30,39.0
2025-01-26,HM36,35.4
2025-01-26,HM43,32.0
2025-01-26,HM43,28.2
2025-01-26,HM43,36.2
2025-01-26,HM43,37.0
2025-01-26,HM47,31.2
2025-01-26,HM47,32.0
2025-01-26,HM47,32.0
2025-01-26,HM47,34.0
2025-01-26,HM50,40.5
2025-01-26,HM50,39.9
2025-01-26,HM50,40.5
2025-01-26,HM50,36.7
2025-01-26,HM50,35.3
2025-01-26,HM56,32.0
2025-01-26,HM56,33.4
2025-01-27,HM01,37.7
2025-01-27,HM01,35.2
2025-01-27,HM01,36.7
2025-01-27,HM01,36.2
2025-01-27,HM01,36.9
2025-01-27,HM12,28.9
2025-01-27,HM12,30.2
2025-01-27,HM12,35.3
2025-01-27,HM13,41.1
2025-01-27,HM13,41.4
2025-01-27,HM14,42.2
2025-01-27,HM14,40.8
2025-01-27,HM14,39.4
2025-01-27,HM14,38.4
2025-01-27,HM16,29.6
2025-01-27,HM16,30.8
2025-01-27,HM16,34.7
2025-01-27,HM20,50.1
2025-01-27,HM25,32.9
2025-01-27,HM25,32.7
2025-01-27,HM25,29.8
2025-01-27,HM30,24.6
2025-01-27,HM30,28.0
2025-01-27,HM30,30.7
2025-01-27,HM36,33.4
2025-01-27,HM36,33.9
2025-01-27,HM36,31.1
2025-01-27,HM36,30.8
2025-01-27,HM43,15.0
2025-01-27,HM47,31.4
2025-01-27,HM47,33.1
2025-01-27,HM47,31.6
2025-01-27,HM50,36.8
2025-01-27,HM50,37.1
2025-01-27,HM50,37.5
2025-01-27,HM50,34.7
2025-01-27,HM50,34.8
2025-01-27,HM50,37.5
2025-01-27,HM50,36.5
2025-01-27,HM56,34.0
2025-01-27,HM56,40.1
2025-01-27,HM56,31.9
2025-01-28,HM01,30.5
2025-01-28,HM01,31.4
2025-01-28,HM01,30.0
2025-01-28,HM01,31.2
2025-01-28,HM12,35.3
2025-01-28,HM12,35.5
2025-01-28,HM12,37.1
2025-01-28,HM12,35.0
2025-01-28,HM13,34.5
2025-01-28,HM13,42.6
2025-01-28,HM13,35.1
2025-01-28,HM13,34.5
2025-01-28,HM13,32.7
2025-01-28,HM13,33.4
2025-01-28,HM13,34.8
2025-01-28,HM13,33.4
2025-01-28,HM14,29.4
2025-01-28,HM14,31.6
2025-01-28,HM16,32.7
2025-01-28,HM16,34.1
2025-01-28,HM16,30.7
2025-01-28,HM16,36.6
2025-01-28,HM16,32.0
2025-01-28,HM20,25.0
2025-01-28,HM30,43.9
2025-01-28,HM36,33.2
2025-01-28,HM36,31.6
2025-01-28,HM43,33.5
2025-01-28,HM43,29.7
2025-01-28,HM47,34.5
2025-01-28,HM47,34.9
2025-01-28,HM47,37.7
2025-01-28,HM47,34.4
2025-01-28,HM50,36.2
2025-01-29,HM01,32.0
2025-01-29,HM01,32.7
2025-01-29,HM01,32.7
2025-01-29,HM01,32.9
2025-01-29,HM12,41.1
2025-01-29,HM12,39.6
2025-01-29,HM13,18.5
2025-01-29,HM14,31.9
2025-01-29,HM14,32.7
2025-01-29,HM14,32.2
2025-01-29,HM14,33.2
2025-01-29,HM16,39.5
2025-01-29,HM16,42.3
2025-01-29,HM20,34.2
2025-01-29,HM20,32.0
2025-01-29,HM20,35.2
2025-01-29,HM25,35.0
2025-01-29,HM25,37.7
2025-01-29,HM25,39.2
2025-01-29,HM30,34.6
2025-01-29,HM36,32.0
2025-01-29,HM43,40.1
2025-01-29,HM43,38.2
2025-01-29,HM43,33.9
2025-01-29,HM47,35.4
2025-01-29,HM47,34.9
2025-01-29,HM47,34.3
2025-01-29,HM47,31.3
2025-01-29,HM47,31.1
2025-01-29,HM47,34.5
2025-01-29,HM50,35.5
2025-01-29,HM56,33.0
2025-01-29,HM56,31.6
2025-01-29,HM56,33.7
2025-01-29,HM56,31.6
2025-01-30,HM01,46.9
2025-01-30,HM12,36.5
2025-01-30,HM12,38.4
2025-01-30,HM12,34.6
2025-01-30,HM12,35.9
2025-01-30,HM13,39.8
2025-01-30,HM13,40.0
2025-01-30,HM13,43.4
2025-01-30,HM14,38.2
2025-01-30,HM14,37.5
2025-01-30,HM16,39.9
2025-01-30,HM16,39.7
2025-01-30,HM16,36.5
2025-01-30,HM20,37.7
2025-01-30,HM25,35.7
2025-01-30,HM36,34.6
2025-01-30,HM36,35.2
2025-01-30,HM36,36.3
2025-01-30,HM36,33.4
2025-01-30,HM36,32.0
2025-01-30,HM36,34.5
2025-01-30,HM43,28.9
2025-01-30,HM43,32.1
2025-01-30,HM43,33.8
2025-01-30,HM47,35.0
2025-01-30,HM47,37.3
2025-01-30,HM50,35.9
2025-01-30,HM50,38.7
2025-01-30,HM50,39.3
2025-01-30,HM50,34.5
2025-01-30,HM50,36.1
2025-01-30,HM50,35.1
2025-01-30,HM50,33.5
2025-01-30,HM56,34.1
2025-01-30,HM56,28.9
2025-01-31,HM01,37.9
2025-01-31,HM01,39.1
2025-01-31,HM12,42.3
2025-01-31,HM12,36.0
2025-01-31,HM12,39.9
2025-01-31,HM12,37.3
2025-01-31,HM13,32.9
2025-01-31,HM13,35.7
2025-01-31,HM13,36.8
2025-01-31,HM13,30.0
2025-01-31,HM14,34.7
2025-01-31,HM14,39.8
2025-01-31,HM14,33.3
2025-01-31,HM16,27.0
2025-01-31,HM20,39.8
2025-01-31,HM25,38.9
2025-01-31,HM30,36.7
2025-01-31,HM30,32.6
2025-01-31,HM30,37.7
2025-01-31,HM30,38.5
2025-01-31,HM30,32.0
2025-01-31,HM30,38.7
2025-01-31,HM30,38.1
2025-01-31,HM30,35.4
2025-01-31,HM36,37.3
2025-01-31,HM36,36.7
2025-01-31,HM36,37.1
2025-01-31,HM43,31.8
2025-01-31,HM43,28.9
2025-01-31,HM47,40.6
2025-01-31,HM47,36.5
2025-01-31,HM47,32.2
2025-01-31,HM47,36.7
2025-01-31,HM47,37.1
2025-01-31,HM50,27.7
2025-01-31,HM50,31.3
2025-01-31,HM50,30.8
2025-01-31,HM56,32.4
2025-01-31,HM56,30.9
2025-01-31,HM56,30.5
2025-01-31,HM56,31.8
2025-02-01,HM01,33.7
2025-02-01,HM01,35.6
2025-02-01,HM01,35.0
2025-02-01,HM01,33.2
2025-02-01,HM01,36.5
2025-02-01,HM01,42.4
2025-02-01,HM01,37.4
2025-02-01,HM01,35.4
2025-02-01,HM01,37.0
2025-02-01,HM01,36.0
2025-02-01,HM01,37.3
2025-02-01,HM01,36.5
2025-02-01,HM12,33.2
2025-02-01,HM12,33.8
2025-02-01,HM12,37.7
2025-02-01,HM12,36.3
2025-02-01,HM12,39.2
2025-02-01,HM13,38.8
2025-02-01,HM13,38.0
2025-02-01,HM13,38.0
2025-02-01,HM13,40.5
2025-02-01,HM13,39.5
2025-02-01,HM13,36.0
2025-02-01,HM13,38.8
2025-02-01,HM14,36.0
2025-02-01,HM14,37.0
2025-02-01,HM14,36.2
2025-02-01,HM14,37.1
2025-02-01,HM16,37.7
2025-02-01,HM20,40.1
2025-02-01,HM25,25.4
2025-02-01,HM30,32.3
2025-02-01,HM30,36.2
2025-02-01,HM30,35.3
2025-02-01,HM30,38.4
2025-02-01,HM30,33.9
2025-02-01,HM36,40.7
2025-02-01,HM36,43.1
2025-02-01,HM43,31.6
2025-02-01,HM43,32.3
2025-02-01,HM43,32.9
2025-02-01,HM43,32.7
2025-02-01,HM43,35.7
2025-02-01,HM43,32.8
2025-02-01,HM43,36.0
2025-02-01,HM50,43.2
2025-02-01,HM50,44.6
2025-02-01,HM56,35.0
2025-02-02,HM01,38.6
2025-02-02,HM01,36.3
2025-02-02,HM01,37.5
2025-02-02,HM01,38.8
2025-02-02,HM01,37.8
2025-02-02,HM12,40.3
2025-02-02,HM12,43.6
2025-02-02,HM13,27.6
2025-02-02,HM13,30.5
2025-02-02,HM13,27.1
2025-02-02,HM14,38.8
2025-02-02,HM14,37.2
2025-02-02,HM14,35.9
2025-02-02,HM16,32.1
2025-02-02,HM16,39.8
2025-02-02,HM16,35.8
2025-02-02,HM16,39.2
2025-02-02,HM16,35.1
2025-02-02,HM16,39.2
2025-02-02,HM16,34.9
2025-02-02,HM20,29.9
2025-02-02,HM30,41.4
2025-02-02,HM30,42.3
2025-02-02,HM36,34.2
2025-02-02,HM36,31.0
2025-02-02,HM36,33.5
2025-02-02,HM36,35.0
2025-02-02,HM43,30.6
2025-02-02,HM43,33.3
2025-02-02,HM43,31.5
2025-02-02,HM43,30.5
2025-02-02,HM47,43.4
2025-02-02,HM47,45.7
2025-02-02,HM50,32.0
2025-02-02,HM50,29.9
2025-02-02,HM50,29.8
2025-02-02,HM50,34.7
2025-02-02,HM56,38.8
2025-02-02,HM56,37.0
2025-02-02,HM56,38.9
2025-02-02,HM56,36.4
2025-02-02,HM56,33.7
2025-02-03,HM01,34.9
2025-02-03,HM01,34.8
2025-02-03,HM01,29.5
2025-02-03,HM01,34.9
2025-02-03,HM12,32.0
2025-02-03,HM12,34.9
2025-02-03,HM12,29.0
2025-02-03,HM12,34.0
2025-02-03,HM12,29.8
2025-02-03,HM13,36.6
2025-02-03,HM13,37.4
2025-02-03,HM13,42.4
2025-02-03,HM14,27.7
2025-02-03,HM14,28.0
2025-02-03,HM16,33.5
2025-02-03,HM16,31.3
2025-02-03,HM16,30.0
2025-02-03,HM16,32.8
2025-02-03,HM20,29.7
2025-02-03,HM20,25.2
2025-02-03,HM25,35.6
2025-02-03,HM25,38.1
2025-02-03,HM30,35.8
2025-02-03,HM30,37.7
2025-02-03,HM36,36.6
2025-02-03,HM36,36.6
2025-02-03,HM36,33.4
2025-02-03,HM36,35.2
2025-02-03,HM36,38.6
2025-02-03,HM36,38.6
2025-02-03,HM43,37.0
2025-02-03,HM43,33.8
2025-02-03,HM47,29.9
2025-02-03,HM47,31.6
2025-02-03,HM47,29.3
2025-02-03,HM47,32.0
2025-02-03,HM50,34.0
2025-02-03,HM50,29.8
2025-02-03,HM50,34.0
2025-02-03,HM50,33.2
2025-02-03,HM50,33.4
2025-02-03,HM56,32.5
2025-02-03,HM56,34.8
2025-02-03,HM56,36.8
2025-02-03,HM56,35.9
2025-02-03,HM56,31.8
2025-02-03,HM56,37.3
2025-02-04,HM01,43.9
2025-02-04,HM12,31.6
2025-02-04,HM12,33.2
2025-02-04,HM12,33.8
2025-02-04,HM12,32.9
2025-02-04,HM12,31.2
2025-02-04,HM12,35.3
2025-02-04,HM12,34.9
2025-02-04,HM12,33.0
2025-02-04,HM12,35.1
2025-02-04,HM12,34.3
2025-02-04,HM13,38.2
2025-02-04,HM13,40.4
2025-02-04,HM14,32.4
2025-02-04,HM14,27.6
2025-02-04,HM14,30.8
2025-02-04,HM16,30.3
2025-02-04,HM16,30.0
2025-02-04,HM16,26.8
2025-02-04,HM20,31.6
2025-02-04,HM20,31.4
2025-02-04,HM20,32.9
2025-02-04,HM25,37.6
2025-02-04,HM25,35.1
2025-02-04,HM25,37.6
2025-02-04,HM25,35.6
2025-02-04,HM25,35.6
2025-02-04,HM30,42.2
2025-02-04,HM30,42.8
2025-02-04,HM36,25.4
2025-02-04,HM36,28.3
2025-02-04,HM43,48.2
2025-02-04,HM47,41.1
2025-02-04,HM47,41.0
2025-02-04,HM50,49.3
2025-02-04,HM56,37.2
2025-02-04,HM56,41.9
2025-02-04,HM56,38.9
2025-02-05,HM01,37.6
2025-02-05,HM01,35.0
2025-02-05,HM01,36.3
2025-02-05,HM01,38.1
2025-02-05,HM01,35.8
2025-02-05,HM01,36.0
2025-02-05,HM01,32.9
2025-02-05,HM12,30.9
2025-02-05,HM12,27.2
2025-02-05,HM13,17.2
2025-02-05,HM14,37.8
2025-02-05,HM14,33.9
2025-02-05,HM14,41.7
2025-02-05,HM16,36.4
2025-02-05,HM16,29.6
2025-02-05,HM16,29.1
2025-02-05,HM16,37.2
2025-02-05,HM20,35.0
2025-02-05,HM20,35.0
2025-02-05,HM20,34.5
2025-02-05,HM25,33.4
2025-02-05,HM25,35.6
2025-02-05,HM25,29.9
2025-02-05,HM25,35.3
2025-02-05,HM30,39.7
2025-02-05,HM36,39.0
2025-02-05,HM36,38.6
2025-02-05,HM36,39.7
2025-02-05,HM36,39.0
2025-02-05,HM36,40.6
2025-02-05,HM43,48.3
2025-02-05,HM47,22.6
2025-02-05,HM50,41.7
2025-02-05,HM50,42.0
2025-02-05,HM56,37.9
2025-02-05,HM56,39.3
2025-02-05,HM56,37.5
2025-02-05,HM56,33.2
2025-02-05,HM56,36.7
2025-02-06,HM01,37.1
2025-02-06,HM01,35.3
2025-02-06,HM01,34.6
2025-02-06,HM12,37.9
2025-02-06,HM12,38.0
2025-02-06,HM12,38.7
2025-02-06,HM13,32.0
2025-02-06,HM13,31.3
2025-02-06,HM13,29.8
2025-02-06,HM14,29.2
2025-02-06,HM14,28.8
2025-02-06,HM16,27.9
2025-02-06,HM20,39.2
2025-02-06,HM20,35.4
2025-02-06,HM20,39.1
2025-02-06,HM25,28.2
2025-02-06,HM25,28.6
2025-02-06,HM30,38.7
2025-02-06,HM30,36.9
2025-02-06,HM36,34.0
2025-02-06,HM36,31.9
2025-02-06,HM36,36.0
2025-02-06,HM36,30.8
2025-02-06,HM43,40.9
2025-02-06,HM47,27.4
2025-02-06,HM50,40.3
2025-02-06,HM50,35.7
2025-02-06,HM50,34.2
2025-02-06,HM50,33.2
2025-02-06,HM56,36.0
2025-02-06,HM56,34.1
2025-02-06,HM56,32.3
2025-02-06,HM56,35.1
2025-02-06,HM56,34.1
2025-02-07,HM01,47.0
2025-02-07,HM12,34.9
2025-02-07,HM12,38.2
2025-02-07,HM12,30.8
2025-02-07,HM12,32.7
2025-02-07,HM12,33.6
2025-02-07,HM12,35.6
2025-02-07,HM12,33.8
2025-02-07,HM13,36.9
2025-02-07,HM13,35.2
2025-02-07,HM13,39.6
2025-02-07,HM14,27.7
2025-02-07,HM14,27.3
2025-02-07,HM16,42.9
2025-02-07,HM20,35.1
2025-02-07,HM20,33.5
2025-02-07,HM20,36.5
2025-02-07,HM20,34.1
2025-02-07,HM25,32.4
2025-02-07,HM25,33.4
2025-02-07,HM25,29.3
2025-02-07,HM30,12.2
2025-02-07,HM36,38.9
2025-02-07,HM36,37.7
2025-02-07,HM43,35.8
2025-02-07,HM43,35.7
2025-02-07,HM47,32.0
2025-02-07,HM50,43.0
2025-02-07,HM50,42.6
2025-02-07,HM56,34.5
2025-02-07,HM56,33.6
2025-02-07,HM56,30.8
2025-02-07,HM56,33.0
2025-02-08,HM01,32.2
2025-02-08,HM01,36.2
2025-02-08,HM01,37.5
2025-02-08,HM01,36.9
2025-02-08,HM12,45.2
2025-02-08,HM12,39.2
2025-02-08,HM13,40.8
2025-02-08,HM13,37.0
2025-02-08,HM13,40.5
2025-02-08,HM14,34.7
2025-02-08,HM14,40.0
2025-02-08,HM14,39.1
2025-02-08,HM14,32.3
2025-02-08,HM14,35.1
2025-02-08,HM14,34.9
2025-02-08,HM14,35.9
2025-02-08,HM14,37.0
2025-02-08,HM14,37.1
2025-02-08,HM14,36.3
2025-02-08,HM14,34.2
2025-02-08,HM14,36.2
2025-02-08,HM16,30.4
2025-02-08,HM16,30.4
2025-02-08,HM16,29.2
2025-02-08,HM20,42.1
2025-02-08,HM30,33.2
2025-02-08,HM30,37.3
2025-02-08,HM30,35.6
2025-02-08,HM30,37.7
2025-02-08,HM30,34.6
2025-02-08,HM30,36.8
2025-02-08,HM30,34.7
2025-02-08,HM36,35.0
2025-02-08,HM36,35.6
2025-02-08,HM36,35.3
2025-02-08,HM43,41.4
2025-02-08,HM43,41.5
2025-02-08,HM47,24.2
2025-02-08,HM50,12.9
2025-02-08,HM56,33.7
2025-02-08,HM56,34.1
2025-02-09,HM01,27.8
2025-02-09,HM12,30.8
2025-02-09,HM12,33.8
2025-02-09,HM12,35.0
2025-02-09,HM13,36.0
2025-02-09,HM13,38.5
2025-02-09,HM13,40.8
2025-02-09,HM14,27.9
2025-02-09,HM14,24.3
2025-02-09,HM16,31.4
2025-02-09,HM16,34.6
2025-02-09,HM20,24.3
2025-02-09,HM25,35.1
2025-02-09,HM25,32.7
2025-02-09,HM25,34.7
2025-02-09,HM25,32.7
2025-02-09,HM25,37.9
2025-02-09,HM25,35.3
2025-02-09,HM25,37.1
2025-02-09,HM25,33.5
2025-02-09,HM25,34.4
2025-02-09,HM30,25.9
2025-02-09,HM30,29.9
2025-02-09,HM30,29.5
2025-02-09,HM36,39.3
2025-02-09,HM43,32.6
2025-02-09,HM47,36.2
2025-02-09,HM47,34.5
2025-02-09,HM47,35.6
2025-02-09,HM47,40.8
2025-02-09,HM47,39.7
2025-02-09,HM50,28.2
2025-02-09,HM50,29.4
2025-02-09,HM50,30.0
2025-02-09,HM56,33.0
2025-02-09,HM56,33.5
2025-02-10,HM01,38.8
2025-02-10,HM01,36.5
2025-02-10,HM01,40.7
2025-02-10,HM01,38.7
2025-02-10,HM12,38.1
2025-02-10,HM12,37.0
2025-02-10,HM12,37.4
2025-02-10,HM13,36.0
2025-02-10,HM13,37.8
2025-02-10,HM14,52.4
2025-02-10,HM16,29.9
2025-02-10,HM16,34.7
2025-02-10,HM16,35.9
2025-02-10,HM16,38.4
2025-02-10,HM16,33.0
2025-02-10,HM16,32.9
2025-02-10,HM20,10.9
2025-02-10,HM25,17.4
2025-02-10,HM30,33.8
2025-02-10,HM30,35.2
2025-02-10,HM30,31.7
2025-02-10,HM30,36.4
2025-02-10,HM30,34.8
2025-02-10,HM30,32.0
2025-02-10,HM30,36.0
2025-02-10,HM30,34.4
2025-02-10,HM30,33.2
2025-02-10,HM30,33.8
2025-02-10,HM36,35.7
2025-02-10,HM36,36.5
2025-02-10,HM43,47.5
2025-02-10,HM47,36.3
2025-02-10,HM50,32.3
2025-02-10,HM56,17.0
2025-02-11,HM01,41.6
2025-02-11,HM01,36.2
2025-02-11,HM12,42.0
2025-02-11,HM12,42.4
2025-02-11,HM13,28.9
2025-02-11,HM13,31.4
2025-02-11,HM13,26.4
2025-02-11,HM14,37.6
2025-02-11,HM14,32.5
2025-02-11,HM14,37.6
2025-02-11,HM16,40.1
2025-02-11,HM16,37.2
2025-02-11,HM20,36.3
2025-02-11,HM20,38.5
2025-02-11,HM25,43.2
2025-02-11,HM25,44.4
2025-02-11,HM36,34.6
2025-02-11,HM36,36.3
2025-02-11,HM43,38.7
2025-02-11,HM43,40.6
2025-02-11,HM43,35.2
2025-02-11,HM47,36.0
2025-02-11,HM47,36.3
2025-02-11,HM47,34.1
2025-02-11,HM47,37.7
2025-02-11,HM50,31.0
2025-02-11,HM50,26.8
2025-02-11,HM56,35.5
2025-02-11,HM56,35.9
2025-02-12,HM01,35.2
2025-02-12,HM01,33.8
2025-02-12,HM01,32.9
2025-02-12,HM01,38.1
2025-02-12,HM01,36.0
2025-02-12,HM12,28.9
2025-02-12,HM13,39.2
2025-02-12,HM13,39.5
2025-02-12,HM13,38.1
2025-02-12,HM13,40.7
2025-02-12,HM14,42.4
2025-02-12,HM16,37.0
2025-02-12,HM16,34.8
2025-02-12,HM16,35.9
2025-02-12,HM16,36.3
2025-02-12,HM16,38.2
2025-02-12,HM20,37.6
2025-02-12,HM20,40.5
2025-02-12,HM25,48.2
2025-02-12,HM30,19.6
2025-02-12,HM36,44.7
2025-02-12,HM43,27.2
2025-02-12,HM47,28.0
2025-02-12,HM47,31.6
2025-02-12,HM47,31.1
2025-02-12,HM50,21.9
2025-02-12,HM56,19.3
2025-02-13,HM01,30.6
2025-02-13,HM12,35.2
2025-02-13,HM12,36.8
2025-02-13,HM12,36.8
2025-02-13,HM12,36.4
2025-02-13,HM12,37.5
2025-02-13,HM13,30.0
2025-02-13,HM13,35.5
2025-02-13,HM13,34.9
2025-02-13,HM13,31.8
2025-02-13,HM13,32.6
2025-02-13,HM13,32.2
2025-02-13,HM13,33.9
2025-02-13,HM13,35.1
2025-02-13,HM13,30.5
2025-02-13,HM13,34.2
2025-02-13,HM14,36.9
2025-02-13,HM14,37.1
2025-02-13,HM14,34.2
2025-02-13,HM14,31.6
2025-02-13,HM14,32.7
2025-02-13,HM14,36.7
2025-02-13,HM14,30.2
2025-02-13,HM14,38.3
2025-02-13,HM14,32.7
2025-02-13,HM14,34.8
2025-02-13,HM16,36.5
2025-02-13,HM16,35.6
2025-02-13,HM16,34.8
2025-02-13,HM16,40.4
2025-02-13,HM16,40.0
2025-02-13,HM16,39.0
2025-02-13,HM16,36.8
2025-02-13,HM20,19.4
2025-02-13,HM30,32.0
2025-02-13,HM30,32.5
2025-02-13,HM30,31.9
2025-02-13,HM30,34.2
2025-02-13,HM30,34.8
2025-02-13,HM30,32.0
2025-02-13,HM30,31.5
2025-02-13,HM30,31.2
2025-02-13,HM43,41.9
2025-02-13,HM43,37.6
2025-02-13,HM47,31.9
2025-02-13,HM47,31.5
2025-02-13,HM47,32.1
2025-02-13,HM47,30.9
2025-02-13,HM50,32.0
2025-02-13,HM50,28.1
2025-02-13,HM50,30.8
2025-02-13,HM56,32.9
2025-02-13,HM56,36.7
2025-02-13,HM56,36.6
2025-02-13,HM56,36.2
2025-02-13,HM56,34.6
2025-02-14,HM01,36.6
2025-02-14,HM01,34.6
2025-02-14,HM01,36.6
2025-02-14,HM01,33.0
2025-02-14,HM01,31.7
2025-02-14,HM01,33.1
2025-02-14,HM12,38.3
2025-02-14,HM12,40.7
2025-02-14,HM12,37.6
2025-02-14,HM13,42.1
2025-02-14,HM13,41.2
2025-02-14,HM14,38.1
2025-02-14,HM14,38.5
2025-02-14,HM14,37.7
2025-02-14,HM14,38.9
2025-02-14,HM16,31.8
2025-02-14,HM16,31.2
2025-02-14,HM16,28.7
2025-02-14,HM20,28.2
2025-02-14,HM20,29.4
2025-02-14,HM20,31.9
2025-02-14,HM20,31.0
2025-02-14,HM25,26.3
2025-02-14,HM25,26.4
2025-02-14,HM30,25.2
2025-02-14,HM30,25.6
2025-02-14,HM36,32.4
2025-02-14,HM36,31.5
2025-02-14,HM36,31.0
2025-02-14,HM36,28.8
2025-02-14,HM43,37.7
2025-02-14,HM43,42.9
2025-02-14,HM43,41.7
2025-02-14,HM43,38.6
2025-02-14,HM47,31.7
2025-02-14,HM47,33.8
2025-02-14,HM47,33.9
2025-02-14,HM47,30.3
2025-02-14,HM50,37.3
2025-02-14,HM50,36.6
2025-02-14,HM56,34.4
2025-02-14,HM56,35.2
2025-02-14,HM56,30.8
2025-02-14,HM56,34.2
2025-02-15,HM01,36.9
2025-02-15,HM01,36.2
2025-02-15,HM12,35.7
2025-02-15,HM12,29.5
2025-02-15,HM12,34.7
2025-02-15,HM12,32.4
2025-02-15,HM12,29.4
2025-02-15,HM13,30.6
2025-02-15,HM13,34.8
2025-02-15,HM13,36.4
2025-02-15,HM13,33.8
2025-02-15,HM13,31.9
2025-02-15,HM13,33.7
2025-02-15,HM13,31.0
2025-02-15,HM14,39.5
2025-02-15,HM14,36.9
2025-02-15,HM14,40.8
2025-02-15,HM16,25.8
2025-02-15,HM16,27.7
2025-02-15,HM25,28.5
2025-02-15,HM25,28.2
2025-02-15,HM30,27.7
2025-02-15,HM30,31.4
2025-02-15,HM43,30.3
2025-02-15,HM43,36.0
2025-02-15,HM43,33.5
2025-02-15,HM43,30.5
2025-02-15,HM47,34.9
2025-02-15,HM47,36.4
2025-02-15,HM47,39.5
2025-02-15,HM47,35.4
2025-02-15,HM47,37.4
2025-02-15,HM47,31.8
2025-02-15,HM47,38.7
2025-02-15,HM47,36.6
2025-02-15,HM47,34.8
2025-02-15,HM47,35.3
2025-02-15,HM47,34.0
2025-02-15,HM47,35.2
2025-02-15,HM50,35.9
2025-02-15,HM50,33.2
2025-02-15,HM56,34.0
2025-02-15,HM56,33.6
2025-02-15,HM56,33.5
2025-02-16,HM12,37.1
2025-02-16,HM12,37.8
2025-02-16,HM12,39.5
2025-02-16,HM13,36.4
2025-02-16,HM13,39.3
2025-02-16,HM13,35.5
2025-02-16,HM13,34.6
2025-02-16,HM13,34.2
2025-02-16,HM13,36.1
2025-02-16,HM13,33.9
2025-02-16,HM14,34.3
2025-02-16,HM14,35.3
2025-02-16,HM14,33.8
2025-02-16,HM16,33.9
2025-02-16,HM16,34.6
2025-02-16,HM16,33.3
2025-02-16,HM16,32.9
2025-02-16,HM20,41.3
2025-02-16,HM20,37.9
2025-02-16,HM20,38.1
2025-02-16,HM25,27.8
2025-02-16,HM25,26.8
2025-02-16,HM25,30.8
2025-02-16,HM30,43.2
2025-02-16,HM36,16.1
2025-02-16,HM43,31.6
2025-02-16,HM43,33.8
2025-02-16,HM43,29.6
2025-02-16,HM43,32.8
2025-02-16,HM47,38.8
2025-02-16,HM47,42.6
2025-02-16,HM50,38.7
2025-02-16,HM50,36.6
2025-02-16,HM50,33.9
2025-02-16,HM56,34.1
2025-02-16,HM56,32.7
2025-02-16,HM56,37.2
2025-02-16,HM56,37.3
2025-02-16,HM56,35.3
2025-02-17,HM01,31.1
2025-02-17,HM01,35.5
2025-02-17,HM01,28.6
2025-02-17,HM12,22.9
2025-02-17,HM13,35.2
2025-02-17,HM13,32.6
2025-02-17,HM13,36.0
2025-02-17,HM13,32.6
2025-02-17,HM14,37.3
2025-02-17,HM14,35.6
2025-02-17,HM16,33.3
2025-02-17,HM16,32.4
2025-02-17,HM16,28.4
2025-02-17,HM16,29.0
2025-02-17,HM20,38.9
2025-02-17,HM20,35.7
2025-02-17,HM20,32.9
2025-02-17,HM20,38.4
2025-02-17,HM25,33.6
2025-02-17,HM25,32.9
2025-02-17,HM30,32.9
2025-02-17,HM30,32.4
2025-02-17,HM30,28.5
2025-02-17,HM30,32.4
2025-02-17,HM43,38.9
2025-02-17,HM43,39.0
2025-02-17,HM47,51.0
2025-02-17,HM50,26.3
2025-02-17,HM50,26.6
2025-02-17,HM56,39.6
2025-02-17,HM56,34.8
2025-02-17,HM56,33.4
2025-02-18,HM01,30.9
2025-02-18,HM01,33.9
2025-02-18,HM01,34.5
2025-02-18,HM01,36.6
2025-02-18,HM01,33.2
2025-02-18,HM01,33.0
2025-02-18,HM01,31.8
2025-02-18,HM01,30.8
2025-02-18,HM01,32.7
2025-02-18,HM01,34.2
2025-02-18,HM12,36.1
2025-02-18,HM12,38.7
2025-02-18,HM12,33.4
2025-02-18,HM12,36.5
2025-02-18,HM12,32.3
2025-02-18,HM13,35.7
2025-02-18,HM14,33.1
2025-02-18,HM14,33.3
2025-02-18,HM14,35.8
2025-02-18,HM14,35.8
2025-02-18,HM14,32.3
2025-02-18,HM14,28.5
2025-02-18,HM14,37.4
2025-02-18,HM14,34.8
2025-02-18,HM16,33.2
2025-02-18,HM16,36.6
2025-02-18,HM16,34.1
2025-02-18,HM16,34.7
2025-02-18,HM20,31.1
2025-02-18,HM20,34.4
2025-02-18,HM20,30.2
2025-02-18,HM20,35.7
2025-02-18,HM20,27.5
2025-02-18,HM25,28.2
2025-02-18,HM25,26.3
2025-02-18,HM25,28.7
2025-02-18,HM30,43.6
2025-02-18,HM30,45.1
2025-02-18,HM36,34.8
2025-02-18,HM36,34.7
2025-02-18,HM36,33.0
2025-02-18,HM36,35.2
2025-02-18,HM36,33.1
2025-02-18,HM43,40.8
2025-02-18,HM47,26.8
2025-02-18,HM47,26.0
2025-02-18,HM50,40.2
2025-02-18,HM50,41.5
2025-02-18,HM56,34.2
2025-02-18,HM56,39.3
2025-02-18,HM56,38.4
2025-02-18,HM56,35.9
2025-02-18,HM56,38.1
2025-02-18,HM56,37.6
2025-02-19,HM01,36.3
2025-02-19,HM01,33.6
2025-02-19,HM12,41.1
2025-02-19,HM12,36.1
2025-02-19,HM12,36.9
2025-02-19,HM13,26.0
2025-02-19,HM13,31.1
2025-02-19,HM14,36.4
2025-02-19,HM14,33.1
2025-02-19,HM14,39.3
2025-02-19,HM14,35.4
2025-02-19,HM14,36.3
2025-02-19,HM14,34.7
2025-02-19,HM14,35.3
2025-02-19,HM14,32.1
2025-02-19,HM14,32.4
2025-02-19,HM14,29.0
2025-02-19,HM14,31.1
2025-02-19,HM16,33.3
2025-02-19,HM20,23.9
2025-02-19,HM25,35.6
2025-02-19,HM25,37.3
2025-02-19,HM25,36.1
2025-02-19,HM25,37.0
2025-02-19,HM30,35.8
2025-02-19,HM30,36.1
2025-02-19,HM30,35.9
2025-02-19,HM36,36.0
2025-02-19,HM36,37.8
2025-02-19,HM36,35.8
2025-02-19,HM43,45.5
2025-02-19,HM47,41.0
2025-02-19,HM47,41.5
2025-02-19,HM50,30.5
2025-02-19,HM56,33.4
2025-02-19,HM56,37.4
2025-02-19,HM56,36.0
2025-02-19,HM56,34.7
2025-02-19,HM56,36.0
2025-02-19,HM56,35.9
2025-02-19,HM56,36.2
2025-02-19,HM56,35.9
2025-02-19,HM56,35.9
2025-02-20,HM01,44.0
2025-02-20,HM01,44.7
2025-02-20,HM12,41.5
2025-02-20,HM12,35.8
2025-02-20,HM12,38.8
2025-02-20,HM13,27.9
2025-02-20,HM14,35.4
2025-02-20,HM14,36.0
2025-02-20,HM14,34.4
2025-02-20,HM16,30.2
2025-02-20,HM20,32.8
2025-02-20,HM25,26.5
2025-02-20,HM25,28.3
2025-02-20,HM25,29.9
2025-02-20,HM30,34.7
2025-02-20,HM30,37.6
2025-02-20,HM30,41.3
2025-02-20,HM36,37.6
2025-02-20,HM36,37.3
2025-02-20,HM36,35.0
2025-02-20,HM43,32.1
2025-02-20,HM43,37.4
2025-02-20,HM43,36.1
2025-02-20,HM43,33.3
2025-02-20,HM43,30.5
2025-02-20,HM47,28.1
2025-02-20,HM50,32.4
2025-02-20,HM50,35.0
2025-02-20,HM50,35.8
2025-02-20,HM50,29.6
2025-02-20,HM50,36.3
2025-02-20,HM56,24.3
2025-02-21,HM01,26.8
2025-02-21,HM12,27.3
2025-02-21,HM13,35.9
2025-02-21,HM13,40.9
2025-02-21,HM13,35.5
2025-02-21,HM13,39.6
2025-02-21,HM13,37.8
2025-02-21,HM13,36.4
2025-02-21,HM13,35.1
2025-02-21,HM16,29.7
2025-02-21,HM16,36.4
2025-02-21,HM20,33.9
2025-02-21,HM20,34.4
2025-02-21,HM20,32.5
2025-02-21,HM25,45.3
2025-02-21,HM30,23.3
2025-02-21,HM36,27.2
2025-02-21,HM36,27.3
2025-02-21,HM43,34.7
2025-02-21,HM43,37.1
2025-02-21,HM43,36.9
2025-02-21,HM43,38.9
2025-02-21,HM43,38.7
2025-02-21,HM43,40.0
2025-02-21,HM47,18.7
2025-02-21,HM50,43.1
2025-02-21,HM56,37.1
2025-02-21,HM56,35.5
2025-02-21,HM56,34.9
2025-02-22,HM01,33.9
2025-02-22,HM01,30.6
2025-02-22,HM12,34.3
2025-02-22,HM12,31.7
2025-02-22,HM12,32.9
2025-02-22,HM12,36.5
2025-02-22,HM13,25.5
2025-02-22,HM14,34.2
2025-02-22,HM14,32.8
2025-02-22,HM14,32.1
2025-02-22,HM16,39.3
2025-02-22,HM16,37.7
2025-02-22,HM16,37.4
2025-02-22,HM25,28.7
2025-02-22,HM25,30.9
2025-02-22,HM30,32.2
2025-02-22,HM30,31.6
2025-02-22,HM36,35.6
2025-02-22,HM36,41.6
2025-02-22,HM36,39.1
2025-02-22,HM36,37.7
2025-02-22,HM36,36.4
2025-02-22,HM43,33.7
2025-02-22,HM43,36.9
2025-02-22,HM43,32.8
2025-02-22,HM43,31.6
2025-02-22,HM47,37.8
2025-02-22,HM47,37.6
2025-02-22,HM47,36.1
2025-02-22,HM47,38.5
2025-02-22,HM47,38.7
2025-02-22,HM47,39.2
2025-02-22,HM47,34.3
2025-02-22,HM50,34.8
2025-02-22,HM50,34.6
2025-02-22,HM56,35.1
2025-02-22,HM56,32.3
2025-02-22,HM56,34.9
2025-02-22,HM56,36.4
2025-02-22,HM56,36.2
2025-02-22,HM56,34.4
2025-02-22,HM56,34.5
2025-02-22,HM56,31.8
2025-02-23,HM01,36.7
2025-02-23,HM01,34.7
2025-02-23,HM12,33.9
2025-02-23,HM12,37.4
2025-02-23,HM12,37.5
2025-02-23,HM12,37.1
2025-02-23,HM12,37.2
2025-02-23,HM12,36.7
2025-02-23,HM12,35.9
2025-02-23,HM12,38.5
2025-02-23,HM12,36.5
2025-02-23,HM12,35.5
2025-02-23,HM12,37.1
2025-02-23,HM13,40.6
2025-02-23,HM13,38.4
2025-02-23,HM13,35.8
2025-02-23,HM14,37.3
2025-02-23,HM14,36.0
2025-02-23,HM16,33.8
2025-02-23,HM16,35.0
2025-02-23,HM16,34.8
2025-02-23,HM16,37.2
2025-02-23,HM16,36.2
2025-02-23,HM16,34.9
2025-02-23,HM16,32.9
2025-02-23,HM16,34.9
2025-02-23,HM20,30.6
2025-02-23,HM20,29.1
2025-02-23,HM25,43.2
2025-02-23,HM43,40.0
2025-02-23,HM43,37.5
2025-02-23,HM43,32.6
2025-02-23,HM43,38.1
2025-02-23,HM43,36.9
2025-02-23,HM43,34.8
2025-02-23,HM43,32.8
2025-02-23,HM43,36.0
2025-02-23,HM43,34.9
2025-02-23,HM43,38.1
2025-02-23,HM43,36.8
2025-02-23,HM47,38.7
2025-02-23,HM50,42.3
2025-02-23,HM50,40.4
2025-02-23,HM56,33.4
2025-02-23,HM56,35.6
2025-02-23,HM56,34.1
2025-02-24,HM01,44.9
2025-02-24,HM12,37.2
2025-02-24,HM12,37.9
2025-02-24,HM12,35.6
2025-02-24,HM12,35.1
2025-02-24,HM13,37.6
2025-02-24,HM13,38.6
2025-02-24,HM13,37.2
2025-02-24,HM13,36.9
2025-02-24,HM13,40.0
2025-02-24,HM14,35.4
2025-02-24,HM14,35.2
2025-02-24,HM14,34.2
2025-02-24,HM16,32.2
2025-02-24,HM16,35.6
2025-02-24,HM20,37.7
2025-02-24,HM20,38.3
2025-02-24,HM20,36.7
2025-02-24,HM25,29.8
2025-02-24,HM25,32.9
2025-02-24,HM30,37.8
2025-02-24,HM30,38.6
2025-02-24,HM36,35.0
2025-02-24,HM36,34.2
2025-02-24,HM36,33.2
2025-02-24,HM36,31.8
2025-02-24,HM36,31.3
2025-02-24,HM36,32.8
2025-02-24,HM43,33.4
2025-02-24,HM43,34.5
2025-02-24,HM50,41.0
2025-02-24,HM50,44.3
2025-02-24,HM56,39.4
2025-02-24,HM56,44.9
2025-02-25,HM01,38.2
2025-02-25,HM01,39.4
2025-02-25,HM01,37.3
2025-02-25,HM12,36.6
2025-02-25,HM12,37.2
2025-02-25,HM12,36.8
2025-02-25,HM12,36.9
2025-02-25,HM13,39.6
2025-02-25,HM13,33.5
2025-02-25,HM14,31.5
2025-02-25,HM14,36.5
2025-02-25,HM14,31.8
2025-02-25,HM14,34.0
2025-02-25,HM14,33.2
2025-02-25,HM14,29.7
2025-02-25,HM14,37.3
2025-02-25,HM14,36.9
2025-02-25,HM14,31.9
2025-02-25,HM14,34.7
2025-02-25,HM14,31.5
2025-02-25,HM14,34.5
2025-02-25,HM16,34.1
2025-02-25,HM16,35.8
2025-02-25,HM16,33.9
2025-02-25,HM16,35.1
2025-02-25,HM16,33.3
2025-02-25,HM16,34.0
2025-02-25,HM16,32.4
2025-02-25,HM16,35.9
2025-02-25,HM16,36.0
2025-02-25,HM16,31.2
2025-02-25,HM16,32.7
2025-02-25,HM16,35.2
2025-02-25,HM20,37.0
2025-02-25,HM20,32.4
2025-02-25,HM25,41.9
2025-02-25,HM25,40.6
2025-02-25,HM30,31.3
2025-02-25,HM30,31.4
2025-02-25,HM36,15.8
2025-02-25,HM43,30.8
2025-02-25,HM43,32.4
2025-02-25,HM47,25.3
2025-02-25,HM47,25.1
2025-02-25,HM50,35.5
2025-02-25,HM50,38.3
2025-02-25,HM50,33.8
2025-02-25,HM50,34.0
2025-02-25,HM56,37.7
2025-02-25,HM56,36.6
2025-02-25,HM56,33.8
2025-02-25,HM56,38.4
2025-02-25,HM56,38.7
2025-02-25,HM56,38.5
2025-02-25,HM56,36.9
2025-02-25,HM56,37.3
2025-02-26,HM01,38.0
2025-02-26,HM01,37.1
2025-02-26,HM12,33.0
2025-02-26,HM12,32.7
2025-02-26,HM12,33.9
2025-02-26,HM13,30.7
2025-02-26,HM13,34.3
2025-02-26,HM13,37.2
2025-02-26,HM13,35.9
2025-02-26,HM14,34.1
2025-02-26,HM14,37.1
2025-02-26,HM14,35.3
2025-02-26,HM14,34.7
2025-02-26,HM16,33.8
2025-02-26,HM16,33.7
2025-02-26,HM16,37.5
2025-02-26,HM16,33.9
2025-02-26,HM16,32.0
2025-02-26,HM16,39.9
2025-02-26,HM16,35.4
2025-02-26,HM20,31.8
2025-02-26,HM25,37.8
2025-02-26,HM25,35.1
2025-02-26,HM25,35.4
2025-02-26,HM25,35.3
2025-02-26,HM25,34.2
2025-02-26,HM25,32.9
2025-02-26,HM25,34.1
2025-02-26,HM25,36.1
2025-02-26,HM25,36.5
2025-02-26,HM25,35.3
2025-02-26,HM25,31.1
2025-02-26,HM25,32.9
2025-02-26,HM30,35.3
2025-02-26,HM30,31.9
2025-02-26,HM30,34.2
2025-02-26,HM36,45.9
2025-02-26,HM43,28.6
2025-02-26,HM43,29.8
2025-02-26,HM43,30.9
2025-02-26,HM47,29.0
2025-02-26,HM50,41.6
2025-02-26,HM56,30.4
2025-02-26,HM56,34.6
2025-02-26,HM56,29.8
2025-02-27,HM01,35.3
2025-02-27,HM01,33.4
2025-02-27,HM12,18.8
2025-02-27,HM13,51.4
2025-02-27,HM14,39.8
2025-02-27,HM16,44.1
2025-02-27,HM16,43.1
2025-02-27,HM20,33.2
2025-02-27,HM20,37.8
2025-02-27,HM20,37.0
2025-02-27,HM20,34.3
2025-02-27,HM20,36.1
2025-02-27,HM20,37.5
2025-02-27,HM25,34.3
2025-02-27,HM30,36.0
2025-02-27,HM30,35.0
2025-02-27,HM30,34.8
2025-02-27,HM30,33.5
2025-02-27,HM30,35.3
2025-02-27,HM30,35.4
2025-02-27,HM30,38.5
2025-02-27,HM36,31.9
2025-02-27,HM36,32.9
2025-02-27,HM36,35.0
2025-02-27,HM36,36.4
2025-02-27,HM36,32.9
2025-02-27,HM43,36.6
2025-02-27,HM43,40.6
2025-02-27,HM43,37.6
2025-02-27,HM43,39.3
2025-02-27,HM43,35.5
2025-02-27,HM47,30.4
2025-02-27,HM50,29.0
2025-02-27,HM56,42.3
2025-02-28,HM01,34.3
2025-02-28,HM01,37.4
2025-02-28,HM01,32.8
2025-02-28,HM01,36.2
2025-02-28,HM01,35.5
2025-02-28,HM01,33.4
2025-02-28,HM01,35.5
2025-02-28,HM12,38.5
2025-02-28,HM12,36.7
2025-02-28,HM12,41.9
2025-02-28,HM13,35.3
2025-02-28,HM13,33.6
2025-02-28,HM13,32.5
2025-02-28,HM13,33.7
2025-02-28,HM13,31.4
2025-02-28,HM13,32.8
2025-02-28,HM13,34.6
2025-02-28,HM13,33.1
2025-02-28,HM13,33.1
2025-02-28,HM13,31.4
2025-02-28,HM14,34.8
2025-02-28,HM14,31.2
2025-02-28,HM14,30.2
2025-02-28,HM14,31.3
2025-02-28,HM14,31.2
2025-02-28,HM16,38.5
2025-02-28,HM16,36.7
2025-02-28,HM20,27.8
2025-02-28,HM20,30.5
2025-02-28,HM25,42.4
2025-02-28,HM25,34.2
2025-02-28,HM25,36.1
2025-02-28,HM25,36.6
2025-02-28,HM25,37.7
2025-02-28,HM25,35.8
2025-02-28,HM25,37.3
2025-02-28,HM25,35.6
2025-02-28,HM30,49.7
2025-02-28,HM30,44.4
2025-02-28,HM36,33.5
2025-02-28,HM36,35.6
2025-02-28,HM36,33.8
2025-02-28,HM36,33.3
2025-02-28,HM36,35.0
2025-02-28,HM36,34.9
2025-02-28,HM43,29.8
2025-02-28,HM43,32.0
2025-02-28,HM43,34.6
2025-02-28,HM43,31.2
2025-02-28,HM47,32.1
2025-02-28,HM47,35.8
2025-02-28,HM47,37.8
2025-02-28,HM47,35.9
2025-02-28,HM56,24.2
2025-03-01,HM01,36.2
2025-03-01,HM12,40.7
2025-03-01,HM12,39.7
2025-03-01,HM12,37.4
2025-03-01,HM12,37.7
2025-03-01,HM12,37.3
2025-03-01,HM12,39.9
2025-03-01,HM13,28.9
2025-03-01,HM13,28.1
2025-03-01,HM14,36.6
2025-03-01,HM14,33.8
2025-03-01,HM14,35.0
2025-03-01,HM14,33.4
2025-03-01,HM14,34.9
2025-03-01,HM16,34.7
2025-03-01,HM16,30.8
2025-03-01,HM16,31.7
2025-03-01,HM16,35.8
2025-03-01,HM16,32.5
2025-03-01,HM16,34.2
2025-03-01,HM16,30.4
2025-03-01,HM16,35.1
2025-03-01,HM16,36.0
2025-03-01,HM16,33.9
2025-03-01,HM16,31.7
2025-03-01,HM16,36.2
2025-03-01,HM20,41.9
2025-03-01,HM20,41.3
2025-03-01,HM20,40.0
2025-03-01,HM20,37.6
2025-03-01,HM25,41.8
2025-03-01,HM30,43.7
2025-03-01,HM36,40.0
2025-03-01,HM43,32.1
2025-03-01,HM43,33.8
2025-03-01,HM43,33.0
2025-03-01,HM43,34.5
2025-03-01,HM43,28.2
2025-03-01,HM47,24.7
2025-03-01,HM56,29.6
2025-03-01,HM56,28.1
2025-03-02,HM01,30.4
2025-03-02,HM01,34.1
2025-03-02,HM01,31.1
2025-03-02,HM01,28.4
2025-03-02,HM01,32.3
2025-03-02,HM01,28.6
2025-03-02,HM12,27.7
2025-03-02,HM12,24.7
2025-03-02,HM13,43.4
2025-03-02,HM13,41.0
2025-03-02,HM14,21.7
2025-03-02,HM16,36.4
2025-03-02,HM16,39.9
2025-03-02,HM16,37.7
2025-03-02,HM16,37.1
2025-03-02,HM20,27.1
2025-03-02,HM20,28.8
2025-03-02,HM25,41.3
2025-03-02,HM30,39.3
2025-03-02,HM30,37.8
2025-03-02,HM30,35.7
2025-03-02,HM36,36.8
2025-03-02,HM36,34.9
2025-03-02,HM36,35.6
2025-03-02,HM36,34.6
2025-03-02,HM43,32.8
2025-03-02,HM43,35.5
2025-03-02,HM43,36.7
2025-03-02,HM43,36.3
2025-03-02,HM43,36.1
2025-03-02,HM43,37.8
2025-03-02,HM47,39.0
2025-03-02,HM47,35.7
2025-03-02,HM47,34.7
2025-03-02,HM47,36.3
2025-03-02,HM50,43.7
2025-03-02,HM50,41.1
2025-03-02,HM56,34.4
2025-03-03,HM01,36.6
2025-03-03,HM01,34.7
2025-03-03,HM01,33.1
2025-03-03,HM01,34.6
2025-03-03,HM01,34.8
2025-03-03,HM01,35.1
2025-03-03,HM01,39.1
2025-03-03,HM01,36.2
2025-03-03,HM01,36.8
2025-03-03,HM01,34.4
2025-03-03,HM12,34.3
2025-03-03,HM12,35.4
2025-03-03,HM12,34.8
2025-03-03,HM13,50.0
2025-03-03,HM14,22.2
2025-03-03,HM16,27.6
2025-03-03,HM16,30.9
2025-03-03,HM20,29.9
2025-03-03,HM20,32.2
2025-03-03,HM20,28.8
2025-03-03,HM25,19.5
2025-03-03,HM30,44.1
2025-03-03,HM30,41.1
2025-03-03,HM30,40.7
2025-03-03,HM36,36.8
2025-03-03,HM36,32.5
2025-03-03,HM36,35.3
2025-03-03,HM36,37.2
2025-03-03,HM36,35.5
2025-03-03,HM36,38.2
2025-03-03,HM36,33.4
2025-03-03,HM43,35.7
2025-03-03,HM47,38.3
2025-03-03,HM47,36.9
2025-03-03,HM47,35.6
2025-03-03,HM50,37.9
2025-03-03,HM50,34.6
2025-03-03,HM50,37.2
2025-03-03,HM50,36.9
2025-03-03,HM56,32.4
2025-03-03,HM56,34.2
2025-03-03,HM56,30.0
2025-03-03,HM56,36.2
2025-03-03,HM56,34.1
2025-03-03,HM56,31.6
2025-03-04,HM01,28.3
2025-03-04,HM12,43.0
2025-03-04,HM12,37.7
2025-03-04,HM13,37.2
2025-03-04,HM13,35.4
2025-03-04,HM14,42.5
2025-03-04,HM14,37.0
2025-03-04,HM16,31.3
2025-03-04,HM16,34.7
2025-03-04,HM16,32.6
2025-03-04,HM20,29.1
2025-03-04,HM20,26.6
2025-03-04,HM20,27.0
2025-03-04,HM25,39.4
2025-03-04,HM25,39.5
2025-03-04,HM25,35.3
2025-03-04,HM30,38.2
2025-03-04,HM30,36.7
2025-03-04,HM30,37.2
2025-03-04,HM30,31.3
2025-03-04,HM36,35.0
2025-03-04,HM43,34.7
2025-03-04,HM43,33.2
2025-03-04,HM43,33.8
2025-03-04,HM47,29.9
2025-03-04,HM47,28.8
2025-03-04,HM50,30.8
2025-03-04,HM50,31.4
2025-03-04,HM56,38.0
2025-03-04,HM56,37.9
2025-03-04,HM56,34.6
2025-03-04,HM56,37.3
2025-03-04,HM56,36.3
2025-03-04,HM56,36.5
2025-03-04,HM56,37.5
2025-03-04,HM56,34.7
2025-03-04,HM56,36.3
2025-03-04,HM56,34.9
2025-03-04,HM56,36.1
2025-03-04,HM56,39.6
2025-03-05,HM01,35.6
2025-03-05,HM01,37.2
2025-03-05,HM01,36.2
2025-03-05,HM01,36.8
2025-03-05,HM01,35.5
2025-03-05,HM01,38.0
2025-03-05,HM01,37.8
2025-03-05,HM12,30.2
2025-03-05,HM12,31.0
2025-03-05,HM12,31.9
2025-03-05,HM12,33.4
2025-03-05,HM12,34.1
2025-03-05,HM12,33.6
2025-03-05,HM13,39.6
2025-03-05,HM13,39.2
2025-03-05,HM13,37.4
2025-03-05,HM13,38.1
2025-03-05,HM14,36.0
2025-03-05,HM14,35.7
2025-03-05,HM14,33.4
2025-03-05,HM14,32.2
2025-03-05,HM16,37.1
2025-03-05,HM16,36.8
2025-03-05,HM16,38.8
2025-03-05,HM16,40.5
2025-03-05,HM16,37.1
2025-03-05,HM16,37.1
2025-03-05,HM20,40.2
2025-03-05,HM20,44.0
2025-03-05,HM20,39.1
2025-03-05,HM20,36.8
2025-03-05,HM25,33.5
2025-03-05,HM25,34.1
2025-03-05,HM25,34.0
2025-03-05,HM25,32.6
2025-03-05,HM25,36.9
2025-03-05,HM25,34.4
2025-03-05,HM25,37.7
2025-03-05,HM36,33.8
2025-03-05,HM36,37.0
2025-03-05,HM43,34.7
2025-03-05,HM43,29.3
2025-03-05,HM47,38.7
2025-03-05,HM47,34.2
2025-03-05,HM47,39.4
2025-03-05,HM47,36.0
2025-03-05,HM47,31.1
2025-03-05,HM56,35.2
2025-03-06,HM01,32.5
2025-03-06,HM01,34.2
2025-03-06,HM01,33.2
2025-03-06,HM01,35.4
2025-03-06,HM12,31.1
2025-03-06,HM12,31.2
2025-03-06,HM12,30.4
2025-03-06,HM13,35.1
2025-03-06,HM13,37.5
2025-03-06,HM13,36.3
2025-03-06,HM14,38.7
2025-03-06,HM14,40.8
2025-03-06,HM14,38.9
2025-03-06,HM14,37.6
2025-03-06,HM16,34.2
2025-03-06,HM16,37.2
2025-03-06,HM16,35.8
2025-03-06,HM16,37.4
2025-03-06,HM16,37.1
2025-03-06,HM16,35.5
2025-03-06,HM16,37.7
2025-03-06,HM16,32.9
2025-03-06,HM16,34.8
2025-03-06,HM16,33.6
2025-03-06,HM16,35.8
2025-03-06,HM16,34.3
2025-03-06,HM25,36.9
2025-03-06,HM30,32.8
2025-03-06,HM30,32.8
2025-03-06,HM30,34.8
2025-03-06,HM30,31.6
2025-03-06,HM30,31.2
2025-03-06,HM36,35.6
2025-03-06,HM43,31.9
2025-03-06,HM43,34.7
2025-03-06,HM47,39.1
2025-03-06,HM47,34.1
2025-03-06,HM47,38.4
2025-03-06,HM47,31.9
2025-03-06,HM47,33.4
2025-03-06,HM47,32.6
2025-03-06,HM50,33.8
2025-03-06,HM50,28.5
2025-03-06,HM56,35.6
2025-03-06,HM56,32.2
2025-03-06,HM56,31.4
2025-03-06,HM56,33.2
2025-03-06,HM56,35.0
2025-03-06,HM56,30.8
2025-03-06,HM56,34.1
2025-03-06,HM56,33.3
2025-03-06,HM56,36.7
2025-03-07,HM01,33.6
2025-03-07,HM01,35.6
2025-03-07,HM12,49.2
2025-03-07,HM13,31.4
2025-03-07,HM13,29.6
2025-03-07,HM14,33.9
2025-03-07,HM14,35.5
2025-03-07,HM14,30.7
2025-03-07,HM14,32.3
2025-03-07,HM14,31.9
2025-03-07,HM14,32.6
2025-03-07,HM14,30.4
2025-03-07,HM16,31.0
2025-03-07,HM16,34.9
2025-03-07,HM20,36.4
2025-03-07,HM25,21.3
2025-03-07,HM30,38.1
2025-03-07,HM30,37.2
2025-03-07,HM30,39.6
2025-03-07,HM36,23.0
2025-03-07,HM43,31.1
2025-03-07,HM43,34.9
2025-03-07,HM43,33.2
2025-03-07,HM47,39.5
2025-03-07,HM47,37.8
2025-03-07,HM47,41.2
2025-03-07,HM47,41.4
2025-03-07,HM56,26.4
2025-03-07,HM56,29.1
2025-03-08,HM01,34.8
2025-03-08,HM01,38.0
2025-03-08,HM01,34.6
2025-03-08,HM01,32.6
2025-03-08,HM01,37.5
2025-03-08,HM01,35.0
2025-03-08,HM01,35.8
2025-03-08,HM01,36.8
2025-03-08,HM01,35.1
2025-03-08,HM01,32.3
2025-03-08,HM01,35.3
2025-03-08,HM01,38.8
2025-03-08,HM12,33.8
2025-03-08,HM12,34.2
2025-03-08,HM12,33.1
2025-03-08,HM13,19.4
2025-03-08,HM16,41.0
2025-03-08,HM16,40.1
2025-03-08,HM16,38.9
2025-03-08,HM20,34.0
2025-03-08,HM20,37.6
2025-03-08,HM20,35.1
2025-03-08,HM25,34.9
2025-03-08,HM30,36.2
2025-03-08,HM30,30.8
2025-03-08,HM30,35.4
2025-03-08,HM30,35.3
2025-03-08,HM30,32.8
2025-03-08,HM30,35.1
2025-03-08,HM36,36.0
2025-03-08,HM36,30.4
2025-03-08,HM36,35.1
2025-03-08,HM36,36.3
2025-03-08,HM36,37.3
2025-03-08,HM36,35.0
2025-03-08,HM36,34.5
2025-03-08,HM36,35.6
2025-03-08,HM43,31.3
2025-03-08,HM43,32.5
2025-03-08,HM47,30.1
2025-03-08,HM50,36.2
2025-03-08,HM56,35.4
2025-03-09,HM01,35.8
2025-03-09,HM01,35.5
2025-03-09,HM01,34.6
2025-03-09,HM01,33.7
2025-03-09,HM01,35.0
2025-03-09,HM01,37.0
2025-03-09,HM01,33.1
2025-03-09,HM12,32.6
2025-03-09,HM12,35.1
2025-03-09,HM12,30.7
2025-03-09,HM12,32.2
2025-03-09,HM12,31.4
2025-03-09,HM12,32.7
2025-03-09,HM12,33.4
2025-03-09,HM13,37.9
2025-03-09,HM13,35.2
2025-03-09,HM13,36.4
2025-03-09,HM13,33.9
2025-03-09,HM13,38.0
2025-03-09,HM13,31.2
2025-03-09,HM13,33.8
2025-03-09,HM13,31.9
2025-03-09,HM14,33.8
2025-03-09,HM14,32.1
2025-03-09,HM14,37.8
2025-03-09,HM14,32.8
2025-03-09,HM14,30.8
2025-03-09,HM14,32.2
2025-03-09,HM14,29.5
2025-03-09,HM16,35.3
2025-03-09,HM16,31.5
2025-03-09,HM16,32.0
2025-03-09,HM20,33.2
2025-03-09,HM20,36.3
2025-03-09,HM25,47.0
2025-03-09,HM36,23.8
2025-03-09,HM36,28.8
2025-03-09,HM43,30.4
2025-03-09,HM43,29.8
2025-03-09,HM47,38.6
2025-03-09,HM47,31.6
2025-03-09,HM47,37.0
2025-03-09,HM47,37.1
2025-03-09,HM47,33.8
2025-03-09,HM47,39.0
2025-03-09,HM47,37.6
2025-03-09,HM47,38.4
2025-03-09,HM47,34.9
2025-03-09,HM47,37.4
2025-03-09,HM47,36.2
2025-03-09,HM47,40.6
2025-03-09,HM56,39.2
2025-03-10,HM01,46.2
2025-03-10,HM12,34.6
2025-03-10,HM12,36.3
2025-03-10,HM12,35.4
2025-03-10,HM12,34.5
2025-03-10,HM12,36.5
2025-03-10,HM12,36.8
2025-03-10,HM12,34.9
2025-03-10,HM12,33.5
2025-03-10,HM12,36.2
2025-03-10,HM12,35.5
2025-03-10,HM12,35.2
2025-03-10,HM12,37.3
2025-03-10,HM13,38.0
2025-03-10,HM13,32.5
2025-03-10,HM13,35.9
2025-03-10,HM13,38.6
2025-03-10,HM13,35.4
2025-03-10,HM13,41.5
2025-03-10,HM13,40.3
2025-03-10,HM13,37.1
2025-03-10,HM14,31.6
2025-03-10,HM14,29.1
2025-03-10,HM14,29.6
2025-03-10,HM16,36.7
2025-03-10,HM16,34.0
2025-03-10,HM16,31.8
2025-03-10,HM16,35.3
2025-03-10,HM16,35.9
2025-03-10,HM20,29.9
2025-03-10,HM20,28.3
2025-03-10,HM20,32.5
2025-03-10,HM25,25.7
2025-03-10,HM25,29.0
2025-03-10,HM30,18.0
2025-03-10,HM36,40.3
2025-03-10,HM36,33.8
2025-03-10,HM36,37.7
2025-03-10,HM36,33.3
2025-03-10,HM36,37.5
2025-03-10,HM43,39.0
2025-03-10,HM43,41.5
2025-03-10,HM43,41.0
2025-03-10,HM43,34.2
2025-03-10,HM43,34.6
2025-03-10,HM43,34.3
2025-03-10,HM43,38.3
2025-03-10,HM43,37.3
2025-03-10,HM43,37.4
2025-03-10,HM43,35.5
2025-03-10,HM43,33.6
2025-03-10,HM43,37.7
2025-03-10,HM47,45.1
2025-03-10,HM50,40.2
2025-03-10,HM56,32.6
2025-03-10,HM56,30.8
2025-03-10,HM56,31.2
2025-03-10,HM56,37.0
2025-03-11,HM01,39.7
2025-03-11,HM01,37.5
2025-03-11,HM01,37.2
2025-03-11,HM01,39.4
2025-03-11,HM12,27.8
2025-03-11,HM12,27.5
2025-03-11,HM13,33.0
2025-03-11,HM13,32.3
2025-03-11,HM13,30.7
2025-03-11,HM14,32.2
2025-03-11,HM14,30.5
2025-03-11,HM14,32.1
2025-03-11,HM14,31.6
2025-03-11,HM14,31.7
2025-03-11,HM16,35.1
2025-03-11,HM16,35.1
2025-03-11,HM16,35.6
2025-03-11,HM16,33.9
2025-03-11,HM16,29.8
2025-03-11,HM20,30.7
2025-03-11,HM20,28.6
2025-03-11,HM25,23.6
2025-03-11,HM30,40.9
2025-03-11,HM30,35.8
2025-03-11,HM30,35.2
2025-03-11,HM30,38.1
2025-03-11,HM36,36.7
2025-03-11,HM36,40.6
2025-03-11,HM36,36.6
2025-03-11,HM43,22.8
2025-03-11,HM43,27.5
2025-03-11,HM47,23.5
2025-03-11,HM47,26.9
2025-03-11,HM50,38.7
2025-03-11,HM50,40.2
2025-03-11,HM50,37.4
2025-03-12,HM01,36.9
2025-03-12,HM12,27.9
2025-03-12,HM12,30.7
2025-03-12,HM12,28.0
2025-03-12,HM13,53.7
2025-03-12,HM14,32.3
2025-03-12,HM14,30.4
2025-03-12,HM14,34.2
2025-03-12,HM14,34.7
2025-03-12,HM14,36.9
2025-03-12,HM14,32.2
2025-03-12,HM16,26.6
2025-03-12,HM20,31.6
2025-03-12,HM20,36.1
2025-03-12,HM20,39.1
2025-03-12,HM25,28.4
2025-03-12,HM30,39.5
2025-03-12,HM30,41.0
2025-03-12,HM36,36.0
2025-03-12,HM36,30.7
2025-03-12,HM36,34.6
2025-03-12,HM36,33.1
2025-03-12,HM36,37.0
2025-03-12,HM36,34.6
2025-03-12,HM36,37.6
2025-03-12,HM36,34.5
2025-03-12,HM36,33.5
2025-03-12,HM36,37.6
2025-03-12,HM36,33.5
2025-03-12,HM43,33.8
2025-03-12,HM43,34.1
2025-03-12,HM43,33.0
2025-03-12,HM43,32.5
2025-03-12,HM43,36.0
2025-03-12,HM47,35.8
2025-03-12,HM47,34.8
2025-03-12,HM47,34.3
2025-03-12,HM56,21.5
2025-03-13,HM01,44.5
2025-03-13,HM12,33.0
2025-03-13,HM12,32.0
2025-03-13,HM13,31.4
2025-03-13,HM13,29.5
2025-03-13,HM13,30.8
2025-03-13,HM14,30.1
2025-03-13,HM14,29.9
2025-03-13,HM14,36.9
2025-03-13,HM14,30.5
2025-03-13,HM14,33.6
2025-03-13,HM16,35.9
2025-03-13,HM16,33.1
2025-03-13,HM20,35.3
2025-03-13,HM20,33.4
2025-03-13,HM20,36.3
2025-03-13,HM20,35.5
2025-03-13,HM20,33.7
2025-03-13,HM20,34.8
2025-03-13,HM20,29.0
2025-03-13,HM20,31.8
2025-03-13,HM20,32.7
2025-03-13,HM30,30.4
2025-03-13,HM30,31.9
2025-03-13,HM30,29.8
2025-03-13,HM36,32.6
2025-03-13,HM36,32.2
2025-03-13,HM36,31.5
2025-03-13,HM36,33.0
2025-03-13,HM36,36.1
2025-03-13,HM36,32.7
2025-03-13,HM36,34.3
2025-03-13,HM36,36.0
2025-03-13,HM43,33.7
2025-03-13,HM43,33.1
2025-03-13,HM47,35.3
2025-03-13,HM47,35.0
2025-03-13,HM47,32.9
2025-03-13,HM47,35.0
2025-03-13,HM47,34.3
2025-03-13,HM47,33.4
2025-03-13,HM47,38.6
2025-03-13,HM56,27.3
2025-03-14,HM01,39.2
2025-03-14,HM01,39.0
2025-03-14,HM01,38.6
2025-03-14,HM12,41.1
2025-03-14,HM13,34.0
2025-03-14,HM13,38.3
2025-03-14,HM13,32.2
2025-03-14,HM13,34.7
2025-03-14,HM13,35.7
2025-03-14,HM13,33.0
2025-03-14,HM13,35.5
2025-03-14,HM13,37.5
2025-03-14,HM13,36.7
2025-03-14,HM13,33.6
2025-03-14,HM13,38.2
2025-03-14,HM13,35.5
2025-03-14,HM14,28.4
2025-03-14,HM14,30.3
2025-03-14,HM14,30.4
2025-03-14,HM14,32.4
2025-03-14,HM16,30.0
2025-03-14,HM16,27.4
2025-03-14,HM20,38.0
2025-03-14,HM20,40.0
2025-03-14,HM25,33.2
2025-03-14,HM25,34.0
2025-03-14,HM25,30.8
2025-03-14,HM25,35.8
2025-03-14,HM30,46.1
2025-03-14,HM36,40.9
2025-03-14,HM36,41.6
2025-03-14,HM43,41.6
2025-03-14,HM43,43.0
2025-03-14,HM47,32.1
2025-03-14,HM50,28.7
2025-03-14,HM50,30.4
2025-03-14,HM50,34.4
2025-03-14,HM56,32.9
2025-03-14,HM56,27.6
2025-03-15,HM01,35.2
2025-03-15,HM01,32.1
2025-03-15,HM12,37.4
2025-03-15,HM12,34.6
2025-03-15,HM12,42.1
2025-03-15,HM12,37.3
2025-03-15,HM12,37.9
2025-03-15,HM13,35.8
2025-03-15,HM13,34.7
2025-03-15,HM14,32.9
2025-03-15,HM14,37.9
2025-03-15,HM14,28.9
2025-03-15,HM14,33.1
2025-03-15,HM14,33.8
2025-03-15,HM14,33.1
2025-03-15,HM16,40.8
2025-03-15,HM16,38.0
2025-03-15,HM20,33.8
2025-03-15,HM20,33.2
2025-03-15,HM25,30.6
2025-03-15,HM25,33.3
2025-03-15,HM25,30.8
2025-03-15,HM25,32.9
2025-03-15,HM25,29.9
2025-03-15,HM25,34.1
2025-03-15,HM30,37.2
2025-03-15,HM30,35.9
2025-03-15,HM30,34.3
2025-03-15,HM30,36.0
2025-03-15,HM30,36.6
2025-03-15,HM30,34.3
2025-03-15,HM36,36.3
2025-03-15,HM36,32.4
2025-03-15,HM36,32.4
2025-03-15,HM36,35.6
2025-03-15,HM36,35.2
2025-03-15,HM43,27.9
2025-03-15,HM43,33.2
2025-03-15,HM43,31.9
2025-03-15,HM47,35.3
2025-03-15,HM47,35.6
2025-03-15,HM47,34.3
2025-03-15,HM47,32.5
2025-03-15,HM47,38.3
2025-03-15,HM47,33.0
2025-03-15,HM47,36.4
2025-03-15,HM47,32.5
2025-03-15,HM47,34.3
2025-03-15,HM50,32.9
2025-03-15,HM50,35.8
2025-03-15,HM56,37.0
2025-03-15,HM56,40.8
2025-03-16,HM01,33.5
2025-03-16,HM12,32.9
2025-03-16,HM12,28.6
2025-03-16,HM12,34.9
2025-03-16,HM12,36.6
2025-03-16,HM12,33.9
2025-03-16,HM12,33.1
2025-03-16,HM12,30.7
2025-03-16,HM12,37.2
2025-03-16,HM12,32.8
2025-03-16,HM12,32.5
2025-03-16,HM12,36.4
2025-03-16,HM12,32.0
2025-03-16,HM13,18.0
2025-03-16,HM14,34.5
2025-03-16,HM14,34.8
2025-03-16,HM14,38.3
2025-03-16,HM14,32.0
2025-03-16,HM14,32.3
2025-03-16,HM14,28.5
2025-03-16,HM16,31.6
2025-03-16,HM20,36.4
2025-03-16,HM20,36.1
2025-03-16,HM20,35.0
2025-03-16,HM25,35.6
2025-03-16,HM30,17.5
2025-03-16,HM36,32.9
2025-03-16,HM36,32.0
2025-03-16,HM36,32.5
2025-03-16,HM43,38.3
2025-03-16,HM43,33.5
2025-03-16,HM43,36.2
2025-03-16,HM47,25.3
2025-03-16,HM47,26.5
2025-03-16,HM56,32.6
2025-03-16,HM56,30.7
2025-03-16,HM56,30.8
2025-03-16,HM56,31.1
2025-03-16,HM56,32.3
2025-03-17,HM01,32.9
2025-03-17,HM01,36.4
2025-03-17,HM01,34.1
2025-03-17,HM01,29.0
2025-03-17,HM01,34.5
2025-03-17,HM01,36.7
2025-03-17,HM01,37.4
2025-03-17,HM01,34.3
2025-03-17,HM01,33.1
2025-03-17,HM01,36.5
2025-03-17,HM01,38.2
2025-03-17,HM12,28.9
2025-03-17,HM12,24.4
2025-03-17,HM13,42.6
2025-03-17,HM13,38.8
2025-03-17,HM14,29.6
2025-03-17,HM14,28.6
2025-03-17,HM16,38.6
2025-03-17,HM20,39.6
2025-03-17,HM20,36.4
2025-03-17,HM20,34.7
2025-03-17,HM20,36.3
2025-03-17,HM20,37.6
2025-03-17,HM25,36.7
2025-03-17,HM36,28.1
2025-03-17,HM36,32.0
2025-03-17,HM43,38.5
2025-03-17,HM43,33.3
2025-03-17,HM43,34.5
2025-03-17,HM50,28.2
2025-03-17,HM50,35.4
2025-03-17,HM56,30.1
2025-03-17,HM56,26.7
2025-03-18,HM01,35.2
2025-03-18,HM01,28.7
2025-03-18,HM01,30.4
2025-03-18,HM12,29.2
2025-03-18,HM12,27.1
2025-03-18,HM12,30.8
2025-03-18,HM12,30.2
2025-03-18,HM13,39.0
2025-03-18,HM13,38.0
2025-03-18,HM13,33.5
2025-03-18,HM13,36.1
2025-03-18,HM13,38.2
2025-03-18,HM13,36.2
2025-03-18,HM13,41.4
2025-03-18,HM13,38.3
2025-03-18,HM13,36.3
2025-03-18,HM13,37.8
2025-03-18,HM13,33.9
2025-03-18,HM13,35.2
2025-03-18,HM16,36.8
2025-03-18,HM16,40.2
2025-03-18,HM16,34.0
2025-03-18,HM16,38.9
2025-03-18,HM20,45.7
2025-03-18,HM20,43.8
2025-03-18,HM25,33.7
2025-03-18,HM25,35.8
2025-03-18,HM25,33.7
2025-03-18,HM36,40.4
2025-03-18,HM43,40.5
2025-03-18,HM43,40.5
2025-03-18,HM47,35.7
2025-03-18,HM47,36.7
2025-03-18,HM47,36.2
2025-03-18,HM47,35.4
2025-03-18,HM47,39.0
2025-03-18,HM47,37.5
2025-03-18,HM47,37.0
2025-03-18,HM47,40.0
2025-03-18,HM47,37.2
2025-03-18,HM47,36.1
2025-03-18,HM50,29.1
2025-03-18,HM50,32.0
2025-03-18,HM50,37.7
2025-03-18,HM56,38.7
2025-03-18,HM56,39.5
2025-03-18,HM56,36.3
2025-03-19,HM01,32.8
2025-03-19,HM01,32.1
2025-03-19,HM12,35.6
2025-03-19,HM12,32.3
2025-03-19,HM12,35.2
2025-03-19,HM12,36.5
2025-03-19,HM13,37.8
2025-03-19,HM13,36.1
2025-03-19,HM13,37.9
2025-03-19,HM13,39.5
2025-03-19,HM14,33.8
2025-03-19,HM14,32.1
2025-03-19,HM14,35.4
2025-03-19,HM16,33.0
2025-03-19,HM16,35.9
2025-03-19,HM16,37.1
2025-03-19,HM16,35.7
2025-03-19,HM16,33.2
2025-03-19,HM20,35.9
2025-03-19,HM20,36.5
2025-03-19,HM20,39.4
2025-03-19,HM20,35.9
2025-03-19,HM20,34.9
2025-03-19,HM20,39.1
2025-03-19,HM30,39.4
2025-03-19,HM30,39.3
2025-03-19,HM36,37.9
2025-03-19,HM36,36.8
2025-03-19,HM36,35.0
2025-03-19,HM43,29.5
2025-03-19,HM43,27.6
2025-03-19,HM47,35.5
2025-03-19,HM50,39.2
2025-03-19,HM50,36.9
2025-03-19,HM50,37.6
2025-03-19,HM56,32.3
2025-03-19,HM56,34.1
2025-03-19,HM56,32.8
2025-03-19,HM56,34.2
2025-03-20,HM01,45.9
2025-03-20,HM12,33.1
2025-03-20,HM12,37.1
2025-03-20,HM12,37.7
2025-03-20,HM12,35.0
2025-03-20,HM12,36.8
2025-03-20,HM12,35.6
2025-03-20,HM12,37.9
2025-03-20,HM12,35.9
2025-03-20,HM12,37.5
2025-03-20,HM12,36.1
2025-03-20,HM12,36.5
2025-03-20,HM12,33.1
2025-03-20,HM13,34.9
2025-03-20,HM14,33.7
2025-03-20,HM14,34.6
2025-03-20,HM14,32.3
2025-03-20,HM16,29.0
2025-03-20,HM20,36.7
2025-03-20,HM20,35.5
2025-03-20,HM20,35.9
2025-03-20,HM20,31.3
2025-03-20,HM20,36.3
2025-03-20,HM20,36.0
2025-03-20,HM20,34.0
2025-03-20,HM20,35.0
2025-03-20,HM20,34.3
2025-03-20,HM20,40.1
2025-03-20,HM20,34.7
2025-03-20,HM20,34.7
2025-03-20,HM25,33.4
2025-03-20,HM25,34.0
2025-03-20,HM25,36.9
2025-03-20,HM25,30.6
2025-03-20,HM25,30.8
2025-03-20,HM25,32.4
2025-03-20,HM30,34.8
2025-03-20,HM30,29.1
2025-03-20,HM30,31.0
2025-03-20,HM36,37.5
2025-03-20,HM36,30.5
2025-03-20,HM36,33.3
2025-03-20,HM36,35.6
2025-03-20,HM36,33.3
2025-03-20,HM36,37.2
2025-03-20,HM36,36.6
2025-03-20,HM36,35.0
2025-03-20,HM36,34.4
2025-03-20,HM36,37.0
2025-03-20,HM36,33.7
2025-03-20,HM43,48.9
2025-03-20,HM47,35.2
2025-03-20,HM47,31.8
2025-03-20,HM50,52.7
2025-03-20,HM56,48.4
2025-03-21,HM01,42.4
2025-03-21,HM12,40.3
2025-03-21,HM12,37.2
2025-03-21,HM13,27.6
2025-03-21,HM13,30.5
2025-03-21,HM13,28.0
2025-03-21,HM14,34.9
2025-03-21,HM14,38.4
2025-03-21,HM14,35.0
2025-03-21,HM16,38.8
2025-03-21,HM16,38.7
2025-03-21,HM16,35.2
2025-03-21,HM16,42.6
2025-03-21,HM20,28.1
2025-03-21,HM25,46.5
2025-03-21,HM36,32.6
2025-03-21,HM36,35.6
2025-03-21,HM36,39.4
2025-03-21,HM36,36.9
2025-03-21,HM36,35.7
2025-03-21,HM36,35.6
2025-03-21,HM36,32.3
2025-03-21,HM43,38.6
2025-03-21,HM43,32.1
2025-03-21,HM43,32.5
2025-03-21,HM43,36.2
2025-03-21,HM43,35.8
2025-03-21,HM43,36.8
2025-03-21,HM43,37.6
2025-03-21,HM43,35.7
2025-03-21,HM43,33.3
2025-03-21,HM43,33.9
2025-03-21,HM43,36.6
2025-03-21,HM47,33.6
2025-03-21,HM47,27.7
2025-03-21,HM47,31.0
2025-03-21,HM47,31.8
2025-03-21,HM47,30.4
2025-03-21,HM47,33.2
2025-03-21,HM56,35.6
2025-03-21,HM56,38.4
2025-03-21,HM56,37.0
2025-03-21,HM56,37.0
2025-03-22,HM01,38.2
2025-03-22,HM12,38.0
2025-03-22,HM12,37.5
2025-03-22,HM12,34.8
2025-03-22,HM13,31.6
2025-03-22,HM13,36.9
2025-03-22,HM13,33.2
2025-03-22,HM13,29.7
2025-03-22,HM13,31.4
2025-03-22,HM14,32.6
2025-03-22,HM14,37.1
2025-03-22,HM14,37.7
2025-03-22,HM16,29.4
2025-03-22,HM16,31.1
2025-03-22,HM16,32.8
2025-03-22,HM16,30.9
2025-03-22,HM20,30.6
2025-03-22,HM20,35.9
2025-03-22,HM25,30.0
2025-03-22,HM25,28.4
2025-03-22,HM25,29.4
2025-03-22,HM30,42.3
2025-03-22,HM36,29.1
2025-03-22,HM36,30.3
2025-03-22,HM36,30.7
2025-03-22,HM43,33.9
2025-03-22,HM43,34.6
2025-03-22,HM43,35.1
2025-03-22,HM43,35.6
2025-03-22,HM43,40.9
2025-03-22,HM43,36.1
2025-03-22,HM47,33.0
2025-03-22,HM47,32.1
2025-03-22,HM47,30.4
2025-03-22,HM47,32.1
2025-03-22,HM47,32.7
2025-03-22,HM50,40.2
2025-03-22,HM56,36.0
2025-03-22,HM56,34.7
2025-03-22,HM56,31.5
2025-03-23,HM01,32.7
2025-03-23,HM01,32.9
2025-03-23,HM01,29.9
2025-03-23,HM12,23.7
2025-03-23,HM13,40.2
2025-03-23,HM13,36.6
2025-03-23,HM13,42.1
2025-03-23,HM14,36.4
2025-03-23,HM14,37.4
2025-03-23,HM14,34.5
2025-03-23,HM14,33.8
2025-03-23,HM14,30.9
2025-03-23,HM16,34.4
2025-03-23,HM16,35.7
2025-03-23,HM16,32.7
2025-03-23,HM16,33.8
2025-03-23,HM16,33.4
2025-03-23,HM16,33.9
2025-03-23,HM16,31.5
2025-03-23,HM16,32.4
2025-03-23,HM16,34.0
2025-03-23,HM16,32.4
2025-03-23,HM20,30.9
2025-03-23,HM20,36.1
2025-03-23,HM20,36.5
2025-03-23,HM25,36.5
2025-03-23,HM25,37.6
2025-03-23,HM30,37.9
2025-03-23,HM36,32.7
2025-03-23,HM36,25.7
2025-03-23,HM36,29.9
2025-03-23,HM43,36.7
2025-03-23,HM43,37.4
2025-03-23,HM43,36.6
2025-03-23,HM47,30.9
2025-03-23,HM47,36.6
2025-03-23,HM47,40.1
2025-03-23,HM47,37.7
2025-03-23,HM50,34.3
2025-03-23,HM50,32.1
2025-03-23,HM50,31.7
2025-03-23,HM50,31.2
2025-03-23,HM50,29.2
2025-03-23,HM56,32.4
2025-03-23,HM56,31.7
2025-03-24,HM01,35.4
2025-03-24,HM01,37.8
2025-03-24,HM01,41.0
2025-03-24,HM01,41.4
2025-03-24,HM01,33.4
2025-03-24,HM01,36.3
2025-03-24,HM12,35.5
2025-03-24,HM12,32.7
2025-03-24,HM12,36.5
2025-03-24,HM12,32.9
2025-03-24,HM12,32.7
2025-03-24,HM12,32.7
2025-03-24,HM13,31.9
2025-03-24,HM13,25.6
2025-03-24,HM14,28.3
2025-03-24,HM14,30.7
2025-03-24,HM16,39.7
2025-03-24,HM16,37.2
2025-03-24,HM20,32.7
2025-03-24,HM20,31.2
2025-03-24,HM20,33.1
2025-03-24,HM20,39.2
2025-03-24,HM20,33.7
2025-03-24,HM25,37.0
2025-03-24,HM30,33.9
2025-03-24,HM36,38.9
2025-03-24,HM36,39.6
2025-03-24,HM36,38.2
2025-03-24,HM43,30.6
2025-03-24,HM43,31.2
2025-03-24,HM43,33.2
2025-03-24,HM43,34.2
2025-03-24,HM47,30.8
2025-03-24,HM47,36.4
2025-03-24,HM47,35.8
2025-03-24,HM47,37.9
2025-03-24,HM47,33.8
2025-03-24,HM47,35.9
2025-03-24,HM50,32.5
2025-03-24,HM50,28.5
2025-03-24,HM50,30.5
2025-03-24,HM50,26.8
2025-03-24,HM56,31.0
2025-03-24,HM56,32.1
2025-03-24,HM56,34.4
2025-03-24,HM56,31.3
2025-03-25,HM01,36.4
2025-03-25,HM01,33.6
2025-03-25,HM01,35.1
2025-03-25,HM01,34.5
2025-03-25,HM01,34.8
2025-03-25,HM13,32.5
2025-03-25,HM13,30.3
2025-03-25,HM13,33.1
2025-03-25,HM13,32.0
2025-03-25,HM13,36.7
2025-03-25,HM14,34.6
2025-03-25,HM14,35.1
2025-03-25,HM14,32.4
2025-03-25,HM14,31.7
2025-03-25,HM14,34.0
2025-03-25,HM16,41.4
2025-03-25,HM16,41.8
2025-03-25,HM16,38.4
2025-03-25,HM20,38.0
2025-03-25,HM20,33.2
2025-03-25,HM20,37.4
2025-03-25,HM25,48.4
2025-03-25,HM36,36.7
2025-03-25,HM36,43.7
2025-03-25,HM36,36.9
2025-03-25,HM36,40.5
2025-03-25,HM43,35.4
2025-03-25,HM43,31.8
2025-03-25,HM43,33.5
2025-03-25,HM43,35.6
2025-03-25,HM43,31.7
2025-03-25,HM43,31.9
2025-03-25,HM43,34.4
2025-03-25,HM47,32.7
2025-03-25,HM47,31.1
2025-03-25,HM47,32.1
2025-03-25,HM50,31.1
2025-03-25,HM50,32.1
2025-03-25,HM50,33.1
2025-03-25,HM56,37.0
2025-03-25,HM56,41.2
2025-03-25,HM56,38.5
2025-03-25,HM56,37.5
2025-03-25,HM56,38.8
2025-03-25,HM56,35.5
2025-03-26,HM01,35.3
2025-03-26,HM12,16.6
2025-03-26,HM13,40.3
2025-03-26,HM13,39.8
2025-03-26,HM14,35.9
2025-03-26,HM14,36.2
2025-03-26,HM14,32.1
2025-03-26,HM16,36.8
2025-03-26,HM16,37.8
2025-03-26,HM16,36.5
2025-03-26,HM16,35.4
2025-03-26,HM20,30.6
2025-03-26,HM25,37.3
2025-03-26,HM25,32.1
2025-03-26,HM25,29.2
2025-03-26,HM30,34.4
2025-03-26,HM30,35.0
2025-03-26,HM36,24.9
2025-03-26,HM43,47.2
2025-03-26,HM47,29.9
2025-03-26,HM47,34.4
2025-03-26,HM47,32.5
2025-03-26,HM47,34.1
2025-03-26,HM50,46.5
2025-03-26,HM56,35.3
2025-03-26,HM56,35.1
2025-03-26,HM56,34.6
2025-03-26,HM56,32.0
2025-03-26,HM56,35.6
2025-03-27,HM01,27.5
2025-03-27,HM12,23.5
2025-03-27,HM13,39.5
2025-03-27,HM13,36.7
2025-03-27,HM13,34.8
2025-03-27,HM13,35.9
2025-03-27,HM13,36.7
2025-03-27,HM13,35.8
2025-03-27,HM14,34.2
2025-03-27,HM14,35.1
2025-03-27,HM14,37.7
2025-03-27,HM14,34.1
2025-03-27,HM16,38.3
2025-03-27,HM16,36.2
2025-03-27,HM16,36.1
2025-03-27,HM16,38.2
2025-03-27,HM16,38.6
2025-03-27,HM16,35.8
2025-03-27,HM16,38.4
2025-03-27,HM20,29.8
2025-03-27,HM20,26.3
2025-03-27,HM25,37.4
2025-03-27,HM25,37.9
2025-03-27,HM25,36.6
2025-03-27,HM25,37.1
2025-03-27,HM30,32.5
2025-03-27,HM30,37.4
2025-03-27,HM30,34.5
2025-03-27,HM36,35.5
2025-03-27,HM36,30.2
2025-03-27,HM36,30.2
2025-03-27,HM43,36.2
2025-03-27,HM43,38.6
2025-03-27,HM43,39.4
2025-03-27,HM43,35.9
2025-03-27,HM43,35.1
2025-03-27,HM47,36.0
2025-03-27,HM47,34.3
2025-03-27,HM50,39.2
2025-03-27,HM50,37.8
2025-03-27,HM56,34.2
2025-03-28,HM01,31.8
2025-03-28,HM01,30.3
2025-03-28,HM01,30.4
2025-03-28,HM01,30.0
2025-03-28,HM12,28.5
2025-03-28,HM12,31.6
2025-03-28,HM12,30.0
2025-03-28,HM13,34.5
2025-03-28,HM13,38.0
2025-03-28,HM13,36.0
2025-03-28,HM13,35.1
2025-03-28,HM13,36.2
2025-03-28,HM13,33.0
2025-03-28,HM13,31.7
2025-03-28,HM13,34.5
2025-03-28,HM14,33.0
2025-03-28,HM14,36.8
2025-03-28,HM14,38.9
2025-03-28,HM16,30.7
2025-03-28,HM20,43.5
2025-03-28,HM20,38.0
2025-03-28,HM25,35.6
2025-03-28,HM25,37.6
2025-03-28,HM25,35.1
2025-03-28,HM30,40.2
2025-03-28,HM30,35.3
2025-03-28,HM30,37.0
2025-03-28,HM30,37.8
2025-03-28,HM30,34.5
2025-03-28,HM36,26.7
2025-03-28,HM43,30.8
2025-03-28,HM43,30.8
2025-03-28,HM43,36.0
2025-03-28,HM47,32.4
2025-03-28,HM47,33.2
2025-03-28,HM56,30.2
2025-03-28,HM56,36.5
2025-03-28,HM56,30.5
2025-03-29,HM01,35.5
2025-03-29,HM01,36.5
2025-03-29,HM01,36.8
2025-03-29,HM01,38.7
2025-03-29,HM12,38.9
2025-03-29,HM12,37.2
2025-03-29,HM12,44.0
2025-03-29,HM13,34.6
2025-03-29,HM13,35.1
2025-03-29,HM13,34.3
2025-03-29,HM13,33.6
2025-03-29,HM13,36.9
2025-03-29,HM13,34.0
2025-03-29,HM13,33.0
2025-03-29,HM13,33.1
2025-03-29,HM14,46.4
2025-03-29,HM16,37.5
2025-03-29,HM16,39.0
2025-03-29,HM16,37.3
2025-03-29,HM16,37.0
2025-03-29,HM20,33.1
2025-03-29,HM20,34.2
2025-03-29,HM20,35.8
2025-03-29,HM20,35.4
2025-03-29,HM20,33.4
2025-03-29,HM36,36.2
2025-03-29,HM36,35.1
2025-03-29,HM36,34.1
2025-03-29,HM36,35.9
2025-03-29,HM36,33.5
2025-03-29,HM36,38.4
2025-03-29,HM36,35.7
2025-03-29,HM36,37.8
2025-03-29,HM43,48.8
2025-03-29,HM47,40.4
2025-03-29,HM47,40.8
2025-03-29,HM50,37.3
2025-03-29,HM50,39.4
2025-03-29,HM50,36.9
2025-03-29,HM50,37.2
2025-03-29,HM56,31.6
2025-03-29,HM56,30.9
2025-03-29,HM56,28.7
2025-03-30,HM01,42.1
2025-03-30,HM01,46.2
2025-03-30,HM12,45.3
2025-03-30,HM13,33.6
2025-03-30,HM14,33.9
2025-03-30,HM14,36.7
2025-03-30,HM14,33.8
2025-03-30,HM16,33.3
2025-03-30,HM20,32.8
2025-03-30,HM20,35.4
2025-03-30,HM20,33.1
2025-03-30,HM25,36.3
2025-03-30,HM25,27.6
2025-03-30,HM25,36.0
2025-03-30,HM25,31.5
2025-03-30,HM25,33.8
2025-03-30,HM25,33.4
2025-03-30,HM30,31.3
2025-03-30,HM30,31.2
2025-03-30,HM30,34.4
2025-03-30,HM30,33.1
2025-03-30,HM30,38.5
2025-03-30,HM30,35.8
2025-03-30,HM36,36.2
2025-03-30,HM36,31.8
2025-03-30,HM36,39.1
2025-03-30,HM36,33.5
2025-03-30,HM36,35.8
2025-03-30,HM36,34.9
2025-03-30,HM47,27.2
2025-03-30,HM50,35.9
2025-03-30,HM50,40.2
2025-03-30,HM56,34.6
2025-03-30,HM56,29.1
2025-03-30,HM56,32.7
2025-03-30,HM56,32.3
2025-03-30,HM56,32.4
2025-03-31,HM01,45.1
2025-03-31,HM12,38.7
2025-03-31,HM13,37.3
2025-03-31,HM13,33.7
2025-03-31,HM14,30.2
2025-03-31,HM14,30.2
2025-03-31,HM14,30.4
2025-03-31,HM14,31.3
2025-03-31,HM14,32.3
2025-03-31,HM16,33.3
2025-03-31,HM16,35.4
2025-03-31,HM16,37.5
2025-03-31,HM16,34.6
2025-03-31,HM16,32.6
2025-03-31,HM16,36.1
2025-03-31,HM16,39.0
2025-03-31,HM16,35.4
2025-03-31,HM25,45.0
2025-03-31,HM36,48.0
2025-03-31,HM43,29.1
2025-03-31,HM43,28.4
2025-03-31,HM47,34.0
2025-03-31,HM47,30.0
2025-03-31,HM47,34.1
2025-03-31,HM50,38.4
2025-03-31,HM50,37.2
2025-03-31,HM50,38.0
2025-03-31,HM50,32.9
2025-03-31,HM56,28.4
2025-03-31,HM56,31.6
2025-04-01,HM01,33.7
2025-04-01,HM01,39.9
2025-04-01,HM01,36.7
2025-04-01,HM13,36.5
2025-04-01,HM13,31.0
2025-04-01,HM13,33.4
2025-04-01,HM13,35.2
2025-04-01,HM14,29.6
2025-04-01,HM14,34.1
2025-04-01,HM14,32.0
2025-04-01,HM16,32.3
2025-04-01,HM16,34.3
2025-04-01,HM16,32.0
2025-04-01,HM16,33.0
2025-04-01,HM16,34.5
2025-04-01,HM16,35.1
2025-04-01,HM16,32.7
2025-04-01,HM20,41.4
2025-04-01,HM20,33.6
2025-04-01,HM20,37.8
2025-04-01,HM20,35.1
2025-04-01,HM20,35.2
2025-04-01,HM20,36.7
2025-04-01,HM20,38.7
2025-04-01,HM25,24.2
2025-04-01,HM30,39.5
2025-04-01,HM30,41.2
2025-04-01,HM36,32.9
2025-04-01,HM43,34.5
2025-04-01,HM43,36.2
2025-04-01,HM47,39.4
2025-04-01,HM47,39.8
2025-04-01,HM47,35.7
2025-04-01,HM47,38.6
2025-04-01,HM50,43.3
2025-04-01,HM56,41.3
2025-04-02,HM01,19.4
2025-04-02,HM12,29.6
2025-04-02,HM12,32.8
2025-04-02,HM12,29.7
2025-04-02,HM13,34.1
2025-04-02,HM13,29.6
2025-04-02,HM13,32.4
2025-04-02,HM13,32.0
2025-04-02,HM14,39.8
2025-04-02,HM14,37.9
2025-04-02,HM14,34.7
2025-04-02,HM16,36.9
2025-04-02,HM16,41.1
2025-04-02,HM16,36.9
2025-04-02,HM16,38.7
2025-04-02,HM20,26.0
2025-04-02,HM25,36.0
2025-04-02,HM25,37.8
2025-04-02,HM25,35.0
2025-04-02,HM25,35.3
2025-04-02,HM25,37.7
2025-04-02,HM25,35.0
2025-04-02,HM30,30.3
2025-04-02,HM30,33.1
2025-04-02,HM36,30.4
2025-04-02,HM36,30.7
2025-04-02,HM36,31.8
2025-04-02,HM43,41.8
2025-04-02,HM47,22.7
2025-04-02,HM50,43.8
2025-04-02,HM50,44.6
2025-04-02,HM56,36.8
2025-04-02,HM56,34.0
2025-04-02,HM56,35.0
2025-04-02,HM56,37.7
2025-04-02,HM56,35.9
2025-04-02,HM56,34.5
2025-04-03,HM01,35.0
2025-04-03,HM01,36.1
2025-04-03,HM01,34.3
2025-04-03,HM01,32.9
2025-04-03,HM01,31.8
2025-04-03,HM01,34.7
2025-04-03,HM01,32.9
2025-04-03,HM01,35.2
2025-04-03,HM01,32.2
2025-04-03,HM01,36.1
2025-04-03,HM12,31.0
2025-04-03,HM12,27.7
2025-04-03,HM13,41.1
2025-04-03,HM14,45.1
2025-04-03,HM16,39.0
2025-04-03,HM20,43.4
2025-04-03,HM20,41.5
2025-04-03,HM25,37.6
2025-04-03,HM25,37.4
2025-04-03,HM25,33.1
2025-04-03,HM30,31.7
2025-04-03,HM30,31.9
2025-04-03,HM30,32.4
2025-04-03,HM30,31.8
2025-04-03,HM30,30.7
2025-04-03,HM36,38.5
2025-04-03,HM36,36.9
2025-04-03,HM36,35.1
2025-04-03,HM36,36.2
2025-04-03,HM43,26.6
2025-04-03,HM47,43.0
2025-04-03,HM50,16.9
2025-04-03,HM56,38.1
2025-04-03,HM56,38.2
2025-04-03,HM56,35.1
2025-04-04,HM01,46.0
2025-04-04,HM01,44.0
2025-04-04,HM12,35.7
2025-04-04,HM12,33.2
2025-04-04,HM13,31.1
2025-04-04,HM13,28.4
2025-04-04,HM13,32.2
2025-04-04,HM13,28.8
2025-04-04,HM14,29.9
2025-04-04,HM14,31.5
2025-04-04,HM16,34.5
2025-04-04,HM16,37.1
2025-04-04,HM16,34.4
2025-04-04,HM20,34.7
2025-04-04,HM20,31.6
2025-04-04,HM20,33.5
2025-04-04,HM20,33.2
2025-04-04,HM20,31.3
2025-04-04,HM20,33.3
2025-04-04,HM20,33.2
2025-04-04,HM30,33.1
2025-04-04,HM30,36.7
2025-04-04,HM36,25.3
2025-04-04,HM43,42.1
2025-04-04,HM43,43.0
2025-04-04,HM47,32.0
2025-04-04,HM47,35.4
2025-04-04,HM47,33.5
2025-04-04,HM50,31.4
2025-04-04,HM50,30.4
2025-04-04,HM50,30.9
2025-04-04,HM50,31.5
2025-04-04,HM56,33.5
2025-04-04,HM56,29.0
2025-04-05,HM01,34.5
2025-04-05,HM01,32.6
2025-04-05,HM01,37.0
2025-04-05,HM01,35.2
2025-04-05,HM01,31.8
2025-04-05,HM12,37.0
2025-04-05,HM12,40.9
2025-04-05,HM13,29.8
2025-04-05,HM13,33.7
2025-04-05,HM13,34.7
2025-04-05,HM14,42.4
2025-04-05,HM14,44.3
2025-04-05,HM16,27.3
2025-04-05,HM16,30.2
2025-04-05,HM20,32.0
2025-04-05,HM20,34.0
2025-04-05,HM20,31.3
2025-04-05,HM20,32.5
2025-04-05,HM25,32.7
2025-04-05,HM25,29.6
2025-04-05,HM25,28.3
2025-04-05,HM30,18.0
2025-04-05,HM36,34.6
2025-04-05,HM36,37.6
2025-04-05,HM36,39.7
2025-04-05,HM43,35.0
2025-04-05,HM43,30.0
2025-04-05,HM43,33.5
2025-04-05,HM43,35.4
2025-04-05,HM43,32.8
2025-04-05,HM43,36.1
2025-04-05,HM47,33.3
2025-04-05,HM47,34.8
2025-04-05,HM47,33.6
2025-04-05,HM50,36.4
2025-04-05,HM50,39.5
2025-04-06,HM01,27.5
2025-04-06,HM01,32.5
2025-04-06,HM01,31.9
2025-04-06,HM12,30.1
2025-04-06,HM12,27.9
2025-04-06,HM13,45.0
2025-04-06,HM13,39.4
2025-04-06,HM13,41.4
2025-04-06,HM14,37.7
2025-04-06,HM14,40.4
2025-04-06,HM14,37.6
2025-04-06,HM14,33.8
2025-04-06,HM16,35.0
2025-04-06,HM16,33.7
2025-04-06,HM16,35.2
2025-04-06,HM16,37.7
2025-04-06,HM16,37.1
2025-04-06,HM16,33.7
2025-04-06,HM16,37.2
2025-04-06,HM16,37.7
2025-04-06,HM16,34.0
2025-04-06,HM16,38.4
2025-04-06,HM20,36.2
2025-04-06,HM20,39.8
2025-04-06,HM20,39.1
2025-04-06,HM20,41.2
2025-04-06,HM20,36.2
2025-04-06,HM20,40.7
2025-04-06,HM20,31.6
2025-04-06,HM25,33.4
2025-04-06,HM25,33.8
2025-04-06,HM25,35.9
2025-04-06,HM25,38.8
2025-04-06,HM30,50.2
2025-04-06,HM36,29.3
2025-04-06,HM36,31.1
2025-04-06,HM43,34.0
2025-04-06,HM43,33.4
2025-04-06,HM43,32.0
2025-04-06,HM43,33.2
2025-04-06,HM47,37.2
2025-04-06,HM47,39.7
2025-04-06,HM47,35.3
2025-04-06,HM47,38.0
2025-04-06,HM50,34.5
2025-04-06,HM50,38.4
2025-04-06,HM56,43.5
2025-04-06,HM56,36.2
2025-04-06,HM56,38.0
2025-04-07,HM01,52.3
2025-04-07,HM12,39.1
2025-04-07,HM12,40.1
2025-04-07,HM13,28.1
2025-04-07,HM13,29.2
2025-04-07,HM14,34.9
2025-04-07,HM14,35.5
2025-04-07,HM14,37.1
2025-04-07,HM14,34.7
2025-04-07,HM14,38.9
2025-04-07,HM14,33.8
2025-04-07,HM14,34.3
2025-04-07,HM14,34.4
2025-04-07,HM14,39.4
2025-04-07,HM14,36.4
2025-04-07,HM14,36.0
2025-04-07,HM14,34.0
2025-04-07,HM16,37.2
2025-04-07,HM16,40.2
2025-04-07,HM20,35.0
2025-04-07,HM20,37.6
2025-04-07,HM20,36.9
2025-04-07,HM20,37.8
2025-04-07,HM20,37.4
2025-04-07,HM25,38.2
2025-04-07,HM25,36.6
2025-04-07,HM25,36.9
2025-04-07,HM25,38.7
2025-04-07,HM25,37.2
2025-04-07,HM25,34.8
2025-04-07,HM36,36.3
2025-04-07,HM36,32.9
2025-04-07,HM36,36.5
2025-04-07,HM36,35.0
2025-04-07,HM36,41.2
2025-04-07,HM43,27.3
2025-04-07,HM47,36.3
2025-04-07,HM47,40.2
2025-04-07,HM47,39.0
2025-04-07,HM47,38.4
2025-04-07,HM50,42.4
2025-04-07,HM56,48.1
2025-04-08,HM01,38.5
2025-04-08,HM01,41.0
2025-04-08,HM12,36.9
2025-04-08,HM12,35.4
2025-04-08,HM12,42.7
2025-04-08,HM12,37.5
2025-04-08,HM13,35.1
2025-04-08,HM13,32.7
2025-04-08,HM14,46.9
2025-04-08,HM14,44.1
2025-04-08,HM16,24.5
2025-04-08,HM20,35.1
2025-04-08,HM20,31.3
2025-04-08,HM20,32.3
2025-04-08,HM25,30.0
2025-04-08,HM25,36.8
2025-04-08,HM25,36.8
2025-04-08,HM25,36.2
2025-04-08,HM25,34.1
2025-04-08,HM25,30.5
2025-04-08,HM25,31.0
2025-04-08,HM36,38.5
2025-04-08,HM36,35.3
2025-04-08,HM36,37.3
2025-04-08,HM36,39.3
2025-04-08,HM36,37.8
2025-04-08,HM36,38.8
2025-04-08,HM36,39.6
2025-04-08,HM36,35.8
2025-04-08,HM36,37.2
2025-04-08,HM43,38.9
2025-04-08,HM47,38.4
2025-04-08,HM47,36.5
2025-04-08,HM47,33.2
2025-04-08,HM47,37.4
2025-04-08,HM47,38.5
2025-04-08,HM47,36.6
2025-04-08,HM47,36.2
2025-04-08,HM47,39.4
2025-04-08,HM47,34.8
2025-04-08,HM47,35.4
2025-04-08,HM47,33.7
2025-04-08,HM47,36.6
2025-04-08,HM56,32.5
2025-04-09,HM01,34.0
2025-04-09,HM01,31.6
2025-04-09,HM01,35.1
2025-04-09,HM01,29.8
2025-04-09,HM01,32.0
2025-04-09,HM01,31.3
2025-04-09,HM12,35.7
2025-04-09,HM12,32.4
2025-04-09,HM12,34.6
2025-04-09,HM12,37.0
2025-04-09,HM12,34.3
2025-04-09,HM12,35.2
2025-04-09,HM12,34.2
2025-04-09,HM12,38.8
2025-04-09,HM12,36.9
2025-04-09,HM13,37.0
2025-04-09,HM13,34.7
2025-04-09,HM13,34.8
2025-04-09,HM13,35.7
2025-04-09,HM13,35.9
2025-04-09,HM13,39.9
2025-04-09,HM13,38.1
2025-04-09,HM13,36.3
2025-04-09,HM14,34.1
2025-04-09,HM14,38.8
2025-04-09,HM14,37.9
2025-04-09,HM14,36.7
2025-04-09,HM14,38.2
2025-04-09,HM14,34.2
2025-04-09,HM14,37.8
2025-04-09,HM14,34.6
2025-04-09,HM16,39.3
2025-04-09,HM16,36.9
2025-04-09,HM20,34.8
2025-04-09,HM20,39.0
2025-04-09,HM20,36.9
2025-04-09,HM20,34.8
2025-04-09,HM20,34.3
2025-04-09,HM20,35.3
2025-04-09,HM20,38.6
2025-04-09,HM20,35.5
2025-04-09,HM20,37.8
2025-04-09,HM25,38.2
2025-04-09,HM25,37.9
2025-04-09,HM25,38.0
2025-04-09,HM25,36.7
2025-04-09,HM30,39.1
2025-04-09,HM30,36.0
2025-04-09,HM30,31.4
2025-04-09,HM30,38.6
2025-04-09,HM30,38.9
2025-04-09,HM30,31.9
2025-04-09,HM30,34.6
2025-04-09,HM30,39.3
2025-04-09,HM30,37.0
2025-04-09,HM30,36.6
2025-04-09,HM30,35.4
2025-04-09,HM30,34.5
2025-04-09,HM36,32.3
2025-04-09,HM36,32.8
2025-04-09,HM36,37.4
2025-04-09,HM43,29.6
2025-04-09,HM47,29.3
2025-04-09,HM47,28.9
2025-04-09,HM50,31.9
2025-04-09,HM50,31.5
2025-04-09,HM50,33.2
2025-04-09,HM56,31.6
2025-04-09,HM56,37.8
2025-04-09,HM56,34.9
2025-04-10,HM01,37.2
2025-04-10,HM01,36.2
2025-04-10,HM01,33.2
2025-04-10,HM01,30.8
2025-04-10,HM01,27.7
2025-04-10,HM01,38.3
2025-04-10,HM01,35.1
2025-04-10,HM01,35.0
2025-04-10,HM01,34.0
2025-04-10,HM12,23.2
2025-04-10,HM13,39.5
2025-04-10,HM13,38.0
2025-04-10,HM13,36.8
2025-04-10,HM13,35.1
2025-04-10,HM13,36.0
2025-04-10,HM13,33.8
2025-04-10,HM13,35.3
2025-04-10,HM14,35.1
2025-04-10,HM14,34.9
2025-04-10,HM14,37.5
2025-04-10,HM14,28.9
2025-04-10,HM14,29.9
2025-04-10,HM16,37.2
2025-04-10,HM16,35.5
2025-04-10,HM16,37.8
2025-04-10,HM16,36.7
2025-04-10,HM16,34.1
2025-04-10,HM20,32.0
2025-04-10,HM20,32.3
2025-04-10,HM25,33.8
2025-04-10,HM25,34.3
2025-04-10,HM25,34.6
2025-04-10,HM30,36.8
2025-04-10,HM30,37.7
2025-04-10,HM30,36.4
2025-04-10,HM30,36.4
2025-04-10,HM36,10.1
2025-04-10,HM43,40.7
2025-04-10,HM47,30.6
2025-04-10,HM47,34.9
2025-04-10,HM50,34.4
2025-04-10,HM50,38.9
2025-04-10,HM50,38.2
2025-04-11,HM01,43.1
2025-04-11,HM01,42.2
2025-04-11,HM12,43.1
2025-04-11,HM12,45.1
2025-04-11,HM13,40.8
2025-04-11,HM13,41.0
2025-04-11,HM13,41.5
2025-04-11,HM14,36.2
2025-04-11,HM14,33.6
2025-04-11,HM14,37.8
2025-04-11,HM14,33.1
2025-04-11,HM14,35.6
2025-04-11,HM16,28.3
2025-04-11,HM16,32.5
2025-04-11,HM16,31.7
2025-04-11,HM20,35.6
2025-04-11,HM25,28.8
2025-04-11,HM25,29.3
2025-04-11,HM25,25.8
2025-04-11,HM30,36.7
2025-04-11,HM30,36.2
2025-04-11,HM36,31.8
2025-04-11,HM36,29.5
2025-04-11,HM36,32.0
2025-04-11,HM36,30.6
2025-04-11,HM43,42.3
2025-04-11,HM43,41.8
2025-04-11,HM47,35.9
2025-04-11,HM47,32.5
2025-04-11,HM47,32.4
2025-04-11,HM47,33.9
2025-04-11,HM47,36.1
2025-04-11,HM47,33.1
2025-04-11,HM47,32.7
2025-04-12,HM01,30.5
2025-04-12,HM01,30.2
2025-04-12,HM01,33.3
2025-04-12,HM01,34.9
2025-04-12,HM01,30.6
2025-04-12,HM12,43.8
2025-04-12,HM12,44.8
2025-04-12,HM13,33.6
2025-04-12,HM13,38.4
2025-04-12,HM13,36.9
2025-04-12,HM13,34.5
2025-04-12,HM13,32.8
2025-04-12,HM13,33.8
2025-04-12,HM13,34.4
2025-04-12,HM13,34.8
2025-04-12,HM13,34.5
2025-04-12,HM13,33.9
2025-04-12,HM13,34.4
2025-04-12,HM13,34.9
2025-04-12,HM14,39.3
2025-04-12,HM14,39.2
2025-04-12,HM16,34.8
2025-04-12,HM16,31.3
2025-04-12,HM16,36.3
2025-04-12,HM20,32.9
2025-04-12,HM20,35.1
2025-04-12,HM20,33.5
2025-04-12,HM25,39.1
2025-04-12,HM25,37.1
2025-04-12,HM25,39.7
2025-04-12,HM25,39.9
2025-04-12,HM30,31.4
2025-04-12,HM30,34.8
2025-04-12,HM36,39.1
2025-04-12,HM36,36.2
2025-04-12,HM36,37.2
2025-04-12,HM36,36.3
2025-04-12,HM43,36.1
2025-04-12,HM43,35.0
2025-04-12,HM43,34.7
2025-04-12,HM43,42.5
2025-04-12,HM43,36.9
2025-04-12,HM43,37.7
2025-04-12,HM43,35.5
2025-04-12,HM43,38.9
2025-04-12,HM47,33.8
2025-04-12,HM47,36.2
2025-04-12,HM47,34.1
2025-04-12,HM47,39.5
2025-04-12,HM47,29.4
2025-04-12,HM50,34.2
2025-04-12,HM50,36.4
2025-04-12,HM50,38.0
2025-04-12,HM56,29.1
2025-04-12,HM56,30.3
2025-04-13,HM01,34.0
2025-04-13,HM01,34.2
2025-04-13,HM01,35.6
2025-04-13,HM01,36.5
2025-04-13,HM01,36.0
2025-04-13,HM01,35.4
2025-04-13,HM12,42.3
2025-04-13,HM13,37.9
2025-04-13,HM13,39.2
2025-04-13,HM13,35.3
2025-04-13,HM13,37.3
2025-04-13,HM14,33.6
2025-04-13,HM16,32.8
2025-04-13,HM16,31.6
2025-04-13,HM16,33.7
2025-04-13,HM16,35.5
2025-04-13,HM20,44.6
2025-04-13,HM20,42.0
2025-04-13,HM25,31.0
2025-04-13,HM25,35.2
2025-04-13,HM30,34.0
2025-04-13,HM30,34.9
2025-04-13,HM30,35.2
2025-04-13,HM30,35.1
2025-04-13,HM30,38.3
2025-04-13,HM30,36.0
2025-04-13,HM30,35.0
2025-04-13,HM30,36.0
2025-04-13,HM30,40.4
2025-04-13,HM30,33.5
2025-04-13,HM30,35.8
2025-04-13,HM30,37.4
2025-04-13,HM36,41.6
2025-04-13,HM36,45.0
2025-04-13,HM43,30.0
2025-04-13,HM43,32.3
2025-04-13,HM50,30.0
2025-04-13,HM50,28.5
2025-04-13,HM50,29.6
2025-04-13,HM56,33.7
2025-04-13,HM56,35.9
2025-04-13,HM56,33.6
2025-04-13,HM56,35.0
2025-04-13,HM56,34.6
2025-04-14,HM01,38.1
2025-04-14,HM12,28.0
2025-04-14,HM12,30.4
2025-04-14,HM12,35.9
2025-04-14,HM13,28.7
2025-04-14,HM13,34.8
2025-04-14,HM13,31.6
2025-04-14,HM13,32.2
2025-04-14,HM13,34.4
2025-04-14,HM13,36.3
2025-04-14,HM13,33.6
2025-04-14,HM13,33.4
2025-04-14,HM13,28.4
2025-04-14,HM13,32.6
2025-04-14,HM14,41.2
2025-04-14,HM14,42.9
2025-04-14,HM16,50.4
2025-04-14,HM20,37.8
2025-04-14,HM20,39.9
2025-04-14,HM25,31.0
2025-04-14,HM25,33.2
2025-04-14,HM25,34.7
2025-04-14,HM25,35.4
2025-04-14,HM25,31.9
2025-04-14,HM25,36.7
2025-04-14,HM25,34.5
2025-04-14,HM25,34.1
2025-04-14,HM30,35.2
2025-04-14,HM30,33.2
2025-04-14,HM30,32.2
2025-04-14,HM30,34.2
2025-04-14,HM30,37.1
2025-04-14,HM30,31.1
2025-04-14,HM30,33.2
2025-04-14,HM36,29.1
2025-04-14,HM36,30.6
2025-04-14,HM36,34.2
2025-04-14,HM36,33.0
2025-04-14,HM36,34.4
2025-04-14,HM43,30.0
2025-04-14,HM43,35.5
2025-04-14,HM43,34.4
2025-04-14,HM43,34.4
2025-04-14,HM43,32.7
2025-04-14,HM47,36.1
2025-04-14,HM47,35.7
2025-04-14,HM47,35.5
2025-04-14,HM50,32.7
2025-04-14,HM50,33.5
2025-04-14,HM50,32.4
2025-04-14,HM50,35.6
2025-04-14,HM56,35.3
2025-04-14,HM56,35.8
2025-04-15,HM01,38.8
2025-04-15,HM01,43.4
2025-04-15,HM12,36.1
2025-04-15,HM12,34.4
2025-04-15,HM12,30.9
2025-04-15,HM12,37.4
2025-04-15,HM12,37.3
2025-04-15,HM12,33.2
2025-04-15,HM13,39.6
2025-04-15,HM13,32.6
2025-04-15,HM13,34.9
2025-04-15,HM13,35.7
2025-04-15,HM13,34.2
2025-04-15,HM13,33.7
2025-04-15,HM13,38.8
2025-04-15,HM13,37.3
2025-04-15,HM14,37.4
2025-04-15,HM14,35.2
2025-04-15,HM14,40.5
2025-04-15,HM14,40.1
2025-04-15,HM14,42.4
2025-04-15,HM16,39.8
2025-04-15,HM16,39.0
2025-04-15,HM16,39.3
2025-04-15,HM20,42.2
2025-04-15,HM20,39.9
2025-04-15,HM25,26.8
2025-04-15,HM25,29.9
2025-04-15,HM30,31.0
2025-04-15,HM30,29.9
2025-04-15,HM36,39.9
2025-04-15,HM36,38.2
2025-04-15,HM36,34.1
2025-04-15,HM43,50.9
2025-04-15,HM47,33.5
2025-04-15,HM47,32.2
2025-04-15,HM47,32.7
2025-04-15,HM50,20.0
2025-04-15,HM56,27.0
2025-04-16,HM01,38.5
2025-04-16,HM01,31.5
2025-04-16,HM01,35.2
2025-04-16,HM12,52.7
2025-04-16,HM13,36.5
2025-04-16,HM13,33.6
2025-04-16,HM13,32.8
2025-04-16,HM13,33.2
2025-04-16,HM13,34.3
2025-04-16,HM13,36.6
2025-04-16,HM14,15.6
2025-04-16,HM16,17.7
2025-04-16,HM20,34.3
2025-04-16,HM25,34.5
2025-04-16,HM25,33.4
2025-04-16,HM25,38.5
2025-04-16,HM25,32.7
2025-04-16,HM25,34.4
2025-04-16,HM30,41.3
2025-04-16,HM30,37.2
2025-04-16,HM30,34.2
2025-04-16,HM36,30.7
2025-04-16,HM36,34.0
2025-04-16,HM36,33.9
2025-04-16,HM36,33.9
2025-04-16,HM36,36.5
2025-04-16,HM36,34.0
2025-04-16,HM43,42.7
2025-04-16,HM47,12.5
2025-04-16,HM50,23.8
2025-04-16,HM50,27.4
2025-04-16,HM56,35.4
2025-04-16,HM56,34.7
2025-04-16,HM56,33.8
2025-04-16,HM56,35.3
2025-04-16,HM56,34.7
2025-04-16,HM56,36.5
2025-04-16,HM56,35.5
2025-04-17,HM01,35.9
2025-04-17,HM01,30.1
2025-04-17,HM01,33.0
2025-04-17,HM01,34.2
2025-04-17,HM01,35.0
2025-04-17,HM01,35.7
2025-04-17,HM12,25.5
2025-04-17,HM13,37.9
2025-04-17,HM13,35.2
2025-04-17,HM13,37.0
2025-04-17,HM13,36.8
2025-04-17,HM14,32.1
2025-04-17,HM14,36.4
2025-04-17,HM14,33.9
2025-04-17,HM14,32.4
2025-04-17,HM14,34.6
2025-04-17,HM14,32.4
2025-04-17,HM14,33.9
2025-04-17,HM14,33.3
2025-04-17,HM16,23.0
2025-04-17,HM20,32.9
2025-04-17,HM20,33.1
2025-04-17,HM20,32.4
2025-04-17,HM20,32.0
2025-04-17,HM25,32.1
2025-04-17,HM25,27.8
2025-04-17,HM30,39.7
2025-04-17,HM30,35.0
2025-04-17,HM30,36.2
2025-04-17,HM36,35.4
2025-04-17,HM36,33.9
2025-04-17,HM36,33.3
2025-04-17,HM36,33.3
2025-04-17,HM43,37.9
2025-04-17,HM43,32.7
2025-04-17,HM47,40.9
2025-04-17,HM47,40.2
2025-04-17,HM47,41.0
2025-04-17,HM50,32.4
2025-04-17,HM50,31.8
2025-04-17,HM50,31.3
2025-04-17,HM56,35.7
2025-04-17,HM56,40.3
2025-04-17,HM56,39.5
2025-04-17,HM56,34.5
2025-04-17,HM56,32.6
2025-04-17,HM56,36.4
2025-04-18,HM01,27.5
2025-04-18,HM01,25.9
2025-04-18,HM12,34.4
2025-04-18,HM12,34.5
2025-04-18,HM12,34.2
2025-04-18,HM12,35.2
2025-04-18,HM12,35.9
2025-04-18,HM12,37.4
2025-04-18,HM13,28.8
2025-04-18,HM13,32.3
2025-04-18,HM13,27.5
2025-04-18,HM14,32.1
2025-04-18,HM14,31.6
2025-04-18,HM14,29.2
2025-04-18,HM14,32.2
2025-04-18,HM16,44.5
2025-04-18,HM16,39.4
2025-04-18,HM16,35.7
2025-04-18,HM16,39.9
2025-04-18,HM20,38.3
2025-04-18,HM20,36.2
2025-04-18,HM20,40.2
2025-04-18,HM20,36.8
2025-04-18,HM25,28.1
2025-04-18,HM30,46.1
2025-04-18,HM36,48.4
2025-04-18,HM43,48.0
2025-04-18,HM47,32.0
2025-04-18,HM47,32.7
2025-04-18,HM50,18.8
2025-04-18,HM56,34.1
2025-04-18,HM56,34.7
2025-04-18,HM56,33.4
2025-04-19,HM01,28.9
2025-04-19,HM12,34.2
2025-04-19,HM12,38.2
2025-04-19,HM12,34.2
2025-04-19,HM12,40.1
2025-04-19,HM12,36.8
2025-04-19,HM12,34.8
2025-04-19,HM13,40.0
2025-04-19,HM13,39.8
2025-04-19,HM13,33.2
2025-04-19,HM13,35.0
2025-04-19,HM13,34.5
2025-04-19,HM13,36.7
2025-04-19,HM13,38.0
2025-04-19,HM13,34.2
2025-04-19,HM14,35.3
2025-04-19,HM14,35.7
2025-04-19,HM14,30.3
2025-04-19,HM14,35.2
2025-04-19,HM14,35.3
2025-04-19,HM14,33.9
2025-04-19,HM14,34.4
2025-04-19,HM14,35.8
2025-04-19,HM14,36.9
2025-04-19,HM14,34.5
2025-04-19,HM14,34.6
2025-04-19,HM16,42.1
2025-04-19,HM16,39.7
2025-04-19,HM16,40.6
2025-04-19,HM20,41.0
2025-04-19,HM20,40.3
2025-04-19,HM20,36.5
2025-04-19,HM20,41.8
2025-04-19,HM25,39.4
2025-04-19,HM25,39.6
2025-04-19,HM30,37.1
2025-04-19,HM30,33.8
2025-04-19,HM30,38.4
2025-04-19,HM30,34.7
2025-04-19,HM36,41.2
2025-04-19,HM36,45.6
2025-04-19,HM43,29.7
2025-04-19,HM43,28.1
2025-04-19,HM50,35.7
2025-04-19,HM50,34.9
2025-04-19,HM50,34.9
2025-04-19,HM50,33.6
2025-04-19,HM56,39.1
2025-04-19,HM56,40.5
2025-04-19,HM56,43.3
2025-04-19,HM56,39.0
2025-04-20,HM01,32.2
2025-04-20,HM01,29.3
2025-04-20,HM12,44.2
2025-04-20,HM12,42.0
2025-04-20,HM13,37.9
2025-04-20,HM14,36.4
2025-04-20,HM14,34.3
2025-04-20,HM16,36.2
2025-04-20,HM16,38.7
2025-04-20,HM16,35.8
2025-04-20,HM20,50.2
2025-04-20,HM25,42.7
2025-04-20,HM30,32.1
2025-04-20,HM30,36.1
2025-04-20,HM30,33.5
2025-04-20,HM36,46.5
2025-04-20,HM43,37.5
2025-04-20,HM43,34.9
2025-04-20,HM43,37.1
2025-04-20,HM43,34.7
2025-04-20,HM43,37.8
2025-04-20,HM43,37.0
2025-04-20,HM43,38.9
2025-04-20,HM43,33.7
2025-04-20,HM47,33.8
2025-04-20,HM47,33.0
2025-04-20,HM47,31.6
2025-04-20,HM47,36.3
2025-04-20,HM47,33.6
2025-04-20,HM50,28.3
2025-04-20,HM50,30.8
2025-04-20,HM56,14.8
2025-04-21,HM01,37.3
2025-04-21,HM01,40.1
2025-04-21,HM01,37.9
2025-04-21,HM01,39.0
2025-04-21,HM01,39.0
2025-04-21,HM01,35.8
2025-04-21,HM01,37.9
2025-04-21,HM12,37.1
2025-04-21,HM12,34.4
2025-04-21,HM12,36.1
2025-04-21,HM12,35.7
2025-04-21,HM12,35.8
2025-04-21,HM12,36.3
2025-04-21,HM12,35.2
2025-04-21,HM13,14.6
2025-04-21,HM14,31.7
2025-04-21,HM14,32.8
2025-04-21,HM14,33.3
2025-04-21,HM14,33.5
2025-04-21,HM14,33.8
2025-04-21,HM16,33.5
2025-04-21,HM16,31.2
2025-04-21,HM16,33.4
2025-04-21,HM16,28.9
2025-04-21,HM20,36.3
2025-04-21,HM20,39.0
2025-04-21,HM20,35.1
2025-04-21,HM20,32.4
2025-04-21,HM25,33.0
2025-04-21,HM25,33.3
2025-04-21,HM25,30.5
2025-04-21,HM25,32.7
2025-04-21,HM25,35.2
2025-04-21,HM30,30.0
2025-04-21,HM30,29.0
2025-04-21,HM30,30.9
2025-04-21,HM30,35.0
2025-04-21,HM30,27.9
2025-04-21,HM36,35.9
2025-04-21,HM36,38.3
2025-04-21,HM36,37.6
2025-04-21,HM36,38.1
2025-04-21,HM47,34.9
2025-04-21,HM47,29.4
2025-04-21,HM47,32.4
2025-04-21,HM56,29.6
2025-04-21,HM56,33.8
2025-04-21,HM56,29.0
2025-04-21,HM56,33.1
2025-04-22,HM01,27.9
2025-04-22,HM01,29.9
2025-04-22,HM12,46.3
2025-04-22,HM13,35.7
2025-04-22,HM13,33.7
2025-04-22,HM14,36.6
2025-04-22,HM14,38.4
2025-04-22,HM14,37.4
2025-04-22,HM14,37.6
2025-04-22,HM14,36.6
2025-04-22,HM16,31.0
2025-04-22,HM16,29.3
2025-04-22,HM20,35.3
2025-04-22,HM20,34.9
2025-04-22,HM20,36.9
2025-04-22,HM25,47.0
2025-04-22,HM36,34.0
2025-04-22,HM36,35.4
2025-04-22,HM43,35.1
2025-04-22,HM43,34.2
2025-04-22,HM43,31.1
2025-04-22,HM43,33.6
2025-04-22,HM43,30.4
2025-04-22,HM47,32.8
2025-04-22,HM47,32.3
2025-04-22,HM47,34.0
2025-04-22,HM50,42.3
2025-04-22,HM50,41.6
2025-04-22,HM56,37.1
2025-04-23,HM01,38.5
2025-04-23,HM01,40.8
2025-04-23,HM01,39.3
2025-04-23,HM12,49.1
2025-04-23,HM13,36.5
2025-04-23,HM13,32.1
2025-04-23,HM13,35.5
2025-04-23,HM14,40.6
2025-04-23,HM14,35.0
2025-04-23,HM14,36.9
2025-04-23,HM14,36.9
2025-04-23,HM14,38.0
2025-04-23,HM14,37.3
2025-04-23,HM14,32.2
2025-04-23,HM14,39.5
2025-04-23,HM14,39.3
2025-04-23,HM16,37.4
2025-04-23,HM16,38.4
2025-04-23,HM16,36.2
2025-04-23,HM16,30.6
2025-04-23,HM16,34.5
2025-04-23,HM20,38.0
2025-04-23,HM20,39.1
2025-04-23,HM36,36.5
2025-04-23,HM36,33.6
2025-04-23,HM36,37.4
2025-04-23,HM43,29.8
2025-04-23,HM43,24.2
2025-04-23,HM47,34.9
2025-04-23,HM47,32.6
2025-04-23,HM47,32.0
2025-04-23,HM50,30.8
2025-04-23,HM50,29.9
2025-04-23,HM50,27.3
2025-04-23,HM50,35.8
2025-04-23,HM56,36.5
2025-04-23,HM56,42.8
2025-04-24,HM01,53.7
2025-04-24,HM12,31.8
2025-04-24,HM12,32.7
2025-04-24,HM12,29.9
2025-04-24,HM12,32.4
2025-04-24,HM13,33.7
2025-04-24,HM13,31.8
2025-04-24,HM13,32.1
2025-04-24,HM13,32.2
2025-04-24,HM13,35.5
2025-04-24,HM14,37.6
2025-04-24,HM14,39.8
2025-04-24,HM14,37.2
2025-04-24,HM14,38.0
2025-04-24,HM16,31.1
2025-04-24,HM16,31.8
2025-04-24,HM16,38.7
2025-04-24,HM16,35.0
2025-04-24,HM16,35.8
2025-04-24,HM20,35.4
2025-04-24,HM20,33.7
2025-04-24,HM20,35.4
2025-04-24,HM20,38.3
2025-04-24,HM20,37.3
2025-04-24,HM25,36.5
2025-04-24,HM25,36.8
2025-04-24,HM25,35.6
2025-04-24,HM30,34.2
2025-04-24,HM30,31.8
2025-04-24,HM30,37.0
2025-04-24,HM36,49.5
2025-04-24,HM43,36.6
2025-04-24,HM43,37.1
2025-04-24,HM43,34.7
2025-04-24,HM43,36.7
2025-04-24,HM43,41.2
2025-04-24,HM43,38.4
2025-04-24,HM47,18.3
2025-04-24,HM50,37.1
2025-04-24,HM56,30.9
2025-04-24,HM56,31.8
2025-04-24,HM56,34.0
2025-04-24,HM56,32.6
2025-04-24,HM56,32.7
2025-04-24,HM56,30.6
2025-04-25,HM01,35.1
2025-04-25,HM12,34.6
2025-04-25,HM12,37.5
2025-04-25,HM12,37.3
2025-04-25,HM12,37.5
2025-04-25,HM13,25.2
2025-04-25,HM13,24.5
2025-04-25,HM14,33.8
2025-04-25,HM14,30.7
2025-04-25,HM14,36.2
2025-04-25,HM14,37.6
2025-04-25,HM16,33.6
2025-04-25,HM16,33.4
2025-04-25,HM16,36.6
2025-04-25,HM16,37.3
2025-04-25,HM16,37.9
2025-04-25,HM16,35.9
2025-04-25,HM20,8.9
2025-04-25,HM25,30.5
2025-04-25,HM25,34.7
2025-04-25,HM25,37.3
2025-04-25,HM25,34.9
2025-04-25,HM25,36.7
2025-04-25,HM30,34.5
2025-04-25,HM36,33.1
2025-04-25,HM36,30.0
2025-04-25,HM36,27.6
2025-04-25,HM43,28.3
2025-04-25,HM43,35.9
2025-04-25,HM43,31.3
2025-04-25,HM43,33.1
2025-04-25,HM47,31.7
2025-04-25,HM47,33.4
2025-04-25,HM47,30.2
2025-04-25,HM47,33.4
2025-04-25,HM47,30.3
2025-04-25,HM50,37.2
2025-04-25,HM56,32.4
2025-04-25,HM56,30.7
2025-04-25,HM56,32.8
2025-04-25,HM56,29.0
2025-04-26,HM01,23.6
2025-04-26,HM13,32.4
2025-04-26,HM13,34.6
2025-04-26,HM13,35.3
2025-04-26,HM13,32.0
2025-04-26,HM14,40.1
2025-04-26,HM14,39.1
2025-04-26,HM14,40.2
2025-04-26,HM16,31.4
2025-04-26,HM16,33.3
2025-04-26,HM20,32.2
2025-04-26,HM20,30.0
2025-04-26,HM20,32.8
2025-04-26,HM25,32.0
2025-04-26,HM25,27.7
2025-04-26,HM30,24.6
2025-04-26,HM36,41.8
2025-04-26,HM36,37.6
2025-04-26,HM36,32.7
2025-04-26,HM36,35.4
2025-04-26,HM43,45.8
2025-04-26,HM43,37.5
2025-04-26,HM47,28.7
2025-04-26,HM47,35.0
2025-04-26,HM50,33.4
2025-04-26,HM56,32.1
2025-04-26,HM56,30.8
2025-04-26,HM56,33.0
2025-04-27,HM01,20.4
2025-04-27,HM12,33.3
2025-04-27,HM12,32.4
2025-04-27,HM12,34.5
2025-04-27,HM12,29.3
2025-04-27,HM13,34.2
2025-04-27,HM13,34.0
2025-04-27,HM13,34.8
2025-04-27,HM13,32.5
2025-04-27,HM13,31.9
2025-04-27,HM14,37.3
2025-04-27,HM14,35.6
2025-04-27,HM14,37.0
2025-04-27,HM16,32.1
2025-04-27,HM16,30.3
2025-04-27,HM20,32.1
2025-04-27,HM20,34.3
2025-04-27,HM20,35.6
2025-04-27,HM20,31.1
2025-04-27,HM20,32.5
2025-04-27,HM25,38.6
2025-04-27,HM25,36.8
2025-04-27,HM25,39.3
2025-04-27,HM30,44.5
2025-04-27,HM36,32.0
2025-04-27,HM36,35.5
2025-04-27,HM36,35.4
2025-04-27,HM36,36.6
2025-04-27,HM36,31.8
2025-04-27,HM36,31.7
2025-04-27,HM36,35.7
2025-04-27,HM36,34.1
2025-04-27,HM43,34.0
2025-04-27,HM43,35.1
2025-04-27,HM43,32.9
2025-04-27,HM43,31.4
2025-04-27,HM43,32.5
2025-04-27,HM43,32.5
2025-04-27,HM47,38.9
2025-04-27,HM47,43.4
2025-04-27,HM50,47.2
2025-04-27,HM56,37.0
2025-04-27,HM56,33.2
2025-04-27,HM56,33.7
2025-04-28,HM01,33.3
2025-04-28,HM01,34.3
2025-04-28,HM01,36.0
2025-04-28,HM12,32.2
2025-04-28,HM13,38.2
2025-04-28,HM13,37.1
2025-04-28,HM13,35.0
2025-04-28,HM13,32.6
2025-04-28,HM13,32.5
2025-04-28,HM13,35.0
2025-04-28,HM13,34.0
2025-04-28,HM13,32.7
2025-04-28,HM14,37.0
2025-04-28,HM14,36.7
2025-04-28,HM14,32.6
2025-04-28,HM14,34.7
2025-04-28,HM14,34.5
2025-04-28,HM14,36.6
2025-04-28,HM14,35.7
2025-04-28,HM14,38.3
2025-04-28,HM16,31.4
2025-04-28,HM16,33.9
2025-04-28,HM16,27.6
2025-04-28,HM20,33.9
2025-04-28,HM20,30.5
2025-04-28,HM20,36.7
2025-04-28,HM25,31.1
2025-04-28,HM25,32.9
2025-04-28,HM25,30.5
2025-04-28,HM30,36.7
2025-04-28,HM30,35.4
2025-04-28,HM30,38.2
2025-04-28,HM36,34.8
2025-04-28,HM36,34.2
2025-04-28,HM43,30.5
2025-04-28,HM43,36.4
2025-04-28,HM47,36.3
2025-04-28,HM47,39.3
2025-04-28,HM47,38.8
2025-04-28,HM47,37.5
2025-04-28,HM47,34.9
2025-04-28,HM47,39.6
2025-04-28,HM50,26.8
2025-04-28,HM50,26.6
2025-04-29,HM01,34.3
2025-04-29,HM01,35.6
2025-04-29,HM12,34.7
2025-04-29,HM12,35.4
2025-04-29,HM12,33.7
2025-04-29,HM13,31.8
2025-04-29,HM13,32.7
2025-04-29,HM13,30.3
2025-04-29,HM13,32.8
2025-04-29,HM13,35.9
2025-04-29,HM14,38.3
2025-04-29,HM14,38.1
2025-04-29,HM14,38.0
2025-04-29,HM14,37.3
2025-04-29,HM16,41.7
2025-04-29,HM16,37.9
2025-04-29,HM20,31.7
2025-04-29,HM20,28.4
2025-04-29,HM20,32.8
2025-04-29,HM20,30.6
2025-04-29,HM25,34.2
2025-04-29,HM25,35.2
2025-04-29,HM25,34.6
2025-04-29,HM25,37.0
2025-04-29,HM25,37.1
2025-04-29,HM30,32.6
2025-04-29,HM30,32.7
2025-04-29,HM30,35.4
2025-04-29,HM30,31.4
2025-04-29,HM36,34.3
2025-04-29,HM36,34.5
2025-04-29,HM36,32.4
2025-04-29,HM36,33.2
2025-04-29,HM36,33.9
2025-04-29,HM43,32.8
2025-04-29,HM43,30.5
2025-04-29,HM43,33.8
2025-04-29,HM47,33.4
2025-04-29,HM47,33.1
2025-04-29,HM50,31.3
2025-04-29,HM50,29.9
2025-04-29,HM56,30.3
2025-04-29,HM56,33.5
2025-04-29,HM56,32.8
2025-04-30,HM12,35.4
2025-04-30,HM12,42.3
2025-04-30,HM13,35.5
2025-04-30,HM13,35.9
2025-04-30,HM14,35.5
2025-04-30,HM14,38.3
2025-04-30,HM16,25.4
2025-04-30,HM16,28.6
2025-04-30,HM20,35.6
2025-04-30,HM20,38.3
2025-04-30,HM20,33.4
2025-04-30,HM20,34.1
2025-04-30,HM20,38.2
2025-04-30,HM25,26.6
2025-04-30,HM25,28.2
2025-04-30,HM25,31.1
2025-04-30,HM30,33.1
2025-04-30,HM30,33.9
2025-04-30,HM30,34.9
2025-04-30,HM36,33.2
2025-04-30,HM36,27.8
2025-04-30,HM36,28.7
2025-04-30,HM36,31.2
2025-04-30,HM43,34.1
2025-04-30,HM43,35.2
2025-04-30,HM43,33.3
2025-04-30,HM43,35.7
2025-04-30,HM43,33.8
2025-04-30,HM43,33.8
2025-04-30,HM43,34.5
2025-04-30,HM47,34.8
2025-04-30,HM47,32.4
2025-04-30,HM50,31.4
2025-04-30,HM50,29.8
2025-04-30,HM56,40.9
2025-04-30,HM56,39.4
2025-04-30,HM56,38.2
2025-04-30,HM56,39.2
2025-04-30,HM56,38.7
2025-05-01,HM01,39.2
2025-05-01,HM01,40.5
2025-05-01,HM12,38.0
2025-05-01,HM12,35.5
2025-05-01,HM12,37.7
2025-05-01,HM12,37.1
2025-05-01,HM13,23.0
2025-05-01,HM13,26.7
2025-05-01,HM14,41.1
2025-05-01,HM16,31.1
2025-05-01,HM16,30.2
2025-05-01,HM16,32.3
2025-05-01,HM16,31.0
2025-05-01,HM16,31.4
2025-05-01,HM25,37.8
2025-05-01,HM25,33.7
2025-05-01,HM25,34.6
2025-05-01,HM25,35.5
2025-05-01,HM25,36.3
2025-05-01,HM30,24.7
2025-05-01,HM30,32.5
2025-05-01,HM36,37.0
2025-05-01,HM36,37.5
2025-05-01,HM43,33.8
2025-05-01,HM43,35.6
2025-05-01,HM43,33.3
2025-05-01,HM47,28.4
2025-05-01,HM47,31.5
2025-05-01,HM47,26.1
2025-05-01,HM50,32.4
2025-05-01,HM50,27.8
2025-05-01,HM56,34.2
2025-05-01,HM56,31.8
2025-05-01,HM56,33.4
2025-05-02,HM01,33.4
2025-05-02,HM01,34.4
2025-05-02,HM01,34.4
2025-05-02,HM01,36.8
2025-05-02,HM01,34.8
2025-05-02,HM01,34.0
2025-05-02,HM01,33.9
2025-05-02,HM01,33.9
2025-05-02,HM01,35.1
2025-05-02,HM12,32.7
2025-05-02,HM12,37.1
2025-05-02,HM12,34.2
2025-05-02,HM13,33.3
2025-05-02,HM13,30.5
2025-05-02,HM13,30.3
2025-05-02,HM13,27.4
2025-05-02,HM13,31.6
2025-05-02,HM13,33.9
2025-05-02,HM13,31.9
2025-05-02,HM14,44.5
2025-05-02,HM14,43.4
2025-05-02,HM16,27.8
2025-05-02,HM16,30.2
2025-05-02,HM16,31.8
2025-05-02,HM16,31.1
2025-05-02,HM20,48.6
2025-05-02,HM25,31.8
2025-05-02,HM25,31.7
2025-05-02,HM25,32.5
2025-05-02,HM25,32.4
2025-05-02,HM25,32.0
2025-05-02,HM30,29.4
2025-05-02,HM30,27.3
2025-05-02,HM36,40.1
2025-05-02,HM36,38.3
2025-05-02,HM36,40.7
2025-05-02,HM43,37.9
2025-05-02,HM43,36.2
2025-05-02,HM43,40.8
2025-05-02,HM47,30.9
2025-05-02,HM47,30.6
2025-05-02,HM47,31.2
2025-05-02,HM47,29.9
2025-05-02,HM50,33.7
2025-05-02,HM50,34.8
2025-05-02,HM50,30.8
2025-05-02,HM50,36.5
2025-05-02,HM50,36.1
2025-05-02,HM50,37.4
2025-05-02,HM50,33.3
2025-05-02,HM56,32.0
2025-05-02,HM56,36.0
2025-05-02,HM56,34.5
2025-05-02,HM56,35.1
2025-05-02,HM56,35.3
2025-05-02,HM56,32.3
2025-05-02,HM56,30.7
2025-05-02,HM56,34.5
2025-05-02,HM56,30.4
2025-05-03,HM01,29.6
2025-05-03,HM01,33.9
2025-05-03,HM01,32.0
2025-05-03,HM12,40.3
2025-05-03,HM12,40.2
2025-05-03,HM13,37.4
2025-05-03,HM13,42.9
2025-05-03,HM13,39.6
2025-05-03,HM14,33.2
2025-05-03,HM14,34.9
2025-05-03,HM16,36.8
2025-05-03,HM16,36.4
2025-05-03,HM16,37.7
2025-05-03,HM16,31.8
2025-05-03,HM20,52.6
2025-05-03,HM30,20.4
2025-05-03,HM36,32.3
2025-05-03,HM36,30.6
2025-05-03,HM36,34.7
2025-05-03,HM36,33.7
2025-05-03,HM36,34.4
2025-05-03,HM36,31.9
2025-05-03,HM43,30.7
2025-05-03,HM43,32.0
2025-05-03,HM43,33.4
2025-05-03,HM47,39.7
2025-05-03,HM47,42.7
2025-05-03,HM50,37.8
2025-05-03,HM50,34.0
2025-05-03,HM50,35.8
2025-05-03,HM50,37.5
2025-05-03,HM56,34.0
2025-05-03,HM56,32.9
2025-05-03,HM56,37.6
2025-05-04,HM01,33.5
2025-05-04,HM01,36.0
2025-05-04,HM01,34.1
2025-05-04,HM01,34.9
2025-05-04,HM12,25.3
2025-05-04,HM13,43.7
2025-05-04,HM14,30.9
2025-05-04,HM14,33.2
2025-05-04,HM14,35.3
2025-05-04,HM14,33.8
2025-05-04,HM14,36.5
2025-05-04,HM14,35.2
2025-05-04,HM14,31.0
2025-05-04,HM16,49.7
2025-05-04,HM20,48.4
2025-05-04,HM25,49.5
2025-05-04,HM30,37.4
2025-05-04,HM30,31.2
2025-05-04,HM30,30.1
2025-05-04,HM30,34.0
2025-05-04,HM30,35.9
2025-05-04,HM30,35.4
2025-05-04,HM36,31.2
2025-05-04,HM36,31.7
2025-05-04,HM36,30.9
2025-05-04,HM36,28.6
2025-05-04,HM36,31.3
2025-05-04,HM43,35.0
2025-05-04,HM43,34.4
2025-05-04,HM47,50.1
2025-05-04,HM56,30.2
2025-05-04,HM56,37.0
2025-05-05,HM01,35.1
2025-05-05,HM01,32.5
2025-05-05,HM01,33.4
2025-05-05,HM01,34.2
2025-05-05,HM01,33.9
2025-05-05,HM01,33.7
2025-05-05,HM01,35.5
2025-05-05,HM01,36.8
2025-05-05,HM01,36.3
2025-05-05,HM01,36.8
2025-05-05,HM12,28.9
2025-05-05,HM12,27.4
2025-05-05,HM13,41.2
2025-05-05,HM13,38.9
2025-05-05,HM13,41.1
2025-05-05,HM14,37.0
2025-05-05,HM14,38.0
2025-05-05,HM16,12.7
2025-05-05,HM20,43.2
2025-05-05,HM25,27.5
2025-05-05,HM25,29.8
2025-05-05,HM30,31.8
2025-05-05,HM30,33.9
2025-05-05,HM30,33.9
2025-05-05,HM30,30.1
2025-05-05,HM30,35.7
2025-05-05,HM36,38.3
2025-05-05,HM36,38.5
2025-05-05,HM43,34.3
2025-05-05,HM43,38.3
2025-05-05,HM43,39.0
2025-05-05,HM47,43.1
2025-05-05,HM47,42.3
2025-05-05,HM50,36.9
2025-05-05,HM50,41.6
2025-05-05,HM56,34.8
2025-05-05,HM56,35.6
2025-05-05,HM56,37.8
2025-05-05,HM56,36.2
2025-05-05,HM56,33.5
2025-05-06,HM01,35.5
2025-05-06,HM01,35.8
2025-05-06,HM12,29.6
2025-05-06,HM12,30.0
2025-05-06,HM12,29.8
2025-05-06,HM13,33.4
2025-05-06,HM13,35.8
2025-05-06,HM13,35.1
2025-05-06,HM14,34.7
2025-05-06,HM14,36.7
2025-05-06,HM14,34.3
2025-05-06,HM16,37.0
2025-05-06,HM16,35.5
2025-05-06,HM16,31.0
2025-05-06,HM20,29.3
2025-05-06,HM20,31.8
2025-05-06,HM25,39.2
2025-05-06,HM30,34.4
2025-05-06,HM36,41.0
2025-05-06,HM36,43.9
2025-05-06,HM43,35.1
2025-05-06,HM43,36.7
2025-05-06,HM43,34.4
2025-05-06,HM43,33.7
2025-05-06,HM43,34.6
2025-05-06,HM43,33.5
2025-05-06,HM43,35.1
2025-05-06,HM47,34.2
2025-05-06,HM47,31.4
2025-05-06,HM47,30.8
2025-05-06,HM50,32.9
2025-05-06,HM50,39.4
2025-05-06,HM50,32.8
2025-05-06,HM56,34.6
2025-05-06,HM56,31.1
2025-05-07,HM01,32.8
2025-05-07,HM01,35.5
2025-05-07,HM01,36.2
2025-05-07,HM01,34.9
2025-05-07,HM01,35.3
2025-05-07,HM01,34.0
2025-05-07,HM12,34.0
2025-05-07,HM12,32.4
2025-05-07,HM13,41.1
2025-05-07,HM13,40.6
2025-05-07,HM13,40.4
2025-05-07,HM14,34.1
2025-05-07,HM14,34.6
2025-05-07,HM14,35.4
2025-05-07,HM14,35.2
2025-05-07,HM14,29.5
2025-05-07,HM14,34.7
2025-05-07,HM14,34.2
2025-05-07,HM14,36.3
2025-05-07,HM14,36.3
2025-05-07,HM14,31.5
2025-05-07,HM14,38.6
2025-05-07,HM14,37.1
2025-05-07,HM16,33.9
2025-05-07,HM16,34.8
2025-05-07,HM20,29.7
2025-05-07,HM20,28.0
2025-05-07,HM25,27.0
2025-05-07,HM25,31.3
2025-05-07,HM25,30.3
2025-05-07,HM30,32.4
2025-05-07,HM30,37.7
2025-05-07,HM30,34.3
2025-05-07,HM30,37.0
2025-05-07,HM30,30.8
2025-05-07,HM30,35.6
2025-05-07,HM30,34.7
2025-05-07,HM36,36.0
2025-05-07,HM36,32.1
2025-05-07,HM36,34.7
2025-05-07,HM36,33.2
2025-05-07,HM36,33.4
2025-05-07,HM36,31.6
2025-05-07,HM36,34.3
2025-05-07,HM36,31.3
2025-05-07,HM36,38.8
2025-05-07,HM36,35.4
2025-05-07,HM36,33.6
2025-05-07,HM43,39.3
2025-05-07,HM43,37.0
2025-05-07,HM47,32.4
2025-05-07,HM47,36.1
2025-05-07,HM47,33.7
2025-05-07,HM50,35.9
2025-05-07,HM50,36.1
2025-05-07,HM50,35.6
2025-05-07,HM50,35.4
2025-05-07,HM56,34.3
2025-05-07,HM56,33.5
2025-05-07,HM56,32.5
2025-05-08,HM01,45.7
2025-05-08,HM12,30.6
2025-05-08,HM12,33.5
2025-05-08,HM12,29.9
2025-05-08,HM13,35.3
2025-05-08,HM13,35.9
2025-05-08,HM13,38.9
2025-05-08,HM13,37.8
2025-05-08,HM13,37.3
2025-05-08,HM14,31.3
2025-05-08,HM14,35.0
2025-05-08,HM14,35.3
2025-05-08,HM14,35.2
2025-05-08,HM14,37.1
2025-05-08,HM14,31.5
2025-05-08,HM14,34.6
2025-05-08,HM14,36.1
2025-05-08,HM16,29.4
2025-05-08,HM16,23.7
2025-05-08,HM20,38.8
2025-05-08,HM20,36.2
2025-05-08,HM20,34.6
2025-05-08,HM25,35.3
2025-05-08,HM25,36.1
2025-05-08,HM25,35.8
2025-05-08,HM25,29.8
2025-05-08,HM30,38.2
2025-05-08,HM30,40.3
2025-05-08,HM30,36.5
2025-05-08,HM43,36.1
2025-05-08,HM50,39.1
2025-05-08,HM50,36.4
2025-05-08,HM50,35.4
2025-05-08,HM50,39.1
2025-05-08,HM50,38.4
2025-05-08,HM50,33.6
2025-05-08,HM56,35.9
2025-05-09,HM01,36.2
2025-05-09,HM01,35.9
2025-05-09,HM01,34.6
2025-05-09,HM01,31.0
2025-05-09,HM01,36.3
2025-05-09,HM01,34.5
2025-05-09,HM01,31.7
2025-05-09,HM12,35.9
2025-05-09,HM12,35.2
2025-05-09,HM12,36.8
2025-05-09,HM12,38.4
2025-05-09,HM12,38.4
2025-05-09,HM12,39.9
2025-05-09,HM12,38.9
2025-05-09,HM12,39.0
2025-05-09,HM12,35.2
2025-05-09,HM13,36.4
2025-05-09,HM13,36.9
2025-05-09,HM13,35.9
2025-05-09,HM13,36.5
2025-05-09,HM14,32.7
2025-05-09,HM14,29.7
2025-05-09,HM14,35.0
2025-05-09,HM14,33.4
2025-05-09,HM14,34.0
2025-05-09,HM14,33.1
2025-05-09,HM14,38.3
2025-05-09,HM14,34.9
2025-05-09,HM14,33.1
2025-05-09,HM14,32.4
2025-05-09,HM14,36.4
2025-05-09,HM14,30.2
2025-05-09,HM16,28.0
2025-05-09,HM16,29.3
2025-05-09,HM20,36.5
2025-05-09,HM20,33.5
2025-05-09,HM25,31.8
2025-05-09,HM25,28.4
2025-05-09,HM25,31.6
2025-05-09,HM30,32.9
2025-05-09,HM36,31.4
2025-05-09,HM36,28.0
2025-05-09,HM36,33.6
2025-05-09,HM43,18.5
2025-05-09,HM47,36.2
2025-05-09,HM47,34.4
2025-05-09,HM47,36.2
2025-05-09,HM47,36.5
2025-05-09,HM47,34.6
2025-05-09,HM50,24.8
2025-05-09,HM50,28.1
2025-05-09,HM56,30.3
2025-05-09,HM56,33.8
2025-05-10,HM01,34.9
2025-05-10,HM01,33.3
2025-05-10,HM01,35.3
2025-05-10,HM01,37.1
2025-05-10,HM01,35.3
2025-05-10,HM01,39.0
2025-05-10,HM12,43.5
2025-05-10,HM13,37.5
2025-05-10,HM13,36.4
2025-05-10,HM13,38.7
2025-05-10,HM14,29.4
2025-05-10,HM14,30.5
2025-05-10,HM16,12.5
2025-05-10,HM25,46.6
2025-05-10,HM36,30.9
2025-05-10,HM36,29.4
2025-05-10,HM36,30.3
2025-05-10,HM36,31.7
2025-05-10,HM43,22.2
2025-05-10,HM47,32.8
2025-05-10,HM47,34.0
2025-05-10,HM50,33.6
2025-05-10,HM50,29.9
2025-05-10,HM50,36.3
2025-05-10,HM50,32.2
2025-05-10,HM50,30.9
2025-05-10,HM50,31.5
2025-05-10,HM56,33.1
2025-05-10,HM56,33.0
2025-05-10,HM56,32.6
2025-05-10,HM56,36.3
2025-05-10,HM56,33.8
2025-05-11,HM01,30.9
2025-05-11,HM01,29.8
2025-05-11,HM12,25.1
2025-05-11,HM12,24.2
2025-05-11,HM13,29.7
2025-05-11,HM13,28.6
2025-05-11,HM14,33.1
2025-05-11,HM14,29.5
2025-05-11,HM14,31.3
2025-05-11,HM16,25.7
2025-05-11,HM16,28.0
2025-05-11,HM20,37.4
2025-05-11,HM20,38.4
2025-05-11,HM25,37.9
2025-05-11,HM25,37.2
2025-05-11,HM25,35.0
2025-05-11,HM25,35.3
2025-05-11,HM25,36.7
2025-05-11,HM25,36.0
2025-05-11,HM25,38.1
2025-05-11,HM30,30.6
2025-05-11,HM30,26.6
2025-05-11,HM36,31.2
2025-05-11,HM43,35.5
2025-05-11,HM43,36.3
2025-05-11,HM43,36.9
2025-05-11,HM43,36.3
2025-05-11,HM43,35.5
2025-05-11,HM43,32.7
2025-05-11,HM43,36.4
2025-05-11,HM43,34.8
2025-05-11,HM43,37.1
2025-05-11,HM43,37.3
2025-05-11,HM43,37.3
2025-05-11,HM43,35.0
2025-05-11,HM47,30.9
2025-05-11,HM47,33.2
2025-05-11,HM47,34.2
2025-05-11,HM47,33.7
2025-05-11,HM47,33.3
2025-05-11,HM47,31.7
2025-05-11,HM47,36.2
2025-05-11,HM47,35.1
2025-05-11,HM47,33.5
2025-05-11,HM47,33.6
2025-05-11,HM50,32.9
2025-05-11,HM50,34.6
2025-05-11,HM50,31.5
2025-05-11,HM50,34.2
2025-05-11,HM50,33.5
2025-05-11,HM56,31.0
2025-05-11,HM56,36.2
2025-05-11,HM56,32.9
2025-05-11,HM56,34.6
2025-05-11,HM56,32.8
2025-05-11,HM56,33.1
2025-05-12,HM01,44.9
2025-05-12,HM01,43.4
2025-05-12,HM12,40.1
2025-05-12,HM12,35.8
2025-05-12,HM13,27.4
2025-05-12,HM14,30.5
2025-05-12,HM16,42.2
2025-05-12,HM16,39.3
2025-05-12,HM16,37.7
2025-05-12,HM20,27.5
2025-05-12,HM25,35.8
2025-05-12,HM30,36.8
2025-05-12,HM30,39.1
2025-05-12,HM30,37.6
2025-05-12,HM36,46.3
2025-05-12,HM43,37.9
2025-05-12,HM43,33.9
2025-05-12,HM43,34.6
2025-05-12,HM47,33.9
2025-05-12,HM47,33.2
2025-05-12,HM47,34.0
2025-05-12,HM50,36.2
2025-05-12,HM56,24.6
2025-05-12,HM56,25.2
2025-05-13,HM01,40.0
2025-05-13,HM01,42.3
2025-05-13,HM12,36.4
2025-05-13,HM12,34.4
2025-05-13,HM12,33.2
2025-05-13,HM12,28.3
2025-05-13,HM12,31.2
2025-05-13,HM12,37.2
2025-05-13,HM12,34.9
2025-05-13,HM12,30.5
2025-05-13,HM12,38.0
2025-05-13,HM12,34.9
2025-05-13,HM12,31.9
2025-05-13,HM12,32.8
2025-05-13,HM13,36.0
2025-05-13,HM13,34.2
2025-05-13,HM13,29.0
2025-05-13,HM13,34.1
2025-05-13,HM13,34.9
2025-05-13,HM13,30.0
2025-05-13,HM13,35.4
2025-05-13,HM14,37.1
2025-05-13,HM16,33.6
2025-05-13,HM16,31.1
2025-05-13,HM16,34.5
2025-05-13,HM16,31.0
2025-05-13,HM16,39.3
2025-05-13,HM16,33.1
2025-05-13,HM20,34.5
2025-05-13,HM20,37.3
2025-05-13,HM20,32.4
2025-05-13,HM20,32.2
2025-05-13,HM20,33.3
2025-05-13,HM20,31.3
2025-05-13,HM20,33.5
2025-05-13,HM25,40.9
2025-05-13,HM30,34.7
2025-05-13,HM30,33.1
2025-05-13,HM30,33.0
2025-05-13,HM30,30.8
2025-05-13,HM30,35.3
2025-05-13,HM30,32.7
2025-05-13,HM36,26.4
2025-05-13,HM36,31.0
2025-05-13,HM43,33.4
2025-05-13,HM43,33.9
2025-05-13,HM43,37.6
2025-05-13,HM43,35.7
2025-05-13,HM47,36.2
2025-05-13,HM47,36.2
2025-05-13,HM47,33.5
2025-05-13,HM47,38.7
2025-05-13,HM50,28.7
2025-05-13,HM50,27.1
2025-05-13,HM56,38.1
2025-05-13,HM56,35.5
2025-05-13,HM56,39.0
2025-05-13,HM56,41.1
2025-05-13,HM56,37.5
2025-05-13,HM56,38.5
2025-05-14,HM01,15.9
2025-05-14,HM12,39.4
2025-05-14,HM12,36.3
2025-05-14,HM12,37.0
2025-05-14,HM12,34.1
2025-05-14,HM12,35.9
2025-05-14,HM12,35.2
2025-05-14,HM12,33.4
2025-05-14,HM12,38.1
2025-05-14,HM12,37.7
2025-05-14,HM12,37.7
2025-05-14,HM12,32.7
2025-05-14,HM12,37.7
2025-05-14,HM13,34.3
2025-05-14,HM13,36.0
2025-05-14,HM13,35.7
2025-05-14,HM13,36.8
2025-05-14,HM14,29.2
2025-05-14,HM16,38.8
2025-05-14,HM16,41.2
2025-05-14,HM20,46.4
2025-05-14,HM25,47.8
2025-05-14,HM30,39.5
2025-05-14,HM30,40.1
2025-05-14,HM36,38.6
2025-05-14,HM36,38.1
2025-05-14,HM36,38.2
2025-05-14,HM43,31.1
2025-05-14,HM43,32.8
2025-05-14,HM43,30.3
2025-05-14,HM43,30.5
2025-05-14,HM43,31.5
2025-05-14,HM47,39.8
2025-05-14,HM47,41.3
2025-05-14,HM47,38.4
2025-05-14,HM56,36.8
2025-05-14,HM56,38.2
2025-05-14,HM56,34.9
2025-05-14,HM56,37.2
2025-05-14,HM56,37.3
2025-05-14,HM56,33.6
2025-05-14,HM56,37.2
2025-05-14,HM56,34.2
2025-05-14,HM56,33.7
2025-05-15,HM01,37.3
2025-05-15,HM01,40.7
2025-05-15,HM01,35.3
2025-05-15,HM01,37.1
2025-05-15,HM12,31.0
2025-05-15,HM13,38.3
2025-05-15,HM13,33.9
2025-05-15,HM13,35.3
2025-05-15,HM13,32.2
2025-05-15,HM14,19.7
2025-05-15,HM16,32.4
2025-05-15,HM16,30.6
2025-05-15,HM16,32.6
2025-05-15,HM16,28.3
2025-05-15,HM20,31.4
2025-05-15,HM20,33.6
2025-05-15,HM20,34.6
2025-05-15,HM20,32.6
2025-05-15,HM20,32.3
2025-05-15,HM20,31.3
2025-05-15,HM25,24.7
2025-05-15,HM25,23.1
2025-05-15,HM30,36.1
2025-05-15,HM30,38.4
2025-05-15,HM30,39.0
2025-05-15,HM30,38.7
2025-05-15,HM30,33.7
2025-05-15,HM30,35.8
2025-05-15,HM30,36.3
2025-05-15,HM30,33.7
2025-05-15,HM36,34.9
2025-05-15,HM36,35.8
2025-05-15,HM36,33.2
2025-05-15,HM36,34.4
2025-05-15,HM43,34.0
2025-05-15,HM43,33.1
2025-05-15,HM47,34.9
2025-05-15,HM50,30.1
2025-05-15,HM50,33.9
2025-05-15,HM56,21.0
2025-05-16,HM01,17.0
2025-05-16,HM12,31.8
2025-05-16,HM12,34.6
2025-05-16,HM13,30.0
2025-05-16,HM13,31.9
2025-05-16,HM13,33.0
2025-05-16,HM14,34.9
2025-05-16,HM14,36.2
2025-05-16,HM14,33.7
2025-05-16,HM14,35.0
2025-05-16,HM14,35.0
2025-05-16,HM14,35.8
2025-05-16,HM14,37.7
2025-05-16,HM14,37.6
2025-05-16,HM14,34.5
2025-05-16,HM14,35.7
2025-05-16,HM14,35.3
2025-05-16,HM14,37.1
2025-05-16,HM16,33.9
2025-05-16,HM16,37.4
2025-05-16,HM20,40.0
2025-05-16,HM20,40.0
2025-05-16,HM25,7.0
2025-05-16,HM30,36.0
2025-05-16,HM30,29.7
2025-05-16,HM30,32.4
2025-05-16,HM36,33.6
2025-05-16,HM36,35.1
2025-05-16,HM36,36.9
2025-05-16,HM36,38.1
2025-05-16,HM36,34.4
2025-05-16,HM36,31.5
2025-05-16,HM36,32.4
2025-05-16,HM47,38.6
2025-05-16,HM47,33.3
2025-05-16,HM47,34.9
2025-05-16,HM47,38.5
2025-05-16,HM47,34.5
2025-05-16,HM47,34.0
2025-05-16,HM47,34.2
2025-05-16,HM47,38.6
2025-05-16,HM50,30.6
2025-05-16,HM50,28.3
2025-05-16,HM50,30.0
2025-05-16,HM50,31.2
2025-05-16,HM56,34.1
2025-05-16,HM56,33.4
2025-05-16,HM56,35.1
2025-05-16,HM56,33.0
2025-05-16,HM56,36.2
2025-05-16,HM56,33.3
2025-05-16,HM56,34.8
2025-05-16,HM56,34.7
2025-05-16,HM56,37.1
2025-05-17,HM01,31.0
2025-05-17,HM12,40.7
2025-05-17,HM12,38.9
2025-05-17,HM13,37.6
2025-05-17,HM14,34.2
2025-05-17,HM14,32.5
2025-05-17,HM14,29.8
2025-05-17,HM14,30.1
2025-05-17,HM16,37.1
2025-05-17,HM16,33.8
2025-05-17,HM16,34.4
2025-05-17,HM16,33.2
2025-05-17,HM20,38.4
2025-05-17,HM20,35.7
2025-05-17,HM25,34.0
2025-05-17,HM25,35.8
2025-05-17,HM25,39.6
2025-05-17,HM25,36.0
2025-05-17,HM25,34.4
2025-05-17,HM25,35.4
2025-05-17,HM25,32.4
2025-05-17,HM25,35.1
2025-05-17,HM25,38.2
2025-05-17,HM30,36.3
2025-05-17,HM30,35.4
2025-05-17,HM36,22.3
2025-05-17,HM43,31.9
2025-05-17,HM43,34.4
2025-05-17,HM47,33.4
2025-05-17,HM47,33.4
2025-05-17,HM47,30.6
2025-05-17,HM50,46.4
2025-05-17,HM56,31.7
2025-05-17,HM56,30.2
2025-05-18,HM01,41.1
2025-05-18,HM01,41.3
2025-05-18,HM12,28.5
2025-05-18,HM12,30.5
2025-05-18,HM12,31.5
2025-05-18,HM12,32.3
2025-05-18,HM13,40.9
2025-05-18,HM13,35.8
2025-05-18,HM13,37.7
2025-05-18,HM13,37.3
2025-05-18,HM13,39.5
2025-05-18,HM13,39.7
2025-05-18,HM13,34.3
2025-05-18,HM13,34.1
2025-05-18,HM13,37.2
2025-05-18,HM13,39.4
2025-05-18,HM13,38.0
2025-05-18,HM13,36.8
2025-05-18,HM14,32.5
2025-05-18,HM14,30.0
2025-05-18,HM14,31.2
2025-05-18,HM14,30.4
2025-05-18,HM16,52.8
2025-05-18,HM20,17.2
2025-05-18,HM25,46.4
2025-05-18,HM25,43.6
2025-05-18,HM30,31.0
2025-05-18,HM30,31.9
2025-05-18,HM30,34.2
2025-05-18,HM30,33.6
2025-05-18,HM30,33.5
2025-05-18,HM30,29.8
2025-05-18,HM36,34.4
2025-05-18,HM36,32.3
2025-05-18,HM36,37.1
2025-05-18,HM43,29.5
2025-05-18,HM47,36.0
2025-05-18,HM47,39.0
2025-05-18,HM50,37.6
2025-05-18,HM50,38.2
2025-05-18,HM56,32.3
2025-05-18,HM56,31.9
2025-05-18,HM56,29.1
2025-05-19,HM01,38.3
2025-05-19,HM01,36.4
2025-05-19,HM01,38.4
2025-05-19,HM01,34.6
2025-05-19,HM12,32.3
2025-05-19,HM12,33.0
2025-05-19,HM12,32.7
2025-05-19,HM12,34.0
2025-05-19,HM13,30.0
2025-05-19,HM13,35.3
2025-05-19,HM13,32.6
2025-05-19,HM14,36.7
2025-05-19,HM14,36.3
2025-05-19,HM14,41.3
2025-05-19,HM16,32.5
2025-05-19,HM16,35.0
2025-05-19,HM16,34.1
2025-05-19,HM16,34.2
2025-05-19,HM16,31.9
2025-05-19,HM16,34.5
2025-05-19,HM20,34.5
2025-05-19,HM20,39.3
2025-05-19,HM20,34.3
2025-05-19,HM20,34.8
2025-05-19,HM25,26.9
2025-05-19,HM25,28.7
2025-05-19,HM30,40.2
2025-05-19,HM30,43.2
2025-05-19,HM36,38.7
2025-05-19,HM43,36.4
2025-05-19,HM43,34.8
2025-05-19,HM43,35.7
2025-05-19,HM43,34.3
2025-05-19,HM47,40.6
2025-05-19,HM47,30.6
2025-05-19,HM47,32.7
2025-05-19,HM47,40.9
2025-05-19,HM47,31.4
2025-05-19,HM47,35.5
2025-05-19,HM47,32.8
2025-05-19,HM47,37.2
2025-05-19,HM47,35.0
2025-05-19,HM47,36.4
2025-05-19,HM47,38.5
2025-05-19,HM47,36.5
2025-05-19,HM56,36.7
2025-05-19,HM56,35.4
2025-05-19,HM56,34.6
2025-05-19,HM56,37.6
2025-05-19,HM56,35.7
2025-05-19,HM56,35.4
2025-05-19,HM56,39.3
2025-05-19,HM56,38.2
2025-05-19,HM56,37.7
2025-05-19,HM56,37.6
2025-05-20,HM01,36.4
2025-05-20,HM01,33.7
2025-05-20,HM01,35.9
2025-05-20,HM01,35.5
2025-05-20,HM12,34.8
2025-05-20,HM12,34.9
2025-05-20,HM13,37.7
2025-05-20,HM13,34.0
2025-05-20,HM13,34.0
2025-05-20,HM14,50.5
2025-05-20,HM16,41.6
2025-05-20,HM16,42.2
2025-05-20,HM20,32.6
2025-05-20,HM20,37.2
2025-05-20,HM20,33.6
2025-05-20,HM20,35.7
2025-05-20,HM20,32.0
2025-05-20,HM25,29.6
2025-05-20,HM25,31.2
2025-05-20,HM25,29.4
2025-05-20,HM25,31.4
2025-05-20,HM30,20.1
2025-05-20,HM36,39.2
2025-05-20,HM36,37.8
2025-05-20,HM36,40.0
2025-05-20,HM43,32.8
2025-05-20,HM43,29.8
2025-05-20,HM43,33.5
2025-05-20,HM43,31.6
2025-05-20,HM47,35.4
2025-05-20,HM47,36.4
2025-05-20,HM47,37.3
2025-05-20,HM47,34.7
2025-05-20,HM50,40.2
2025-05-20,HM56,36.6
2025-05-20,HM56,37.4
2025-05-20,HM56,34.6
2025-05-20,HM56,38.8
2025-05-20,HM56,37.3
2025-05-20,HM56,40.0
2025-05-20,HM56,36.0
2025-05-21,HM01,38.1
2025-05-21,HM01,36.8
2025-05-21,HM01,38.4
2025-05-21,HM01,39.4
2025-05-21,HM12,35.7
2025-05-21,HM12,34.9
2025-05-21,HM12,38.5
2025-05-21,HM12,34.1
2025-05-21,HM12,34.4
2025-05-21,HM12,31.1
2025-05-21,HM12,34.9
2025-05-21,HM12,30.2
2025-05-21,HM13,30.5
2025-05-21,HM13,37.4
2025-05-21,HM14,35.8
2025-05-21,HM14,31.0
2025-05-21,HM14,38.2
2025-05-21,HM14,30.2
2025-05-21,HM14,34.5
2025-05-21,HM16,34.3
2025-05-21,HM16,38.0
2025-05-21,HM20,32.4
2025-05-21,HM20,32.1
2025-05-21,HM20,35.8
2025-05-21,HM20,31.3
2025-05-21,HM20,34.6
2025-05-21,HM20,35.8
2025-05-21,HM20,34.2
2025-05-21,HM25,9.8
2025-05-21,HM30,35.7
2025-05-21,HM36,32.4
2025-05-21,HM36,32.7
2025-05-21,HM36,37.3
2025-05-21,HM36,38.0
2025-05-21,HM43,34.1
2025-05-21,HM43,35.9
2025-05-21,HM43,33.4
2025-05-21,HM43,32.6
2025-05-21,HM43,37.0
2025-05-21,HM47,30.7
2025-05-21,HM47,33.3
2025-05-21,HM47,29.8
2025-05-21,HM47,34.5
2025-05-21,HM47,34.8
2025-05-21,HM47,31.5
2025-05-21,HM47,34.2
2025-05-21,HM50,36.3
2025-05-21,HM50,37.8
2025-05-21,HM50,38.8
2025-05-21,HM56,38.1
2025-05-21,HM56,40.3
2025-05-22,HM01,33.8
2025-05-22,HM01,32.0
2025-05-22,HM01,30.7
2025-05-22,HM12,36.7
2025-05-22,HM12,38.7
2025-05-22,HM13,38.8
2025-05-22,HM13,37.3
2025-05-22,HM13,36.9
2025-05-22,HM13,38.0
2025-05-22,HM14,31.9
2025-05-22,HM14,39.1
2025-05-22,HM14,33.2
2025-05-22,HM14,35.6
2025-05-22,HM14,41.1
2025-05-22,HM16,38.1
2025-05-22,HM16,36.1
2025-05-22,HM16,36.1
2025-05-22,HM16,36.0
2025-05-22,HM16,38.0
2025-05-22,HM16,38.1
2025-05-22,HM20,38.9
2025-05-22,HM20,37.0
2025-05-22,HM20,39.5
2025-05-22,HM25,12.2
2025-05-22,HM30,42.6
2025-05-22,HM30,42.6
2025-05-22,HM36,35.7
2025-05-22,HM36,37.6
2025-05-22,HM36,37.9
2025-05-22,HM36,37.3
2025-05-22,HM36,35.0
2025-05-22,HM36,35.1
2025-05-22,HM36,39.4
2025-05-22,HM36,30.6
2025-05-22,HM36,39.2
2025-05-22,HM36,36.7
2025-05-22,HM36,37.4
2025-05-22,HM36,38.5
2025-05-22,HM43,33.5
2025-05-22,HM43,33.6
2025-05-22,HM43,33.9
2025-05-22,HM43,34.8
2025-05-22,HM47,21.0
2025-05-22,HM50,29.4
2025-05-22,HM50,33.8
2025-05-22,HM50,30.7
2025-05-22,HM50,30.9
2025-05-22,HM56,31.8
2025-05-22,HM56,37.7
2025-05-22,HM56,35.2
2025-05-23,HM01,37.3
2025-05-23,HM12,37.4
2025-05-23,HM12,37.6
2025-05-23,HM12,40.3
2025-05-23,HM13,33.3
2025-05-23,HM13,33.8
2025-05-23,HM13,33.9
2025-05-23,HM13,30.3
2025-05-23,HM13,35.0
2025-05-23,HM13,35.0
2025-05-23,HM13,35.1
2025-05-23,HM13,33.2
2025-05-23,HM14,33.6
2025-05-23,HM14,38.8
2025-05-23,HM14,34.7
2025-05-23,HM14,37.8
2025-05-23,HM14,31.8
2025-05-23,HM14,33.8
2025-05-23,HM14,31.5
2025-05-23,HM14,32.9
2025-05-23,HM14,34.6
2025-05-23,HM14,32.4
2025-05-23,HM14,34.6
2025-05-23,HM14,34.3
2025-05-23,HM16,31.8
2025-05-23,HM16,39.5
2025-05-23,HM20,34.6
2025-05-23,HM20,33.0
2025-05-23,HM20,32.5
2025-05-23,HM20,36.7
2025-05-23,HM20,38.4
2025-05-23,HM20,37.5
2025-05-23,HM20,32.0
2025-05-23,HM20,39.6
2025-05-23,HM20,37.3
2025-05-23,HM20,35.8
2025-05-23,HM20,35.6
2025-05-23,HM25,28.2
2025-05-23,HM25,27.9
2025-05-23,HM25,32.7
2025-05-23,HM30,28.4
2025-05-23,HM36,35.8
2025-05-23,HM36,35.0
2025-05-23,HM36,33.6
2025-05-23,HM36,33.0
2025-05-23,HM36,32.8
2025-05-23,HM36,32.7
2025-05-23,HM36,32.7
2025-05-23,HM36,31.4
2025-05-23,HM43,29.2
2025-05-23,HM43,29.5
2025-05-23,HM43,33.1
2025-05-23,HM47,32.9
2025-05-23,HM47,31.1
2025-05-23,HM47,31.7
2025-05-23,HM47,34.0
2025-05-23,HM47,34.7
2025-05-23,HM56,35.1
2025-05-23,HM56,35.3
2025-05-23,HM56,32.3
2025-05-24,HM01,29.8
2025-05-24,HM01,30.5
2025-05-24,HM01,28.9
2025-05-24,HM01,30.0
2025-05-24,HM12,36.0
2025-05-24,HM12,35.2
2025-05-24,HM12,36.5
2025-05-24,HM13,31.4
2025-05-24,HM13,31.4
2025-05-24,HM13,35.0
2025-05-24,HM13,35.1
2025-05-24,HM13,32.3
2025-05-24,HM13,30.9
2025-05-24,HM14,37.4
2025-05-24,HM14,34.4
2025-05-24,HM14,34.9
2025-05-24,HM14,34.7
2025-05-24,HM14,35.0
2025-05-24,HM14,33.5
2025-05-24,HM14,33.9
2025-05-24,HM14,36.1
2025-05-24,HM14,35.3
2025-05-24,HM14,33.3
2025-05-24,HM14,34.4
2025-05-24,HM14,37.8
2025-05-24,HM16,35.6
2025-05-24,HM16,30.9
2025-05-24,HM16,31.1
2025-05-24,HM16,33.4
2025-05-24,HM16,32.5
2025-05-24,HM16,30.2
2025-05-24,HM16,33.2
2025-05-24,HM20,32.2
2025-05-24,HM20,35.5
2025-05-24,HM20,33.4
2025-05-24,HM20,30.5
2025-05-24,HM20,33.0
2025-05-24,HM25,34.2
2025-05-24,HM25,35.0
2025-05-24,HM25,31.3
2025-05-24,HM30,38.4
2025-05-24,HM30,37.0
2025-05-24,HM30,37.2
2025-05-24,HM30,34.0
2025-05-24,HM30,33.9
2025-05-24,HM36,32.4
2025-05-24,HM36,34.5
2025-05-24,HM36,35.0
2025-05-24,HM36,36.2
2025-05-24,HM43,38.9
2025-05-24,HM43,35.8
2025-05-24,HM43,35.4
2025-05-24,HM43,39.1
2025-05-24,HM43,39.4
2025-05-24,HM47,38.7
2025-05-24,HM47,35.2
2025-05-24,HM50,40.2
2025-05-24,HM56,41.9
2025-05-25,HM01,40.2
2025-05-25,HM01,35.2
2025-05-25,HM01,36.6
2025-05-25,HM12,40.1
2025-05-25,HM12,41.6
2025-05-25,HM13,35.9
2025-05-25,HM13,32.2
2025-05-25,HM13,29.2
2025-05-25,HM13,36.3
2025-05-25,HM13,34.7
2025-05-25,HM14,32.4
2025-05-25,HM14,37.5
2025-05-25,HM16,31.4
2025-05-25,HM16,30.2
2025-05-25,HM20,30.5
2025-05-25,HM20,31.0
2025-05-25,HM25,26.4
2025-05-25,HM25,27.6
2025-05-25,HM36,39.4
2025-05-25,HM36,39.6
2025-05-25,HM36,36.5
2025-05-25,HM36,39.8
2025-05-25,HM43,35.3
2025-05-25,HM43,32.5
2025-05-25,HM47,38.1
2025-05-25,HM47,36.8
2025-05-25,HM47,35.1
2025-05-25,HM47,32.6
2025-05-25,HM47,34.8
2025-05-25,HM47,34.9
2025-05-25,HM47,35.1
2025-05-25,HM50,31.9
2025-05-25,HM50,30.8
2025-05-25,HM50,26.1
2025-05-25,HM56,33.6
2025-05-25,HM56,32.3
2025-05-26,HM01,29.1
2025-05-26,HM01,32.4
2025-05-26,HM01,32.0
2025-05-26,HM01,30.1
2025-05-26,HM01,32.9
2025-05-26,HM01,34.5
2025-05-26,HM12,35.7
2025-05-26,HM12,38.7
2025-05-26,HM12,36.2
2025-05-26,HM13,33.5
2025-05-26,HM13,34.6
2025-05-26,HM13,34.4
2025-05-26,HM13,34.9
2025-05-26,HM14,34.0
2025-05-26,HM14,36.0
2025-05-26,HM14,33.6
2025-05-26,HM14,37.1
2025-05-26,HM16,36.6
2025-05-26,HM16,33.7
2025-05-26,HM16,36.2
2025-05-26,HM16,37.3
2025-05-26,HM20,43.6
2025-05-26,HM25,31.9
2025-05-26,HM25,31.4
2025-05-26,HM25,28.6
2025-05-26,HM25,33.8
2025-05-26,HM25,35.1
2025-05-26,HM30,35.4
2025-05-26,HM30,35.2
2025-05-26,HM30,33.9
2025-05-26,HM30,38.8
2025-05-26,HM30,37.3
2025-05-26,HM30,33.4
2025-05-26,HM30,36.5
2025-05-26,HM30,35.1
2025-05-26,HM30,38.0
2025-05-26,HM30,38.0
2025-05-26,HM30,34.8
2025-05-26,HM30,36.3
2025-05-26,HM36,45.1
2025-05-26,HM36,46.9
2025-05-26,HM43,38.6
2025-05-26,HM43,35.1
2025-05-26,HM43,35.3
2025-05-26,HM43,37.8
2025-05-26,HM43,32.3
2025-05-26,HM43,37.4
2025-05-26,HM43,35.7
2025-05-26,HM43,36.3
2025-05-26,HM43,35.7
2025-05-26,HM43,36.8
2025-05-26,HM43,33.0
2025-05-26,HM47,27.9
2025-05-26,HM47,27.8
2025-05-26,HM50,31.7
2025-05-26,HM50,39.2
2025-05-26,HM50,36.0
2025-05-26,HM50,34.5
2025-05-26,HM56,37.4
2025-05-26,HM56,35.4
2025-05-27,HM01,37.9
2025-05-27,HM01,41.5
2025-05-27,HM01,39.2
2025-05-27,HM01,37.8
2025-05-27,HM12,31.2
2025-05-27,HM12,28.9
2025-05-27,HM13,38.6
2025-05-27,HM13,34.8
2025-05-27,HM14,28.9
2025-05-27,HM16,38.1
2025-05-27,HM16,41.6
2025-05-27,HM16,41.9
2025-05-27,HM16,36.0
2025-05-27,HM20,40.4
2025-05-27,HM20,37.4
2025-05-27,HM20,35.3
2025-05-27,HM20,34.4
2025-05-27,HM20,34.8
2025-05-27,HM20,33.3
2025-05-27,HM20,37.0
2025-05-27,HM20,38.6
2025-05-27,HM20,37.8
2025-05-27,HM20,36.4
2025-05-27,HM20,37.8
2025-05-27,HM20,37.5
2025-05-27,HM25,23.6
2025-05-27,HM30,30.7
2025-05-27,HM30,33.4
2025-05-27,HM30,35.9
2025-05-27,HM36,31.4
2025-05-27,HM36,33.3
2025-05-27,HM43,31.4
2025-05-27,HM43,34.3
2025-05-27,HM43,33.5
2025-05-27,HM43,33.9
2025-05-27,HM43,31.5
2025-05-27,HM43,32.1
2025-05-27,HM43,30.8
2025-05-27,HM43,32.7
2025-05-27,HM43,30.9
2025-05-27,HM43,33.0
2025-05-27,HM47,37.1
2025-05-27,HM47,38.4
2025-05-27,HM47,42.1
2025-05-27,HM50,36.7
2025-05-27,HM56,34.6
2025-05-27,HM56,31.6
2025-05-28,HM01,29.7
2025-05-28,HM01,30.4
2025-05-28,HM01,28.9
2025-05-28,HM12,32.8
2025-05-28,HM12,36.7
2025-05-28,HM12,34.1
2025-05-28,HM12,36.4
2025-05-28,HM12,34.8
2025-05-28,HM13,37.0
2025-05-28,HM13,37.3
2025-05-28,HM13,37.2
2025-05-28,HM14,41.1
2025-05-28,HM14,41.8
2025-05-28,HM14,42.1
2025-05-28,HM16,37.5
2025-05-28,HM16,37.0
2025-05-28,HM16,37.7
2025-05-28,HM20,41.2
2025-05-28,HM25,25.3
2025-05-28,HM30,43.9
2025-05-28,HM43,39.6
2025-05-28,HM43,41.2
2025-05-28,HM43,42.7
2025-05-28,HM43,37.4
2025-05-28,HM47,36.4
2025-05-28,HM47,35.7
2025-05-28,HM47,34.3
2025-05-28,HM50,32.8
2025-05-28,HM50,36.4
2025-05-28,HM50,34.9
2025-05-28,HM50,35.5
2025-05-28,HM50,37.5
2025-05-28,HM56,14.9
2025-05-29,HM01,33.2
2025-05-29,HM01,34.7
2025-05-29,HM01,38.0
2025-05-29,HM01,34.4
2025-05-29,HM01,30.1
2025-05-29,HM01,30.0
2025-05-29,HM01,33.0
2025-05-29,HM01,33.1
2025-05-29,HM12,34.6
2025-05-29,HM12,35.4
2025-05-29,HM12,38.2
2025-05-29,HM12,33.3
2025-05-29,HM13,33.3
2025-05-29,HM13,34.5
2025-05-29,HM13,34.4
2025-05-29,HM13,33.5
2025-05-29,HM14,34.9
2025-05-29,HM14,32.6
2025-05-29,HM14,33.1
2025-05-29,HM14,31.2
2025-05-29,HM14,34.4
2025-05-29,HM14,36.6
2025-05-29,HM14,37.4
2025-05-29,HM14,32.4
2025-05-29,HM16,17.0
2025-05-29,HM20,40.0
2025-05-29,HM25,29.5
2025-05-29,HM25,30.7
2025-05-29,HM25,29.8
2025-05-29,HM30,34.6
2025-05-29,HM30,39.7
2025-05-29,HM30,37.2
2025-05-29,HM30,38.6
2025-05-29,HM30,37.1
2025-05-29,HM30,40.9
2025-05-29,HM30,35.1
2025-05-29,HM30,38.8
2025-05-29,HM30,35.7
2025-05-29,HM30,39.6
2025-05-29,HM30,36.8
2025-05-29,HM36,14.3
2025-05-29,HM43,43.4
2025-05-29,HM43,42.8
2025-05-29,HM47,39.1
2025-05-29,HM50,42.3
2025-05-29,HM50,41.7
2025-05-29,HM50,41.9
2025-05-29,HM56,38.7
2025-05-29,HM56,37.1
2025-05-29,HM56,35.3
2025-05-30,HM01,32.5
2025-05-30,HM01,32.5
2025-05-30,HM01,31.6
2025-05-30,HM01,30.0
2025-05-30,HM01,32.0
2025-05-30,HM12,37.4
2025-05-30,HM12,35.6
2025-05-30,HM13,33.7
2025-05-30,HM13,33.4
2025-05-30,HM13,34.0
2025-05-30,HM14,32.3
2025-05-30,HM14,40.4
2025-05-30,HM14,34.5
2025-05-30,HM14,31.6
2025-05-30,HM14,34.9
2025-05-30,HM14,37.5
2025-05-30,HM14,34.2
2025-05-30,HM14,34.2
2025-05-30,HM14,38.2
2025-05-30,HM16,38.8
2025-05-30,HM16,35.9
2025-05-30,HM16,37.2
2025-05-30,HM16,35.5
2025-05-30,HM16,37.1
2025-05-30,HM16,39.5
2025-05-30,HM20,36.1
2025-05-30,HM20,38.0
2025-05-30,HM20,33.1
2025-05-30,HM20,31.1
2025-05-30,HM20,34.8
2025-05-30,HM25,33.1
2025-05-30,HM25,34.6
2025-05-30,HM25,33.8
2025-05-30,HM25,33.5
2025-05-30,HM30,37.6
2025-05-30,HM30,40.2
2025-05-30,HM30,37.5
2025-05-30,HM30,40.3
2025-05-30,HM36,36.7
2025-05-30,HM36,32.9
2025-05-30,HM36,35.9
2025-05-30,HM43,35.4
2025-05-30,HM43,35.0
2025-05-30,HM43,37.7
2025-05-30,HM43,33.8
2025-05-30,HM43,35.5
2025-05-30,HM43,36.1
2025-05-30,HM43,37.3
2025-05-30,HM43,37.4
2025-05-30,HM43,35.5
2025-05-30,HM43,36.8
2025-05-30,HM43,32.5
2025-05-30,HM43,35.9
2025-05-30,HM47,32.8
2025-05-30,HM47,36.4
2025-05-30,HM47,33.4
2025-05-30,HM47,40.7
2025-05-30,HM50,24.0
2025-05-30,HM56,37.6
2025-05-30,HM56,40.3
2025-05-30,HM56,37.2
2025-05-30,HM56,39.8
2025-05-31,HM01,25.9
2025-05-31,HM01,29.2
2025-05-31,HM01,27.5
2025-05-31,HM12,37.6
2025-05-31,HM12,33.7
2025-05-31,HM12,38.3
2025-05-31,HM12,38.7
2025-05-31,HM12,38.1
2025-05-31,HM12,37.8
2025-05-31,HM12,35.3
2025-05-31,HM12,36.0
2025-05-31,HM12,36.1
2025-05-31,HM12,35.5
2025-05-31,HM12,33.7
2025-05-31,HM12,36.2
2025-05-31,HM13,34.9
2025-05-31,HM13,34.6
2025-05-31,HM13,34.1
2025-05-31,HM13,37.2
2025-05-31,HM13,33.5
2025-05-31,HM14,31.2
2025-05-31,HM14,31.0
2025-05-31,HM14,33.2
2025-05-31,HM14,29.1
2025-05-31,HM16,43.2
2025-05-31,HM20,25.2
2025-05-31,HM30,47.3
2025-05-31,HM36,41.2
2025-05-31,HM36,43.1
2025-05-31,HM43,35.5
2025-05-31,HM43,38.7
2025-05-31,HM43,35.6
2025-05-31,HM43,33.1
2025-05-31,HM43,36.9
2025-05-31,HM43,39.8
2025-05-31,HM47,29.5
2025-05-31,HM47,29.7
2025-05-31,HM50,29.5
2025-06-01,HM01,33.7
2025-06-01,HM12,45.6
2025-06-01,HM12,43.5
2025-06-01,HM13,32.8
2025-06-01,HM13,30.7
2025-06-01,HM13,27.8
2025-06-01,HM13,30.1
2025-06-01,HM14,38.0
2025-06-01,HM14,34.2
2025-06-01,HM14,34.2
2025-06-01,HM14,33.4
2025-06-01,HM14,35.0
2025-06-01,HM16,42.5
2025-06-01,HM16,42.1
2025-06-01,HM20,27.7
2025-06-01,HM20,29.9
2025-06-01,HM25,44.4
2025-06-01,HM30,33.9
2025-06-01,HM36,37.5
2025-06-01,HM36,34.8
2025-06-01,HM36,37.0
2025-06-01,HM36,38.8
2025-06-01,HM36,31.4
2025-06-01,HM36,35.8
2025-06-01,HM43,30.2
2025-06-01,HM43,29.5
2025-06-01,HM43,32.1
2025-06-01,HM47,39.1
2025-06-01,HM47,37.1
2025-06-01,HM47,36.1
2025-06-01,HM47,41.1
2025-06-01,HM47,37.0
2025-06-01,HM47,37.8
2025-06-01,HM56,35.6
2025-06-01,HM56,33.6
2025-06-01,HM56,33.5
2025-06-01,HM56,34.2
2025-06-01,HM56,38.4
2025-06-01,HM56,34.0
2025-06-01,HM56,30.5
2025-06-02,HM01,40.5
2025-06-02,HM01,40.2
2025-06-02,HM12,37.0
2025-06-02,HM12,32.7
2025-06-02,HM12,36.6
2025-06-02,HM12,36.3
2025-06-02,HM12,34.8
2025-06-02,HM12,38.6
2025-06-02,HM13,35.8
2025-06-02,HM13,35.6
2025-06-02,HM13,37.8
2025-06-02,HM13,36.9
2025-06-02,HM13,37.7
2025-06-02,HM13,37.5
2025-06-02,HM14,31.3
2025-06-02,HM14,35.7
2025-06-02,HM16,34.3
2025-06-02,HM16,33.4
2025-06-02,HM16,31.5
2025-06-02,HM20,32.8
2025-06-02,HM20,31.3
2025-06-02,HM20,31.2
2025-06-02,HM25,31.6
2025-06-02,HM30,30.0
2025-06-02,HM30,30.2
2025-06-02,HM30,32.2
2025-06-02,HM36,36.7
2025-06-02,HM36,37.1
2025-06-02,HM36,34.1
2025-06-02,HM47,31.1
2025-06-02,HM56,37.8
2025-06-02,HM56,36.7
2025-06-02,HM56,28.9
2025-06-03,HM01,29.2
2025-06-03,HM01,35.0
2025-06-03,HM01,29.6
2025-06-03,HM12,27.5
2025-06-03,HM13,36.0
2025-06-03,HM13,36.9
2025-06-03,HM13,32.4
2025-06-03,HM13,35.3
2025-06-03,HM13,34.1
2025-06-03,HM13,36.2
2025-06-03,HM13,33.3
2025-06-03,HM13,34.4
2025-06-03,HM14,34.1
2025-06-03,HM14,31.6
2025-06-03,HM14,33.5
2025-06-03,HM14,35.5
2025-06-03,HM16,32.2
2025-06-03,HM16,34.2
2025-06-03,HM16,34.0
2025-06-03,HM20,36.2
2025-06-03,HM20,36.7
2025-06-03,HM20,37.9
2025-06-03,HM20,41.4
2025-06-03,HM20,40.5
2025-06-03,HM20,36.7
2025-06-03,HM30,29.4
2025-06-03,HM30,31.7
2025-06-03,HM30,28.7
2025-06-03,HM36,27.7
2025-06-03,HM36,30.6
2025-06-03,HM36,30.2
2025-06-03,HM43,35.2
2025-06-03,HM43,37.6
2025-06-03,HM43,37.1
2025-06-03,HM43,36.0
2025-06-03,HM47,38.3
2025-06-03,HM50,31.1
2025-06-03,HM50,35.0
2025-06-03,HM56,29.2
2025-06-03,HM56,31.8
2025-06-03,HM56,30.8
2025-06-04,HM01,33.9
2025-06-04,HM01,33.8
2025-06-04,HM12,39.1
2025-06-04,HM12,42.1
2025-06-04,HM13,43.6
2025-06-04,HM14,31.1
2025-06-04,HM14,28.3
2025-06-04,HM14,30.3
2025-06-04,HM14,35.1
2025-06-04,HM16,42.0
2025-06-04,HM16,37.1
2025-06-04,HM16,39.7
2025-06-04,HM16,38.6
2025-06-04,HM20,38.0
2025-06-04,HM20,34.1
2025-06-04,HM20,38.2
2025-06-04,HM20,35.0
2025-06-04,HM20,36.6
2025-06-04,HM20,39.3
2025-06-04,HM20,34.0
2025-06-04,HM25,36.0
2025-06-04,HM25,37.0
2025-06-04,HM30,35.9
2025-06-04,HM30,32.3
2025-06-04,HM30,34.5
2025-06-04,HM30,36.0
2025-06-04,HM30,39.9
2025-06-04,HM30,36.7
2025-06-04,HM30,33.6
2025-06-04,HM36,34.0
2025-06-04,HM36,32.3
2025-06-04,HM36,35.7
2025-06-04,HM36,33.4
2025-06-04,HM43,31.1
2025-06-04,HM43,30.3
2025-06-04,HM43,32.6
2025-06-04,HM43,29.8
2025-06-04,HM47,36.9
2025-06-04,HM47,43.4
2025-06-04,HM50,46.5
2025-06-04,HM56,45.0
2025-06-05,HM01,47.8
2025-06-05,HM12,32.5
2025-06-05,HM12,33.4
2025-06-05,HM13,27.4
2025-06-05,HM14,33.0
2025-06-05,HM16,18.3
2025-06-05,HM25,32.6
2025-06-05,HM25,38.6
2025-06-05,HM25,35.6
2025-06-05,HM25,35.4
2025-06-05,HM25,34.2
2025-06-05,HM25,34.2
2025-06-05,HM25,29.8
2025-06-05,HM25,34.0
2025-06-05,HM25,35.5
2025-06-05,HM25,33.8
2025-06-05,HM25,36.9
2025-06-05,HM25,35.6
2025-06-05,HM30,34.0
2025-06-05,HM30,34.3
2025-06-05,HM30,34.4
2025-06-05,HM30,36.2
2025-06-05,HM30,37.1
2025-06-05,HM30,33.6
2025-06-05,HM30,37.2
2025-06-05,HM36,37.4
2025-06-05,HM36,36.7
2025-06-05,HM36,33.4
2025-06-05,HM36,34.2
2025-06-05,HM36,38.0
2025-06-05,HM36,31.3
2025-06-05,HM43,26.0
2025-06-05,HM47,38.9
2025-06-05,HM47,36.4
2025-06-05,HM47,39.1
2025-06-05,HM47,36.9
2025-06-05,HM47,38.1
2025-06-05,HM50,37.0
2025-06-05,HM50,36.7
2025-06-06,HM01,34.9
2025-06-06,HM01,32.1
2025-06-06,HM12,33.8
2025-06-06,HM12,32.3
2025-06-06,HM13,35.5
2025-06-06,HM14,37.0
2025-06-06,HM14,38.6
2025-06-06,HM16,36.1
2025-06-06,HM16,32.9
2025-06-06,HM20,34.7
2025-06-06,HM25,41.0
2025-06-06,HM30,42.5
2025-06-06,HM30,39.8
2025-06-06,HM36,31.9
2025-06-06,HM36,33.2
2025-06-06,HM36,31.9
2025-06-06,HM43,34.3
2025-06-06,HM43,32.4
2025-06-06,HM43,33.6
2025-06-06,HM43,34.6
2025-06-06,HM43,35.5
2025-06-06,HM43,35.1
2025-06-06,HM43,33.2
2025-06-06,HM47,35.2
2025-06-06,HM47,34.7
2025-06-06,HM47,31.5
2025-06-06,HM47,35.8
2025-06-06,HM50,32.0
2025-06-06,HM50,31.6
2025-06-06,HM50,30.2
2025-06-06,HM50,32.7
2025-06-06,HM56,20.7
2025-06-07,HM01,32.6
2025-06-07,HM01,36.5
2025-06-07,HM01,35.0
2025-06-07,HM01,33.9
2025-06-07,HM01,35.2
2025-06-07,HM01,30.3
2025-06-07,HM12,33.8
2025-06-07,HM12,31.2
2025-06-07,HM13,36.8
2025-06-07,HM13,36.7
2025-06-07,HM13,40.4
2025-06-07,HM13,37.7
2025-06-07,HM13,39.0
2025-06-07,HM13,38.5
2025-06-07,HM14,38.7
2025-06-07,HM14,33.6
2025-06-07,HM14,35.9
2025-06-07,HM14,37.4
2025-06-07,HM14,36.6
2025-06-07,HM14,38.3
2025-06-07,HM14,37.6
2025-06-07,HM14,34.7
2025-06-07,HM14,40.9
2025-06-07,HM14,34.3
2025-06-07,HM14,36.6
2025-06-07,HM14,35.1
2025-06-07,HM16,27.9
2025-06-07,HM20,35.9
2025-06-07,HM20,34.8
2025-06-07,HM20,35.0
2025-06-07,HM20,31.8
2025-06-07,HM20,37.4
2025-06-07,HM25,33.6
2025-06-07,HM25,32.4
2025-06-07,HM25,33.1
2025-06-07,HM25,33.9
2025-06-07,HM25,36.0
2025-06-07,HM30,41.5
2025-06-07,HM36,40.0
2025-06-07,HM43,27.3
2025-06-07,HM43,26.8
2025-06-07,HM47,23.4
2025-06-07,HM50,36.7
2025-06-07,HM56,50.3
2025-06-08,HM01,32.3
2025-06-08,HM01,29.4
2025-06-08,HM01,31.8
2025-06-08,HM12,34.3
2025-06-08,HM12,34.1
2025-06-08,HM12,34.3
2025-06-08,HM13,37.8
2025-06-08,HM13,35.8
2025-06-08,HM13,39.9
2025-06-08,HM13,36.6
2025-06-08,HM13,38.3
2025-06-08,HM14,30.5
2025-06-08,HM16,48.7
2025-06-08,HM20,17.1
2025-06-08,HM25,30.4
2025-06-08,HM25,30.7
2025-06-08,HM30,22.6
2025-06-08,HM36,46.5
2025-06-08,HM43,15.7
2025-06-08,HM47,35.8
2025-06-08,HM47,38.9
2025-06-08,HM50,29.8
2025-06-08,HM50,30.2
2025-06-08,HM50,30.4
2025-06-08,HM56,37.2
2025-06-08,HM56,33.4
2025-06-08,HM56,36.5
2025-06-08,HM56,35.4
2025-06-08,HM56,33.1
2025-06-09,HM01,35.6
2025-06-09,HM01,37.3
2025-06-09,HM01,38.7
2025-06-09,HM01,39.0
2025-06-09,HM13,37.8
2025-06-09,HM13,34.4
2025-06-09,HM13,31.2
2025-06-09,HM13,32.7
2025-06-09,HM13,33.1
2025-06-09,HM14,31.7
2025-06-09,HM14,37.5
2025-06-09,HM14,32.5
2025-06-09,HM16,34.9
2025-06-09,HM16,33.3
2025-06-09,HM16,37.0
2025-06-09,HM16,35.0
2025-06-09,HM16,33.5
2025-06-09,HM16,33.7
2025-06-09,HM20,30.4
2025-06-09,HM20,30.2
2025-06-09,HM25,34.4
2025-06-09,HM25,34.1
2025-06-09,HM25,35.1
2025-06-09,HM25,34.4
2025-06-09,HM30,25.3
2025-06-09,HM36,28.3
2025-06-09,HM36,31.9
2025-06-09,HM43,37.0
2025-06-09,HM43,33.9
2025-06-09,HM47,33.8
2025-06-09,HM47,32.9
2025-06-09,HM47,29.9
2025-06-09,HM47,32.4
2025-06-09,HM56,20.7
2025-06-10,HM01,55.5
2025-06-10,HM12,33.9
2025-06-10,HM12,33.3
2025-06-10,HM12,32.3
2025-06-10,HM12,36.5
2025-06-10,HM12,31.6
2025-06-10,HM12,33.7
2025-06-10,HM12,34.7
2025-06-10,HM13,35.4
2025-06-10,HM13,35.9
2025-06-10,HM13,37.2
2025-06-10,HM13,37.3
2025-06-10,HM13,36.2
2025-06-10,HM13,35.9
2025-06-10,HM13,36.2
2025-06-10,HM13,36.7
2025-06-10,HM14,32.6
2025-06-10,HM14,32.4
2025-06-10,HM14,33.3
2025-06-10,HM14,30.9
2025-06-10,HM16,33.8
2025-06-10,HM16,36.1
2025-06-10,HM20,27.4
2025-06-10,HM20,30.6
2025-06-10,HM20,32.0
2025-06-10,HM25,32.2
2025-06-10,HM25,30.4
2025-06-10,HM25,33.3
2025-06-10,HM25,36.9
2025-06-10,HM30,31.3
2025-06-10,HM30,33.6
2025-06-10,HM30,39.0
2025-06-10,HM30,34.6
2025-06-10,HM30,36.1
2025-06-10,HM36,32.9
2025-06-10,HM36,30.9
2025-06-10,HM36,33.3
2025-06-10,HM36,32.5
2025-06-10,HM36,31.8
2025-06-10,HM36,30.8
2025-06-10,HM47,29.1
2025-06-10,HM47,30.9
2025-06-10,HM50,32.7
2025-06-10,HM50,36.7
2025-06-10,HM56,30.8
2025-06-10,HM56,34.4
2025-06-11,HM01,37.7
2025-06-11,HM01,38.8
2025-06-11,HM01,40.4
2025-06-11,HM01,36.9
2025-06-11,HM12,34.7
2025-06-11,HM12,32.9
2025-06-11,HM12,36.6
2025-06-11,HM12,35.4
2025-06-11,HM13,39.9
2025-06-11,HM13,41.7
2025-06-11,HM14,37.1
2025-06-11,HM14,31.6
2025-06-11,HM14,33.5
2025-06-11,HM14,33.6
2025-06-11,HM14,36.3
2025-06-11,HM16,38.5
2025-06-11,HM16,37.8
2025-06-11,HM20,33.9
2025-06-11,HM20,33.4
2025-06-11,HM20,30.9
2025-06-11,HM20,32.6
2025-06-11,HM20,34.3
2025-06-11,HM25,33.0
2025-06-11,HM25,33.7
2025-06-11,HM30,26.2
2025-06-11,HM36,39.5
2025-06-11,HM43,32.1
2025-06-11,HM43,27.0
2025-06-11,HM47,34.1
2025-06-11,HM47,38.0
2025-06-11,HM47,34.6
2025-06-11,HM47,38.7
2025-06-11,HM47,38.8
2025-06-11,HM47,35.8
2025-06-11,HM47,39.7
2025-06-11,HM47,40.2
2025-06-11,HM47,36.0
2025-06-11,HM47,37.4
2025-06-11,HM47,34.6
2025-06-11,HM47,32.3
2025-06-11,HM50,28.6
2025-06-11,HM56,38.1
2025-06-11,HM56,36.7
2025-06-12,HM01,25.4
2025-06-12,HM01,27.4
2025-06-12,HM12,29.9
2025-06-12,HM13,39.8
2025-06-12,HM13,36.8
2025-06-12,HM13,39.5
2025-06-12,HM14,26.9
2025-06-12,HM14,26.2
2025-06-12,HM16,36.1
2025-06-12,HM16,36.3
2025-06-12,HM16,36.4
2025-06-12,HM16,36.5
2025-06-12,HM20,29.7
2025-06-12,HM20,32.1
2025-06-12,HM20,34.4
2025-06-12,HM20,29.3
2025-06-12,HM25,39.2
2025-06-12,HM30,27.7
2025-06-12,HM30,27.7
2025-06-12,HM36,36.3
2025-06-12,HM36,33.4
2025-06-12,HM36,34.7
2025-06-12,HM36,38.9
2025-06-12,HM47,39.0
2025-06-12,HM47,37.4
2025-06-12,HM47,39.5
2025-06-12,HM47,35.6
2025-06-12,HM47,35.3
2025-06-12,HM56,30.4
2025-06-13,HM01,41.1
2025-06-13,HM01,41.2
2025-06-13,HM01,39.4
2025-06-13,HM12,28.8
2025-06-13,HM12,30.7
2025-06-13,HM12,29.2
2025-06-13,HM13,36.1
2025-06-13,HM13,38.1
2025-06-13,HM13,29.2
2025-06-13,HM13,30.4
2025-06-13,HM14,31.5
2025-06-13,HM14,37.5
2025-06-13,HM14,36.3
2025-06-13,HM14,36.3
2025-06-13,HM14,33.6
2025-06-13,HM16,37.8
2025-06-13,HM16,29.5
2025-06-13,HM20,33.5
2025-06-13,HM20,33.9
2025-06-13,HM20,34.2
2025-06-13,HM20,30.6
2025-06-13,HM25,33.9
2025-06-13,HM25,33.5
2025-06-13,HM30,34.9
2025-06-13,HM30,33.5
2025-06-13,HM30,33.2
2025-06-13,HM30,30.9
2025-06-13,HM30,33.0
2025-06-13,HM36,32.4
2025-06-13,HM43,32.3
2025-06-13,HM43,35.6
2025-06-13,HM43,32.0
2025-06-13,HM47,35.6
2025-06-13,HM47,38.0
2025-06-13,HM47,38.1
2025-06-13,HM47,38.3
2025-06-13,HM56,25.3
2025-06-13,HM56,24.9
2025-06-14,HM01,42.2
2025-06-14,HM01,43.9
2025-06-14,HM12,24.4
2025-06-14,HM13,36.6
2025-06-14,HM13,34.6
2025-06-14,HM13,36.9
2025-06-14,HM13,33.7
2025-06-14,HM13,33.1
2025-06-14,HM13,30.3
2025-06-14,HM13,32.6
2025-06-14,HM13,30.3
2025-06-14,HM13,36.6
2025-06-14,HM13,34.6
2025-06-14,HM14,18.0
2025-06-14,HM16,35.0
2025-06-14,HM16,36.5
2025-06-14,HM16,35.3
2025-06-14,HM16,35.4
2025-06-14,HM20,33.1
2025-06-14,HM25,14.3
2025-06-14,HM30,34.0
2025-06-14,HM30,33.0
2025-06-14,HM30,33.7
2025-06-14,HM30,33.6
2025-06-14,HM30,35.8
2025-06-14,HM30,31.4
2025-06-14,HM30,35.9
2025-06-14,HM30,35.1
2025-06-14,HM36,45.4
2025-06-14,HM43,39.1
2025-06-14,HM43,37.4
2025-06-14,HM43,39.8
2025-06-14,HM47,34.1
2025-06-14,HM47,40.6
2025-06-14,HM47,40.1
2025-06-14,HM50,34.7
2025-06-14,HM50,30.8
2025-06-14,HM50,35.9
2025-06-14,HM50,34.1
2025-06-14,HM50,34.6
2025-06-14,HM56,36.1
2025-06-14,HM56,33.3
2025-06-14,HM56,36.1
2025-06-14,HM56,37.0
2025-06-15,HM01,31.4
2025-06-15,HM01,33.0
2025-06-15,HM01,35.2
2025-06-15,HM12,33.3
2025-06-15,HM12,30.3
2025-06-15,HM12,32.3
2025-06-15,HM12,34.5
2025-06-15,HM12,33.5
2025-06-15,HM13,28.1
2025-06-15,HM13,26.1
2025-06-15,HM14,42.4
2025-06-15,HM16,48.8
2025-06-15,HM20,44.2
2025-06-15,HM20,41.0
2025-06-15,HM36,31.9
2025-06-15,HM36,30.5
2025-06-15,HM43,34.2
2025-06-15,HM43,36.7
2025-06-15,HM43,37.0
2025-06-15,HM43,34.7
2025-06-15,HM43,35.2
2025-06-15,HM47,38.8
2025-06-15,HM47,38.8
2025-06-15,HM47,35.5
2025-06-15,HM47,36.2
2025-06-15,HM50,35.5
2025-06-15,HM50,34.5
2025-06-15,HM50,40.0
2025-06-15,HM56,29.1
2025-06-15,HM56,30.3
2025-06-15,HM56,29.0
2025-06-16,HM01,35.2
2025-06-16,HM01,33.2
2025-06-16,HM01,33.3
2025-06-16,HM01,33.3
2025-06-16,HM12,36.3
2025-06-16,HM12,37.8
2025-06-16,HM12,35.3
2025-06-16,HM12,36.4
2025-06-16,HM12,32.7
2025-06-16,HM12,36.4
2025-06-16,HM12,37.5
2025-06-16,HM12,35.6
2025-06-16,HM12,37.5
2025-06-16,HM13,29.9
2025-06-16,HM13,31.6
2025-06-16,HM13,34.3
2025-06-16,HM13,32.1
2025-06-16,HM16,34.5
2025-06-16,HM16,31.6
2025-06-16,HM16,36.1
2025-06-16,HM16,36.0
2025-06-16,HM16,34.2
2025-06-16,HM16,37.5
2025-06-16,HM16,34.0
2025-06-16,HM16,37.8
2025-06-16,HM16,37.5
2025-06-16,HM20,21.9
2025-06-16,HM25,33.9
2025-06-16,HM25,36.3
2025-06-16,HM25,33.8
2025-06-16,HM25,31.9
2025-06-16,HM25,32.8
2025-06-16,HM30,40.6
2025-06-16,HM30,46.3
2025-06-16,HM36,33.7
2025-06-16,HM36,31.4
2025-06-16,HM36,32.9
2025-06-16,HM36,33.3
2025-06-16,HM36,34.8
2025-06-16,HM36,36.5
2025-06-16,HM36,33.8
2025-06-16,HM43,32.6
2025-06-16,HM43,32.8
2025-06-16,HM43,32.5
2025-06-16,HM43,35.3
2025-06-16,HM43,34.9
2025-06-16,HM43,34.2
2025-06-16,HM43,34.5
2025-06-16,HM43,34.2
2025-06-16,HM47,32.1
2025-06-16,HM47,27.8
2025-06-16,HM50,36.1
2025-06-16,HM50,35.5
2025-06-16,HM50,34.1
2025-06-16,HM56,34.3
2025-06-16,HM56,35.9
2025-06-16,HM56,39.0
2025-06-17,HM01,28.0
2025-06-17,HM12,36.0
2025-06-17,HM12,36.1
2025-06-17,HM12,36.4
2025-06-17,HM12,35.3
2025-06-17,HM12,35.5
2025-06-17,HM12,30.8
2025-06-17,HM12,37.7
2025-06-17,HM13,30.0
2025-06-17,HM13,31.0
2025-06-17,HM13,29.3
2025-06-17,HM14,36.9
2025-06-17,HM14,39.9
2025-06-17,HM14,36.3
2025-06-17,HM14,36.2
2025-06-17,HM16,26.9
2025-06-17,HM16,26.8
2025-06-17,HM20,27.6
2025-06-17,HM25,23.9
2025-06-17,HM30,30.0
2025-06-17,HM30,31.1
2025-06-17,HM36,35.2
2025-06-17,HM36,31.8
2025-06-17,HM36,31.4
2025-06-17,HM36,35.2
2025-06-17,HM43,36.8
2025-06-17,HM43,32.3
2025-06-17,HM47,39.3
2025-06-17,HM56,37.8
2025-06-17,HM56,37.7
2025-06-18,HM01,9.0
2025-06-18,HM12,35.4
2025-06-18,HM12,32.9
2025-06-18,HM12,30.8
2025-06-18,HM12,34.2
2025-06-18,HM12,31.9
2025-06-18,HM13,18.4
2025-06-18,HM14,34.9
2025-06-18,HM14,35.5
2025-06-18,HM14,34.3
2025-06-18,HM14,35.0
2025-06-18,HM14,30.6
2025-06-18,HM16,33.9
2025-06-18,HM16,35.4
2025-06-18,HM20,32.3
2025-06-18,HM20,34.3
2025-06-18,HM20,35.5
2025-06-18,HM20,34.0
2025-06-18,HM20,37.4
2025-06-18,HM25,29.0
2025-06-18,HM25,33.6
2025-06-18,HM25,34.7
2025-06-18,HM25,31.9
2025-06-18,HM30,29.9
2025-06-18,HM30,30.1
2025-06-18,HM30,28.3
2025-06-18,HM30,29.1
2025-06-18,HM36,43.7
2025-06-18,HM43,37.1
2025-06-18,HM43,36.9
2025-06-18,HM43,38.3
2025-06-18,HM43,37.0
2025-06-18,HM43,39.1
2025-06-18,HM47,22.6
2025-06-18,HM47,28.1
2025-06-18,HM50,22.3
2025-06-18,HM56,45.9
2025-06-19,HM01,38.9
2025-06-19,HM01,40.5
2025-06-19,HM01,42.5
2025-06-19,HM12,30.8
2025-06-19,HM12,32.5
2025-06-19,HM12,34.6
2025-06-19,HM12,33.2
2025-06-19,HM12,33.5
2025-06-19,HM13,35.0
2025-06-19,HM14,37.2
2025-06-19,HM14,35.0
2025-06-19,HM16,38.9
2025-06-19,HM16,35.8
2025-06-19,HM16,41.7
2025-06-19,HM16,35.5
2025-06-19,HM20,39.2
2025-06-19,HM20,34.2
2025-06-19,HM20,36.9
2025-06-19,HM20,36.9
2025-06-19,HM25,27.8
2025-06-19,HM25,30.1
2025-06-19,HM30,24.6
2025-06-19,HM36,31.7
2025-06-19,HM36,32.4
2025-06-19,HM43,31.5
2025-06-19,HM43,31.8
2025-06-19,HM47,38.6
2025-06-19,HM47,37.8
2025-06-19,HM47,36.4
2025-06-19,HM47,33.0
2025-06-19,HM47,37.6
2025-06-19,HM56,42.7
2025-06-20,HM01,33.0
2025-06-20,HM01,35.1
2025-06-20,HM01,31.8
2025-06-20,HM01,34.0
2025-06-20,HM01,34.3
2025-06-20,HM01,34.0
2025-06-20,HM01,32.9
2025-06-20,HM01,32.8
2025-06-20,HM01,35.8
2025-06-20,HM12,33.1
2025-06-20,HM12,33.2
2025-06-20,HM12,33.4
2025-06-20,HM12,36.4
2025-06-20,HM12,32.4
2025-06-20,HM13,31.0
2025-06-20,HM13,31.6
2025-06-20,HM13,27.6
2025-06-20,HM13,27.6
2025-06-20,HM14,29.3
2025-06-20,HM14,31.6
2025-06-20,HM14,30.3
2025-06-20,HM16,36.9
2025-06-20,HM20,34.9
2025-06-20,HM20,38.7
2025-06-20,HM25,37.7
2025-06-20,HM25,35.6
2025-06-20,HM25,33.1
2025-06-20,HM25,36.3
2025-06-20,HM25,37.6
2025-06-20,HM25,32.3
2025-06-20,HM25,35.1
2025-06-20,HM25,32.8
2025-06-20,HM30,27.3
2025-06-20,HM30,27.8
2025-06-20,HM36,38.4
2025-06-20,HM36,35.8
2025-06-20,HM36,37.4
2025-06-20,HM36,37.8
2025-06-20,HM43,36.4
2025-06-20,HM43,41.9
2025-06-20,HM47,46.1
2025-06-20,HM50,39.1
2025-06-20,HM50,45.2
2025-06-20,HM56,35.7
2025-06-20,HM56,34.5
2025-06-20,HM56,37.7
2025-06-20,HM56,36.3
2025-06-20,HM56,37.2
2025-06-20,HM56,35.6
2025-06-20,HM56,35.2
2025-06-21,HM12,33.4
2025-06-21,HM12,35.5
2025-06-21,HM12,36.7
2025-06-21,HM12,33.4
2025-06-21,HM13,31.8
2025-06-21,HM13,30.4
2025-06-21,HM13,32.3
2025-06-21,HM14,28.0
2025-06-21,HM14,23.8
2025-06-21,HM16,40.1
2025-06-21,HM16,41.3
2025-06-21,HM16,38.0
2025-06-21,HM20,34.3
2025-06-21,HM20,36.6
2025-06-21,HM20,33.1
2025-06-21,HM20,35.3
2025-06-21,HM25,39.4
2025-06-21,HM30,32.5
2025-06-21,HM30,32.6
2025-06-21,HM30,34.3
2025-06-21,HM30,30.2
2025-06-21,HM30,31.5
2025-06-21,HM30,33.9
2025-06-21,HM30,30.7
2025-06-21,HM36,24.0
2025-06-21,HM43,30.6
2025-06-21,HM47,40.2
2025-06-21,HM50,38.3
2025-06-21,HM50,41.1
2025-06-21,HM50,35.0
2025-06-21,HM50,37.3
2025-06-21,HM56,52.1
2025-06-22,HM01,35.4
2025-06-22,HM01,33.9
2025-06-22,HM01,32.5
2025-06-22,HM01,37.2
2025-06-22,HM01,31.1
2025-06-22,HM01,34.8
2025-06-22,HM12,37.5
2025-06-22,HM12,34.8
2025-06-22,HM12,33.3
2025-06-22,HM12,37.1
2025-06-22,HM12,33.3
2025-06-22,HM12,35.2
2025-06-22,HM12,35.9
2025-06-22,HM13,37.5
2025-06-22,HM13,40.6
2025-06-22,HM13,36.9
2025-06-22,HM13,35.3
2025-06-22,HM14,35.6
2025-06-22,HM14,32.1
2025-06-22,HM14,32.2
2025-06-22,HM14,34.7
2025-06-22,HM14,35.5
2025-06-22,HM16,35.5
2025-06-22,HM16,35.9
2025-06-22,HM16,36.9
2025-06-22,HM16,38.4
2025-06-22,HM16,32.4
2025-06-22,HM16,35.2
2025-06-22,HM16,35.8
2025-06-22,HM16,38.0
2025-06-22,HM16,33.4
2025-06-22,HM16,36.4
2025-06-22,HM16,34.5
2025-06-22,HM16,35.3
2025-06-22,HM30,37.6
2025-06-22,HM30,42.6
2025-06-22,HM36,36.1
2025-06-22,HM36,39.9
2025-06-22,HM43,36.9
2025-06-22,HM43,35.4
2025-06-22,HM43,33.0
2025-06-22,HM43,34.2
2025-06-22,HM43,32.6
2025-06-22,HM43,30.3
2025-06-22,HM47,23.6
2025-06-22,HM50,42.9
2025-06-22,HM56,22.2
2025-06-23,HM01,47.4
2025-06-23,HM12,20.4
2025-06-23,HM13,45.9
2025-06-23,HM14,30.3
2025-06-23,HM14,26.5
2025-06-23,HM16,27.7
2025-06-23,HM16,29.3
2025-06-23,HM25,38.5
2025-06-23,HM25,36.5
2025-06-23,HM25,36.1
2025-06-23,HM30,42.5
2025-06-23,HM30,37.3
2025-06-23,HM36,40.7
2025-06-23,HM36,39.5
2025-06-23,HM43,36.0
2025-06-23,HM43,39.7
2025-06-23,HM43,33.9
2025-06-23,HM47,38.5
2025-06-23,HM47,40.7
2025-06-23,HM50,34.4
2025-06-23,HM50,34.2
2025-06-23,HM50,36.8
2025-06-23,HM50,32.5
2025-06-23,HM50,37.9
2025-06-23,HM50,34.9
2025-06-23,HM50,34.4
2025-06-23,HM56,29.1
2025-06-23,HM56,30.8
2025-06-24,HM01,35.6
2025-06-24,HM01,33.9
2025-06-24,HM01,35.4
2025-06-24,HM01,34.3
2025-06-24,HM01,36.2
2025-06-24,HM01,32.3
2025-06-24,HM01,38.0
2025-06-24,HM01,33.8
2025-06-24,HM01,35.0
2025-06-24,HM01,32.3
2025-06-24,HM12,35.7
2025-06-24,HM12,34.2
2025-06-24,HM12,35.9
2025-06-24,HM12,33.7
2025-06-24,HM12,34.6
2025-06-24,HM12,34.0
2025-06-24,HM13,35.4
2025-06-24,HM13,35.5
2025-06-24,HM13,34.1
2025-06-24,HM13,35.8
2025-06-24,HM13,34.9
2025-06-24,HM13,36.4
2025-06-24,HM13,34.3
2025-06-24,HM13,34.4
2025-06-24,HM13,30.0
2025-06-24,HM13,34.9
2025-06-24,HM13,34.1
2025-06-24,HM13,37.5
2025-06-24,HM14,32.8
2025-06-24,HM14,37.0
2025-06-24,HM14,32.5
2025-06-24,HM14,36.7
2025-06-24,HM14,36.5
2025-06-24,HM14,37.7
2025-06-24,HM14,35.8
2025-06-24,HM16,35.7
2025-06-24,HM16,32.1
2025-06-24,HM20,31.2
2025-06-24,HM25,43.9
2025-06-24,HM30,27.1
2025-06-24,HM36,13.5
2025-06-24,HM43,38.4
2025-06-24,HM47,38.1
2025-06-24,HM47,34.5
2025-06-24,HM47,36.6
2025-06-24,HM47,31.9
2025-06-24,HM50,34.9
2025-06-24,HM56,40.2
2025-06-24,HM56,43.5
2025-06-24,HM56,40.5
2025-06-25,HM01,34.3
2025-06-25,HM01,34.4
2025-06-25,HM01,35.6
2025-06-25,HM01,35.3
2025-06-25,HM01,35.9
2025-06-25,HM01,37.2
2025-06-25,HM01,39.5
2025-06-25,HM12,38.5
2025-06-25,HM12,36.8
2025-06-25,HM13,44.7
2025-06-25,HM13,43.2
2025-06-25,HM14,40.4
2025-06-25,HM16,38.1
2025-06-25,HM16,39.7
2025-06-25,HM16,36.9
2025-06-25,HM16,38.7
2025-06-25,HM16,35.8
2025-06-25,HM20,32.7
2025-06-25,HM20,33.1
2025-06-25,HM20,31.3
2025-06-25,HM30,36.1
2025-06-25,HM30,38.1
2025-06-25,HM30,33.5
2025-06-25,HM30,33.1
2025-06-25,HM30,37.2
2025-06-25,HM30,37.3
2025-06-25,HM30,35.9
2025-06-25,HM30,37.7
2025-06-25,HM30,35.7
2025-06-25,HM30,35.8
2025-06-25,HM30,33.1
2025-06-25,HM36,37.8
2025-06-25,HM36,34.3
2025-06-25,HM36,33.6
2025-06-25,HM36,36.0
2025-06-25,HM36,33.4
2025-06-25,HM36,36.6
2025-06-25,HM36,37.8
2025-06-25,HM36,36.3
2025-06-25,HM43,35.7
2025-06-25,HM43,33.6
2025-06-25,HM50,30.1
2025-06-25,HM56,36.0
2025-06-25,HM56,36.4
2025-06-25,HM56,32.3
2025-06-25,HM56,33.5
2025-06-25,HM56,36.6
2025-06-26,HM01,34.6
2025-06-26,HM01,37.2
2025-06-26,HM01,38.1
2025-06-26,HM01,38.1
2025-06-26,HM12,28.6
2025-06-26,HM12,30.7
2025-06-26,HM12,30.3
2025-06-26,HM12,29.0
2025-06-26,HM13,37.9
2025-06-26,HM13,36.3
2025-06-26,HM13,34.7
2025-06-26,HM13,36.2
2025-06-26,HM13,37.1
2025-06-26,HM14,33.4
2025-06-26,HM14,31.9
2025-06-26,HM14,33.5
2025-06-26,HM14,31.9
2025-06-26,HM14,31.5
2025-06-26,HM16,37.8
2025-06-26,HM16,37.8
2025-06-26,HM16,38.2
2025-06-26,HM16,35.3
2025-06-26,HM20,27.8
2025-06-26,HM20,26.1
2025-06-26,HM25,31.7
2025-06-26,HM25,35.5
2025-06-26,HM25,33.4
2025-06-26,HM25,36.2
2025-06-26,HM25,33.7
2025-06-26,HM30,30.8
2025-06-26,HM36,42.0
2025-06-26,HM36,41.3
2025-06-26,HM47,35.9
2025-06-26,HM47,40.4
2025-06-26,HM47,35.5
2025-06-26,HM47,33.1
2025-06-26,HM47,37.5
2025-06-26,HM47,35.1
2025-06-26,HM50,35.6
2025-06-26,HM50,33.1
2025-06-26,HM56,35.0
2025-06-27,HM01,26.4
2025-06-27,HM01,30.3
2025-06-27,HM12,27.4
2025-06-27,HM12,27.4
2025-06-27,HM12,30.0
2025-06-27,HM13,39.3
2025-06-27,HM13,37.6
2025-06-27,HM13,38.3
2025-06-27,HM13,39.5
2025-06-27,HM14,23.1
2025-06-27,HM16,43.6
2025-06-27,HM20,38.6
2025-06-27,HM20,39.4
2025-06-27,HM20,39.5
2025-06-27,HM25,30.9
2025-06-27,HM30,32.1
2025-06-27,HM30,31.9
2025-06-27,HM30,30.7
2025-06-27,HM43,39.7
2025-06-27,HM43,38.0
2025-06-27,HM47,17.9
2025-06-27,HM50,34.8
2025-06-27,HM50,34.5
2025-06-28,HM01,17.0
2025-06-28,HM12,34.1
2025-06-28,HM12,35.1
2025-06-28,HM12,36.1
2025-06-28,HM12,33.4
2025-06-28,HM12,39.1
2025-06-28,HM12,38.0
2025-06-28,HM12,39.7
2025-06-28,HM12,34.2
2025-06-28,HM12,34.7
2025-06-28,HM13,36.5
2025-06-28,HM13,36.4
2025-06-28,HM13,39.1
2025-06-28,HM13,36.7
2025-06-28,HM14,17.1
2025-06-28,HM16,36.4
2025-06-28,HM16,39.6
2025-06-28,HM16,36.6
2025-06-28,HM16,34.1
2025-06-28,HM16,35.9
2025-06-28,HM16,40.1
2025-06-28,HM20,31.5
2025-06-28,HM20,32.1
2025-06-28,HM25,16.7
2025-06-28,HM36,36.9
2025-06-28,HM36,36.4
2025-06-28,HM36,37.9
2025-06-28,HM36,34.3
2025-06-28,HM36,34.5
2025-06-28,HM43,31.9
2025-06-28,HM43,32.7
2025-06-28,HM43,33.9
2025-06-28,HM47,32.2
2025-06-28,HM47,33.6
2025-06-28,HM47,39.5
2025-06-28,HM47,31.0
2025-06-28,HM47,36.5
2025-06-28,HM47,35.7
2025-06-28,HM56,35.6
2025-06-28,HM56,41.1
2025-06-28,HM56,38.8
2025-06-28,HM56,37.4
2025-06-28,HM56,39.3
2025-06-28,HM56,42.4
2025-06-29,HM01,37.4
2025-06-29,HM01,36.7
2025-06-29,HM01,40.4
2025-06-29,HM12,32.3
2025-06-29,HM12,30.3
2025-06-29,HM12,35.5
2025-06-29,HM12,31.8
2025-06-29,HM12,31.5
2025-06-29,HM12,34.5
2025-06-29,HM12,31.8
2025-06-29,HM12,32.1
2025-06-29,HM12,33.3
2025-06-29,HM12,31.3
2025-06-29,HM13,33.6
2025-06-29,HM13,39.1
2025-06-29,HM13,36.0
2025-06-29,HM13,39.0
2025-06-29,HM14,41.8
2025-06-29,HM25,30.7
2025-06-29,HM30,27.4
2025-06-29,HM30,29.3
2025-06-29,HM36,39.6
2025-06-29,HM36,33.5
2025-06-29,HM36,36.4
2025-06-29,HM36,36.9
2025-06-29,HM36,40.5
2025-06-29,HM36,35.2
2025-06-29,HM43,39.0
2025-06-29,HM43,34.0
2025-06-29,HM43,35.1
2025-06-29,HM43,35.1
2025-06-29,HM43,33.1
2025-06-29,HM43,36.4
2025-06-29,HM43,36.3
2025-06-29,HM47,33.0
2025-06-29,HM47,29.8
2025-06-29,HM50,37.6
2025-06-29,HM50,38.5
2025-06-29,HM50,36.8
2025-06-29,HM50,37.9
2025-06-29,HM50,37.6
2025-06-29,HM50,41.5
2025-06-29,HM50,36.8
2025-06-29,HM50,37.4
2025-06-29,HM56,35.7
2025-06-29,HM56,42.8
2025-06-29,HM56,38.3
2025-06-30,HM01,31.3
2025-06-30,HM01,32.9
2025-06-30,HM01,31.6
2025-06-30,HM01,32.9
2025-06-30,HM12,35.9
2025-06-30,HM12,35.6
2025-06-30,HM12,31.7
2025-06-30,HM12,29.8
2025-06-30,HM13,34.6
2025-06-30,HM13,35.6
2025-06-30,HM13,32.6
2025-06-30,HM13,34.8
2025-06-30,HM13,36.9
2025-06-30,HM13,36.5
2025-06-30,HM13,36.5
2025-06-30,HM13,34.5
2025-06-30,HM13,35.4
2025-06-30,HM13,34.4
2025-06-30,HM13,35.1
2025-06-30,HM13,37.7
2025-06-30,HM14,37.5
2025-06-30,HM14,35.7
2025-06-30,HM16,34.2
2025-06-30,HM16,32.0
2025-06-30,HM16,32.1
2025-06-30,HM20,27.4
2025-06-30,HM20,26.2
2025-06-30,HM25,41.4
2025-06-30,HM25,37.8
2025-06-30,HM25,40.7
2025-06-30,HM30,30.2
2025-06-30,HM30,30.7
2025-06-30,HM30,28.5
2025-06-30,HM30,30.5
2025-06-30,HM36,31.7
2025-06-30,HM36,35.2
2025-06-30,HM36,32.9
2025-06-30,HM36,28.3
2025-06-30,HM36,29.8
2025-06-30,HM43,23.2
2025-06-30,HM47,31.8
2025-06-30,HM47,29.3
2025-06-30,HM50,26.9
2025-06-30,HM50,26.5
2025-06-30,HM56,32.6
2025-06-30,HM56,32.2
2025-07-01,HM01,37.2
2025-07-01,HM01,34.8
2025-07-01,HM01,34.0
2025-07-01,HM01,37.1
2025-07-01,HM01,35.3
2025-07-01,HM01,34.4
2025-07-01,HM12,28.5
2025-07-01,HM13,39.3
2025-07-01,HM13,36.9
2025-07-01,HM16,35.0
2025-07-01,HM20,48.2
2025-07-01,HM25,36.6
2025-07-01,HM25,36.4
2025-07-01,HM25,38.1
2025-07-01,HM25,37.6
2025-07-01,HM30,31.5
2025-07-01,HM30,30.6
2025-07-01,HM30,31.8
2025-07-01,HM36,35.8
2025-07-01,HM43,33.7
2025-07-01,HM43,36.6
2025-07-01,HM50,18.1
2025-07-01,HM56,36.2
2025-07-01,HM56,33.6
2025-07-01,HM56,34.4
2025-07-01,HM56,30.2
2025-07-01,HM56,33.3
2025-07-01,HM56,34.3
2025-07-01,HM56,31.3
2025-07-01,HM56,30.0
2025-07-01,HM56,36.0
2025-07-01,HM56,35.5
2025-07-02,HM01,34.4
2025-07-02,HM01,30.6
2025-07-02,HM01,33.5
2025-07-02,HM01,33.7
2025-07-02,HM01,34.0
2025-07-02,HM01,34.1
2025-07-02,HM01,37.3
2025-07-02,HM01,33.9
2025-07-02,HM12,33.3
2025-07-02,HM12,35.3
2025-07-02,HM12,30.0
2025-07-02,HM12,33.2
2025-07-02,HM12,33.4
2025-07-02,HM12,34.2
2025-07-02,HM12,31.1
2025-07-02,HM13,31.3
2025-07-02,HM13,26.4
2025-07-02,HM14,39.0
2025-07-02,HM14,41.7
2025-07-02,HM20,28.9
2025-07-02,HM20,27.9
2025-07-02,HM20,29.3
2025-07-02,HM25,29.0
2025-07-02,HM30,35.9
2025-07-02,HM36,31.2
2025-07-02,HM36,34.5
2025-07-02,HM36,31.2
2025-07-02,HM36,32.7
2025-07-02,HM43,49.6
2025-07-02,HM47,42.0
2025-07-02,HM50,11.9
2025-07-02,HM56,34.4
2025-07-02,HM56,38.7
2025-07-02,HM56,35.3
2025-07-02,HM56,36.4
2025-07-03,HM01,36.0
2025-07-03,HM01,34.3
2025-07-03,HM01,34.3
2025-07-03,HM01,33.6
2025-07-03,HM01,36.4
2025-07-03,HM12,27.6
2025-07-03,HM12,29.8
2025-07-03,HM13,31.4
2025-07-03,HM13,32.6
2025-07-03,HM13,29.1
2025-07-03,HM13,28.7
2025-07-03,HM14,32.5
2025-07-03,HM14,38.8
2025-07-03,HM14,36.0
2025-07-03,HM14,35.5
2025-07-03,HM14,33.5
2025-07-03,HM14,33.9
2025-07-03,HM14,31.9
2025-07-03,HM14,33.4
2025-07-03,HM16,41.8
2025-07-03,HM16,38.0
2025-07-03,HM20,34.2
2025-07-03,HM20,31.2
2025-07-03,HM25,32.5
2025-07-03,HM25,30.9
2025-07-03,HM25,34.9
2025-07-03,HM25,34.1
2025-07-03,HM25,34.2
2025-07-03,HM25,36.1
2025-07-03,HM30,31.2
2025-07-03,HM36,35.1
2025-07-03,HM43,47.0
2025-07-03,HM43,40.3
2025-07-03,HM47,30.2
2025-07-03,HM50,33.7
2025-07-03,HM50,33.6
2025-07-03,HM50,28.3
2025-07-03,HM50,32.6
2025-07-03,HM56,33.8
2025-07-03,HM56,34.9
2025-07-03,HM56,30.9
2025-07-04,HM01,31.8
2025-07-04,HM01,38.4
2025-07-04,HM01,34.7
2025-07-04,HM01,37.2
2025-07-04,HM01,36.2
2025-07-04,HM12,33.8
2025-07-04,HM12,34.1
2025-07-04,HM12,34.1
2025-07-04,HM12,36.4
2025-07-04,HM12,32.3
2025-07-04,HM13,20.8
2025-07-04,HM14,39.6
2025-07-04,HM14,34.8
2025-07-04,HM14,39.7
2025-07-04,HM14,35.3
2025-07-04,HM14,33.9
2025-07-04,HM16,41.7
2025-07-04,HM16,39.4
2025-07-04,HM16,41.0
2025-07-04,HM20,42.0
2025-07-04,HM25,40.6
2025-07-04,HM25,37.0
2025-07-04,HM25,38.2
2025-07-04,HM25,35.4
2025-07-04,HM36,33.9
2025-07-04,HM36,33.1
2025-07-04,HM36,33.9
2025-07-04,HM36,34.4
2025-07-04,HM36,28.4
2025-07-04,HM36,31.4
2025-07-04,HM36,32.3
2025-07-04,HM36,33.7
2025-07-04,HM36,33.1
2025-07-04,HM43,29.6
2025-07-04,HM43,30.9
2025-07-04,HM47,36.5
2025-07-04,HM47,31.6
2025-07-04,HM50,42.1
2025-07-04,HM50,37.6
2025-07-04,HM50,38.7
2025-07-04,HM56,50.1
2025-07-05,HM01,34.0
2025-07-05,HM01,33.6
2025-07-05,HM01,37.4
2025-07-05,HM01,38.9
2025-07-05,HM13,34.4
2025-07-05,HM13,33.0
2025-07-05,HM13,30.1
2025-07-05,HM13,35.1
2025-07-05,HM13,35.7
2025-07-05,HM13,34.5
2025-07-05,HM14,33.1
2025-07-05,HM14,36.1
2025-07-05,HM14,36.5
2025-07-05,HM14,33.7
2025-07-05,HM14,35.4
2025-07-05,HM14,34.8
2025-07-05,HM16,42.5
2025-07-05,HM16,42.5
2025-07-05,HM16,39.9
2025-07-05,HM20,37.8
2025-07-05,HM20,33.6
2025-07-05,HM20,34.7
2025-07-05,HM20,41.6
2025-07-05,HM20,38.2
2025-07-05,HM20,35.6
2025-07-05,HM20,37.0
2025-07-05,HM25,34.6
2025-07-05,HM25,36.3
2025-07-05,HM25,37.9
2025-07-05,HM25,39.5
2025-07-05,HM25,36.3
2025-07-05,HM25,37.3
2025-07-05,HM30,33.5
2025-07-05,HM30,33.6
2025-07-05,HM36,25.8
2025-07-05,HM47,31.2
2025-07-05,HM50,37.3
2025-07-05,HM50,34.3
2025-07-05,HM50,36.1
2025-07-05,HM50,33.2
2025-07-05,HM50,39.1
2025-07-05,HM56,40.2
2025-07-05,HM56,37.7
2025-07-05,HM56,35.1
2025-07-06,HM01,34.7
2025-07-06,HM01,33.9
2025-07-06,HM01,30.8
2025-07-06,HM01,34.3
2025-07-06,HM01,35.7
2025-07-06,HM12,30.4
2025-07-06,HM13,50.4
2025-07-06,HM14,25.5
2025-07-06,HM14,27.3
2025-07-06,HM16,41.1
2025-07-06,HM16,33.2
2025-07-06,HM16,34.5
2025-07-06,HM16,39.6
2025-07-06,HM16,38.5
2025-07-06,HM16,37.9
2025-07-06,HM16,39.9
2025-07-06,HM16,35.6
2025-07-06,HM20,51.1
2025-07-06,HM36,42.0
2025-07-06,HM36,42.2
2025-07-06,HM36,39.1
2025-07-06,HM36,40.1
2025-07-06,HM43,16.5
2025-07-06,HM47,28.5
2025-07-06,HM47,28.2
2025-07-06,HM50,29.9
2025-07-06,HM56,36.9
2025-07-06,HM56,43.4
2025-07-06,HM56,39.7
2025-07-06,HM56,36.6
2025-07-06,HM56,35.2
2025-07-07,HM01,29.2
2025-07-07,HM01,31.7
2025-07-07,HM01,34.5
2025-07-07,HM01,33.8
2025-07-07,HM01,35.5
2025-07-07,HM01,31.4
2025-07-07,HM01,36.3
2025-07-07,HM01,27.5
2025-07-07,HM12,36.1
2025-07-07,HM12,36.5
2025-07-07,HM13,38.6
2025-07-07,HM13,41.8
2025-07-07,HM14,38.2
2025-07-07,HM14,38.4
2025-07-07,HM14,40.0
2025-07-07,HM14,35.9
2025-07-07,HM16,31.7
2025-07-07,HM16,36.1
2025-07-07,HM16,32.3
2025-07-07,HM16,30.9
2025-07-07,HM16,33.0
2025-07-07,HM16,35.5
2025-07-07,HM16,35.2
2025-07-07,HM25,36.2
2025-07-07,HM25,32.7
2025-07-07,HM25,33.3
2025-07-07,HM25,36.1
2025-07-07,HM25,34.8
2025-07-07,HM25,32.4
2025-07-07,HM30,33.8
2025-07-07,HM30,32.2
2025-07-07,HM30,30.7
2025-07-07,HM30,36.7
2025-07-07,HM36,28.6
2025-07-07,HM43,28.1
2025-07-07,HM43,31.9
2025-07-07,HM43,35.1
2025-07-07,HM50,36.8
2025-07-07,HM50,37.9
2025-07-07,HM50,33.9
2025-07-07,HM56,35.7
2025-07-07,HM56,32.9
2025-07-07,HM56,38.0
2025-07-08,HM01,29.3
2025-07-08,HM01,35.0
2025-07-08,HM01,36.0
2025-07-08,HM01,33.5
2025-07-08,HM01,34.1
2025-07-08,HM01,32.2
2025-07-08,HM01,33.7
2025-07-08,HM01,35.4
2025-07-08,HM01,33.4
2025-07-08,HM01,36.4
2025-07-08,HM01,33.6
2025-07-08,HM01,33.0
2025-07-08,HM12,32.2
2025-07-08,HM12,32.4
2025-07-08,HM12,32.3
2025-07-08,HM12,31.5
2025-07-08,HM12,33.4
2025-07-08,HM13,37.4
2025-07-08,HM13,33.6
2025-07-08,HM13,36.6
2025-07-08,HM13,36.4
2025-07-08,HM13,36.2
2025-07-08,HM13,34.0
2025-07-08,HM14,33.1
2025-07-08,HM14,34.8
2025-07-08,HM14,32.4
2025-07-08,HM14,37.9
2025-07-08,HM14,38.7
2025-07-08,HM14,35.3
2025-07-08,HM14,33.4
2025-07-08,HM14,36.5
2025-07-08,HM14,35.7
2025-07-08,HM16,41.1
2025-07-08,HM20,28.4
2025-07-08,HM20,33.3
2025-07-08,HM20,36.8
2025-07-08,HM25,43.9
2025-07-08,HM30,32.9
2025-07-08,HM30,34.5
2025-07-08,HM30,40.2
2025-07-08,HM30,34.7
2025-07-08,HM36,35.4
2025-07-08,HM36,37.6
2025-07-08,HM36,38.4
2025-07-08,HM36,37.9
2025-07-08,HM36,35.5
2025-07-08,HM43,22.0
2025-07-08,HM47,33.4
2025-07-08,HM50,33.1
2025-07-08,HM50,30.7
2025-07-08,HM50,34.5
2025-07-08,HM50,31.7
2025-07-08,HM56,31.2
2025-07-08,HM56,30.8
2025-07-09,HM01,40.8
2025-07-09,HM01,38.2
2025-07-09,HM01,36.8
2025-07-09,HM12,32.6
2025-07-09,HM13,34.4
2025-07-09,HM13,33.2
2025-07-09,HM13,35.7
2025-07-09,HM13,33.0
2025-07-09,HM13,33.9
2025-07-09,HM13,33.1
2025-07-09,HM13,32.7
2025-07-09,HM14,34.8
2025-07-09,HM14,33.1
2025-07-09,HM14,35.6
2025-07-09,HM14,34.1
2025-07-09,HM16,28.0
2025-07-09,HM16,32.2
2025-07-09,HM16,29.5
2025-07-09,HM20,30.1
2025-07-09,HM20,30.5
2025-07-09,HM25,35.9
2025-07-09,HM25,37.3
2025-07-09,HM25,36.2
2025-07-09,HM25,34.5
2025-07-09,HM25,38.9
2025-07-09,HM25,37.8
2025-07-09,HM25,35.9
2025-07-09,HM25,34.5
2025-07-09,HM30,29.5
2025-07-09,HM30,29.6
2025-07-09,HM36,35.6
2025-07-09,HM43,30.8
2025-07-09,HM43,30.4
2025-07-09,HM43,33.1
2025-07-09,HM43,34.1
2025-07-09,HM43,32.1
2025-07-09,HM43,30.0
2025-07-09,HM43,35.3
2025-07-09,HM43,30.0
2025-07-09,HM43,32.2
2025-07-09,HM43,37.1
2025-07-09,HM47,43.8
2025-07-09,HM47,38.0
2025-07-09,HM47,37.4
2025-07-09,HM47,38.0
2025-07-09,HM50,34.7
2025-07-09,HM50,28.3
2025-07-09,HM56,33.0
2025-07-09,HM56,32.2
2025-07-09,HM56,30.1
2025-07-09,HM56,34.2
2025-07-09,HM56,33.0
2025-07-09,HM56,32.6
2025-07-10,HM01,32.3
2025-07-10,HM12,27.0
2025-07-10,HM12,27.2
2025-07-10,HM13,33.7
2025-07-10,HM14,32.9
2025-07-10,HM14,33.4
2025-07-10,HM16,39.7
2025-07-10,HM20,33.8
2025-07-10,HM20,35.0
2025-07-10,HM25,23.7
2025-07-10,HM30,38.8
2025-07-10,HM30,33.0
2025-07-10,HM30,33.7
2025-07-10,HM36,35.3
2025-07-10,HM36,40.5
2025-07-10,HM36,36.5
2025-07-10,HM36,36.9
2025-07-10,HM36,38.2
2025-07-10,HM36,37.3
2025-07-10,HM36,35.5
2025-07-10,HM36,35.8
2025-07-10,HM36,39.0
2025-07-10,HM36,36.2
2025-07-10,HM43,40.5
2025-07-10,HM50,35.7
2025-07-10,HM56,34.3
2025-07-10,HM56,32.6
2025-07-10,HM56,36.2
2025-07-11,HM01,32.9
2025-07-11,HM01,29.9
2025-07-11,HM12,47.9
2025-07-11,HM13,33.4
2025-07-11,HM13,30.7
2025-07-11,HM14,27.3
2025-07-11,HM14,30.1
2025-07-11,HM16,19.9
2025-07-11,HM20,39.4
2025-07-11,HM25,28.9
2025-07-11,HM25,31.3
2025-07-11,HM25,31.6
2025-07-11,HM25,32.4
2025-07-11,HM30,44.0
2025-07-11,HM30,43.9
2025-07-11,HM36,39.4
2025-07-11,HM43,49.1
2025-07-11,HM47,33.9
2025-07-11,HM47,33.6
2025-07-11,HM47,30.2
2025-07-11,HM47,35.0
2025-07-11,HM47,30.9
2025-07-11,HM47,35.2
2025-07-11,HM50,32.7
2025-07-11,HM50,35.8
2025-07-11,HM50,31.6
2025-07-11,HM56,37.9
2025-07-11,HM56,33.4
2025-07-12,HM01,43.7
2025-07-12,HM01,42.8
2025-07-12,HM12,39.9
2025-07-12,HM12,38.5
2025-07-12,HM12,34.8
2025-07-12,HM12,40.8
2025-07-12,HM12,38.9
2025-07-12,HM12,37.1
2025-07-12,HM12,39.4
2025-07-12,HM13,36.6
2025-07-12,HM13,38.2
2025-07-12,HM13,35.9
2025-07-12,HM13,35.9
2025-07-12,HM13,34.5
2025-07-12,HM13,35.1
2025-07-12,HM14,41.9
2025-07-12,HM14,37.7
2025-07-12,HM14,39.7
2025-07-12,HM16,36.6
2025-07-12,HM16,34.1
2025-07-12,HM20,40.0
2025-07-12,HM20,38.9
2025-07-12,HM20,35.3
2025-07-12,HM20,34.2
2025-07-12,HM20,40.3
2025-07-12,HM20,40.5
2025-07-12,HM25,33.4
2025-07-12,HM25,34.0
2025-07-12,HM25,33.3
2025-07-12,HM25,30.1
2025-07-12,HM25,38.3
2025-07-12,HM30,38.0
2025-07-12,HM30,35.5
2025-07-12,HM30,34.0
2025-07-12,HM30,34.6
2025-07-12,HM30,35.9
2025-07-12,HM30,38.4
2025-07-12,HM30,38.2
2025-07-12,HM30,36.0
2025-07-12,HM30,35.7
2025-07-12,HM30,33.1
2025-07-12,HM30,32.2
2025-07-12,HM30,37.2
2025-07-12,HM47,37.7
2025-07-12,HM47,34.2
2025-07-12,HM47,37.7
2025-07-12,HM47,35.8
2025-07-12,HM47,39.9
2025-07-12,HM47,32.3
2025-07-12,HM50,44.7
2025-07-12,HM56,33.9
2025-07-12,HM56,36.3
2025-07-12,HM56,38.6
2025-07-12,HM56,40.2
2025-07-12,HM56,36.8
2025-07-13,HM01,39.4
2025-07-13,HM12,36.4
2025-07-13,HM12,35.5
2025-07-13,HM12,32.0
2025-07-13,HM12,33.6
2025-07-13,HM12,38.4
2025-07-13,HM13,37.3
2025-07-13,HM13,32.3
2025-07-13,HM13,35.8
2025-07-13,HM13,37.6
2025-07-13,HM13,34.3
2025-07-13,HM13,34.6
2025-07-13,HM14,34.6
2025-07-13,HM14,36.5
2025-07-13,HM14,33.3
2025-07-13,HM14,35.1
2025-07-13,HM14,32.5
2025-07-13,HM14,30.8
2025-07-13,HM14,32.5
2025-07-13,HM14,33.9
2025-07-13,HM14,35.3
2025-07-13,HM14,32.3
2025-07-13,HM16,35.2
2025-07-13,HM16,35.9
2025-07-13,HM16,35.6
2025-07-13,HM16,36.6
2025-07-13,HM25,37.5
2025-07-13,HM25,36.0
2025-07-13,HM25,36.8
2025-07-13,HM25,37.7
2025-07-13,HM25,40.0
2025-07-13,HM30,37.0
2025-07-13,HM30,36.2
2025-07-13,HM30,34.6
2025-07-13,HM30,34.4
2025-07-13,HM30,33.6
2025-07-13,HM30,33.4
2025-07-13,HM36,41.1
2025-07-13,HM36,38.4
2025-07-13,HM43,13.5
2025-07-13,HM47,29.7
2025-07-13,HM47,26.9
2025-07-13,HM56,32.7
2025-07-13,HM56,31.4
2025-07-14,HM01,36.9
2025-07-14,HM01,38.3
2025-07-14,HM12,40.5
2025-07-14,HM12,34.0
2025-07-14,HM12,36.6
2025-07-14,HM12,35.6
2025-07-14,HM12,38.5
2025-07-14,HM13,44.1
2025-07-14,HM13,41.5
2025-07-14,HM14,38.8
2025-07-14,HM14,32.9
2025-07-14,HM14,37.7
2025-07-14,HM14,38.1
2025-07-14,HM14,32.2
2025-07-14,HM14,32.8
2025-07-14,HM16,43.4
2025-07-14,HM16,39.8
2025-07-14,HM20,32.0
2025-07-14,HM20,32.7
2025-07-14,HM20,31.7
2025-07-14,HM20,32.6
2025-07-14,HM20,32.6
2025-07-14,HM25,39.7
2025-07-14,HM30,35.5
2025-07-14,HM30,34.5
2025-07-14,HM30,32.6
2025-07-14,HM30,32.5
2025-07-14,HM30,35.0
2025-07-14,HM30,37.7
2025-07-14,HM30,32.9
2025-07-14,HM30,33.4
2025-07-14,HM30,36.1
2025-07-14,HM36,48.2
2025-07-14,HM43,35.7
2025-07-14,HM43,39.9
2025-07-14,HM43,39.5
2025-07-14,HM47,33.9
2025-07-14,HM47,36.8
2025-07-14,HM47,35.3
2025-07-14,HM47,34.5
2025-07-14,HM47,35.1
2025-07-14,HM47,38.7
2025-07-14,HM47,35.8
2025-07-14,HM47,33.0
2025-07-14,HM47,36.1
2025-07-14,HM47,39.1
2025-07-14,HM47,34.8
2025-07-14,HM47,35.9
2025-07-14,HM50,31.0
2025-07-14,HM50,34.7
2025-07-14,HM50,35.1
2025-07-14,HM50,34.8
2025-07-14,HM56,36.4
2025-07-15,HM01,34.8
2025-07-15,HM01,34.2
2025-07-15,HM01,35.9
2025-07-15,HM01,35.6
2025-07-15,HM01,31.6
2025-07-15,HM01,38.5
2025-07-15,HM12,42.3
2025-07-15,HM13,39.6
2025-07-15,HM13,35.6
2025-07-15,HM13,40.0
2025-07-15,HM14,37.0
2025-07-15,HM14,38.1
2025-07-15,HM14,37.5
2025-07-15,HM16,41.9
2025-07-15,HM16,41.0
2025-07-15,HM20,38.1
2025-07-15,HM20,40.0
2025-07-15,HM20,37.7
2025-07-15,HM25,32.3
2025-07-15,HM25,34.7
2025-07-15,HM25,32.8
2025-07-15,HM25,29.3
2025-07-15,HM30,34.2
2025-07-15,HM30,36.8
2025-07-15,HM30,36.3
2025-07-15,HM36,36.2
2025-07-15,HM36,37.0
2025-07-15,HM36,32.0
2025-07-15,HM43,31.8
2025-07-15,HM43,33.0
2025-07-15,HM43,33.5
2025-07-15,HM43,37.3
2025-07-15,HM43,32.5
2025-07-15,HM50,37.6
2025-07-15,HM56,44.1
2025-07-15,HM56,41.0
2025-07-16,HM01,36.1
2025-07-16,HM01,33.4
2025-07-16,HM01,35.3
2025-07-16,HM01,34.1
2025-07-16,HM01,30.7
2025-07-16,HM01,36.1
2025-07-16,HM12,43.1
2025-07-16,HM13,36.1
2025-07-16,HM13,32.7
2025-07-16,HM13,34.9
2025-07-16,HM13,30.6
2025-07-16,HM14,31.4
2025-07-16,HM14,31.4
2025-07-16,HM14,32.4
2025-07-16,HM14,32.5
2025-07-16,HM16,34.5
2025-07-16,HM16,35.5
2025-07-16,HM16,35.9
2025-07-16,HM16,34.8
2025-07-16,HM20,33.1
2025-07-16,HM20,29.2
2025-07-16,HM20,32.4
2025-07-16,HM20,31.2
2025-07-16,HM20,31.8
2025-07-16,HM20,35.1
2025-07-16,HM20,35.8
2025-07-16,HM20,31.2
2025-07-16,HM25,32.8
2025-07-16,HM25,37.8
2025-07-16,HM30,29.1
2025-07-16,HM30,25.2
2025-07-16,HM36,27.3
2025-07-16,HM36,28.1
2025-07-16,HM36,30.6
2025-07-16,HM43,33.1
2025-07-16,HM43,36.0
2025-07-16,HM43,35.3
2025-07-16,HM43,34.8
2025-07-16,HM43,36.8
2025-07-16,HM47,35.4
2025-07-16,HM47,37.6
2025-07-16,HM47,39.8
2025-07-16,HM47,36.7
2025-07-16,HM56,20.5
2025-07-17,HM01,33.2
2025-07-17,HM01,32.8
2025-07-17,HM12,21.9
2025-07-17,HM13,48.6
2025-07-17,HM14,41.4
2025-07-17,HM14,39.7
2025-07-17,HM14,40.0
2025-07-17,HM16,36.0
2025-07-17,HM16,37.1
2025-07-17,HM16,37.5
2025-07-17,HM16,34.8
2025-07-17,HM20,39.2
2025-07-17,HM25,38.1
2025-07-17,HM25,36.0
2025-07-17,HM25,34.5
2025-07-17,HM25,30.0
2025-07-17,HM36,34.9
2025-07-17,HM36,33.5
2025-07-17,HM36,37.1
2025-07-17,HM36,35.7
2025-07-17,HM36,36.4
2025-07-17,HM36,39.8
2025-07-17,HM36,35.8
2025-07-17,HM36,39.7
2025-07-17,HM36,35.9
2025-07-17,HM36,36.2
2025-07-17,HM36,35.6
2025-07-17,HM43,33.9
2025-07-17,HM43,36.6
2025-07-17,HM43,35.5
2025-07-17,HM43,35.5
2025-07-17,HM50,30.1
2025-07-17,HM50,32.6
2025-07-17,HM50,31.7
2025-07-17,HM56,33.9
2025-07-17,HM56,34.1
2025-07-17,HM56,31.6
2025-07-17,HM56,28.3
2025-07-17,HM56,30.2
2025-07-17,HM56,33.6
2025-07-18,HM01,35.4
2025-07-18,HM01,37.8
2025-07-18,HM01,34.8
2025-07-18,HM01,35.8
2025-07-18,HM01,38.1
2025-07-18,HM01,38.0
2025-07-18,HM01,35.0
2025-07-18,HM01,38.6
2025-07-18,HM01,35.2
2025-07-18,HM01,39.2
2025-07-18,HM01,36.6
2025-07-18,HM01,33.8
2025-07-18,HM12,49.8
2025-07-18,HM13,40.9
2025-07-18,HM14,35.3
2025-07-18,HM14,37.9
2025-07-18,HM16,22.6
2025-07-18,HM20,32.9
2025-07-18,HM20,35.4
2025-07-18,HM20,32.5
2025-07-18,HM20,34.6
2025-07-18,HM25,34.7
2025-07-18,HM25,36.6
2025-07-18,HM30,49.2
2025-07-18,HM36,45.1
2025-07-18,HM36,38.9
2025-07-18,HM43,23.4
2025-07-18,HM47,35.5
2025-07-18,HM47,35.7
2025-07-18,HM50,42.8
2025-07-18,HM56,41.5
2025-07-18,HM56,38.9
2025-07-19,HM01,32.0
2025-07-19,HM01,34.0
2025-07-19,HM01,33.5
2025-07-19,HM01,31.0
2025-07-19,HM01,32.7
2025-07-19,HM01,32.2
2025-07-19,HM01,32.5
2025-07-19,HM01,32.9
2025-07-19,HM01,38.9
2025-07-19,HM12,32.0
2025-07-19,HM12,35.0
2025-07-19,HM13,31.4
2025-07-19,HM13,30.4
2025-07-19,HM13,27.4
2025-07-19,HM14,30.7
2025-07-19,HM14,29.8
2025-07-19,HM14,35.5
2025-07-19,HM16,36.2
2025-07-19,HM16,37.0
2025-07-19,HM16,40.6
2025-07-19,HM16,39.7
2025-07-19,HM20,39.4
2025-07-19,HM20,34.9
2025-07-19,HM20,39.0
2025-07-19,HM20,38.3
2025-07-19,HM25,13.3
2025-07-19,HM30,27.2
2025-07-19,HM36,33.0
2025-07-19,HM36,35.6
2025-07-19,HM36,36.7
2025-07-19,HM36,34.8
2025-07-19,HM43,40.4
2025-07-19,HM43,40.2
2025-07-19,HM47,37.1
2025-07-19,HM47,32.7
2025-07-19,HM56,33.2
2025-07-19,HM56,32.6
2025-07-19,HM56,33.3
2025-07-19,HM56,33.2
2025-07-20,HM01,40.9
2025-07-20,HM01,42.4
2025-07-20,HM12,40.6
2025-07-20,HM13,34.2
2025-07-20,HM13,34.0
2025-07-20,HM13,30.6
2025-07-20,HM13,34.2
2025-07-20,HM13,32.6
2025-07-20,HM13,35.3
2025-07-20,HM13,32.5
2025-07-20,HM13,34.9
2025-07-20,HM14,35.0
2025-07-20,HM14,34.4
2025-07-20,HM14,39.4
2025-07-20,HM16,36.6
2025-07-20,HM16,34.8
2025-07-20,HM16,38.1
2025-07-20,HM20,32.6
2025-07-20,HM20,32.1
2025-07-20,HM20,30.4
2025-07-20,HM20,37.0
2025-07-20,HM20,33.6
2025-07-20,HM25,25.5
2025-07-20,HM30,39.8
2025-07-20,HM30,36.2
2025-07-20,HM36,45.5
2025-07-20,HM43,36.2
2025-07-20,HM43,35.8
2025-07-20,HM43,37.1
2025-07-20,HM43,37.4
2025-07-20,HM43,42.9
2025-07-20,HM43,35.9
2025-07-20,HM43,38.0
2025-07-20,HM43,38.1
2025-07-20,HM47,39.0
2025-07-20,HM47,38.9
2025-07-20,HM50,46.5
2025-07-20,HM56,33.9
2025-07-20,HM56,34.4
2025-07-20,HM56,33.7
2025-07-20,HM56,33.4
2025-07-20,HM56,32.7
2025-07-20,HM56,33.8
2025-07-20,HM56,34.3
2025-07-21,HM01,33.8
2025-07-21,HM01,39.9
2025-07-21,HM01,36.0
2025-07-21,HM01,37.8
2025-07-21,HM01,34.9
2025-07-21,HM01,37.7
2025-07-21,HM01,32.9
2025-07-21,HM01,36.8
2025-07-21,HM01,35.3
2025-07-21,HM01,38.5
2025-07-21,HM01,34.5
2025-07-21,HM01,37.7
2025-07-21,HM12,36.8
2025-07-21,HM12,38.1
2025-07-21,HM12,37.6
2025-07-21,HM12,38.7
2025-07-21,HM12,37.6
2025-07-21,HM12,37.5
2025-07-21,HM13,29.0
2025-07-21,HM13,27.5
2025-07-21,HM14,50.4
2025-07-21,HM16,21.1
2025-07-21,HM20,39.6
2025-07-21,HM20,38.7
2025-07-21,HM20,39.2
2025-07-21,HM25,32.8
2025-07-21,HM30,33.9
2025-07-21,HM30,33.0
2025-07-21,HM36,38.2
2025-07-21,HM36,38.7
2025-07-21,HM36,38.0
2025-07-21,HM36,36.0
2025-07-21,HM36,33.4
2025-07-21,HM43,31.9
2025-07-21,HM43,36.2
2025-07-21,HM43,35.2
2025-07-21,HM43,36.1
2025-07-21,HM43,33.8
2025-07-21,HM47,33.5
2025-07-21,HM47,32.9
2025-07-21,HM47,32.3
2025-07-21,HM47,33.6
2025-07-21,HM47,34.2
2025-07-21,HM47,31.3
2025-07-21,HM47,32.1
2025-07-21,HM50,39.4
2025-07-21,HM50,37.9
2025-07-21,HM50,30.6
2025-07-21,HM50,37.0
2025-07-21,HM50,37.3
2025-07-21,HM56,21.7
2025-07-22,HM01,32.9
2025-07-22,HM01,34.3
2025-07-22,HM01,32.8
2025-07-22,HM01,32.8
2025-07-22,HM01,34.3
2025-07-22,HM01,31.4
2025-07-22,HM01,28.0
2025-07-22,HM01,32.4
2025-07-22,HM12,33.1
2025-07-22,HM12,30.9
2025-07-22,HM12,32.3
2025-07-22,HM12,33.0
2025-07-22,HM13,32.4
2025-07-22,HM13,34.4
2025-07-22,HM13,34.3
2025-07-22,HM13,30.6
2025-07-22,HM14,29.8
2025-07-22,HM14,30.7
2025-07-22,HM14,30.9
2025-07-22,HM14,30.5
2025-07-22,HM16,34.9
2025-07-22,HM16,31.5
2025-07-22,HM25,36.3
2025-07-22,HM25,35.4
2025-07-22,HM25,38.8
2025-07-22,HM25,35.8
2025-07-22,HM30,31.8
2025-07-22,HM30,32.5
2025-07-22,HM36,30.7
2025-07-22,HM36,30.4
2025-07-22,HM36,30.4
2025-07-22,HM36,33.5
2025-07-22,HM36,32.5
2025-07-22,HM36,32.6
2025-07-22,HM43,32.5
2025-07-22,HM43,31.8
2025-07-22,HM43,34.3
2025-07-22,HM43,31.0
2025-07-22,HM47,36.5
2025-07-22,HM47,38.0
2025-07-22,HM47,34.9
2025-07-22,HM47,40.1
2025-07-22,HM47,38.4
2025-07-22,HM50,34.5
2025-07-22,HM50,34.0
2025-07-22,HM56,48.4
2025-07-23,HM01,39.0
2025-07-23,HM12,33.0
2025-07-23,HM12,38.7
2025-07-23,HM12,34.9
2025-07-23,HM12,28.4
2025-07-23,HM12,36.2
2025-07-23,HM13,39.6
2025-07-23,HM13,33.0
2025-07-23,HM13,37.6
2025-07-23,HM13,38.7
2025-07-23,HM13,33.5
2025-07-23,HM13,36.8
2025-07-23,HM13,34.9
2025-07-23,HM13,35.1
2025-07-23,HM14,29.5
2025-07-23,HM14,32.4
2025-07-23,HM14,29.9
2025-07-23,HM14,31.5
2025-07-23,HM16,35.3
2025-07-23,HM16,30.6
2025-07-23,HM16,33.2
2025-07-23,HM16,31.3
2025-07-23,HM20,32.4
2025-07-23,HM20,30.5
2025-07-23,HM25,47.0
2025-07-23,HM30,31.3
2025-07-23,HM30,32.9
2025-07-23,HM30,30.2
2025-07-23,HM30,33.6
2025-07-23,HM30,31.5
2025-07-23,HM30,35.3
2025-07-23,HM36,35.4
2025-07-23,HM36,33.4
2025-07-23,HM43,21.4
2025-07-23,HM47,25.5
2025-07-23,HM47,27.1
2025-07-23,HM56,38.9
2025-07-23,HM56,37.3
2025-07-23,HM56,33.7
2025-07-23,HM56,36.6
2025-07-23,HM56,36.2
2025-07-23,HM56,36.6
2025-07-24,HM01,45.7
2025-07-24,HM01,43.9
2025-07-24,HM12,26.4
2025-07-24,HM13,24.0
2025-07-24,HM16,48.1
2025-07-24,HM20,47.0
2025-07-24,HM20,41.9
2025-07-24,HM25,36.7
2025-07-24,HM25,30.2
2025-07-24,HM25,34.9
2025-07-24,HM25,31.4
2025-07-24,HM25,34.1
2025-07-24,HM25,34.7
2025-07-24,HM25,36.5
2025-07-24,HM25,32.1
2025-07-24,HM25,33.9
2025-07-24,HM25,36.3
2025-07-24,HM25,33.3
2025-07-24,HM25,37.0
2025-07-24,HM30,33.8
2025-07-24,HM30,35.4
2025-07-24,HM30,33.9
2025-07-24,HM30,34.5
2025-07-24,HM30,33.9
2025-07-24,HM30,31.6
2025-07-24,HM36,33.1
2025-07-24,HM36,35.9
2025-07-24,HM36,32.8
2025-07-24,HM36,32.6
2025-07-24,HM36,36.7
2025-07-24,HM36,32.2
2025-07-24,HM43,33.4
2025-07-24,HM43,35.2
2025-07-24,HM43,33.9
2025-07-24,HM43,34.0
2025-07-24,HM43,34.5
2025-07-24,HM43,36.9
2025-07-24,HM43,33.2
2025-07-24,HM43,36.0
2025-07-24,HM43,32.5
2025-07-24,HM43,37.4
2025-07-24,HM47,48.6
2025-07-24,HM50,39.3
2025-07-24,HM50,33.4
2025-07-24,HM50,42.2
2025-07-24,HM56,37.3
2025-07-24,HM56,43.2
2025-07-25,HM01,38.4
2025-07-25,HM01,37.1
2025-07-25,HM12,32.6
2025-07-25,HM12,34.5
2025-07-25,HM12,33.5
2025-07-25,HM12,35.2
2025-07-25,HM12,34.6
2025-07-25,HM12,30.8
2025-07-25,HM12,33.7
2025-07-25,HM13,31.2
2025-07-25,HM13,32.1
2025-07-25,HM13,35.5
2025-07-25,HM13,33.9
2025-07-25,HM14,44.5
2025-07-25,HM16,32.6
2025-07-25,HM16,34.5
2025-07-25,HM16,37.2
2025-07-25,HM16,36.5
2025-07-25,HM16,36.3
2025-07-25,HM16,34.9
2025-07-25,HM16,34.0
2025-07-25,HM16,36.6
2025-07-25,HM20,51.5
2025-07-25,HM25,22.9
2025-07-25,HM30,30.5
2025-07-25,HM36,36.1
2025-07-25,HM36,33.1
2025-07-25,HM36,34.5
2025-07-25,HM36,35.3
2025-07-25,HM43,34.3
2025-07-25,HM43,32.1
2025-07-25,HM43,39.9
2025-07-25,HM43,34.9
2025-07-25,HM47,20.0
2025-07-25,HM56,30.9
2025-07-26,HM01,32.8
2025-07-26,HM01,37.2
2025-07-26,HM12,43.2
2025-07-26,HM13,39.4
2025-07-26,HM13,39.5
2025-07-26,HM13,36.5
2025-07-26,HM13,35.2
2025-07-26,HM14,31.7
2025-07-26,HM14,33.7
2025-07-26,HM14,32.3
2025-07-26,HM16,32.1
2025-07-26,HM16,36.5
2025-07-26,HM16,31.8
2025-07-26,HM16,37.7
2025-07-26,HM16,35.4
2025-07-26,HM16,36.2
2025-07-26,HM16,35.7
2025-07-26,HM16,34.6
2025-07-26,HM16,36.9
2025-07-26,HM16,32.2
2025-07-26,HM20,26.9
2025-07-26,HM20,23.2
2025-07-26,HM25,32.7
2025-07-26,HM25,35.4
2025-07-26,HM25,36.1
2025-07-26,HM25,34.1
2025-07-26,HM30,35.3
2025-07-26,HM30,32.4
2025-07-26,HM30,33.5
2025-07-26,HM36,44.5
2025-07-26,HM43,38.0
2025-07-26,HM43,39.5
2025-07-26,HM43,36.4
2025-07-26,HM43,37.1
2025-07-26,HM43,37.1
2025-07-26,HM43,32.3
2025-07-26,HM47,40.9
2025-07-26,HM47,38.7
2025-07-26,HM47,36.7
2025-07-26,HM50,41.1
2025-07-26,HM50,37.7
2025-07-26,HM56,39.7
2025-07-26,HM56,36.4
2025-07-26,HM56,37.5
2025-07-26,HM56,31.9
2025-07-26,HM56,37.5
2025-07-26,HM56,35.9
2025-07-26,HM56,34.8
2025-07-26,HM56,34.7
2025-07-26,HM56,37.7
2025-07-26,HM56,34.6
2025-07-27,HM01,33.7
2025-07-27,HM01,34.5
2025-07-27,HM01,29.8
2025-07-27,HM01,30.7
2025-07-27,HM12,36.1
2025-07-27,HM12,32.3
2025-07-27,HM12,36.7
2025-07-27,HM12,34.1
2025-07-27,HM12,34.5
2025-07-27,HM13,33.3
2025-07-27,HM13,32.0
2025-07-27,HM13,32.4
2025-07-27,HM13,33.3
2025-07-27,HM13,32.0
2025-07-27,HM13,33.8
2025-07-27,HM13,32.3
2025-07-27,HM13,34.1
2025-07-27,HM13,30.5
2025-07-27,HM14,28.9
2025-07-27,HM16,36.0
2025-07-27,HM16,37.1
2025-07-27,HM16,36.7
2025-07-27,HM16,37.0
2025-07-27,HM16,33.5
2025-07-27,HM20,39.4
2025-07-27,HM20,37.2
2025-07-27,HM20,36.0
2025-07-27,HM25,51.0
2025-07-27,HM36,27.7
2025-07-27,HM43,29.2
2025-07-27,HM47,42.8
2025-07-27,HM50,51.3
2025-07-27,HM56,38.1
2025-07-27,HM56,35.7
2025-07-27,HM56,33.7
2025-07-28,HM01,37.3
2025-07-28,HM01,33.7
2025-07-28,HM01,35.8
2025-07-28,HM01,37.2
2025-07-28,HM01,36.6
2025-07-28,HM01,32.1
2025-07-28,HM01,34.7
2025-07-28,HM12,42.6
2025-07-28,HM12,44.2
2025-07-28,HM13,30.5
2025-07-28,HM13,32.3
2025-07-28,HM13,31.8
2025-07-28,HM14,36.8
2025-07-28,HM14,37.0
2025-07-28,HM14,34.3
2025-07-28,HM14,33.4
2025-07-28,HM14,34.4
2025-07-28,HM14,36.4
2025-07-28,HM14,35.5
2025-07-28,HM14,33.6
2025-07-28,HM14,35.1
2025-07-28,HM14,34.4
2025-07-28,HM14,35.3
2025-07-28,HM16,35.1
2025-07-28,HM16,36.9
2025-07-28,HM20,36.4
2025-07-28,HM20,37.0
2025-07-28,HM20,37.9
2025-07-28,HM20,38.8
2025-07-28,HM20,39.5
2025-07-28,HM20,33.9
2025-07-28,HM20,33.0
2025-07-28,HM20,39.5
2025-07-28,HM25,37.3
2025-07-28,HM25,39.3
2025-07-28,HM25,38.6
2025-07-28,HM30,29.0
2025-07-28,HM30,30.8
2025-07-28,HM30,30.3
2025-07-28,HM30,34.9
2025-07-28,HM36,32.9
2025-07-28,HM36,33.6
2025-07-28,HM36,37.0
2025-07-28,HM36,32.1
2025-07-28,HM36,36.2
2025-07-28,HM36,39.1
2025-07-28,HM43,36.0
2025-07-28,HM43,33.5
2025-07-28,HM43,40.9
2025-07-28,HM43,35.4
2025-07-28,HM43,35.3
2025-07-28,HM43,37.1
2025-07-28,HM43,34.4
2025-07-28,HM43,38.2
2025-07-28,HM43,34.2
2025-07-28,HM43,33.9
2025-07-28,HM43,31.9
2025-07-28,HM43,34.7
2025-07-28,HM47,36.2
2025-07-28,HM47,38.5
2025-07-28,HM47,36.6
2025-07-28,HM47,40.0
2025-07-28,HM50,33.3
2025-07-28,HM50,30.0
2025-07-28,HM56,31.5
2025-07-28,HM56,33.5
2025-07-28,HM56,32.1
2025-07-28,HM56,37.5
2025-07-29,HM01,36.4
2025-07-29,HM01,33.0
2025-07-29,HM01,36.1
2025-07-29,HM01,30.0
2025-07-29,HM01,33.8
2025-07-29,HM01,39.4
2025-07-29,HM01,37.2
2025-07-29,HM12,34.0
2025-07-29,HM12,36.1
2025-07-29,HM12,33.3
2025-07-29,HM12,33.9
2025-07-29,HM12,35.0
2025-07-29,HM13,33.5
2025-07-29,HM13,33.8
2025-07-29,HM14,32.6
2025-07-29,HM14,32.6
2025-07-29,HM14,31.9
2025-07-29,HM16,31.5
2025-07-29,HM16,34.1
2025-07-29,HM16,34.3
2025-07-29,HM16,30.9
2025-07-29,HM16,33.1
2025-07-29,HM25,29.7
2025-07-29,HM25,30.9
2025-07-29,HM25,33.5
2025-07-29,HM25,32.7
2025-07-29,HM25,31.1
2025-07-29,HM30,29.3
2025-07-29,HM30,32.0
2025-07-29,HM30,28.9
2025-07-29,HM36,33.0
2025-07-29,HM43,38.5
2025-07-29,HM43,35.8
2025-07-29,HM50,29.0
2025-07-29,HM56,36.8
2025-07-29,HM56,36.9
2025-07-29,HM56,37.0
2025-07-30,HM01,29.3
2025-07-30,HM01,31.9
2025-07-30,HM01,30.7
2025-07-30,HM01,30.3
2025-07-30,HM12,40.3
2025-07-30,HM12,35.6
2025-07-30,HM12,41.5
2025-07-30,HM14,41.3
2025-07-30,HM14,41.0
2025-07-30,HM14,38.4
2025-07-30,HM14,37.0
2025-07-30,HM16,40.5
2025-07-30,HM16,40.3
2025-07-30,HM16,40.1
2025-07-30,HM16,40.5
2025-07-30,HM20,34.3
2025-07-30,HM20,34.7
2025-07-30,HM20,33.4
2025-07-30,HM20,35.8
2025-07-30,HM20,36.8
2025-07-30,HM25,33.4
2025-07-30,HM25,31.9
2025-07-30,HM25,32.6
2025-07-30,HM30,37.3
2025-07-30,HM30,37.9
2025-07-30,HM30,40.4
2025-07-30,HM36,32.7
2025-07-30,HM36,30.5
2025-07-30,HM36,33.2
2025-07-30,HM36,32.1
2025-07-30,HM36,32.2
2025-07-30,HM36,34.5
2025-07-30,HM36,34.6
2025-07-30,HM43,39.4
2025-07-30,HM43,38.6
2025-07-30,HM43,39.8
2025-07-30,HM47,31.8
2025-07-30,HM47,29.7
2025-07-30,HM47,30.8
2025-07-30,HM47,29.6
2025-07-30,HM50,38.4
2025-07-30,HM50,37.6
2025-07-30,HM56,32.2
2025-07-30,HM56,31.1
2025-07-30,HM56,33.3
2025-07-30,HM56,27.7
2025-07-31,HM01,29.0
2025-07-31,HM01,31.2
2025-07-31,HM01,32.8
2025-07-31,HM01,32.4
2025-07-31,HM12,33.4
2025-07-31,HM12,34.5
2025-07-31,HM13,34.4
2025-07-31,HM13,35.4
2025-07-31,HM14,33.0
2025-07-31,HM14,34.2
2025-07-31,HM14,35.0
2025-07-31,HM16,42.8
2025-07-31,HM16,44.0
2025-07-31,HM25,45.0
2025-07-31,HM30,33.2
2025-07-31,HM30,31.5
2025-07-31,HM36,35.8
2025-07-31,HM36,27.1
2025-07-31,HM36,32.4
2025-07-31,HM36,30.0
2025-07-31,HM43,39.6
2025-07-31,HM47,35.3
2025-07-31,HM47,35.2
2025-07-31,HM56,31.2
2025-07-31,HM56,32.3
2025-07-31,HM56,31.8
2025-07-31,HM56,30.6
2025-08-01,HM01,41.1
2025-08-01,HM01,41.6
2025-08-01,HM12,48.3
2025-08-01,HM13,33.1
2025-08-01,HM13,31.8
2025-08-01,HM13,32.2
2025-08-01,HM14,25.8
2025-08-01,HM14,30.0
2025-08-01,HM16,33.1
2025-08-01,HM16,29.5
2025-08-01,HM16,30.4
2025-08-01,HM16,33.6
2025-08-01,HM16,34.4
2025-08-01,HM16,37.7
2025-08-01,HM20,17.4
2025-08-01,HM25,35.0
2025-08-01,HM25,39.0
2025-08-01,HM30,34.2
2025-08-01,HM30,31.1
2025-08-01,HM30,29.3
2025-08-01,HM30,35.0
2025-08-01,HM30,35.8
2025-08-01,HM30,35.5
2025-08-01,HM36,33.7
2025-08-01,HM36,32.3
2025-08-01,HM36,35.2
2025-08-01,HM43,27.3
2025-08-01,HM43,29.7
2025-08-01,HM47,37.1
2025-08-01,HM47,36.8
2025-08-01,HM47,34.3
2025-08-01,HM47,36.8
2025-08-01,HM47,33.6
2025-08-01,HM47,36.1
2025-08-01,HM47,37.7
2025-08-01,HM47,32.9
2025-08-01,HM47,34.3
2025-08-01,HM50,36.3
2025-08-01,HM50,40.6
2025-08-01,HM50,40.0
2025-08-01,HM56,24.7
2025-08-02,HM01,32.1
2025-08-02,HM01,29.7
2025-08-02,HM01,30.3
2025-08-02,HM12,46.6
2025-08-02,HM13,38.1
2025-08-02,HM13,37.4
2025-08-02,HM13,37.1
2025-08-02,HM13,32.4
2025-08-02,HM13,34.9
2025-08-02,HM13,35.4
2025-08-02,HM13,34.1
2025-08-02,HM13,36.9
2025-08-02,HM13,36.4
2025-08-02,HM13,34.9
2025-08-02,HM13,36.2
2025-08-02,HM13,37.3
2025-08-02,HM14,34.9
2025-08-02,HM16,36.8
2025-08-02,HM16,34.1
2025-08-02,HM16,32.1
2025-08-02,HM16,36.7
2025-08-02,HM20,27.0
2025-08-02,HM20,33.6
2025-08-02,HM30,44.6
2025-08-02,HM36,30.4
2025-08-02,HM43,42.2
2025-08-02,HM43,38.8
2025-08-02,HM43,40.4
2025-08-02,HM47,39.9
2025-08-02,HM47,41.9
2025-08-02,HM47,38.0
2025-08-02,HM47,38.3
2025-08-02,HM50,47.6
2025-08-02,HM56,33.5
2025-08-02,HM56,38.1
2025-08-02,HM56,38.5
2025-08-02,HM56,38.8
2025-08-02,HM56,39.6
2025-08-02,HM56,31.3
2025-08-02,HM56,36.2
2025-08-02,HM56,37.7
2025-08-02,HM56,38.8
2025-08-03,HM01,36.9
2025-08-03,HM01,31.5
2025-08-03,HM01,33.1
2025-08-03,HM12,39.4
2025-08-03,HM12,36.9
2025-08-03,HM12,35.2
2025-08-03,HM13,41.7
2025-08-03,HM14,38.6
2025-08-03,HM14,36.5
2025-08-03,HM14,42.0
2025-08-03,HM16,35.4
2025-08-03,HM16,37.8
2025-08-03,HM20,37.5
2025-08-03,HM20,41.1
2025-08-03,HM20,38.4
2025-08-03,HM25,29.7
2025-08-03,HM25,28.7
2025-08-03,HM30,33.8
2025-08-03,HM30,35.0
2025-08-03,HM30,28.9
2025-08-03,HM30,35.2
2025-08-03,HM36,37.4
2025-08-03,HM36,34.2
2025-08-03,HM36,39.5
2025-08-03,HM36,36.3
2025-08-03,HM36,35.3
2025-08-03,HM36,34.2
2025-08-03,HM36,38.4
2025-08-03,HM36,35.4
2025-08-03,HM36,35.1
2025-08-03,HM36,38.4
2025-08-03,HM36,40.4
2025-08-03,HM36,35.4
2025-08-03,HM43,31.8
2025-08-03,HM43,34.4
2025-08-03,HM43,35.2
2025-08-03,HM43,34.9
2025-08-03,HM43,33.5
2025-08-03,HM47,28.2
2025-08-03,HM47,30.7
2025-08-03,HM50,33.0
2025-08-03,HM56,31.1
2025-08-03,HM56,28.3
2025-08-03,HM56,30.7
2025-08-03,HM56,28.0
2025-08-04,HM01,46.6
2025-08-04,HM12,34.5
2025-08-04,HM12,30.8
2025-08-04,HM12,34.9
2025-08-04,HM12,35.4
2025-08-04,HM12,26.7
2025-08-04,HM12,32.4
2025-08-04,HM13,36.9
2025-08-04,HM13,38.3
2025-08-04,HM13,36.5
2025-08-04,HM14,40.8
2025-08-04,HM14,39.6
2025-08-04,HM14,39.6
2025-08-04,HM16,33.8
2025-08-04,HM16,34.4
2025-08-04,HM16,39.8
2025-08-04,HM16,38.6
2025-08-04,HM16,35.3
2025-08-04,HM16,37.4
2025-08-04,HM20,47.6
2025-08-04,HM25,35.7
2025-08-04,HM25,35.9
2025-08-04,HM25,38.8
2025-08-04,HM25,37.2
2025-08-04,HM25,40.6
2025-08-04,HM25,33.2
2025-08-04,HM25,39.2
2025-08-04,HM25,36.7
2025-08-04,HM25,36.6
2025-08-04,HM30,39.4
2025-08-04,HM30,34.1
2025-08-04,HM30,34.6
2025-08-04,HM30,36.1
2025-08-04,HM36,36.8
2025-08-04,HM36,32.1
2025-08-04,HM36,38.3
2025-08-04,HM36,37.5
2025-08-04,HM36,36.9
2025-08-04,HM43,38.3
2025-08-04,HM47,31.9
2025-08-04,HM47,32.9
2025-08-04,HM47,35.3
2025-08-04,HM47,34.1
2025-08-04,HM47,34.4
2025-08-04,HM47,35.4
2025-08-04,HM47,35.5
2025-08-04,HM47,37.4
2025-08-04,HM50,30.2
2025-08-04,HM50,31.5
2025-08-04,HM50,31.9
2025-08-04,HM56,39.6
2025-08-04,HM56,35.9
2025-08-04,HM56,38.8
2025-08-05,HM01,34.5
2025-08-05,HM01,37.1
2025-08-05,HM12,35.2
2025-08-05,HM12,36.2
2025-08-05,HM12,33.9
2025-08-05,HM12,34.4
2025-08-05,HM12,38.8
2025-08-05,HM12,36.8
2025-08-05,HM13,32.5
2025-08-05,HM13,32.2
2025-08-05,HM13,36.7
2025-08-05,HM13,36.4
2025-08-05,HM13,35.7
2025-08-05,HM13,35.8
2025-08-05,HM13,36.2
2025-08-05,HM14,34.9
2025-08-05,HM14,34.9
2025-08-05,HM14,38.2
2025-08-05,HM14,36.8
2025-08-05,HM14,36.7
2025-08-05,HM25,31.6
2025-08-05,HM30,36.4
2025-08-05,HM30,34.5
2025-08-05,HM30,34.4
2025-08-05,HM30,37.1
2025-08-05,HM30,36.5
2025-08-05,HM30,35.0
2025-08-05,HM30,32.6
2025-08-05,HM36,33.6
2025-08-05,HM36,33.7
2025-08-05,HM36,34.0
2025-08-05,HM36,35.3
2025-08-05,HM36,35.6
2025-08-05,HM36,36.0
2025-08-05,HM36,37.8
2025-08-05,HM43,38.6
2025-08-05,HM47,38.4
2025-08-05,HM47,29.9
2025-08-05,HM47,36.1
2025-08-05,HM47,36.7
2025-08-05,HM47,35.5
2025-08-05,HM47,35.4
2025-08-05,HM47,33.6
2025-08-05,HM47,34.1
2025-08-05,HM50,28.3
2025-08-05,HM50,29.6
2025-08-05,HM56,38.9
2025-08-05,HM56,39.0
2025-08-05,HM56,38.0
2025-08-05,HM56,35.8
2025-08-05,HM56,37.8
2025-08-06,HM01,16.4
2025-08-06,HM12,29.6
2025-08-06,HM12,31.9
2025-08-06,HM12,33.0
2025-08-06,HM12,31.3
2025-08-06,HM13,35.2
2025-08-06,HM14,33.0
2025-08-06,HM14,34.3
2025-08-06,HM14,35.1
2025-08-06,HM16,35.3
2025-08-06,HM16,35.3
2025-08-06,HM16,35.0
2025-08-06,HM20,24.7
2025-08-06,HM25,50.9
2025-08-06,HM30,52.3
2025-08-06,HM36,49.7
2025-08-06,HM43,31.6
2025-08-06,HM43,33.7
2025-08-06,HM43,33.1
2025-08-06,HM47,42.9
2025-08-06,HM47,43.5
2025-08-06,HM50,34.3
2025-08-06,HM50,34.2
2025-08-06,HM56,33.8
2025-08-06,HM56,34.7
2025-08-06,HM56,35.9
2025-08-06,HM56,34.7
2025-08-06,HM56,36.1
2025-08-07,HM01,29.8
2025-08-07,HM01,30.2
2025-08-07,HM01,28.6
2025-08-07,HM01,26.6
2025-08-07,HM01,31.9
2025-08-07,HM13,32.1
2025-08-07,HM13,29.1
2025-08-07,HM14,31.4
2025-08-07,HM14,30.4
2025-08-07,HM16,34.1
2025-08-07,HM16,33.3
2025-08-07,HM16,34.1
2025-08-07,HM16,35.5
2025-08-07,HM16,35.9
2025-08-07,HM16,31.2
2025-08-07,HM16,33.2
2025-08-07,HM16,35.6
2025-08-07,HM16,34.6
2025-08-07,HM16,30.8
2025-08-07,HM20,36.1
2025-08-07,HM20,29.9
2025-08-07,HM25,35.6
2025-08-07,HM25,37.3
2025-08-07,HM25,31.9
2025-08-07,HM25,34.4
2025-08-07,HM30,25.1
2025-08-07,HM36,36.0
2025-08-07,HM36,33.7
2025-08-07,HM43,35.4
2025-08-07,HM43,36.5
2025-08-07,HM43,36.0
2025-08-07,HM43,34.5
2025-08-07,HM43,37.5
2025-08-07,HM47,34.7
2025-08-07,HM47,37.0
2025-08-07,HM47,36.7
2025-08-07,HM47,33.4
2025-08-07,HM47,36.4
2025-08-07,HM47,38.3
2025-08-07,HM47,34.5
2025-08-07,HM47,34.3
2025-08-07,HM47,34.6
2025-08-07,HM50,42.3
2025-08-07,HM56,36.2
2025-08-07,HM56,30.6
2025-08-07,HM56,31.0
2025-08-07,HM56,31.5
2025-08-07,HM56,33.6
2025-08-08,HM01,32.4
2025-08-08,HM01,28.5
2025-08-08,HM01,30.8
2025-08-08,HM12,35.0
2025-08-08,HM12,33.6
2025-08-08,HM12,33.9
2025-08-08,HM12,35.2
2025-08-08,HM12,35.8
2025-08-08,HM12,37.6
2025-08-08,HM12,34.6
2025-08-08,HM13,34.8
2025-08-08,HM13,33.4
2025-08-08,HM13,33.6
2025-08-08,HM14,39.9
2025-08-08,HM14,39.3
2025-08-08,HM16,43.4
2025-08-08,HM25,38.6
2025-08-08,HM30,31.0
2025-08-08,HM30,31.7
2025-08-08,HM30,34.2
2025-08-08,HM36,33.9
2025-08-08,HM36,35.3
2025-08-08,HM36,34.7
2025-08-08,HM36,31.3
2025-08-08,HM43,47.2
2025-08-08,HM47,43.1
2025-08-08,HM50,36.2
2025-08-08,HM50,36.6
2025-08-08,HM50,37.6
2025-08-08,HM50,34.1
2025-08-08,HM50,38.2
2025-08-08,HM50,37.8
2025-08-08,HM56,33.5
2025-08-08,HM56,35.7
2025-08-08,HM56,34.2
2025-08-08,HM56,33.1
2025-08-08,HM56,35.6
2025-08-08,HM56,36.1
2025-08-08,HM56,34.0
2025-08-08,HM56,36.2
2025-08-08,HM56,33.7
2025-08-08,HM56,35.1
2025-08-08,HM56,35.0
2025-08-09,HM01,43.5
2025-08-09,HM12,35.4
2025-08-09,HM12,31.8
2025-08-09,HM12,28.9
2025-08-09,HM12,34.1
2025-08-09,HM13,44.9
2025-08-09,HM14,39.8
2025-08-09,HM14,40.9
2025-08-09,HM14,41.8
2025-08-09,HM16,29.7
2025-08-09,HM20,39.0
2025-08-09,HM20,38.0
2025-08-09,HM25,30.1
2025-08-09,HM25,31.7
2025-08-09,HM25,30.4
2025-08-09,HM30,34.2
2025-08-09,HM30,36.1
2025-08-09,HM36,34.2
2025-08-09,HM36,29.5
2025-08-09,HM36,31.1
2025-08-09,HM36,32.0
2025-08-09,HM43,33.5
2025-08-09,HM43,33.9
2025-08-09,HM43,33.8
2025-08-09,HM43,33.5
2025-08-09,HM47,31.1
2025-08-09,HM47,31.5
2025-08-09,HM47,32.6
2025-08-09,HM47,34.6
2025-08-09,HM47,35.9
2025-08-09,HM47,35.0
2025-08-09,HM47,33.9
2025-08-09,HM47,35.5
2025-08-09,HM47,34.7
2025-08-09,HM47,33.1
2025-08-10,HM12,37.3
2025-08-10,HM13,31.5
2025-08-10,HM14,35.0
2025-08-10,HM14,32.6
2025-08-10,HM14,36.2
2025-08-10,HM14,34.8
2025-08-10,HM14,32.3
2025-08-10,HM14,27.7
2025-08-10,HM16,36.0
2025-08-10,HM16,32.4
2025-08-10,HM16,38.4
2025-08-10,HM16,33.8
2025-08-10,HM16,34.0
2025-08-10,HM20,36.6
2025-08-10,HM20,33.3
2025-08-10,HM20,40.2
2025-08-10,HM25,39.0
2025-08-10,HM30,23.8
2025-08-10,HM36,37.3
2025-08-10,HM36,32.8
2025-08-10,HM36,38.1
2025-08-10,HM36,32.3
2025-08-10,HM36,37.2
2025-08-10,HM36,33.9
2025-08-10,HM36,35.9
2025-08-10,HM36,34.7
2025-08-10,HM36,36.2
2025-08-10,HM43,39.6
2025-08-10,HM43,36.9
2025-08-10,HM43,32.5
2025-08-10,HM47,38.7
2025-08-10,HM50,34.7
2025-08-10,HM50,40.1
2025-08-10,HM50,33.4
2025-08-10,HM50,34.6
2025-08-10,HM56,26.9
2025-08-10,HM56,28.2
2025-08-11,HM01,38.8
2025-08-11,HM12,39.2
2025-08-11,HM12,35.6
2025-08-11,HM12,37.6
2025-08-11,HM13,32.9
2025-08-11,HM13,30.7
2025-08-11,HM13,33.2
2025-08-11,HM13,33.3
2025-08-11,HM14,17.3
2025-08-11,HM16,25.4
2025-08-11,HM16,26.6
2025-08-11,HM20,37.6
2025-08-11,HM20,36.8
2025-08-11,HM20,35.6
2025-08-11,HM20,31.9
2025-08-11,HM20,37.8
2025-08-11,HM25,35.3
2025-08-11,HM25,34.6
2025-08-11,HM25,34.5
2025-08-11,HM25,35.4
2025-08-11,HM25,28.1
2025-08-11,HM30,36.1
2025-08-11,HM36,36.2
2025-08-11,HM36,37.4
2025-08-11,HM36,31.9
2025-08-11,HM47,35.6
2025-08-11,HM47,37.6
2025-08-11,HM56,27.4
2025-08-11,HM56,30.2
2025-08-12,HM01,32.8
2025-08-12,HM01,33.1
2025-08-12,HM01,33.8
2025-08-12,HM01,37.1
2025-08-12,HM01,34.2
2025-08-12,HM01,34.8
2025-08-12,HM01,33.3
2025-08-12,HM01,38.4
2025-08-12,HM01,36.0
2025-08-12,HM01,32.6
2025-08-12,HM01,32.0
2025-08-12,HM12,35.1
2025-08-12,HM12,38.0
2025-08-12,HM12,38.7
2025-08-12,HM13,41.9
2025-08-12,HM13,43.7
2025-08-12,HM13,40.2
2025-08-12,HM14,28.6
2025-08-12,HM20,26.5
2025-08-12,HM25,35.0
2025-08-12,HM25,34.8
2025-08-12,HM25,37.1
2025-08-12,HM25,38.1
2025-08-12,HM30,40.2
2025-08-12,HM30,33.7
2025-08-12,HM30,37.1
2025-08-12,HM30,37.1
2025-08-12,HM30,37.6
2025-08-12,HM30,35.6
2025-08-12,HM30,34.4
2025-08-12,HM30,37.1
2025-08-12,HM36,32.1
2025-08-12,HM36,31.8
2025-08-12,HM36,30.8
2025-08-12,HM36,33.1
2025-08-12,HM36,34.8
2025-08-12,HM36,32.1
2025-08-12,HM36,36.4
2025-08-12,HM36,30.8
2025-08-12,HM43,38.8
2025-08-12,HM43,38.6
2025-08-12,HM47,36.1
2025-08-12,HM50,42.3
2025-08-12,HM56,39.9
2025-08-13,HM01,45.4
2025-08-13,HM12,34.3
2025-08-13,HM12,33.1
2025-08-13,HM12,35.6
2025-08-13,HM13,36.0
2025-08-13,HM13,37.0
2025-08-13,HM13,33.1
2025-08-13,HM13,37.2
2025-08-13,HM13,32.8
2025-08-13,HM13,34.9
2025-08-13,HM13,35.5
2025-08-13,HM13,34.9
2025-08-13,HM13,39.7
2025-08-13,HM13,35.9
2025-08-13,HM14,35.8
2025-08-13,HM14,34.0
2025-08-13,HM14,35.6
2025-08-13,HM14,34.9
2025-08-13,HM14,38.0
2025-08-13,HM14,36.5
2025-08-13,HM14,36.8
2025-08-13,HM14,35.8
2025-08-13,HM14,38.6
2025-08-13,HM14,35.0
2025-08-13,HM14,37.0
2025-08-13,HM14,33.6
2025-08-13,HM16,31.3
2025-08-13,HM16,33.1
2025-08-13,HM16,29.8
2025-08-13,HM16,33.4
2025-08-13,HM20,48.6
2025-08-13,HM25,31.5
2025-08-13,HM25,28.7
2025-08-13,HM25,33.1
2025-08-13,HM30,40.6
2025-08-13,HM30,45.3
2025-08-13,HM30,40.9
2025-08-13,HM36,37.5
2025-08-13,HM36,37.5
2025-08-13,HM36,37.8
2025-08-13,HM43,34.3
2025-08-13,HM43,35.0
2025-08-13,HM43,36.7
2025-08-13,HM43,30.4
2025-08-13,HM43,32.8
2025-08-13,HM43,33.0
2025-08-13,HM43,36.6
2025-08-13,HM43,28.1
2025-08-13,HM47,26.3
2025-08-13,HM50,36.5
2025-08-13,HM50,31.1
2025-08-13,HM56,39.7
2025-08-13,HM56,38.3
2025-08-14,HM01,28.4
2025-08-14,HM01,31.7
2025-08-14,HM01,29.6
2025-08-14,HM12,21.8
2025-08-14,HM12,25.1
2025-08-14,HM13,35.7
2025-08-14,HM13,34.6
2025-08-14,HM13,32.2
2025-08-14,HM13,33.9
2025-08-14,HM13,33.9
2025-08-14,HM14,41.7
2025-08-14,HM14,46.6
2025-08-14,HM16,39.4
2025-08-14,HM16,39.5
2025-08-14,HM16,38.9
2025-08-14,HM20,36.5
2025-08-14,HM20,35.5
2025-08-14,HM20,39.5
2025-08-14,HM20,33.4
2025-08-14,HM20,35.7
2025-08-14,HM25,34.1
2025-08-14,HM25,34.7
2025-08-14,HM30,29.4
2025-08-14,HM30,32.2
2025-08-14,HM36,33.2
2025-08-14,HM36,34.1
2025-08-14,HM36,26.3
2025-08-14,HM36,33.2
2025-08-14,HM36,34.7
2025-08-14,HM36,34.7
2025-08-14,HM36,35.7
2025-08-14,HM36,31.6
2025-08-14,HM47,44.8
2025-08-14,HM50,35.9
2025-08-14,HM50,34.0
2025-08-14,HM50,34.3
2025-08-14,HM50,37.2
2025-08-14,HM50,39.2
2025-08-14,HM56,33.1
2025-08-14,HM56,38.7
2025-08-14,HM56,31.7
2025-08-14,HM56,32.1
2025-08-14,HM56,38.6
2025-08-14,HM56,37.6
2025-08-14,HM56,38.1
2025-08-14,HM56,37.7
2025-08-14,HM56,38.9
2025-08-14,HM56,35.8
2025-08-15,HM01,30.1
2025-08-15,HM01,29.9
2025-08-15,HM01,30.0
2025-08-15,HM01,31.4
2025-08-15,HM12,36.7
2025-08-15,HM12,31.4
2025-08-15,HM13,27.0
2025-08-15,HM13,27.0
2025-08-15,HM13,29.9
2025-08-15,HM14,36.5
2025-08-15,HM14,35.9
2025-08-15,HM14,34.0
2025-08-15,HM14,35.7
2025-08-15,HM14,31.3
2025-08-15,HM14,33.5
2025-08-15,HM16,42.5
2025-08-15,HM16,41.4
2025-08-15,HM20,29.3
2025-08-15,HM20,31.0
2025-08-15,HM25,49.7
2025-08-15,HM30,49.4
2025-08-15,HM43,31.4
2025-08-15,HM43,33.4
2025-08-15,HM47,38.1
2025-08-15,HM47,37.2
2025-08-15,HM50,34.5
2025-08-15,HM50,35.7
2025-08-15,HM56,43.0
2025-08-15,HM56,38.8
2025-08-16,HM01,32.1
2025-08-16,HM01,34.3
2025-08-16,HM01,30.9
2025-08-16,HM12,31.4
2025-08-16,HM12,35.8
2025-08-16,HM12,28.2
2025-08-16,HM12,35.7
2025-08-16,HM12,36.6
2025-08-16,HM13,34.7
2025-08-16,HM13,39.3
2025-08-16,HM13,34.1
2025-08-16,HM13,38.2
2025-08-16,HM14,43.2
2025-08-16,HM16,40.9
2025-08-16,HM16,39.5
2025-08-16,HM16,35.2
2025-08-16,HM20,26.9
2025-08-16,HM20,30.4
2025-08-16,HM25,30.0
2025-08-16,HM25,28.3
2025-08-16,HM30,32.0
2025-08-16,HM30,31.1
2025-08-16,HM30,34.0
2025-08-16,HM36,32.2
2025-08-16,HM36,32.1
2025-08-16,HM36,33.8
2025-08-16,HM43,35.9
2025-08-16,HM43,31.5
2025-08-16,HM47,34.2
2025-08-16,HM47,35.3
2025-08-16,HM47,30.3
2025-08-16,HM47,35.4
2025-08-16,HM47,31.7
2025-08-16,HM47,34.4
2025-08-16,HM50,14.5
2025-08-16,HM56,22.2
2025-08-17,HM01,37.1
2025-08-17,HM01,35.2
2025-08-17,HM01,33.1
2025-08-17,HM01,33.1
2025-08-17,HM01,37.1
2025-08-17,HM01,34.1
2025-08-17,HM12,36.7
2025-08-17,HM12,33.2
2025-08-17,HM12,34.5
2025-08-17,HM12,36.8
2025-08-17,HM12,34.7
2025-08-17,HM13,34.4
2025-08-17,HM13,36.0
2025-08-17,HM13,34.2
2025-08-17,HM14,35.1
2025-08-17,HM14,33.2
2025-08-17,HM14,31.3
2025-08-17,HM14,31.3
2025-08-17,HM16,36.6
2025-08-17,HM16,37.3
2025-08-17,HM16,37.3
2025-08-17,HM20,41.8
2025-08-17,HM20,38.5
2025-08-17,HM20,43.4
2025-08-17,HM25,33.3
2025-08-17,HM25,32.2
2025-08-17,HM25,35.4
2025-08-17,HM25,36.0
2025-08-17,HM25,32.0
2025-08-17,HM25,34.1
2025-08-17,HM36,31.2
2025-08-17,HM36,34.7
2025-08-17,HM36,32.8
2025-08-17,HM36,34.7
2025-08-17,HM36,35.7
2025-08-17,HM36,35.5
2025-08-17,HM36,33.0
2025-08-17,HM36,33.6
2025-08-17,HM36,35.1
2025-08-17,HM36,33.7
2025-08-17,HM36,31.3
2025-08-17,HM43,27.7
2025-08-17,HM43,27.9
2025-08-17,HM43,29.0
2025-08-17,HM47,35.7
2025-08-17,HM47,31.8
2025-08-17,HM47,34.0
2025-08-17,HM47,33.8
2025-08-17,HM50,38.6
2025-08-17,HM50,35.1
2025-08-17,HM50,34.8
2025-08-17,HM56,39.9
2025-08-17,HM56,37.0
2025-08-17,HM56,36.5
2025-08-18,HM01,29.2
2025-08-18,HM01,32.3
2025-08-18,HM13,31.7
2025-08-18,HM13,35.2
2025-08-18,HM13,30.9
2025-08-18,HM13,33.3
2025-08-18,HM13,34.1
2025-08-18,HM13,34.2
2025-08-18,HM13,36.4
2025-08-18,HM13,32.4
2025-08-18,HM13,38.0
2025-08-18,HM13,37.0
2025-08-18,HM13,33.0
2025-08-18,HM13,32.6
2025-08-18,HM14,31.9
2025-08-18,HM14,29.5
2025-08-18,HM16,32.0
2025-08-18,HM16,31.6
2025-08-18,HM16,37.0
2025-08-18,HM20,36.5
2025-08-18,HM20,38.3
2025-08-18,HM20,38.5
2025-08-18,HM20,37.6
2025-08-18,HM25,39.5
2025-08-18,HM30,32.0
2025-08-18,HM30,32.6
2025-08-18,HM30,34.6
2025-08-18,HM30,33.5
2025-08-18,HM30,35.6
2025-08-18,HM30,31.0
2025-08-18,HM30,33.0
2025-08-18,HM30,30.5
2025-08-18,HM36,31.3
2025-08-18,HM36,28.4
2025-08-18,HM43,32.2
2025-08-18,HM43,30.0
2025-08-18,HM47,33.4
2025-08-18,HM47,32.6
2025-08-18,HM47,29.6
2025-08-18,HM50,33.7
2025-08-18,HM50,35.8
2025-08-18,HM50,30.8
2025-08-18,HM56,38.4
2025-08-18,HM56,36.2
2025-08-18,HM56,36.4
2025-08-18,HM56,34.4
2025-08-18,HM56,35.1
2025-08-19,HM01,35.3
2025-08-19,HM01,35.0
2025-08-19,HM01,39.2
2025-08-19,HM01,34.9
2025-08-19,HM01,37.3
2025-08-19,HM01,31.9
2025-08-19,HM01,36.8
2025-08-19,HM12,34.8
2025-08-19,HM12,37.9
2025-08-19,HM12,34.1
2025-08-19,HM12,33.8
2025-08-19,HM12,35.3
2025-08-19,HM14,34.7
2025-08-19,HM14,35.6
2025-08-19,HM14,33.1
2025-08-19,HM14,34.2
2025-08-19,HM14,33.4
2025-08-19,HM16,34.6
2025-08-19,HM16,39.5
2025-08-19,HM16,38.4
2025-08-19,HM20,34.6
2025-08-19,HM20,33.7
2025-08-19,HM20,32.3
2025-08-19,HM20,34.4
2025-08-19,HM20,34.8
2025-08-19,HM25,14.9
2025-08-19,HM30,37.6
2025-08-19,HM30,36.0
2025-08-19,HM30,38.7
2025-08-19,HM30,39.5
2025-08-19,HM36,36.4
2025-08-19,HM36,36.7
2025-08-19,HM36,36.1
2025-08-19,HM43,30.7
2025-08-19,HM43,35.3
2025-08-19,HM43,34.8
2025-08-19,HM43,34.8
2025-08-19,HM47,43.9
2025-08-19,HM47,40.6
2025-08-19,HM50,37.9
2025-08-19,HM50,39.1
2025-08-19,HM50,40.8
2025-08-19,HM56,37.3
2025-08-19,HM56,35.7
2025-08-19,HM56,36.0
2025-08-19,HM56,34.2
2025-08-19,HM56,36.5
2025-08-19,HM56,38.3
2025-08-19,HM56,32.6
2025-08-19,HM56,35.5
2025-08-19,HM56,35.8
2025-08-19,HM56,36.6
2025-08-19,HM56,36.5
2025-08-19,HM56,33.2
2025-08-20,HM01,18.8
2025-08-20,HM12,37.1
2025-08-20,HM12,33.9
2025-08-20,HM13,33.4
2025-08-20,HM13,35.7
2025-08-20,HM13,36.8
2025-08-20,HM13,32.7
2025-08-20,HM13,33.5
2025-08-20,HM14,34.3
2025-08-20,HM14,34.2
2025-08-20,HM14,34.8
2025-08-20,HM14,35.9
2025-08-20,HM14,33.4
2025-08-20,HM16,37.3
2025-08-20,HM16,36.6
2025-08-20,HM16,37.2
2025-08-20,HM16,38.0
2025-08-20,HM16,36.2
2025-08-20,HM16,36.3
2025-08-20,HM20,42.2
2025-08-20,HM20,40.8
2025-08-20,HM25,27.1
2025-08-20,HM30,34.0
2025-08-20,HM30,28.2
2025-08-20,HM30,30.6
2025-08-20,HM30,32.1
2025-08-20,HM30,34.1
2025-08-20,HM36,27.3
2025-08-20,HM36,25.5
2025-08-20,HM43,38.7
2025-08-20,HM43,36.3
2025-08-20,HM43,37.7
2025-08-20,HM47,35.8
2025-08-20,HM47,36.2
2025-08-20,HM47,40.2
2025-08-20,HM47,37.4
2025-08-20,HM47,39.6
2025-08-20,HM47,40.2
2025-08-20,HM50,31.2
2025-08-20,HM56,32.8
2025-08-20,HM56,33.6
2025-08-20,HM56,30.0
2025-08-20,HM56,29.8
2025-08-20,HM56,34.5
2025-08-20,HM56,35.6
2025-08-20,HM56,35.6
2025-08-21,HM12,39.7
2025-08-21,HM12,34.1
2025-08-21,HM12,38.3
2025-08-21,HM13,36.4
2025-08-21,HM13,40.4
2025-08-21,HM13,35.9
2025-08-21,HM13,32.5
2025-08-21,HM13,36.9
2025-08-21,HM14,36.2
2025-08-21,HM14,41.7
2025-08-21,HM14,37.3
2025-08-21,HM14,37.1
2025-08-21,HM14,38.1
2025-08-21,HM16,33.6
2025-08-21,HM16,34.2
2025-08-21,HM16,33.0
2025-08-21,HM20,40.4
2025-08-21,HM20,36.5
2025-08-21,HM20,40.2
2025-08-21,HM20,39.3
2025-08-21,HM30,36.2
2025-08-21,HM47,42.7
2025-08-21,HM47,41.4
2025-08-21,HM50,28.8
2025-08-21,HM50,32.5
2025-08-21,HM50,28.9
2025-08-21,HM50,32.2
2025-08-21,HM56,37.2
2025-08-22,HM01,32.1
2025-08-22,HM01,29.9
2025-08-22,HM01,34.9
2025-08-22,HM01,31.3
2025-08-22,HM01,34.0
2025-08-22,HM01,32.8
2025-08-22,HM01,34.5
2025-08-22,HM01,33.8
2025-08-22,HM01,33.7
2025-08-22,HM01,33.0
2025-08-22,HM12,32.7
2025-08-22,HM12,34.2
2025-08-22,HM13,43.7
2025-08-22,HM14,35.9
2025-08-22,HM14,35.0
2025-08-22,HM14,33.0
2025-08-22,HM16,38.9
2025-08-22,HM16,40.4
2025-08-22,HM16,39.6
2025-08-22,HM16,37.3
2025-08-22,HM20,35.7
2025-08-22,HM20,38.8
2025-08-22,HM20,40.2
2025-08-22,HM25,32.6
2025-08-22,HM25,34.7
2025-08-22,HM25,36.0
2025-08-22,HM25,31.5
2025-08-22,HM25,31.5
2025-08-22,HM25,34.0
2025-08-22,HM25,32.2
2025-08-22,HM25,30.0
2025-08-22,HM30,36.4
2025-08-22,HM30,34.6
2025-08-22,HM30,35.6
2025-08-22,HM30,39.4
2025-08-22,HM36,33.1
2025-08-22,HM36,33.8
2025-08-22,HM36,33.6
2025-08-22,HM36,32.9
2025-08-22,HM36,34.6
2025-08-22,HM43,34.8
2025-08-22,HM43,37.5
2025-08-22,HM43,35.7
2025-08-22,HM43,34.6
2025-08-22,HM43,35.6
2025-08-22,HM43,31.5
2025-08-22,HM43,32.8
2025-08-22,HM43,37.2
2025-08-22,HM43,32.8
2025-08-22,HM47,36.4
2025-08-22,HM47,37.7
2025-08-22,HM47,37.4
2025-08-22,HM47,43.4
2025-08-22,HM50,38.1
2025-08-22,HM50,37.3
2025-08-22,HM50,35.7
2025-08-22,HM50,37.7
2025-08-22,HM50,34.9
2025-08-22,HM56,36.0
2025-08-22,HM56,31.0
2025-08-22,HM56,29.2
2025-08-22,HM56,33.0
2025-08-22,HM56,34.5
2025-08-22,HM56,32.6
2025-08-23,HM01,37.6
2025-08-23,HM01,35.0
2025-08-23,HM01,36.3
2025-08-23,HM01,33.3
2025-08-23,HM12,33.2
2025-08-23,HM12,33.1
2025-08-23,HM12,32.5
2025-08-23,HM12,36.6
2025-08-23,HM12,38.4
2025-08-23,HM13,39.3
2025-08-23,HM13,36.0
2025-08-23,HM14,35.8
2025-08-23,HM14,35.0
2025-08-23,HM14,35.6
2025-08-23,HM14,34.3
2025-08-23,HM14,35.0
2025-08-23,HM14,34.5
2025-08-23,HM16,36.8
2025-08-23,HM16,38.7
2025-08-23,HM16,35.5
2025-08-23,HM16,36.7
2025-08-23,HM16,38.4
2025-08-23,HM20,19.3
2025-08-23,HM25,39.5
2025-08-23,HM25,41.0
2025-08-23,HM36,33.1
2025-08-23,HM36,34.8
2025-08-23,HM36,33.6
2025-08-23,HM36,34.2
2025-08-23,HM36,34.0
2025-08-23,HM36,36.4
2025-08-23,HM43,42.8
2025-08-23,HM47,29.3
2025-08-23,HM47,29.1
2025-08-23,HM50,37.3
2025-08-23,HM50,38.6
2025-08-23,HM56,40.0
2025-08-23,HM56,36.8
2025-08-23,HM56,37.1
2025-08-24,HM01,42.3
2025-08-24,HM12,36.4
2025-08-24,HM12,35.6
2025-08-24,HM12,34.3
2025-08-24,HM13,33.2
2025-08-24,HM13,31.9
2025-08-24,HM14,50.5
2025-08-24,HM16,34.9
2025-08-24,HM16,36.9
2025-08-24,HM16,34.9
2025-08-24,HM16,36.6
2025-08-24,HM16,30.3
2025-08-24,HM20,30.6
2025-08-24,HM20,33.3
2025-08-24,HM20,33.6
2025-08-24,HM30,37.1
2025-08-24,HM30,36.6
2025-08-24,HM36,36.0
2025-08-24,HM36,38.8
2025-08-24,HM36,38.0
2025-08-24,HM36,36.9
2025-08-24,HM36,34.7
2025-08-24,HM43,26.4
2025-08-24,HM43,31.2
2025-08-24,HM43,34.1
2025-08-24,HM47,41.6
2025-08-24,HM47,42.9
2025-08-24,HM50,30.1
2025-08-24,HM50,27.0
2025-08-24,HM56,32.4
2025-08-25,HM01,39.8
2025-08-25,HM01,39.9
2025-08-25,HM01,39.3
2025-08-25,HM12,23.4
2025-08-25,HM13,32.8
2025-08-25,HM13,32.7
2025-08-25,HM14,35.8
2025-08-25,HM14,38.7
2025-08-25,HM14,34.8
2025-08-25,HM14,39.0
2025-08-25,HM14,39.2
2025-08-25,HM14,36.9
2025-08-25,HM16,32.8
2025-08-25,HM16,34.0
2025-08-25,HM16,34.1
2025-08-25,HM16,32.8
2025-08-25,HM20,33.4
2025-08-25,HM20,32.4
2025-08-25,HM20,34.3
2025-08-25,HM30,33.5
2025-08-25,HM30,32.2
2025-08-25,HM36,36.5
2025-08-25,HM36,37.0
2025-08-25,HM36,39.3
2025-08-25,HM36,38.7
2025-08-25,HM36,39.2
2025-08-25,HM36,32.3
2025-08-25,HM36,39.7
2025-08-25,HM43,35.3
2025-08-25,HM43,38.2
2025-08-25,HM43,38.9
2025-08-25,HM43,39.6
2025-08-25,HM43,38.5
2025-08-25,HM43,33.8
2025-08-25,HM43,38.7
2025-08-25,HM43,36.0
2025-08-25,HM50,40.4
2025-08-25,HM56,34.1
2025-08-25,HM56,32.6
2025-08-25,HM56,36.5
2025-08-26,HM01,32.1
2025-08-26,HM01,30.8
2025-08-26,HM01,30.5
2025-08-26,HM12,32.3
2025-08-26,HM12,31.6
2025-08-26,HM12,30.6
2025-08-26,HM12,29.3
2025-08-26,HM12,31.4
2025-08-26,HM13,33.8
2025-08-26,HM13,34.5
2025-08-26,HM13,36.3
2025-08-26,HM14,39.8
2025-08-26,HM14,37.9
2025-08-26,HM14,37.2
2025-08-26,HM14,37.4
2025-08-26,HM14,40.9
2025-08-26,HM14,35.1
2025-08-26,HM16,30.4
2025-08-26,HM16,31.8
2025-08-26,HM16,30.8
2025-08-26,HM20,39.6
2025-08-26,HM20,39.5
2025-08-26,HM20,40.3
2025-08-26,HM30,27.3
2025-08-26,HM36,28.5
2025-08-26,HM36,29.1
2025-08-26,HM36,31.5
2025-08-26,HM36,32.1
2025-08-26,HM36,32.3
2025-08-26,HM43,36.6
2025-08-26,HM43,38.1
2025-08-26,HM43,38.2
2025-08-26,HM47,37.3
2025-08-26,HM47,33.3
2025-08-26,HM47,36.1
2025-08-26,HM47,38.0
2025-08-26,HM47,39.8
2025-08-26,HM47,37.0
2025-08-26,HM50,21.9
2025-08-26,HM56,38.5
2025-08-26,HM56,34.4
2025-08-27,HM01,39.9
2025-08-27,HM01,39.0
2025-08-27,HM01,38.1
2025-08-27,HM01,37.7
2025-08-27,HM12,35.3
2025-08-27,HM12,31.2
2025-08-27,HM12,30.8
2025-08-27,HM12,35.7
2025-08-27,HM12,31.9
2025-08-27,HM12,37.4
2025-08-27,HM12,34.6
2025-08-27,HM12,36.4
2025-08-27,HM12,34.9
2025-08-27,HM13,42.1
2025-08-27,HM13,43.0
2025-08-27,HM14,32.1
2025-08-27,HM14,36.0
2025-08-27,HM14,35.6
2025-08-27,HM20,47.4
2025-08-27,HM25,35.4
2025-08-27,HM30,32.0
2025-08-27,HM30,35.7
2025-08-27,HM30,30.0
2025-08-27,HM36,39.8
2025-08-27,HM36,41.8
2025-08-27,HM36,39.8
2025-08-27,HM36,42.1
2025-08-27,HM43,37.6
2025-08-27,HM43,38.0
2025-08-27,HM43,35.9
2025-08-27,HM47,35.2
2025-08-27,HM47,30.3
2025-08-27,HM47,33.0
2025-08-27,HM50,34.7
2025-08-27,HM56,50.8
2025-08-28,HM01,36.3
2025-08-28,HM01,33.0
2025-08-28,HM01,34.0
2025-08-28,HM01,36.0
2025-08-28,HM12,35.8
2025-08-28,HM12,38.6
2025-08-28,HM13,34.5
2025-08-28,HM13,34.7
2025-08-28,HM13,34.6
2025-08-28,HM13,36.4
2025-08-28,HM13,35.5
2025-08-28,HM13,32.2
2025-08-28,HM13,34.9
2025-08-28,HM14,33.4
2025-08-28,HM14,37.3
2025-08-28,HM14,37.5
2025-08-28,HM14,34.7
2025-08-28,HM14,33.5
2025-08-28,HM14,35.6
2025-08-28,HM14,31.5
2025-08-28,HM14,35.2
2025-08-28,HM14,38.6
2025-08-28,HM14,43.4
2025-08-28,HM14,33.6
2025-08-28,HM14,33.5
2025-08-28,HM16,32.1
2025-08-28,HM16,36.3
2025-08-28,HM16,41.7
2025-08-28,HM16,38.1
2025-08-28,HM20,34.3
2025-08-28,HM20,36.1
2025-08-28,HM20,35.2
2025-08-28,HM20,33.5
2025-08-28,HM20,35.1
2025-08-28,HM20,32.8
2025-08-28,HM20,33.6
2025-08-28,HM20,36.1
2025-08-28,HM20,36.1
2025-08-28,HM20,35.2
2025-08-28,HM20,36.4
2025-08-28,HM20,35.1
2025-08-28,HM25,34.9
2025-08-28,HM25,37.5
2025-08-28,HM25,37.6
2025-08-28,HM25,37.0
2025-08-28,HM30,33.0
2025-08-28,HM30,30.5
2025-08-28,HM36,52.4
2025-08-28,HM43,33.2
2025-08-28,HM43,34.6
2025-08-28,HM47,50.4
2025-08-28,HM50,46.9
2025-08-28,HM56,35.8
2025-08-28,HM56,36.6
2025-08-29,HM01,34.7
2025-08-29,HM01,40.0
2025-08-29,HM01,35.1
2025-08-29,HM01,37.2
2025-08-29,HM12,27.1
2025-08-29,HM12,27.3
2025-08-29,HM13,27.5
2025-08-29,HM16,34.3
2025-08-29,HM16,36.3
2025-08-29,HM16,37.5
2025-08-29,HM16,35.8
2025-08-29,HM16,34.0
2025-08-29,HM16,35.9
2025-08-29,HM20,31.3
2025-08-29,HM20,30.0
2025-08-29,HM25,29.7
2025-08-29,HM30,31.3
2025-08-29,HM30,26.7
2025-08-29,HM47,45.0
2025-08-29,HM47,42.6
2025-08-29,HM50,53.6
2025-08-29,HM56,31.5
2025-08-30,HM01,37.8
2025-08-30,HM01,38.7
2025-08-30,HM01,39.7
2025-08-30,HM01,39.6
2025-08-30,HM12,28.6
2025-08-30,HM12,29.3
2025-08-30,HM13,29.4
2025-08-30,HM13,32.8
2025-08-30,HM13,37.2
2025-08-30,HM13,37.3
2025-08-30,HM14,35.2
2025-08-30,HM14,33.5
2025-08-30,HM14,36.6
2025-08-30,HM14,34.1
2025-08-30,HM14,31.7
2025-08-30,HM14,32.3
2025-08-30,HM14,34.4
2025-08-30,HM14,31.4
2025-08-30,HM14,33.9
2025-08-30,HM14,33.5
2025-08-30,HM16,37.5
2025-08-30,HM16,37.3
2025-08-30,HM16,39.0
2025-08-30,HM16,33.0
2025-08-30,HM20,30.7
2025-08-30,HM20,33.6
2025-08-30,HM20,31.4
2025-08-30,HM25,37.7
2025-08-30,HM25,35.7
2025-08-30,HM30,38.3
2025-08-30,HM30,35.1
2025-08-30,HM30,38.4
2025-08-30,HM36,34.7
2025-08-30,HM36,37.3
2025-08-30,HM43,34.7
2025-08-30,HM43,38.1
2025-08-30,HM43,38.2
2025-08-30,HM43,35.5
2025-08-30,HM43,33.4
2025-08-30,HM43,36.4
2025-08-30,HM47,38.3
2025-08-30,HM47,36.6
2025-08-30,HM47,38.0
2025-08-30,HM47,37.9
2025-08-30,HM50,33.6
2025-08-30,HM50,37.4
2025-08-30,HM50,35.6
2025-08-30,HM50,39.0
2025-08-30,HM50,34.7
2025-08-30,HM50,39.6
2025-08-30,HM56,46.9
2025-08-31,HM01,32.1
2025-08-31,HM01,39.0
2025-08-31,HM01,41.7
2025-08-31,HM01,38.5
2025-08-31,HM01,34.4
2025-08-31,HM01,37.8
2025-08-31,HM12,39.2
2025-08-31,HM12,39.0
2025-08-31,HM12,34.5
2025-08-31,HM13,38.3
2025-08-31,HM13,41.3
2025-08-31,HM13,36.4
2025-08-31,HM14,37.2
2025-08-31,HM14,35.4
2025-08-31,HM14,34.9
2025-08-31,HM14,38.0
2025-08-31,HM14,37.1
2025-08-31,HM14,38.0
2025-08-31,HM14,34.0
2025-08-31,HM14,34.6
2025-08-31,HM14,33.8
2025-08-31,HM14,35.5
2025-08-31,HM16,38.4
2025-08-31,HM16,36.4
2025-08-31,HM16,36.4
2025-08-31,HM16,35.8
2025-08-31,HM16,35.9
2025-08-31,HM16,35.4
2025-08-31,HM16,36.7
2025-08-31,HM16,33.4
2025-08-31,HM16,36.2
2025-08-31,HM25,32.8
2025-08-31,HM25,33.2
2025-08-31,HM25,30.6
2025-08-31,HM36,36.3
2025-08-31,HM36,29.8
2025-08-31,HM36,35.5
2025-08-31,HM36,34.4
2025-08-31,HM36,36.3
2025-08-31,HM36,33.7
2025-08-31,HM43,36.8
2025-08-31,HM43,35.8
2025-08-31,HM43,35.1
2025-08-31,HM43,34.3
2025-08-31,HM43,36.4
2025-08-31,HM43,34.3
2025-08-31,HM43,34.4
2025-08-31,HM43,35.6
2025-08-31,HM43,33.9
2025-08-31,HM43,34.5
2025-08-31,HM47,34.1
2025-08-31,HM47,33.4
2025-08-31,HM50,28.7
2025-08-31,HM56,33.8
2025-08-31,HM56,32.9
2025-08-31,HM56,37.9
2025-08-31,HM56,35.2
2025-08-31,HM56,36.6
2025-08-31,HM56,32.6
2025-08-31,HM56,33.9
2025-08-31,HM56,33.5
2025-08-31,HM56,35.4
2025-08-31,HM56,35.9
2025-08-31,HM56,37.6
2025-09-01,HM01,34.3
2025-09-01,HM01,36.3
2025-09-01,HM01,28.0
2025-09-01,HM01,33.5
2025-09-01,HM01,36.0
2025-09-01,HM01,36.5
2025-09-01,HM01,31.8
2025-09-01,HM12,50.7
2025-09-01,HM13,34.4
2025-09-01,HM14,34.5
2025-09-01,HM14,38.4
2025-09-01,HM14,31.7
2025-09-01,HM14,37.5
2025-09-01,HM14,34.1
2025-09-01,HM14,34.8
2025-09-01,HM16,36.9
2025-09-01,HM16,36.3
2025-09-01,HM16,32.4
2025-09-01,HM16,39.2
2025-09-01,HM16,36.6
2025-09-01,HM20,35.8
2025-09-01,HM20,35.7
2025-09-01,HM25,37.3
2025-09-01,HM25,32.1
2025-09-01,HM25,28.6
2025-09-01,HM25,27.4
2025-09-01,HM25,30.8
2025-09-01,HM30,36.2
2025-09-01,HM30,36.6
2025-09-01,HM30,39.7
2025-09-01,HM30,38.6
2025-09-01,HM36,19.7
2025-09-01,HM43,32.4
2025-09-01,HM43,31.3
2025-09-01,HM43,28.5
2025-09-01,HM47,36.4
2025-09-01,HM47,36.9
2025-09-01,HM47,36.0
2025-09-01,HM47,37.5
2025-09-01,HM47,35.9
2025-09-01,HM47,34.8
2025-09-01,HM47,39.7
2025-09-01,HM47,37.4
2025-09-01,HM47,36.1
2025-09-01,HM47,35.4
2025-09-01,HM50,38.2
2025-09-01,HM56,31.7
2025-09-01,HM56,31.3
2025-09-01,HM56,34.6
2025-09-01,HM56,33.6
2025-09-01,HM56,35.4
2025-09-01,HM56,36.3
2025-09-02,HM01,36.3
2025-09-02,HM01,35.3
2025-09-02,HM01,32.4
2025-09-02,HM01,33.7
2025-09-02,HM01,34.7
2025-09-02,HM01,34.2
2025-09-02,HM12,35.3
2025-09-02,HM12,34.9
2025-09-02,HM12,38.3
2025-09-02,HM12,38.4
2025-09-02,HM12,37.6
2025-09-02,HM12,37.0
2025-09-02,HM12,39.1
2025-09-02,HM13,48.7
2025-09-02,HM14,31.2
2025-09-02,HM14,31.2
2025-09-02,HM14,32.7
2025-09-02,HM14,32.7
2025-09-02,HM14,32.2
2025-09-02,HM14,31.5
2025-09-02,HM16,28.2
2025-09-02,HM16,31.7
2025-09-02,HM20,26.1
2025-09-02,HM25,29.9
2025-09-02,HM25,33.6
2025-09-02,HM25,32.4
2025-09-02,HM25,32.3
2025-09-02,HM25,32.8
2025-09-02,HM25,33.8
2025-09-02,HM30,39.5
2025-09-02,HM30,34.3
2025-09-02,HM30,37.7
2025-09-02,HM30,40.5
2025-09-02,HM30,40.0
2025-09-02,HM36,32.3
2025-09-02,HM36,35.3
2025-09-02,HM36,30.8
2025-09-02,HM36,30.8
2025-09-02,HM36,30.1
2025-09-02,HM43,40.8
2025-09-02,HM47,39.0
2025-09-02,HM47,43.4
2025-09-02,HM50,34.3
2025-09-02,HM50,33.3
2025-09-02,HM50,35.1
2025-09-02,HM50,29.8
2025-09-02,HM56,51.2
2025-09-03,HM01,28.0
2025-09-03,HM01,32.3
2025-09-03,HM12,40.7
2025-09-03,HM13,31.9
2025-09-03,HM13,35.1
2025-09-03,HM13,31.9
2025-09-03,HM13,33.6
2025-09-03,HM13,30.4
2025-09-03,HM13,35.9
2025-09-03,HM13,34.5
2025-09-03,HM14,49.0
2025-09-03,HM16,34.8
2025-09-03,HM16,28.2
2025-09-03,HM16,29.7
2025-09-03,HM16,28.4
2025-09-03,HM16,33.2
2025-09-03,HM20,34.1
2025-09-03,HM20,32.5
2025-09-03,HM20,31.6
2025-09-03,HM20,34.0
2025-09-03,HM20,33.9
2025-09-03,HM20,37.3
2025-09-03,HM20,33.2
2025-09-03,HM30,47.0
2025-09-03,HM36,32.1
2025-09-03,HM36,31.2
2025-09-03,HM36,34.4
2025-09-03,HM36,31.1
2025-09-03,HM43,26.6
2025-09-03,HM47,34.9
2025-09-03,HM47,37.5
2025-09-03,HM50,38.0
2025-09-03,HM50,41.5
2025-09-03,HM50,37.7
2025-09-03,HM56,36.5
2025-09-03,HM56,38.2
2025-09-04,HM01,32.9
2025-09-04,HM01,37.0
2025-09-04,HM01,37.2
2025-09-04,HM01,34.6
2025-09-04,HM12,47.7
2025-09-04,HM13,33.6
2025-09-04,HM13,29.5
2025-09-04,HM13,28.1
2025-09-04,HM14,36.3
2025-09-04,HM14,37.6
2025-09-04,HM16,34.0
2025-09-04,HM16,31.5
2025-09-04,HM16,32.7
2025-09-04,HM16,32.6
2025-09-04,HM20,39.3
2025-09-04,HM20,36.5
2025-09-04,HM20,39.0
2025-09-04,HM20,35.4
2025-09-04,HM20,36.2
2025-09-04,HM25,33.1
2025-09-04,HM25,34.9
2025-09-04,HM25,33.6
2025-09-04,HM30,36.2
2025-09-04,HM30,28.1
2025-09-04,HM30,30.8
2025-09-04,HM30,33.3
2025-09-04,HM36,34.0
2025-09-04,HM36,35.3
2025-09-04,HM36,36.3
2025-09-04,HM43,28.3
2025-09-04,HM43,27.9
2025-09-04,HM43,31.9
2025-09-04,HM47,35.2
2025-09-04,HM47,39.1
2025-09-04,HM47,34.2
2025-09-04,HM50,30.8
2025-09-04,HM50,33.7
2025-09-04,HM50,38.2
2025-09-04,HM50,34.7
2025-09-04,HM50,33.8
2025-09-04,HM50,31.9
2025-09-04,HM50,30.0
2025-09-04,HM50,35.7
2025-09-04,HM50,35.2
2025-09-04,HM56,26.0
2025-09-05,HM01,38.2
2025-09-05,HM01,40.7
2025-09-05,HM01,42.2
2025-09-05,HM12,28.0
2025-09-05,HM12,33.2
2025-09-05,HM12,30.2
2025-09-05,HM12,30.3
2025-09-05,HM13,45.4
2025-09-05,HM14,34.9
2025-09-05,HM14,33.7
2025-09-05,HM14,40.1
2025-09-05,HM14,38.0
2025-09-05,HM14,36.4
2025-09-05,HM14,36.0
2025-09-05,HM14,35.0
2025-09-05,HM14,35.4
2025-09-05,HM14,32.4
2025-09-05,HM14,35.1
2025-09-05,HM14,31.8
2025-09-05,HM14,38.4
2025-09-05,HM16,34.3
2025-09-05,HM16,32.2
2025-09-05,HM16,35.9
2025-09-05,HM20,45.0
2025-09-05,HM25,36.4
2025-09-05,HM25,34.0
2025-09-05,HM25,35.7
2025-09-05,HM25,39.6
2025-09-05,HM30,35.3
2025-09-05,HM30,32.8
2025-09-05,HM30,34.2
2025-09-05,HM30,34.1
2025-09-05,HM30,31.6
2025-09-05,HM30,33.2
2025-09-05,HM30,31.0
2025-09-05,HM30,32.5
2025-09-05,HM30,33.2
2025-09-05,HM30,30.6
2025-09-05,HM36,31.5
2025-09-05,HM36,33.4
2025-09-05,HM36,29.4
2025-09-05,HM36,34.4
2025-09-05,HM36,32.4
2025-09-05,HM43,34.1
2025-09-05,HM43,38.6
2025-09-05,HM43,35.6
2025-09-05,HM43,35.0
2025-09-05,HM43,33.1
2025-09-05,HM43,35.4
2025-09-05,HM43,37.0
2025-09-05,HM43,36.7
2025-09-05,HM43,34.2
2025-09-05,HM43,35.3
2025-09-05,HM47,37.2
2025-09-05,HM47,35.6
2025-09-05,HM47,32.5
2025-09-05,HM47,36.8
2025-09-05,HM47,36.0
2025-09-05,HM47,36.1
2025-09-05,HM47,35.1
2025-09-05,HM47,34.9
2025-09-05,HM56,29.6
2025-09-05,HM56,30.7
2025-09-05,HM56,31.3
2025-09-05,HM56,30.0
2025-09-06,HM01,39.2
2025-09-06,HM01,40.3
2025-09-06,HM12,30.8
2025-09-06,HM12,33.8
2025-09-06,HM12,34.4
2025-09-06,HM12,34.4
2025-09-06,HM12,33.1
2025-09-06,HM12,33.3
2025-09-06,HM12,33.5
2025-09-06,HM12,31.9
2025-09-06,HM12,29.2
2025-09-06,HM12,30.9
2025-09-06,HM13,30.8
2025-09-06,HM13,35.5
2025-09-06,HM13,28.9
2025-09-06,HM14,42.5
2025-09-06,HM14,43.8
2025-09-06,HM16,30.6
2025-09-06,HM16,27.5
2025-09-06,HM16,26.3
2025-09-06,HM20,31.1
2025-09-06,HM20,26.1
2025-09-06,HM25,41.1
2025-09-06,HM25,44.7
2025-09-06,HM25,41.2
2025-09-06,HM30,33.9
2025-09-06,HM30,34.9
2025-09-06,HM36,43.5
2025-09-06,HM47,34.1
2025-09-06,HM47,38.0
2025-09-06,HM47,36.8
2025-09-06,HM47,36.3
2025-09-06,HM47,35.7
2025-09-06,HM47,36.8
2025-09-06,HM47,36.8
2025-09-06,HM47,32.9
2025-09-06,HM47,33.2
2025-09-06,HM47,34.8
2025-09-06,HM47,34.6
2025-09-06,HM47,33.0
2025-09-06,HM50,31.5
2025-09-06,HM50,32.4
2025-09-06,HM50,36.4
2025-09-06,HM50,30.7
2025-09-06,HM50,33.5
2025-09-06,HM50,33.0
2025-09-06,HM56,32.0
2025-09-06,HM56,29.6
2025-09-06,HM56,33.4
2025-09-06,HM56,33.0
2025-09-06,HM56,33.0
2025-09-06,HM56,30.9
2025-09-07,HM01,33.6
2025-09-07,HM01,34.2
2025-09-07,HM01,35.5
2025-09-07,HM01,34.7
2025-09-07,HM12,38.8
2025-09-07,HM12,36.8
2025-09-07,HM13,34.1
2025-09-07,HM13,36.6
2025-09-07,HM13,36.4
2025-09-07,HM13,35.9
2025-09-07,HM13,33.6
2025-09-07,HM13,37.4
2025-09-07,HM13,36.4
2025-09-07,HM13,34.5
2025-09-07,HM13,34.6
2025-09-07,HM14,33.6
2025-09-07,HM14,33.0
2025-09-07,HM14,31.5
2025-09-07,HM14,32.7
2025-09-07,HM14,34.9
2025-09-07,HM16,35.7
2025-09-07,HM16,38.7
2025-09-07,HM16,35.0
2025-09-07,HM16,36.2
2025-09-07,HM16,36.1
2025-09-07,HM16,33.7
2025-09-07,HM16,33.0
2025-09-07,HM16,34.6
2025-09-07,HM20,36.8
2025-09-07,HM25,36.5
2025-09-07,HM25,31.8
2025-09-07,HM25,38.3
2025-09-07,HM25,35.7
2025-09-07,HM30,45.1
2025-09-07,HM30,43.5
2025-09-07,HM36,28.7
2025-09-07,HM43,32.0
2025-09-07,HM43,31.2
2025-09-07,HM43,34.8
2025-09-07,HM43,34.6
2025-09-07,HM43,34.7
2025-09-07,HM43,35.9
2025-09-07,HM47,34.0
2025-09-07,HM47,33.7
2025-09-07,HM47,34.4
2025-09-07,HM50,34.5
2025-09-07,HM50,31.3
2025-09-07,HM50,33.4
2025-09-07,HM50,30.8
2025-09-07,HM50,32.9
2025-09-08,HM01,46.1
2025-09-08,HM12,36.9
2025-09-08,HM12,40.3
2025-09-08,HM13,35.5
2025-09-08,HM13,42.5
2025-09-08,HM13,36.2
2025-09-08,HM13,41.3
2025-09-08,HM14,41.0
2025-09-08,HM16,9.5
2025-09-08,HM20,38.3
2025-09-08,HM20,37.4
2025-09-08,HM20,35.7
2025-09-08,HM25,31.7
2025-09-08,HM25,33.7
2025-09-08,HM30,30.8
2025-09-08,HM30,34.0
2025-09-08,HM30,32.9
2025-09-08,HM36,41.2
2025-09-08,HM36,38.6
2025-09-08,HM36,37.1
2025-09-08,HM36,36.0
2025-09-08,HM43,35.6
2025-09-08,HM43,34.9
2025-09-08,HM43,32.8
2025-09-08,HM47,28.2
2025-09-08,HM47,26.3
2025-09-08,HM50,34.2
2025-09-08,HM50,33.4
2025-09-08,HM56,41.0
2025-09-08,HM56,40.6
2025-09-08,HM56,41.6
2025-09-09,HM01,44.6
2025-09-09,HM12,32.0
2025-09-09,HM12,29.5
2025-09-09,HM12,28.6
2025-09-09,HM13,33.6
2025-09-09,HM13,33.7
2025-09-09,HM13,31.7
2025-09-09,HM13,32.2
2025-09-09,HM13,30.4
2025-09-09,HM13,33.3
2025-09-09,HM13,32.8
2025-09-09,HM14,26.5
2025-09-09,HM14,25.0
2025-09-09,HM16,35.0
2025-09-09,HM16,30.1
2025-09-09,HM20,35.1
2025-09-09,HM20,34.7
2025-09-09,HM20,35.9
2025-09-09,HM20,37.1
2025-09-09,HM20,38.8
2025-09-09,HM25,34.0
2025-09-09,HM25,31.3
2025-09-09,HM30,28.7
2025-09-09,HM36,40.6
2025-09-09,HM36,43.3
2025-09-09,HM43,29.9
2025-09-09,HM43,34.9
2025-09-09,HM43,32.4
2025-09-09,HM43,35.0
2025-09-09,HM47,45.0
2025-09-09,HM50,37.2
2025-09-09,HM56,34.4
2025-09-09,HM56,37.6
2025-09-10,HM01,36.3
2025-09-10,HM12,34.5
2025-09-10,HM12,34.8
2025-09-10,HM12,34.2
2025-09-10,HM12,35.5
2025-09-10,HM12,37.8
2025-09-10,HM12,36.7
2025-09-10,HM12,39.4
2025-09-10,HM12,34.4
2025-09-10,HM12,36.3
2025-09-10,HM12,36.0
2025-09-10,HM13,34.2
2025-09-10,HM13,34.8
2025-09-10,HM13,32.6
2025-09-10,HM13,32.1
2025-09-10,HM14,48.7
2025-09-10,HM16,32.7
2025-09-10,HM16,33.5
2025-09-10,HM16,30.0
2025-09-10,HM16,35.5
2025-09-10,HM16,37.2
2025-09-10,HM16,35.9
2025-09-10,HM16,34.0
2025-09-10,HM16,37.1
2025-09-10,HM16,33.1
2025-09-10,HM16,36.7
2025-09-10,HM20,17.1
2025-09-10,HM25,33.5
2025-09-10,HM25,34.5
2025-09-10,HM25,35.3
2025-09-10,HM36,37.1
2025-09-10,HM36,31.8
2025-09-10,HM36,35.1
2025-09-10,HM36,31.5
2025-09-10,HM43,33.9
2025-09-10,HM43,33.2
2025-09-10,HM43,35.3
2025-09-10,HM43,34.1
2025-09-10,HM47,41.0
2025-09-10,HM47,37.9
2025-09-10,HM47,34.0
2025-09-10,HM47,34.9
2025-09-10,HM47,34.1
2025-09-10,HM47,33.0
2025-09-10,HM47,35.8
2025-09-10,HM47,36.7
2025-09-10,HM47,33.3
2025-09-10,HM47,33.7
2025-09-10,HM47,37.7
2025-09-10,HM47,35.7
2025-09-10,HM50,41.8
2025-09-10,HM50,42.2
2025-09-10,HM56,47.6
2025-09-11,HM01,14.5
2025-09-11,HM12,33.5
2025-09-11,HM12,35.2
2025-09-11,HM12,35.0
2025-09-11,HM12,33.7
2025-09-11,HM12,30.3
2025-09-11,HM12,31.7
2025-09-11,HM12,34.9
2025-09-11,HM13,31.3
2025-09-11,HM13,28.2
2025-09-11,HM13,31.4
2025-09-11,HM14,44.5
2025-09-11,HM16,32.3
2025-09-11,HM16,32.0
2025-09-11,HM16,32.4
2025-09-11,HM16,33.1
2025-09-11,HM20,11.1
2025-09-11,HM25,39.4
2025-09-11,HM25,42.0
2025-09-11,HM30,19.9
2025-09-11,HM36,33.1
2025-09-11,HM36,34.3
2025-09-11,HM43,37.8
2025-09-11,HM43,41.1
2025-09-11,HM43,40.3
2025-09-11,HM47,29.1
2025-09-11,HM47,25.9
2025-09-11,HM50,16.3
2025-09-11,HM56,39.5
2025-09-11,HM56,35.8
2025-09-11,HM56,35.9
2025-09-11,HM56,39.1
2025-09-11,HM56,34.1
2025-09-11,HM56,31.8
2025-09-11,HM56,37.9
2025-09-11,HM56,33.8
2025-09-12,HM01,38.4
2025-09-12,HM01,37.0
2025-09-12,HM01,36.7
2025-09-12,HM12,27.9
2025-09-12,HM12,26.7
2025-09-12,HM13,33.0
2025-09-12,HM13,33.9
2025-09-12,HM14,34.0
2025-09-12,HM14,33.5
2025-09-12,HM14,32.5
2025-09-12,HM14,31.2
2025-09-12,HM14,32.3
2025-09-12,HM14,31.2
2025-09-12,HM14,31.0
2025-09-12,HM14,30.4
2025-09-12,HM16,14.8
2025-09-12,HM20,29.5
2025-09-12,HM20,31.7
2025-09-12,HM20,32.3
2025-09-12,HM20,34.9
2025-09-12,HM25,29.2
2025-09-12,HM25,28.3
2025-09-12,HM25,27.8
2025-09-12,HM30,33.0
2025-09-12,HM30,33.2
2025-09-12,HM30,33.3
2025-09-12,HM30,28.2
2025-09-12,HM30,32.0
2025-09-12,HM36,40.3
2025-09-12,HM36,42.5
2025-09-12,HM43,45.1
2025-09-12,HM47,39.1
2025-09-12,HM47,35.7
2025-09-12,HM47,40.1
2025-09-12,HM47,35.7
2025-09-12,HM50,35.2
2025-09-12,HM50,33.8
2025-09-12,HM50,37.7
2025-09-12,HM50,32.6
2025-09-12,HM50,34.8
2025-09-12,HM50,34.8
2025-09-12,HM56,40.1
2025-09-12,HM56,33.7
2025-09-12,HM56,35.7
2025-09-13,HM01,35.2
2025-09-13,HM12,37.4
2025-09-13,HM12,33.4
2025-09-13,HM12,35.1
2025-09-13,HM12,30.5
2025-09-13,HM12,31.5
2025-09-13,HM12,31.7
2025-09-13,HM13,35.5
2025-09-13,HM13,32.3
2025-09-13,HM13,32.3
2025-09-13,HM13,32.9
2025-09-13,HM13,33.7
2025-09-13,HM13,33.4
2025-09-13,HM14,38.8
2025-09-13,HM14,42.1
2025-09-13,HM16,35.8
2025-09-13,HM16,39.3
2025-09-13,HM16,36.3
2025-09-13,HM16,35.8
2025-09-13,HM20,35.6
2025-09-13,HM20,36.9
2025-09-13,HM20,32.4
2025-09-13,HM20,36.2
2025-09-13,HM25,32.2
2025-09-13,HM25,35.6
2025-09-13,HM30,32.5
2025-09-13,HM30,30.2
2025-09-13,HM36,38.2
2025-09-13,HM36,41.3
2025-09-13,HM43,35.8
2025-09-13,HM43,33.4
2025-09-13,HM43,33.8
2025-09-13,HM47,33.7
2025-09-13,HM50,17.6
2025-09-13,HM56,39.6
2025-09-14,HM01,24.0
2025-09-14,HM01,25.6
2025-09-14,HM12,34.1
2025-09-14,HM12,34.9
2025-09-14,HM12,34.4
2025-09-14,HM12,36.4
2025-09-14,HM12,32.1
2025-09-14,HM13,40.1
2025-09-14,HM13,36.7
2025-09-14,HM14,29.7
2025-09-14,HM14,28.4
2025-09-14,HM14,30.5
2025-09-14,HM14,30.6
2025-09-14,HM14,35.3
2025-09-14,HM20,33.3
2025-09-14,HM20,33.6
2025-09-14,HM20,39.7
2025-09-14,HM20,33.5
2025-09-14,HM25,40.0
2025-09-14,HM25,31.7
2025-09-14,HM25,34.9
2025-09-14,HM30,37.0
2025-09-14,HM30,37.1
2025-09-14,HM30,37.7
2025-09-14,HM30,40.1
2025-09-14,HM30,37.6
2025-09-14,HM30,36.2
2025-09-14,HM30,39.0
2025-09-14,HM30,35.9
2025-09-14,HM36,27.5
2025-09-14,HM36,27.4
2025-09-14,HM43,37.5
2025-09-14,HM43,38.3
2025-09-14,HM43,36.4
2025-09-14,HM47,34.7
2025-09-14,HM47,34.6
2025-09-14,HM47,34.3
2025-09-14,HM50,37.7
2025-09-14,HM50,38.8
2025-09-14,HM56,33.7
2025-09-15,HM01,39.6
2025-09-15,HM12,34.7
2025-09-15,HM12,31.3
2025-09-15,HM12,34.4
2025-09-15,HM12,36.2
2025-09-15,HM12,33.7
2025-09-15,HM12,35.6
2025-09-15,HM13,35.6
2025-09-15,HM13,36.8
2025-09-15,HM13,37.3
2025-09-15,HM13,35.7
2025-09-15,HM13,40.1
2025-09-15,HM13,37.6
2025-09-15,HM14,30.1
2025-09-15,HM14,36.0
2025-09-15,HM14,27.6
2025-09-15,HM16,33.0
2025-09-15,HM16,36.3
2025-09-15,HM16,40.4
2025-09-15,HM16,37.9
2025-09-15,HM20,27.6
2025-09-15,HM25,32.8
2025-09-15,HM25,36.8
2025-09-15,HM25,32.8
2025-09-15,HM30,30.9
2025-09-15,HM30,36.6
2025-09-15,HM30,31.0
2025-09-15,HM30,30.7
2025-09-15,HM43,35.0
2025-09-15,HM43,30.7
2025-09-15,HM43,36.3
2025-09-15,HM43,35.6
2025-09-15,HM43,36.2
2025-09-15,HM47,40.4
2025-09-15,HM47,39.7
2025-09-15,HM50,42.6
2025-09-15,HM50,45.3
2025-09-15,HM56,29.4
2025-09-15,HM56,30.7
2025-09-16,HM01,37.7
2025-09-16,HM01,43.2
2025-09-16,HM12,39.4
2025-09-16,HM12,38.9
2025-09-16,HM12,37.4
2025-09-16,HM13,35.9
2025-09-16,HM13,34.9
2025-09-16,HM13,38.5
2025-09-16,HM13,37.0
2025-09-16,HM14,35.2
2025-09-16,HM14,35.5
2025-09-16,HM14,38.2
2025-09-16,HM14,37.5
2025-09-16,HM14,33.7
2025-09-16,HM16,38.7
2025-09-16,HM16,34.1
2025-09-16,HM16,34.7
2025-09-16,HM16,37.0
2025-09-16,HM20,34.7
2025-09-16,HM20,31.4
2025-09-16,HM20,35.5
2025-09-16,HM25,36.1
2025-09-16,HM25,36.9
2025-09-16,HM25,35.3
2025-09-16,HM30,24.5
2025-09-16,HM30,28.8
2025-09-16,HM36,17.9
2025-09-16,HM43,14.4
2025-09-16,HM47,30.4
2025-09-16,HM47,29.9
2025-09-16,HM47,35.5
2025-09-16,HM50,47.7
2025-09-16,HM56,29.1
2025-09-16,HM56,32.4
2025-09-16,HM56,33.5
2025-09-16,HM56,38.8
2025-09-16,HM56,33.2
2025-09-16,HM56,33.6
2025-09-16,HM56,32.0
2025-09-16,HM56,32.8
2025-09-16,HM56,33.8
2025-09-17,HM01,31.5
2025-09-17,HM01,29.4
2025-09-17,HM01,32.4
2025-09-17,HM01,33.0
2025-09-17,HM01,29.9
2025-09-17,HM01,31.3
2025-09-17,HM12,35.2
2025-09-17,HM12,33.5
2025-09-17,HM12,35.9
2025-09-17,HM12,35.2
2025-09-17,HM13,22.1
2025-09-17,HM14,33.1
2025-09-17,HM14,34.6
2025-09-17,HM14,33.7
2025-09-17,HM14,35.9
2025-09-17,HM16,34.1
2025-09-17,HM16,34.6
2025-09-17,HM16,34.7
2025-09-17,HM16,36.1
2025-09-17,HM16,34.6
2025-09-17,HM20,30.9
2025-09-17,HM20,32.3
2025-09-17,HM20,35.1
2025-09-17,HM20,36.2
2025-09-17,HM20,36.4
2025-09-17,HM20,33.6
2025-09-17,HM20,38.9
2025-09-17,HM25,41.8
2025-09-17,HM25,40.0
2025-09-17,HM25,40.5
2025-09-17,HM30,34.8
2025-09-17,HM30,36.9
2025-09-17,HM36,43.5
2025-09-17,HM43,25.6
2025-09-17,HM47,30.3
2025-09-17,HM47,33.6
2025-09-17,HM50,36.4
2025-09-17,HM56,40.1
2025-09-17,HM56,38.4
2025-09-17,HM56,35.4
2025-09-17,HM56,35.8
2025-09-17,HM56,35.7
2025-09-17,HM56,35.9
2025-09-17,HM56,34.5
2025-09-17,HM56,35.5
2025-09-18,HM01,34.3
2025-09-18,HM01,34.4
2025-09-18,HM01,36.1
2025-09-18,HM01,34.6
2025-09-18,HM01,36.6
2025-09-18,HM12,35.2
2025-09-18,HM12,39.1
2025-09-18,HM12,35.0
2025-09-18,HM12,32.8
2025-09-18,HM12,34.9
2025-09-18,HM12,35.6
2025-09-18,HM12,38.1
2025-09-18,HM12,37.0
2025-09-18,HM13,41.6
2025-09-18,HM13,44.1
2025-09-18,HM14,35.1
2025-09-18,HM14,35.6
2025-09-18,HM14,30.0
2025-09-18,HM14,34.4
2025-09-18,HM14,31.0
2025-09-18,HM14,36.1
2025-09-18,HM14,30.2
2025-09-18,HM14,31.4
2025-09-18,HM16,34.3
2025-09-18,HM16,31.8
2025-09-18,HM16,37.7
2025-09-18,HM16,33.6
2025-09-18,HM20,29.1
2025-09-18,HM20,33.5
2025-09-18,HM25,39.0
2025-09-18,HM25,41.0
2025-09-18,HM25,40.7
2025-09-18,HM30,35.1
2025-09-18,HM30,32.8
2025-09-18,HM30,34.9
2025-09-18,HM36,43.9
2025-09-18,HM43,29.9
2025-09-18,HM47,39.4
2025-09-18,HM47,34.9
2025-09-18,HM47,36.6
2025-09-18,HM50,33.4
2025-09-18,HM50,38.0
2025-09-18,HM50,36.6
2025-09-18,HM56,30.0
2025-09-19,HM01,42.3
2025-09-19,HM01,38.9
2025-09-19,HM01,41.3
2025-09-19,HM12,32.5
2025-09-19,HM12,35.2
2025-09-19,HM13,32.6
2025-09-19,HM13,37.1
2025-09-19,HM13,36.8
2025-09-19,HM13,35.3
2025-09-19,HM13,32.7
2025-09-19,HM13,32.6
2025-09-19,HM13,37.3
2025-09-19,HM13,38.7
2025-09-19,HM13,39.0
2025-09-19,HM14,48.4
2025-09-19,HM14,41.9
2025-09-19,HM16,22.3
2025-09-19,HM20,18.7
2025-09-19,HM25,34.8
2025-09-19,HM25,32.5
2025-09-19,HM25,30.9
2025-09-19,HM25,34.6
2025-09-19,HM30,34.4
2025-09-19,HM30,35.3
2025-09-19,HM30,36.5
2025-09-19,HM36,35.7
2025-09-19,HM36,35.2
2025-09-19,HM36,33.5
2025-09-19,HM36,34.7
2025-09-19,HM36,37.3
2025-09-19,HM36,34.8
2025-09-19,HM36,39.7
2025-09-19,HM36,35.4
2025-09-19,HM43,33.2
2025-09-19,HM43,32.0
2025-09-19,HM43,34.3
2025-09-19,HM43,34.0
2025-09-19,HM47,31.4
2025-09-19,HM47,30.3
2025-09-19,HM50,27.9
2025-09-19,HM50,24.6
2025-09-19,HM56,48.6
2025-09-20,HM01,38.4
2025-09-20,HM01,36.3
2025-09-20,HM12,33.8
2025-09-20,HM12,35.4
2025-09-20,HM12,36.9
2025-09-20,HM12,38.1
2025-09-20,HM13,37.8
2025-09-20,HM13,40.5
2025-09-20,HM14,40.2
2025-09-20,HM14,40.1
2025-09-20,HM14,40.5
2025-09-20,HM14,39.3
2025-09-20,HM16,43.1
2025-09-20,HM16,42.4
2025-09-20,HM20,46.2
2025-09-20,HM25,38.8
2025-09-20,HM25,40.4
2025-09-20,HM30,34.3
2025-09-20,HM30,37.2
2025-09-20,HM30,38.9
2025-09-20,HM36,50.5
2025-09-20,HM43,36.5
2025-09-20,HM43,34.3
2025-09-20,HM43,33.6
2025-09-20,HM43,35.2
2025-09-20,HM43,35.8
2025-09-20,HM43,34.7
2025-09-20,HM43,33.1
2025-09-20,HM43,34.9
2025-09-20,HM43,31.1
2025-09-20,HM43,31.7
2025-09-20,HM43,34.5
2025-09-20,HM47,34.9
2025-09-20,HM47,39.4
2025-09-20,HM47,36.6
2025-09-20,HM47,37.3
2025-09-20,HM47,36.2
2025-09-20,HM47,39.7
2025-09-20,HM50,38.5
2025-09-20,HM56,49.7
2025-09-21,HM01,37.0
2025-09-21,HM01,37.2
2025-09-21,HM01,41.3
2025-09-21,HM01,44.1
2025-09-21,HM12,35.9
2025-09-21,HM12,35.7
2025-09-21,HM12,37.4
2025-09-21,HM12,39.2
2025-09-21,HM13,39.4
2025-09-21,HM13,42.8
2025-09-21,HM14,32.7
2025-09-21,HM14,33.3
2025-09-21,HM14,38.0
2025-09-21,HM14,33.2
2025-09-21,HM14,31.7
2025-09-21,HM14,33.9
2025-09-21,HM14,32.0
2025-09-21,HM16,30.8
2025-09-21,HM16,29.6
2025-09-21,HM25,37.0
2025-09-21,HM30,29.1
2025-09-21,HM30,32.5
2025-09-21,HM36,42.2
2025-09-21,HM43,46.4
2025-09-21,HM43,42.1
2025-09-21,HM47,36.7
2025-09-21,HM47,33.3
2025-09-21,HM50,33.1
2025-09-21,HM50,28.5
2025-09-21,HM50,34.2
2025-09-21,HM50,30.8
2025-09-21,HM56,32.5
2025-09-21,HM56,36.4
2025-09-21,HM56,36.2
2025-09-21,HM56,35.7
2025-09-21,HM56,37.3
2025-09-21,HM56,36.5
2025-09-22,HM01,36.5
2025-09-22,HM01,37.6
2025-09-22,HM12,34.2
2025-09-22,HM12,41.7
2025-09-22,HM12,38.6
2025-09-22,HM12,37.7
2025-09-22,HM12,35.4
2025-09-22,HM12,37.0
2025-09-22,HM13,40.7
2025-09-22,HM13,45.0
2025-09-22,HM14,31.7
2025-09-22,HM14,34.6
2025-09-22,HM14,38.3
2025-09-22,HM14,36.2
2025-09-22,HM14,39.7
2025-09-22,HM16,38.9
2025-09-22,HM16,30.4
2025-09-22,HM16,32.5
2025-09-22,HM16,31.5
2025-09-22,HM20,23.8
2025-09-22,HM25,35.6
2025-09-22,HM25,33.0
2025-09-22,HM25,37.2
2025-09-22,HM30,32.4
2025-09-22,HM30,38.0
2025-09-22,HM30,33.0
2025-09-22,HM30,38.0
2025-09-22,HM36,33.6
2025-09-22,HM36,31.1
2025-09-22,HM36,35.2
2025-09-22,HM43,37.0
2025-09-22,HM43,38.4
2025-09-22,HM43,37.2
2025-09-22,HM47,32.3
2025-09-22,HM47,38.2
2025-09-22,HM47,38.0
2025-09-22,HM47,40.3
2025-09-22,HM47,37.2
2025-09-22,HM47,35.9
2025-09-22,HM47,36.8
2025-09-22,HM47,30.4
2025-09-22,HM56,37.4
2025-09-22,HM56,35.3
2025-09-22,HM56,33.6
2025-09-23,HM01,41.3
2025-09-23,HM01,37.5
2025-09-23,HM01,41.1
2025-09-23,HM13,29.6
2025-09-23,HM13,34.3
2025-09-23,HM14,42.1
2025-09-23,HM16,32.7
2025-09-23,HM16,32.0
2025-09-23,HM16,33.9
2025-09-23,HM16,31.6
2025-09-23,HM20,44.9
2025-09-23,HM25,44.7
2025-09-23,HM25,44.4
2025-09-23,HM30,31.9
2025-09-23,HM36,38.2
2025-09-23,HM36,30.3
2025-09-23,HM43,41.4
2025-09-23,HM43,37.3
2025-09-23,HM43,36.2
2025-09-23,HM43,38.7
2025-09-23,HM43,37.2
2025-09-23,HM43,32.9
2025-09-23,HM47,37.6
2025-09-23,HM47,33.3
2025-09-23,HM47,34.8
2025-09-23,HM47,37.8
2025-09-23,HM47,33.8
2025-09-23,HM47,34.3
2025-09-23,HM47,35.5
2025-09-23,HM47,38.3
2025-09-23,HM50,39.6
2025-09-23,HM56,28.6
2025-09-23,HM56,32.8
2025-09-24,HM01,32.5
2025-09-24,HM01,29.4
2025-09-24,HM01,32.4
2025-09-24,HM01,30.5
2025-09-24,HM12,39.3
2025-09-24,HM12,35.3
2025-09-24,HM13,39.7
2025-09-24,HM13,39.3
2025-09-24,HM13,37.7
2025-09-24,HM14,27.7
2025-09-24,HM14,35.5
2025-09-24,HM14,34.0
2025-09-24,HM16,32.4
2025-09-24,HM16,33.8
2025-09-24,HM16,32.1
2025-09-24,HM20,35.9
2025-09-24,HM20,32.8
2025-09-24,HM20,31.0
2025-09-24,HM20,33.9
2025-09-24,HM25,33.0
2025-09-24,HM25,29.1
2025-09-24,HM25,33.1
2025-09-24,HM25,29.5
2025-09-24,HM25,33.4
2025-09-24,HM30,40.1
2025-09-24,HM36,25.1
2025-09-24,HM43,38.7
2025-09-24,HM43,36.7
2025-09-24,HM43,38.1
2025-09-24,HM43,37.4
2025-09-24,HM47,42.6
2025-09-24,HM47,35.2
2025-09-24,HM47,39.8
2025-09-24,HM47,39.2
2025-09-24,HM50,35.5
2025-09-24,HM56,36.0
2025-09-24,HM56,34.5
2025-09-24,HM56,34.7
2025-09-24,HM56,35.6
2025-09-24,HM56,33.6
2025-09-24,HM56,32.3
2025-09-24,HM56,35.2
2025-09-25,HM01,30.0
2025-09-25,HM01,29.6
2025-09-25,HM12,39.6
2025-09-25,HM12,40.1
2025-09-25,HM13,41.7
2025-09-25,HM16,31.1
2025-09-25,HM16,28.9
2025-09-25,HM20,37.9
2025-09-25,HM20,36.8
2025-09-25,HM30,34.3
2025-09-25,HM30,34.4
2025-09-25,HM30,29.6
2025-09-25,HM30,28.9
2025-09-25,HM36,29.4
2025-09-25,HM36,34.6
2025-09-25,HM36,32.2
2025-09-25,HM36,28.8
2025-09-25,HM43,31.0
2025-09-25,HM43,33.1
2025-09-25,HM43,34.5
2025-09-25,HM43,33.6
2025-09-25,HM43,31.2
2025-09-25,HM43,33.9
2025-09-25,HM43,36.0
2025-09-25,HM47,43.6
2025-09-25,HM50,40.7
2025-09-25,HM50,39.4
2025-09-25,HM56,37.2
2025-09-25,HM56,33.4
2025-09-25,HM56,32.1
2025-09-25,HM56,35.8
2025-09-25,HM56,33.1
2025-09-25,HM56,41.1
2025-09-26,HM01,38.1
2025-09-26,HM01,38.8
2025-09-26,HM12,29.8
2025-09-26,HM12,39.3
2025-09-26,HM12,37.0
2025-09-26,HM12,33.9
2025-09-26,HM12,33.3
2025-09-26,HM12,34.3
2025-09-26,HM12,34.6
2025-09-26,HM12,38.3
2025-09-26,HM13,38.9
2025-09-26,HM13,36.2
2025-09-26,HM13,35.7
2025-09-26,HM13,38.2
2025-09-26,HM13,39.7
2025-09-26,HM14,37.5
2025-09-26,HM14,34.5
2025-09-26,HM14,34.1
2025-09-26,HM14,32.7
2025-09-26,HM14,37.2
2025-09-26,HM14,35.3
2025-09-26,HM14,38.5
2025-09-26,HM14,35.9
2025-09-26,HM16,32.2
2025-09-26,HM16,34.7
2025-09-26,HM20,31.8
2025-09-26,HM20,28.9
2025-09-26,HM25,28.4
2025-09-26,HM25,26.5
2025-09-26,HM30,27.8
2025-09-26,HM30,29.4
2025-09-26,HM43,32.6
2025-09-26,HM43,33.2
2025-09-26,HM43,33.2
2025-09-26,HM43,31.4
2025-09-26,HM43,33.6
2025-09-26,HM47,40.9
2025-09-26,HM47,41.9
2025-09-26,HM50,31.8
2025-09-26,HM50,28.7
2025-09-26,HM56,25.6
2025-09-26,HM56,31.4
2025-09-27,HM01,32.2
2025-09-27,HM01,32.9
2025-09-27,HM01,32.4
2025-09-27,HM12,41.1
2025-09-27,HM13,32.2
2025-09-27,HM13,28.8
2025-09-27,HM13,30.2
2025-09-27,HM14,23.4
2025-09-27,HM16,31.2
2025-09-27,HM16,31.8
2025-09-27,HM16,33.3
2025-09-27,HM20,41.9
2025-09-27,HM25,37.2
2025-09-27,HM25,36.2
2025-09-27,HM25,34.3
2025-09-27,HM25,36.1
2025-09-27,HM25,35.5
2025-09-27,HM25,37.4
2025-09-27,HM30,25.2
2025-09-27,HM43,33.7
2025-09-27,HM43,31.7
2025-09-27,HM43,34.8
2025-09-27,HM43,32.0
2025-09-27,HM47,35.7
2025-09-27,HM47,32.7
2025-09-27,HM47,29.4
2025-09-27,HM47,33.1
2025-09-27,HM47,34.5
2025-09-27,HM47,33.9
2025-09-27,HM47,32.4
2025-09-27,HM50,48.8
2025-09-27,HM56,32.9
2025-09-28,HM01,45.5
2025-09-28,HM01,44.3
2025-09-28,HM12,42.7
2025-09-28,HM12,39.0
2025-09-28,HM13,36.9
2025-09-28,HM13,34.2
2025-09-28,HM13,33.4
2025-09-28,HM14,33.1
2025-09-28,HM16,33.6
2025-09-28,HM16,33.3
2025-09-28,HM20,18.0
2025-09-28,HM25,35.4
2025-09-28,HM25,34.5
2025-09-28,HM25,35.2
2025-09-28,HM25,37.9
2025-09-28,HM25,33.9
2025-09-28,HM25,37.5
2025-09-28,HM25,37.2
2025-09-28,HM25,38.3
2025-09-28,HM30,32.7
2025-09-28,HM36,31.9
2025-09-28,HM36,34.3
2025-09-28,HM36,35.3
2025-09-28,HM36,34.8
2025-09-28,HM36,34.3
2025-09-28,HM36,34.9
2025-09-28,HM36,30.9
2025-09-28,HM36,36.0
2025-09-28,HM36,31.5
2025-09-28,HM36,33.0
2025-09-28,HM36,31.3
2025-09-28,HM36,35.3
2025-09-28,HM43,39.7
2025-09-28,HM43,36.7
2025-09-28,HM43,36.1
2025-09-28,HM50,35.6
2025-09-28,HM50,41.6
2025-09-28,HM56,24.8
2025-09-28,HM56,26.8
2025-09-29,HM01,11.3
2025-09-29,HM12,30.8
2025-09-29,HM12,35.5
2025-09-29,HM12,34.7
2025-09-29,HM13,36.5
2025-09-29,HM13,35.9
2025-09-29,HM14,30.6
2025-09-29,HM14,36.3
2025-09-29,HM14,34.3
2025-09-29,HM14,35.1
2025-09-29,HM14,32.4
2025-09-29,HM14,33.4
2025-09-29,HM14,31.6
2025-09-29,HM14,31.7
2025-09-29,HM16,37.4
2025-09-29,HM16,34.2
2025-09-29,HM16,34.9
2025-09-29,HM16,36.1
2025-09-29,HM16,32.4
2025-09-29,HM20,28.8
2025-09-29,HM20,31.2
2025-09-29,HM20,32.4
2025-09-29,HM30,33.6
2025-09-29,HM30,27.2
2025-09-29,HM36,37.1
2025-09-29,HM36,36.5
2025-09-29,HM36,38.2
2025-09-29,HM36,37.5
2025-09-29,HM36,38.7
2025-09-29,HM36,36.9
2025-09-29,HM43,40.0
2025-09-29,HM43,33.5
2025-09-29,HM43,38.7
2025-09-29,HM50,32.0
2025-09-29,HM50,34.3
2025-09-29,HM50,33.5
2025-09-29,HM50,32.7
2025-09-29,HM50,28.8
2025-09-29,HM56,35.9
2025-09-29,HM56,33.9
2025-09-29,HM56,36.0
2025-09-29,HM56,33.7
2025-09-29,HM56,34.5
2025-09-29,HM56,31.3
2025-09-29,HM56,31.4
2025-09-30,HM01,35.3
2025-09-30,HM01,36.3
2025-09-30,HM01,33.7
2025-09-30,HM01,34.7
2025-09-30,HM12,21.6
2025-09-30,HM13,36.6
2025-09-30,HM13,36.6
2025-09-30,HM13,37.1
2025-09-30,HM13,32.7
2025-09-30,HM13,33.9
2025-09-30,HM13,35.7
2025-09-30,HM13,35.2
2025-09-30,HM13,35.5
2025-09-30,HM13,33.3
2025-09-30,HM13,31.7
2025-09-30,HM13,35.6
2025-09-30,HM13,33.2
2025-09-30,HM14,34.1
2025-09-30,HM14,37.3
2025-09-30,HM14,33.3
2025-09-30,HM14,36.9
2025-09-30,HM14,36.5
2025-09-30,HM14,39.9
2025-09-30,HM14,33.8
2025-09-30,HM14,39.3
2025-09-30,HM14,36.4
2025-09-30,HM14,36.4
2025-09-30,HM16,34.1
2025-09-30,HM16,33.5
2025-09-30,HM16,35.3
2025-09-30,HM16,36.9
2025-09-30,HM16,39.1
2025-09-30,HM16,31.7
2025-09-30,HM20,29.2
2025-09-30,HM20,28.6
2025-09-30,HM20,32.1
2025-09-30,HM25,34.8
2025-09-30,HM25,33.3
2025-09-30,HM25,29.7
2025-09-30,HM25,35.2
2025-09-30,HM25,33.2
2025-09-30,HM25,33.1
2025-09-30,HM25,34.1
2025-09-30,HM25,35.4
2025-09-30,HM30,36.3
2025-09-30,HM30,34.4
2025-09-30,HM36,31.3
2025-09-30,HM36,33.3
2025-09-30,HM36,32.3
2025-09-30,HM43,32.2
2025-09-30,HM47,33.5
2025-09-30,HM47,35.7
2025-09-30,HM47,37.1
2025-09-30,HM47,36.3
2025-09-30,HM47,37.9
2025-10-01,HM01,37.8
2025-10-01,HM01,35.1
2025-10-01,HM12,27.4
2025-10-01,HM12,29.9
2025-10-01,HM13,31.8
2025-10-01,HM13,32.5
2025-10-01,HM13,29.5
2025-10-01,HM13,32.1
2025-10-01,HM13,31.6
2025-10-01,HM16,32.0
2025-10-01,HM16,31.1
2025-10-01,HM16,35.1
2025-10-01,HM16,32.8
2025-10-01,HM16,33.1
2025-10-01,HM20,21.1
2025-10-01,HM25,26.2
2025-10-01,HM25,29.9
2025-10-01,HM30,25.8
2025-10-01,HM36,36.6
2025-10-01,HM36,34.0
2025-10-01,HM36,34.2
2025-10-01,HM43,44.0
2025-10-01,HM43,43.7
2025-10-01,HM47,30.9
2025-10-01,HM50,28.2
2025-10-01,HM50,30.7
2025-10-01,HM50,30.8
2025-10-01,HM56,29.8
2025-10-01,HM56,30.2
2025-10-01,HM56,24.8
2025-10-02,HM01,38.4
2025-10-02,HM01,37.3
2025-10-02,HM01,35.5
2025-10-02,HM01,32.4
2025-10-02,HM01,33.5
2025-10-02,HM12,37.1
2025-10-02,HM12,32.9
2025-10-02,HM12,32.9
2025-10-02,HM13,34.5
2025-10-02,HM13,29.0
2025-10-02,HM13,34.6
2025-10-02,HM13,34.4
2025-10-02,HM13,32.9
2025-10-02,HM14,36.8
2025-10-02,HM14,39.9
2025-10-02,HM16,38.9
2025-10-02,HM16,37.8
2025-10-02,HM16,42.2
2025-10-02,HM20,43.6
2025-10-02,HM20,43.0
2025-10-02,HM25,36.3
2025-10-02,HM30,44.4
2025-10-02,HM30,44.2
2025-10-02,HM36,23.0
2025-10-02,HM43,31.4
2025-10-02,HM43,30.5
2025-10-02,HM43,34.7
2025-10-02,HM43,34.1
2025-10-02,HM43,31.0
2025-10-02,HM47,40.4
2025-10-02,HM47,39.1
2025-10-02,HM47,38.8
2025-10-02,HM50,35.7
2025-10-02,HM50,34.3
2025-10-02,HM50,33.6
2025-10-02,HM50,35.7
2025-10-02,HM50,32.7
2025-10-02,HM50,34.4
2025-10-02,HM56,37.8
2025-10-02,HM56,37.4
2025-10-02,HM56,36.6
2025-10-02,HM56,35.4
2025-10-02,HM56,36.9
2025-10-02,HM56,35.9
2025-10-02,HM56,31.1
2025-10-02,HM56,35.0
2025-10-02,HM56,33.9
2025-10-02,HM56,37.7
2025-10-02,HM56,35.5
2025-10-02,HM56,36.6
2025-10-03,HM12,35.5
2025-10-03,HM13,34.7
2025-10-03,HM13,35.5
2025-10-03,HM14,26.7
2025-10-03,HM14,25.4
2025-10-03,HM16,33.6
2025-10-03,HM16,35.0
2025-10-03,HM16,34.6
2025-10-03,HM16,35.8
2025-10-03,HM20,39.2
2025-10-03,HM20,36.0
2025-10-03,HM20,39.4
2025-10-03,HM20,36.4
2025-10-03,HM25,26.2
2025-10-03,HM25,25.4
2025-10-03,HM30,31.0
2025-10-03,HM30,31.9
2025-10-03,HM36,48.2
2025-10-03,HM43,36.2
2025-10-03,HM47,36.6
2025-10-03,HM47,35.6
2025-10-03,HM47,31.8
2025-10-03,HM50,44.0
2025-10-03,HM56,35.4
2025-10-03,HM56,38.6
2025-10-04,HM01,32.5
2025-10-04,HM01,30.9
2025-10-04,HM01,32.5
2025-10-04,HM01,31.0
2025-10-04,HM01,30.5
2025-10-04,HM12,35.6
2025-10-04,HM12,32.0
2025-10-04,HM12,35.7
2025-10-04,HM12,27.5
2025-10-04,HM12,34.0
2025-10-04,HM12,29.7
2025-10-04,HM12,33.2
2025-10-04,HM12,34.6
2025-10-04,HM12,33.5
2025-10-04,HM12,34.1
2025-10-04,HM12,30.1
2025-10-04,HM13,29.8
2025-10-04,HM13,35.5
2025-10-04,HM13,31.2
2025-10-04,HM13,32.5
2025-10-04,HM13,32.7
2025-10-04,HM13,34.7
2025-10-04,HM14,40.5
2025-10-04,HM14,42.8
2025-10-04,HM14,40.6
2025-10-04,HM16,37.0
2025-10-04,HM16,38.8
2025-10-04,HM16,34.6
2025-10-04,HM16,32.3
2025-10-04,HM16,38.9
2025-10-04,HM16,37.8
2025-10-04,HM16,36.1
2025-10-04,HM20,43.2
2025-10-04,HM25,34.0
2025-10-04,HM30,27.5
2025-10-04,HM36,38.9
2025-10-04,HM43,38.7
2025-10-04,HM43,35.2
2025-10-04,HM43,37.9
2025-10-04,HM47,40.6
2025-10-04,HM47,37.2
2025-10-04,HM50,34.7
2025-10-04,HM56,29.9
2025-10-04,HM56,29.9
2025-10-04,HM56,36.1
2025-10-05,HM01,32.3
2025-10-05,HM01,37.5
2025-10-05,HM12,40.9
2025-10-05,HM12,42.3
2025-10-05,HM12,44.5
2025-10-05,HM13,39.1
2025-10-05,HM13,38.5
2025-10-05,HM13,40.7
2025-10-05,HM13,35.0
2025-10-05,HM13,35.3
2025-10-05,HM13,37.1
2025-10-05,HM14,35.9
2025-10-05,HM14,30.4
2025-10-05,HM14,29.5
2025-10-05,HM14,30.6
2025-10-05,HM16,35.2
2025-10-05,HM16,33.8
2025-10-05,HM16,35.3
2025-10-05,HM16,34.3
2025-10-05,HM16,29.8
2025-10-05,HM16,34.7
2025-10-05,HM16,35.2
2025-10-05,HM20,37.9
2025-10-05,HM20,38.9
2025-10-05,HM20,35.2
2025-10-05,HM20,37.2
2025-10-05,HM20,39.7
2025-10-05,HM20,35.5
2025-10-05,HM25,34.6
2025-10-05,HM25,34.4
2025-10-05,HM30,33.5
2025-10-05,HM30,32.7
2025-10-05,HM30,35.0
2025-10-05,HM30,35.3
2025-10-05,HM36,43.6
2025-10-05,HM36,43.8
2025-10-05,HM43,30.1
2025-10-05,HM43,29.3
2025-10-05,HM47,15.0
2025-10-05,HM50,34.5
2025-10-05,HM56,28.6
2025-10-05,HM56,28.6
2025-10-06,HM01,30.5
2025-10-06,HM01,31.4
2025-10-06,HM12,20.0
2025-10-06,HM13,36.2
2025-10-06,HM13,35.6
2025-10-06,HM14,38.5
2025-10-06,HM14,39.1
2025-10-06,HM14,36.9
2025-10-06,HM16,32.7
2025-10-06,HM16,35.6
2025-10-06,HM16,33.4
2025-10-06,HM16,33.6
2025-10-06,HM16,29.9
2025-10-06,HM16,31.7
2025-10-06,HM20,38.3
2025-10-06,HM20,38.8
2025-10-06,HM20,38.6
2025-10-06,HM25,35.5
2025-10-06,HM30,33.1
2025-10-06,HM30,32.7
2025-10-06,HM30,36.2
2025-10-06,HM36,36.9
2025-10-06,HM36,39.1
2025-10-06,HM36,35.7
2025-10-06,HM36,33.5
2025-10-06,HM36,34.7
2025-10-06,HM36,36.3
2025-10-06,HM36,30.6
2025-10-06,HM36,31.7
2025-10-06,HM36,33.1
2025-10-06,HM47,32.9
2025-10-06,HM50,45.2
2025-10-06,HM56,36.6
2025-10-06,HM56,34.8
2025-10-06,HM56,35.1
2025-10-06,HM56,36.4
2025-10-06,HM56,38.0
2025-10-06,HM56,35.1
2025-10-07,HM01,35.4
2025-10-07,HM01,28.8
2025-10-07,HM01,27.8
2025-10-07,HM12,35.0
2025-10-07,HM12,36.3
2025-10-07,HM12,37.7
2025-10-07,HM12,34.9
2025-10-07,HM13,34.5
2025-10-07,HM13,38.5
2025-10-07,HM14,36.8
2025-10-07,HM14,36.0
2025-10-07,HM14,37.9
2025-10-07,HM16,40.4
2025-10-07,HM20,37.7
2025-10-07,HM20,36.1
2025-10-07,HM20,37.1
2025-10-07,HM25,31.0
2025-10-07,HM25,34.8
2025-10-07,HM25,31.3
2025-10-07,HM25,29.3
2025-10-07,HM25,34.4
2025-10-07,HM30,30.9
2025-10-07,HM30,36.2
2025-10-07,HM30,39.3
2025-10-07,HM30,35.0
2025-10-07,HM30,37.1
2025-10-07,HM36,36.8
2025-10-07,HM36,35.9
2025-10-07,HM36,33.3
2025-10-07,HM43,46.4
2025-10-07,HM47,32.7
2025-10-07,HM47,33.7
2025-10-07,HM47,33.8
2025-10-07,HM47,31.0
2025-10-07,HM47,35.2
2025-10-07,HM47,33.6
2025-10-07,HM47,31.9
2025-10-07,HM47,34.4
2025-10-07,HM47,36.1
2025-10-07,HM47,32.5
2025-10-07,HM50,43.8
2025-10-07,HM56,28.3
2025-10-07,HM56,24.9
2025-10-08,HM01,36.1
2025-10-08,HM01,33.6
2025-10-08,HM12,32.7
2025-10-08,HM12,35.6
2025-10-08,HM12,37.8
2025-10-08,HM12,34.0
2025-10-08,HM13,25.8
2025-10-08,HM14,36.8
2025-10-08,HM14,31.4
2025-10-08,HM16,33.3
2025-10-08,HM16,35.4
2025-10-08,HM16,34.3
2025-10-08,HM20,31.3
2025-10-08,HM25,32.7
2025-10-08,HM25,32.1
2025-10-08,HM30,31.3
2025-10-08,HM30,31.7
2025-10-08,HM30,29.0
2025-10-08,HM36,30.6
2025-10-08,HM36,31.7
2025-10-08,HM36,32.7
2025-10-08,HM43,34.8
2025-10-08,HM43,36.8
2025-10-08,HM43,36.4
2025-10-08,HM43,35.5
2025-10-08,HM43,34.9
2025-10-08,HM43,34.3
2025-10-08,HM47,33.5
2025-10-08,HM47,32.0
2025-10-08,HM47,34.8
2025-10-08,HM47,32.1
2025-10-08,HM50,30.0
2025-10-08,HM50,33.1
2025-10-08,HM50,38.1
2025-10-08,HM50,32.7
2025-10-08,HM56,39.1
2025-10-08,HM56,36.8
2025-10-08,HM56,36.4
2025-10-08,HM56,36.3
2025-10-09,HM01,34.6
2025-10-09,HM12,39.1
2025-10-09,HM12,35.1
2025-10-09,HM12,35.4
2025-10-09,HM12,35.8
2025-10-09,HM12,35.0
2025-10-09,HM12,37.0
2025-10-09,HM12,39.7
2025-10-09,HM13,34.5
2025-10-09,HM13,31.9
2025-10-09,HM13,32.4
2025-10-09,HM13,33.6
2025-10-09,HM13,32.6
2025-10-09,HM13,32.0
2025-10-09,HM14,38.0
2025-10-09,HM14,30.8
2025-10-09,HM14,34.8
2025-10-09,HM14,36.9
2025-10-09,HM16,39.9
2025-10-09,HM16,40.5
2025-10-09,HM16,41.1
2025-10-09,HM20,46.4
2025-10-09,HM25,32.1
2025-10-09,HM25,32.6
2025-10-09,HM30,40.4
2025-10-09,HM30,41.9
2025-10-09,HM36,37.1
2025-10-09,HM36,36.7
2025-10-09,HM43,34.6
2025-10-09,HM43,37.7
2025-10-09,HM43,36.5
2025-10-09,HM43,35.7
2025-10-09,HM43,38.1
2025-10-09,HM43,33.2
2025-10-09,HM47,33.8
2025-10-09,HM47,35.5
2025-10-09,HM47,31.8
2025-10-09,HM47,30.2
2025-10-09,HM56,40.5
2025-10-09,HM56,38.3
2025-10-09,HM56,38.9
2025-10-09,HM56,36.9
2025-10-09,HM56,40.5
2025-10-09,HM56,36.4
2025-10-10,HM01,40.8
2025-10-10,HM01,38.4
2025-10-10,HM12,32.7
2025-10-10,HM13,31.0
2025-10-10,HM13,30.8
2025-10-10,HM13,32.0
2025-10-10,HM13,32.0
2025-10-10,HM13,30.9
2025-10-10,HM14,37.9
2025-10-10,HM14,37.6
2025-10-10,HM14,38.1
2025-10-10,HM16,46.3
2025-10-10,HM20,32.3
2025-10-10,HM20,34.7
2025-10-10,HM20,33.2
2025-10-10,HM20,31.4
2025-10-10,HM25,35.6
2025-10-10,HM25,39.9
2025-10-10,HM25,39.0
2025-10-10,HM30,31.1
2025-10-10,HM30,31.3
2025-10-10,HM36,33.7
2025-10-10,HM36,33.1
2025-10-10,HM36,29.8
2025-10-10,HM43,48.1
2025-10-10,HM47,30.4
2025-10-10,HM47,30.5
2025-10-10,HM47,35.3
2025-10-10,HM47,34.0
2025-10-10,HM50,37.5
2025-10-10,HM50,37.7
2025-10-10,HM50,33.0
2025-10-10,HM50,32.4
2025-10-10,HM50,35.4
2025-10-10,HM50,32.8
2025-10-10,HM50,34.1
2025-10-10,HM56,39.0
2025-10-10,HM56,36.7
2025-10-11,HM01,36.8
2025-10-11,HM01,35.1
2025-10-11,HM01,37.8
2025-10-11,HM01,36.3
2025-10-11,HM01,36.0
2025-10-11,HM01,34.3
2025-10-11,HM12,35.4
2025-10-11,HM12,34.1
2025-10-11,HM12,29.1
2025-10-11,HM12,31.4
2025-10-11,HM12,32.1
2025-10-11,HM13,32.2
2025-10-11,HM13,29.5
2025-10-11,HM13,31.6
2025-10-11,HM13,32.1
2025-10-11,HM13,32.7
2025-10-11,HM14,36.6
2025-10-11,HM14,43.5
2025-10-11,HM14,37.1
2025-10-11,HM16,32.4
2025-10-11,HM16,34.2
2025-10-11,HM16,36.5
2025-10-11,HM16,36.7
2025-10-11,HM20,23.7
2025-10-11,HM25,35.6
2025-10-11,HM25,33.4
2025-10-11,HM30,30.1
2025-10-11,HM30,32.4
2025-10-11,HM36,36.4
2025-10-11,HM43,33.3
2025-10-11,HM43,32.4
2025-10-11,HM43,31.3
2025-10-11,HM47,32.7
2025-10-11,HM47,32.7
2025-10-11,HM47,31.1
2025-10-11,HM50,42.1
2025-10-11,HM50,39.8
2025-10-11,HM50,40.7
2025-10-11,HM50,38.0
2025-10-11,HM56,40.5
2025-10-11,HM56,41.2
2025-10-12,HM01,30.4
2025-10-12,HM01,31.8
2025-10-12,HM12,35.3
2025-10-12,HM12,38.2
2025-10-12,HM12,37.2
2025-10-12,HM12,36.6
2025-10-12,HM12,34.9
2025-10-12,HM12,37.8
2025-10-12,HM13,34.7
2025-10-12,HM13,27.1
2025-10-12,HM14,32.6
2025-10-12,HM14,31.5
2025-10-12,HM16,34.9
2025-10-12,HM16,39.6
2025-10-12,HM16,37.9
2025-10-12,HM16,40.6
2025-10-12,HM16,37.0
2025-10-12,HM16,39.9
2025-10-12,HM16,34.1
2025-10-12,HM20,31.8
2025-10-12,HM20,36.1
2025-10-12,HM20,36.3
2025-10-12,HM30,35.9
2025-10-12,HM30,36.3
2025-10-12,HM30,34.3
2025-10-12,HM30,36.9
2025-10-12,HM36,40.5
2025-10-12,HM36,40.1
2025-10-12,HM43,40.9
2025-10-12,HM47,33.4
2025-10-12,HM47,32.5
2025-10-12,HM47,34.3
2025-10-12,HM47,33.4
2025-10-12,HM47,29.0
2025-10-12,HM50,33.9
2025-10-12,HM50,36.8
2025-10-12,HM50,32.8
2025-10-12,HM50,35.3
2025-10-12,HM50,34.6
2025-10-12,HM50,32.1
2025-10-12,HM56,40.6
2025-10-12,HM56,40.6
2025-10-13,HM01,42.6
2025-10-13,HM01,41.9
2025-10-13,HM12,42.9
2025-10-13,HM13,31.2
2025-10-13,HM14,31.9
2025-10-13,HM14,35.7
2025-10-13,HM14,36.0
2025-10-13,HM14,34.5
2025-10-13,HM16,31.0
2025-10-13,HM16,32.5
2025-10-13,HM20,38.8
2025-10-13,HM25,35.4
2025-10-13,HM30,44.0
2025-10-13,HM30,41.9
2025-10-13,HM36,30.7
2025-10-13,HM36,33.1
2025-10-13,HM36,34.9
2025-10-13,HM36,31.7
2025-10-13,HM36,30.2
2025-10-13,HM36,32.2
2025-10-13,HM43,31.2
2025-10-13,HM43,37.0
2025-10-13,HM47,29.6
2025-10-13,HM47,30.4
2025-10-13,HM47,31.9
2025-10-13,HM56,37.0
2025-10-13,HM56,39.5
2025-10-14,HM01,30.7
2025-10-14,HM12,25.3
2025-10-14,HM12,26.2
2025-10-14,HM13,35.1
2025-10-14,HM13,35.1
2025-10-14,HM14,38.3
2025-10-14,HM14,38.2
2025-10-14,HM14,39.3
2025-10-14,HM16,17.3
2025-10-14,HM25,35.9
2025-10-14,HM25,39.2
2025-10-14,HM30,34.7
2025-10-14,HM30,32.4
2025-10-14,HM30,32.4
2025-10-14,HM30,36.3
2025-10-14,HM30,34.1
2025-10-14,HM30,33.8
2025-10-14,HM30,36.4
2025-10-14,HM36,34.6
2025-10-14,HM36,31.8
2025-10-14,HM36,32.2
2025-10-14,HM36,35.0
2025-10-14,HM36,33.3
2025-10-14,HM43,34.6
2025-10-14,HM43,38.4
2025-10-14,HM43,39.8
2025-10-14,HM43,37.8
2025-10-14,HM43,36.0
2025-10-14,HM47,41.4
2025-10-14,HM47,36.0
2025-10-14,HM47,35.7
2025-10-14,HM47,35.7
2025-10-14,HM47,38.4
2025-10-14,HM47,36.6
2025-10-14,HM47,35.6
2025-10-14,HM56,52.0
2025-10-15,HM01,53.2
2025-10-15,HM12,13.1
2025-10-15,HM13,23.9
2025-10-15,HM13,26.4
2025-10-15,HM14,44.5
2025-10-15,HM14,37.3
2025-10-15,HM16,37.0
2025-10-15,HM16,42.3
2025-10-15,HM16,37.1
2025-10-15,HM20,32.6
2025-10-15,HM20,32.7
2025-10-15,HM20,34.6
2025-10-15,HM20,29.6
2025-10-15,HM20,29.3
2025-10-15,HM25,37.0
2025-10-15,HM25,33.3
2025-10-15,HM25,31.4
2025-10-15,HM30,34.7
2025-10-15,HM30,32.4
2025-10-15,HM30,35.7
2025-10-15,HM30,34.8
2025-10-15,HM30,36.1
2025-10-15,HM30,34.1
2025-10-15,HM36,30.0
2025-10-15,HM36,25.8
2025-10-15,HM47,34.7
2025-10-15,HM47,37.0
2025-10-15,HM50,31.0
2025-10-15,HM56,41.3
2025-10-15,HM56,39.9
2025-10-16,HM01,30.7
2025-10-16,HM01,27.6
2025-10-16,HM01,32.0
2025-10-16,HM01,31.5
2025-10-16,HM12,36.1
2025-10-16,HM12,31.8
2025-10-16,HM12,36.9
2025-10-16,HM12,31.9
2025-10-16,HM12,31.3
2025-10-16,HM12,36.1
2025-10-16,HM12,35.2
2025-10-16,HM12,35.5
2025-10-16,HM12,32.2
2025-10-16,HM12,32.6
2025-10-16,HM13,34.7
2025-10-16,HM13,32.7
2025-10-16,HM13,34.1
2025-10-16,HM13,33.9
2025-10-16,HM16,38.5
2025-10-16,HM16,43.5
2025-10-16,HM16,39.4
2025-10-16,HM20,32.5
2025-10-16,HM20,32.0
2025-10-16,HM20,32.7
2025-10-16,HM20,34.6
2025-10-16,HM20,30.2
2025-10-16,HM25,29.0
2025-10-16,HM25,32.2
2025-10-16,HM30,36.9
2025-10-16,HM30,32.0
2025-10-16,HM30,32.2
2025-10-16,HM36,32.5
2025-10-16,HM36,32.2
2025-10-16,HM36,34.5
2025-10-16,HM36,31.8
2025-10-16,HM36,32.7
2025-10-16,HM43,42.1
2025-10-16,HM43,40.8
2025-10-16,HM47,36.5
2025-10-16,HM50,29.4
2025-10-16,HM50,30.3
2025-10-16,HM50,29.9
2025-10-16,HM56,42.9
2025-10-16,HM56,39.6
2025-10-17,HM01,35.8
2025-10-17,HM12,33.8
2025-10-17,HM12,33.6
2025-10-17,HM12,32.1
2025-10-17,HM12,33.9
2025-10-17,HM12,34.0
2025-10-17,HM12,36.7
2025-10-17,HM12,36.4
2025-10-17,HM13,23.2
2025-10-17,HM14,32.8
2025-10-17,HM16,29.5
2025-10-17,HM16,34.5
2025-10-17,HM16,29.8
2025-10-17,HM16,33.3
2025-10-17,HM16,30.7
2025-10-17,HM16,32.2
2025-10-17,HM20,28.2
2025-10-17,HM25,38.3
2025-10-17,HM25,37.2
2025-10-17,HM25,41.1
2025-10-17,HM30,35.4
2025-10-17,HM30,34.8
2025-10-17,HM30,35.3
2025-10-17,HM36,38.2
2025-10-17,HM36,41.0
2025-10-17,HM36,39.4
2025-10-17,HM36,44.6
2025-10-17,HM36,38.5
2025-10-17,HM43,31.1
2025-10-17,HM43,34.8
2025-10-17,HM43,33.8
2025-10-17,HM43,37.0
2025-10-17,HM47,38.5
2025-10-17,HM56,34.7
2025-10-17,HM56,34.4
2025-10-17,HM56,35.4
2025-10-18,HM01,35.9
2025-10-18,HM01,35.8
2025-10-18,HM01,35.6
2025-10-18,HM01,35.7
2025-10-18,HM12,40.3
2025-10-18,HM12,39.1
2025-10-18,HM12,38.2
2025-10-18,HM13,37.8
2025-10-18,HM13,36.0
2025-10-18,HM13,34.8
2025-10-18,HM14,35.7
2025-10-18,HM14,39.3
2025-10-18,HM14,34.4
2025-10-18,HM14,35.2
2025-10-18,HM16,33.1
2025-10-18,HM16,33.6
2025-10-18,HM16,34.8
2025-10-18,HM16,32.3
2025-10-18,HM16,32.4
2025-10-18,HM16,33.5
2025-10-18,HM16,33.1
2025-10-18,HM16,33.6
2025-10-18,HM25,37.2
2025-10-18,HM25,33.5
2025-10-18,HM25,38.3
2025-10-18,HM25,31.3
2025-10-18,HM30,23.3
2025-10-18,HM36,35.9
2025-10-18,HM36,39.1
2025-10-18,HM36,34.2
2025-10-18,HM36,39.6
2025-10-18,HM36,32.5
2025-10-18,HM36,33.8
2025-10-18,HM43,31.9
2025-10-18,HM43,31.3
2025-10-18,HM43,30.5
2025-10-18,HM43,36.6
2025-10-18,HM47,29.0
2025-10-18,HM47,29.5
2025-10-18,HM50,8.9
2025-10-18,HM56,42.7
2025-10-18,HM56,39.6
2025-10-18,HM56,39.2
2025-10-19,HM01,39.8
2025-10-19,HM01,37.8
2025-10-19,HM12,47.1
2025-10-19,HM13,51.8
2025-10-19,HM14,29.2
2025-10-19,HM14,33.6
2025-10-19,HM14,32.2
2025-10-19,HM16,31.5
2025-10-19,HM16,33.7
2025-10-19,HM16,33.9
2025-10-19,HM20,28.0
2025-10-19,HM25,35.2
2025-10-19,HM25,29.9
2025-10-19,HM25,32.1
2025-10-19,HM25,33.3
2025-10-19,HM25,31.1
2025-10-19,HM25,35.5
2025-10-19,HM30,35.6
2025-10-19,HM30,32.3
2025-10-19,HM36,9.9
2025-10-19,HM43,31.7
2025-10-19,HM43,29.7
2025-10-19,HM43,31.7
2025-10-19,HM47,33.2
2025-10-19,HM47,33.5
2025-10-19,HM47,32.7
2025-10-19,HM50,35.4
2025-10-19,HM50,40.6
2025-10-19,HM50,42.0
2025-10-19,HM56,26.6
2025-10-19,HM56,29.1
2025-10-19,HM56,28.1
2025-10-20,HM01,32.5
2025-10-20,HM01,33.7
2025-10-20,HM01,35.5
2025-10-20,HM01,34.0
2025-10-20,HM01,32.7
2025-10-20,HM12,38.3
2025-10-20,HM12,36.7
2025-10-20,HM12,37.6
2025-10-20,HM13,30.9
2025-10-20,HM13,31.1
2025-10-20,HM13,29.8
2025-10-20,HM13,32.9
2025-10-20,HM14,38.9
2025-10-20,HM14,37.2
2025-10-20,HM14,36.9
2025-10-20,HM14,37.2
2025-10-20,HM14,37.3
2025-10-20,HM16,32.1
2025-10-20,HM16,32.2
2025-10-20,HM16,33.1
2025-10-20,HM16,33.1
2025-10-20,HM16,35.3
2025-10-20,HM16,33.7
2025-10-20,HM20,40.8
2025-10-20,HM20,41.3
2025-10-20,HM36,38.5
2025-10-20,HM43,33.8
2025-10-20,HM43,31.2
2025-10-20,HM43,33.3
2025-10-20,HM43,32.6
2025-10-20,HM43,37.7
2025-10-20,HM47,48.7
2025-10-20,HM50,34.3
2025-10-20,HM50,34.8
2025-10-20,HM50,33.4
2025-10-20,HM50,36.3
2025-10-20,HM56,32.5
2025-10-20,HM56,34.9
2025-10-20,HM56,32.1
2025-10-20,HM56,38.4
2025-10-20,HM56,36.2
2025-10-20,HM56,32.3
2025-10-20,HM56,33.8
2025-10-20,HM56,31.4
2025-10-21,HM01,37.5
2025-10-21,HM12,38.6
2025-10-21,HM12,36.5
2025-10-21,HM12,34.5
2025-10-21,HM12,36.1
2025-10-21,HM12,37.3
2025-10-21,HM12,36.9
2025-10-21,HM12,32.8
2025-10-21,HM12,35.6
2025-10-21,HM12,39.6
2025-10-21,HM12,35.5
2025-10-21,HM12,37.2
2025-10-21,HM13,38.3
2025-10-21,HM13,38.8
2025-10-21,HM14,30.5
2025-10-21,HM14,33.6
2025-10-21,HM14,33.2
2025-10-21,HM14,27.9
2025-10-21,HM14,33.8
2025-10-21,HM20,35.6
2025-10-21,HM30,28.3
2025-10-21,HM30,30.1
2025-10-21,HM36,35.6
2025-10-21,HM36,32.6
2025-10-21,HM36,33.4
2025-10-21,HM36,34.4
2025-10-21,HM36,34.0
2025-10-21,HM43,35.0
2025-10-21,HM43,40.0
2025-10-21,HM43,36.7
2025-10-21,HM43,36.7
2025-10-21,HM43,40.7
2025-10-21,HM47,20.4
2025-10-21,HM56,34.8
2025-10-22,HM01,35.8
2025-10-22,HM01,37.3
2025-10-22,HM01,29.8
2025-10-22,HM01,37.5
2025-10-22,HM01,37.4
2025-10-22,HM01,32.1
2025-10-22,HM01,36.7
2025-10-22,HM01,33.3
2025-10-22,HM01,35.7
2025-10-22,HM01,36.3
2025-10-22,HM01,34.3
2025-10-22,HM12,42.4
2025-10-22,HM12,38.4
2025-10-22,HM12,38.7
2025-10-22,HM13,29.7
2025-10-22,HM14,33.1
2025-10-22,HM14,33.3
2025-10-22,HM14,33.6
2025-10-22,HM14,33.9
2025-10-22,HM14,35.2
2025-10-22,HM14,33.4
2025-10-22,HM16,41.0
2025-10-22,HM16,44.6
2025-10-22,HM20,37.3
2025-10-22,HM20,38.1
2025-10-22,HM20,38.2
2025-10-22,HM20,38.7
2025-10-22,HM20,31.7
2025-10-22,HM20,35.6
2025-10-22,HM25,49.4
2025-10-22,HM30,37.3
2025-10-22,HM30,35.6
2025-10-22,HM30,35.9
2025-10-22,HM30,35.2
2025-10-22,HM30,37.4
2025-10-22,HM30,36.2
2025-10-22,HM36,35.6
2025-10-22,HM36,33.3
2025-10-22,HM36,34.0
2025-10-22,HM36,28.4
2025-10-22,HM36,32.0
2025-10-22,HM36,35.6
2025-10-22,HM43,33.5
2025-10-22,HM43,36.2
2025-10-22,HM43,36.0
2025-10-22,HM43,35.4
2025-10-22,HM43,35.8
2025-10-22,HM43,35.7
2025-10-22,HM43,32.8
2025-10-22,HM43,34.6
2025-10-22,HM43,34.2
2025-10-22,HM43,37.7
2025-10-22,HM43,34.8
2025-10-22,HM43,40.6
2025-10-22,HM47,34.5
2025-10-22,HM47,38.4
2025-10-22,HM47,29.9
2025-10-22,HM47,32.3
2025-10-22,HM50,34.8
2025-10-22,HM50,37.0
2025-10-22,HM50,33.1
2025-10-22,HM50,38.5
2025-10-22,HM50,41.1
2025-10-22,HM50,35.1
2025-10-22,HM50,37.8
2025-10-22,HM56,24.7
2025-10-23,HM01,32.7
2025-10-23,HM01,35.3
2025-10-23,HM01,35.8
2025-10-23,HM01,31.5
2025-10-23,HM01,33.2
2025-10-23,HM01,33.9
2025-10-23,HM01,32.4
2025-10-23,HM12,35.6
2025-10-23,HM12,37.8
2025-10-23,HM12,36.9
2025-10-23,HM12,37.0
2025-10-23,HM12,38.0
2025-10-23,HM13,36.8
2025-10-23,HM13,32.2
2025-10-23,HM13,33.8
2025-10-23,HM13,34.0
2025-10-23,HM13,32.3
2025-10-23,HM13,31.4
2025-10-23,HM13,32.5
2025-10-23,HM13,30.8
2025-10-23,HM13,32.5
2025-10-23,HM14,31.7
2025-10-23,HM14,30.5
2025-10-23,HM16,32.9
2025-10-23,HM16,34.0
2025-10-23,HM16,34.0
2025-10-23,HM16,31.7
2025-10-23,HM16,34.4
2025-10-23,HM16,39.9
2025-10-23,HM20,31.9
2025-10-23,HM20,32.5
2025-10-23,HM20,32.7
2025-10-23,HM20,36.5
2025-10-23,HM20,31.4
2025-10-23,HM20,36.4
2025-10-23,HM20,35.1
2025-10-23,HM20,35.8
2025-10-23,HM25,28.8
2025-10-23,HM25,31.4
2025-10-23,HM30,40.8
2025-10-23,HM30,39.3
2025-10-23,HM36,32.5
2025-10-23,HM36,33.6
2025-10-23,HM36,36.4
2025-10-23,HM43,33.4
2025-10-23,HM43,35.2
2025-10-23,HM43,36.2
2025-10-23,HM43,36.7
2025-10-23,HM43,36.3
2025-10-23,HM43,34.6
2025-10-23,HM43,34.3
2025-10-23,HM43,37.2
2025-10-23,HM43,36.0
2025-10-23,HM47,38.3
2025-10-23,HM47,33.3
2025-10-23,HM47,38.2
2025-10-23,HM47,33.5
2025-10-23,HM47,35.3
2025-10-23,HM47,33.9
2025-10-23,HM47,38.5
2025-10-23,HM47,34.1
2025-10-23,HM47,37.4
2025-10-23,HM47,38.9
2025-10-23,HM47,35.3
2025-10-23,HM47,34.2
2025-10-23,HM50,35.3
2025-10-23,HM50,33.8
2025-10-23,HM50,38.1
2025-10-23,HM50,35.3
2025-10-23,HM50,37.0
2025-10-23,HM50,30.3
2025-10-23,HM50,31.9
2025-10-24,HM01,36.7
2025-10-24,HM01,38.7
2025-10-24,HM01,38.6
2025-10-24,HM01,34.9
2025-10-24,HM12,34.2
2025-10-24,HM12,38.6
2025-10-24,HM12,31.6
2025-10-24,HM13,29.3
2025-10-24,HM13,29.8
2025-10-24,HM14,36.1
2025-10-24,HM14,37.8
2025-10-24,HM14,37.4
2025-10-24,HM14,30.9
2025-10-24,HM14,34.4
2025-10-24,HM14,39.1
2025-10-24,HM16,35.7
2025-10-24,HM16,32.7
2025-10-24,HM16,35.4
2025-10-24,HM16,37.9
2025-10-24,HM16,35.0
2025-10-24,HM16,33.8
2025-10-24,HM16,35.4
2025-10-24,HM16,33.5
2025-10-24,HM20,12.9
2025-10-24,HM25,32.0
2025-10-24,HM30,16.3
2025-10-24,HM36,35.6
2025-10-24,HM36,34.1
2025-10-24,HM36,34.6
2025-10-24,HM36,32.8
2025-10-24,HM36,31.5
2025-10-24,HM43,32.7
2025-10-24,HM43,33.9
2025-10-24,HM43,28.9
2025-10-24,HM43,34.3
2025-10-24,HM43,33.6
2025-10-24,HM43,34.5
2025-10-24,HM47,37.2
2025-10-24,HM47,35.2
2025-10-24,HM47,36.3
2025-10-24,HM50,33.3
2025-10-24,HM56,34.4
2025-10-24,HM56,35.4
2025-10-24,HM56,33.0
2025-10-24,HM56,33.9
2025-10-24,HM56,34.1
2025-10-24,HM56,31.5
2025-10-25,HM01,30.5
2025-10-25,HM01,31.2
2025-10-25,HM12,36.6
2025-10-25,HM12,38.5
2025-10-25,HM12,36.7
2025-10-25,HM12,39.0
2025-10-25,HM13,35.3
2025-10-25,HM13,34.2
2025-10-25,HM13,34.9
2025-10-25,HM13,33.3
2025-10-25,HM14,40.7
2025-10-25,HM14,37.5
2025-10-25,HM14,39.1
2025-10-25,HM14,38.9
2025-10-25,HM14,39.1
2025-10-25,HM14,34.2
2025-10-25,HM14,34.7
2025-10-25,HM14,37.3
2025-10-25,HM16,38.6
2025-10-25,HM16,41.4
2025-10-25,HM25,28.5
2025-10-25,HM30,32.1
2025-10-25,HM30,38.0
2025-10-25,HM30,34.3
2025-10-25,HM30,37.5
2025-10-25,HM30,30.8
2025-10-25,HM30,33.9
2025-10-25,HM30,32.9
2025-10-25,HM36,24.7
2025-10-25,HM43,31.9
2025-10-25,HM43,35.3
2025-10-25,HM43,32.0
2025-10-25,HM47,35.8
2025-10-25,HM47,36.0
2025-10-25,HM47,35.6
2025-10-25,HM47,37.1
2025-10-25,HM50,41.5
2025-10-25,HM50,39.3
2025-10-25,HM56,36.1
2025-10-25,HM56,30.8
2025-10-25,HM56,36.9
2025-10-25,HM56,35.5
2025-10-25,HM56,36.5
2025-10-25,HM56,33.5
2025-10-25,HM56,34.3
2025-10-25,HM56,32.5
2025-10-25,HM56,34.8
2025-10-25,HM56,36.0
2025-10-25,HM56,35.3
2025-10-26,HM01,45.3
2025-10-26,HM12,35.0
2025-10-26,HM12,32.6
2025-10-26,HM12,35.3
2025-10-26,HM12,33.6
2025-10-26,HM13,36.2
2025-10-26,HM13,30.2
2025-10-26,HM13,38.3
2025-10-26,HM13,35.0
2025-10-26,HM13,31.8
2025-10-26,HM13,37.1
2025-10-26,HM13,38.8
2025-10-26,HM13,36.4
2025-10-26,HM13,34.8
2025-10-26,HM13,37.9
2025-10-26,HM13,38.8
2025-10-26,HM13,36.4
2025-10-26,HM14,35.3
2025-10-26,HM14,37.7
2025-10-26,HM14,37.8
2025-10-26,HM16,32.1
2025-10-26,HM16,28.5
2025-10-26,HM20,35.7
2025-10-26,HM20,33.7
2025-10-26,HM20,33.7
2025-10-26,HM20,36.3
2025-10-26,HM20,34.6
2025-10-26,HM25,25.9
2025-10-26,HM25,29.7
2025-10-26,HM30,28.1
2025-10-26,HM36,47.3
2025-10-26,HM43,37.1
2025-10-26,HM43,38.0
2025-10-26,HM43,39.9
2025-10-26,HM47,35.9
2025-10-26,HM47,38.0
2025-10-26,HM47,37.7
2025-10-26,HM50,35.4
2025-10-26,HM50,35.9
2025-10-26,HM50,36.5
2025-10-26,HM50,35.4
2025-10-26,HM50,33.8
2025-10-26,HM56,34.2
2025-10-26,HM56,32.0
2025-10-26,HM56,34.1
2025-10-26,HM56,34.4
2025-10-26,HM56,37.5
2025-10-26,HM56,33.0
2025-10-26,HM56,34.6
2025-10-27,HM01,37.6
2025-10-27,HM01,34.4
2025-10-27,HM01,30.7
2025-10-27,HM01,32.0
2025-10-27,HM01,28.3
2025-10-27,HM12,32.3
2025-10-27,HM12,35.3
2025-10-27,HM13,47.0
2025-10-27,HM13,43.8
2025-10-27,HM14,31.4
2025-10-27,HM14,36.0
2025-10-27,HM14,32.7
2025-10-27,HM14,34.6
2025-10-27,HM16,38.0
2025-10-27,HM16,34.8
2025-10-27,HM16,40.2
2025-10-27,HM16,37.0
2025-10-27,HM16,37.5
2025-10-27,HM20,27.4
2025-10-27,HM20,29.3
2025-10-27,HM20,33.5
2025-10-27,HM20,31.1
2025-10-27,HM25,38.3
2025-10-27,HM25,36.4
2025-10-27,HM25,37.0
2025-10-27,HM25,34.6
2025-10-27,HM30,40.5
2025-10-27,HM30,34.9
2025-10-27,HM30,38.3
2025-10-27,HM30,39.9
2025-10-27,HM36,41.5
2025-10-27,HM36,40.5
2025-10-27,HM43,32.9
2025-10-27,HM43,35.9
2025-10-27,HM43,36.7
2025-10-27,HM43,34.4
2025-10-27,HM47,39.3
2025-10-27,HM47,36.4
2025-10-27,HM47,34.1
2025-10-27,HM47,33.6
2025-10-27,HM50,40.5
2025-10-27,HM50,40.1
2025-10-27,HM56,35.6
2025-10-27,HM56,33.8
2025-10-27,HM56,33.4
2025-10-27,HM56,31.5
2025-10-27,HM56,31.5
2025-10-27,HM56,35.1
2025-10-28,HM01,39.4
2025-10-28,HM12,38.8
2025-10-28,HM13,29.6
2025-10-28,HM13,31.8
2025-10-28,HM13,36.2
2025-10-28,HM13,31.8
2025-10-28,HM13,32.4
2025-10-28,HM13,34.8
2025-10-28,HM14,39.5
2025-10-28,HM14,36.5
2025-10-28,HM14,38.1
2025-10-28,HM16,37.7
2025-10-28,HM16,36.1
2025-10-28,HM16,37.4
2025-10-28,HM16,35.9
2025-10-28,HM16,38.1
2025-10-28,HM25,11.6
2025-10-28,HM30,37.2
2025-10-28,HM30,37.5
2025-10-28,HM30,33.4
2025-10-28,HM30,36.6
2025-10-28,HM30,35.7
2025-10-28,HM36,28.8
2025-10-28,HM43,25.9
2025-10-28,HM43,25.7
2025-10-28,HM47,28.9
2025-10-28,HM47,28.3
2025-10-28,HM47,28.3
2025-10-28,HM50,30.6
2025-10-28,HM56,25.9
2025-10-28,HM56,30.4
2025-10-29,HM01,34.1
2025-10-29,HM01,31.0
2025-10-29,HM01,28.3
2025-10-29,HM01,34.7
2025-10-29,HM12,18.3
2025-10-29,HM13,40.6
2025-10-29,HM13,42.0
2025-10-29,HM14,33.2
2025-10-29,HM14,36.1
2025-10-29,HM16,42.1
2025-10-29,HM20,33.4
2025-10-29,HM20,36.6
2025-10-29,HM20,35.5
2025-10-29,HM30,33.8
2025-10-29,HM30,28.9
2025-10-29,HM30,32.5
2025-10-29,HM36,36.5
2025-10-29,HM36,34.2
2025-10-29,HM43,49.7
2025-10-29,HM47,36.2
2025-10-29,HM50,35.6
2025-10-29,HM50,36.5
2025-10-29,HM50,36.2
2025-10-29,HM50,33.1
2025-10-29,HM56,36.1
2025-10-29,HM56,29.9
2025-10-29,HM56,33.9
2025-10-29,HM56,33.5
2025-10-29,HM56,32.6
2025-10-30,HM01,35.9
2025-10-30,HM01,33.2
2025-10-30,HM01,34.4
2025-10-30,HM01,34.1
2025-10-30,HM12,29.9
2025-10-30,HM12,31.9
2025-10-30,HM13,29.6
2025-10-30,HM13,28.7
2025-10-30,HM13,30.3
2025-10-30,HM14,36.0
2025-10-30,HM16,41.2
2025-10-30,HM20,20.9
2025-10-30,HM25,34.3
2025-10-30,HM36,38.5
2025-10-30,HM43,32.4
2025-10-30,HM47,51.5
2025-10-30,HM50,40.3
2025-10-30,HM50,38.1
2025-10-30,HM50,38.1
2025-10-30,HM50,39.0
2025-10-30,HM56,26.1
2025-10-30,HM56,28.8
2025-10-31,HM01,41.5
2025-10-31,HM01,43.2
2025-10-31,HM12,40.0
2025-10-31,HM12,41.2
2025-10-31,HM12,39.1
2025-10-31,HM13,34.8
2025-10-31,HM13,37.9
2025-10-31,HM13,34.4
2025-10-31,HM13,31.5
2025-10-31,HM13,36.0
2025-10-31,HM13,35.6
2025-10-31,HM13,37.2
2025-10-31,HM13,33.8
2025-10-31,HM13,34.2
2025-10-31,HM14,34.9
2025-10-31,HM14,35.1
2025-10-31,HM14,36.5
2025-10-31,HM14,35.3
2025-10-31,HM14,38.1
2025-10-31,HM14,35.6
2025-10-31,HM14,35.1
2025-10-31,HM14,35.1
2025-10-31,HM16,35.3
2025-10-31,HM16,33.1
2025-10-31,HM16,35.6
2025-10-31,HM16,35.4
2025-10-31,HM16,37.4
2025-10-31,HM16,37.9
2025-10-31,HM16,34.4
2025-10-31,HM16,35.3
2025-10-31,HM16,30.4
2025-10-31,HM16,33.2
2025-10-31,HM20,54.9
2025-10-31,HM25,27.3
2025-10-31,HM30,38.6
2025-10-31,HM30,45.0
2025-10-31,HM36,28.1
2025-10-31,HM43,33.4
2025-10-31,HM43,31.2
2025-10-31,HM43,31.0
2025-10-31,HM43,30.3
2025-10-31,HM47,37.1
2025-10-31,HM47,37.0
2025-10-31,HM50,29.9
2025-10-31,HM50,33.2
2025-10-31,HM56,36.3
2025-10-31,HM56,33.5
2025-10-31,HM56,34.0
2025-10-31,HM56,37.0
2025-11-01,HM01,41.5
2025-11-01,HM01,39.9
2025-11-01,HM12,32.8
2025-11-01,HM12,33.8
2025-11-01,HM12,33.8
2025-11-01,HM12,34.3
2025-11-01,HM12,31.7
2025-11-01,HM13,40.7
2025-11-01,HM13,37.9
2025-11-01,HM13,36.1
2025-11-01,HM13,36.1
2025-11-01,HM13,33.1
2025-11-01,HM14,37.6
2025-11-01,HM14,35.8
2025-11-01,HM16,32.4
2025-11-01,HM16,31.9
2025-11-01,HM16,30.8
2025-11-01,HM16,31.8
2025-11-01,HM16,30.9
2025-11-01,HM16,35.7
2025-11-01,HM16,33.6
2025-11-01,HM20,33.0
2025-11-01,HM20,31.1
2025-11-01,HM20,33.0
2025-11-01,HM20,30.6
2025-11-01,HM20,30.5
2025-11-01,HM20,29.8
2025-11-01,HM25,26.3
2025-11-01,HM30,45.8
2025-11-01,HM36,38.1
2025-11-01,HM36,41.1
2025-11-01,HM43,30.6
2025-11-01,HM43,33.1
2025-11-01,HM43,31.5
2025-11-01,HM43,30.1
2025-11-01,HM43,35.7
2025-11-01,HM47,36.3
2025-11-01,HM47,37.4
2025-11-01,HM50,32.1
2025-11-01,HM50,34.7
2025-11-01,HM50,28.9
2025-11-01,HM50,28.1
2025-11-01,HM56,38.8
2025-11-01,HM56,33.2
2025-11-01,HM56,35.6
2025-11-01,HM56,32.1
2025-11-01,HM56,33.3
2025-11-01,HM56,34.8
2025-11-01,HM56,33.7
2025-11-02,HM01,22.3
2025-11-02,HM12,31.2
2025-11-02,HM12,31.7
2025-11-02,HM12,36.9
2025-11-02,HM12,30.4
2025-11-02,HM12,31.0
2025-11-02,HM13,34.7
2025-11-02,HM13,30.6
2025-11-02,HM14,30.0
2025-11-02,HM14,33.8
2025-11-02,HM14,36.3
2025-11-02,HM14,33.0
2025-11-02,HM14,31.6
2025-11-02,HM16,41.9
2025-11-02,HM16,44.9
2025-11-02,HM20,29.5
2025-11-02,HM25,35.4
2025-11-02,HM25,35.0
2025-11-02,HM25,35.0
2025-11-02,HM25,37.0
2025-11-02,HM25,33.3
2025-11-02,HM30,33.4
2025-11-02,HM30,31.1
2025-11-02,HM36,38.0
2025-11-02,HM36,36.6
2025-11-02,HM36,36.2
2025-11-02,HM43,36.7
2025-11-02,HM43,34.6
2025-11-02,HM47,37.5
2025-11-02,HM47,38.0
2025-11-02,HM47,33.2
2025-11-02,HM50,32.8
2025-11-02,HM56,33.1
2025-11-02,HM56,33.5
2025-11-02,HM56,33.2
2025-11-03,HM01,31.4
2025-11-03,HM01,27.9
2025-11-03,HM01,30.2
2025-11-03,HM12,32.8
2025-11-03,HM12,35.3
2025-11-03,HM12,33.9
2025-11-03,HM12,38.0
2025-11-03,HM12,36.7
2025-11-03,HM12,31.9
2025-11-03,HM12,34.4
2025-11-03,HM13,48.8
2025-11-03,HM14,33.5
2025-11-03,HM14,34.2
2025-11-03,HM14,36.1
2025-11-03,HM14,36.0
2025-11-03,HM14,34.5
2025-11-03,HM14,32.2
2025-11-03,HM14,31.8
2025-11-03,HM14,35.3
2025-11-03,HM16,36.4
2025-11-03,HM16,33.9
2025-11-03,HM16,32.2
2025-11-03,HM16,34.4
2025-11-03,HM16,31.3
2025-11-03,HM16,32.7
2025-11-03,HM16,34.4
2025-11-03,HM20,25.1
2025-11-03,HM20,28.0
2025-11-03,HM25,39.6
2025-11-03,HM30,37.3
2025-11-03,HM36,37.5
2025-11-03,HM36,38.3
2025-11-03,HM36,33.8
2025-11-03,HM36,39.0
2025-11-03,HM43,41.2
2025-11-03,HM43,44.2
2025-11-03,HM47,42.2
2025-11-03,HM50,25.4
2025-11-03,HM56,29.0
2025-11-03,HM56,27.1
2025-11-04,HM01,34.3
2025-11-04,HM01,28.1
2025-11-04,HM01,30.1
2025-11-04,HM01,26.7
2025-11-04,HM01,29.7
2025-11-04,HM12,18.1
2025-11-04,HM13,36.8
2025-11-04,HM13,37.1
2025-11-04,HM13,38.2
2025-11-04,HM13,38.2
2025-11-04,HM13,35.8
2025-11-04,HM13,36.8
2025-11-04,HM13,36.5
2025-11-04,HM13,36.5
2025-11-04,HM13,39.6
2025-11-04,HM13,36.4
2025-11-04,HM14,37.7
2025-11-04,HM14,37.4
2025-11-04,HM14,38.5
2025-11-04,HM14,35.7
2025-11-04,HM16,27.2
2025-11-04,HM20,37.2
2025-11-04,HM20,33.6
2025-11-04,HM20,33.7
2025-11-04,HM20,34.6
2025-11-04,HM20,35.6
2025-11-04,HM25,36.8
2025-11-04,HM25,32.6
2025-11-04,HM25,31.2
2025-11-04,HM25,33.5
2025-11-04,HM25,31.4
2025-11-04,HM25,34.8
2025-11-04,HM25,33.6
2025-11-04,HM25,31.1
2025-11-04,HM25,31.8
2025-11-04,HM30,27.3
2025-11-04,HM30,29.5
2025-11-04,HM36,33.6
2025-11-04,HM43,51.1
2025-11-04,HM47,33.7
2025-11-04,HM47,31.6
2025-11-04,HM47,32.7
2025-11-04,HM47,34.0
2025-11-05,HM01,32.9
2025-11-05,HM01,29.7
2025-11-05,HM01,30.1
2025-11-05,HM01,29.7
2025-11-05,HM12,34.6
2025-11-05,HM13,39.4
2025-11-05,HM13,36.6
2025-11-05,HM13,37.1
2025-11-05,HM13,41.3
2025-11-05,HM13,37.8
2025-11-05,HM13,35.6
2025-11-05,HM13,37.1
2025-11-05,HM14,38.9
2025-11-05,HM16,37.8
2025-11-05,HM16,38.3
2025-11-05,HM16,34.6
2025-11-05,HM16,35.2
2025-11-05,HM16,33.5
2025-11-05,HM16,33.4
2025-11-05,HM16,35.4
2025-11-05,HM16,36.2
2025-11-05,HM16,36.9
2025-11-05,HM16,40.8
2025-11-05,HM20,15.1
2025-11-05,HM25,36.2
2025-11-05,HM25,39.7
2025-11-05,HM25,37.9
2025-11-05,HM25,40.1
2025-11-05,HM25,35.1
2025-11-05,HM25,36.4
2025-11-05,HM36,36.7
2025-11-05,HM36,37.5
2025-11-05,HM36,42.2
2025-11-05,HM36,37.7
2025-11-05,HM36,37.5
2025-11-05,HM47,33.4
2025-11-05,HM47,34.9
2025-11-05,HM47,34.2
2025-11-05,HM50,36.3
2025-11-05,HM56,35.5
2025-11-05,HM56,33.8
2025-11-05,HM56,35.8
2025-11-05,HM56,34.3
2025-11-06,HM01,26.2
2025-11-06,HM01,30.7
2025-11-06,HM12,31.8
2025-11-06,HM12,36.7
2025-11-06,HM13,46.4
2025-11-06,HM13,40.5
2025-11-06,HM14,33.0
2025-11-06,HM14,41.4
2025-11-06,HM14,33.3
2025-11-06,HM14,32.6
2025-11-06,HM14,36.3
2025-11-06,HM14,33.1
2025-11-06,HM14,30.8
2025-11-06,HM16,33.4
2025-11-06,HM16,32.3
2025-11-06,HM16,33.2
2025-11-06,HM20,41.7
2025-11-06,HM25,40.3
2025-11-06,HM25,38.8
2025-11-06,HM25,42.7
2025-11-06,HM30,33.0
2025-11-06,HM30,34.2
2025-11-06,HM30,32.9
2025-11-06,HM30,34.7
2025-11-06,HM36,29.8
2025-11-06,HM36,33.1
2025-11-06,HM36,31.8
2025-11-06,HM36,31.7
2025-11-06,HM36,31.5
2025-11-06,HM36,36.4
2025-11-06,HM36,34.5
2025-11-06,HM43,34.7
2025-11-06,HM43,35.4
2025-11-06,HM43,35.1
2025-11-06,HM47,28.3
2025-11-06,HM50,33.7
2025-11-06,HM50,31.0
2025-11-06,HM50,29.1
2025-11-06,HM56,29.8
2025-11-06,HM56,29.5
2025-11-07,HM01,35.7
2025-11-07,HM01,38.0
2025-11-07,HM01,40.5
2025-11-07,HM01,35.3
2025-11-07,HM01,34.5
2025-11-07,HM01,36.0
2025-11-07,HM12,30.4
2025-11-07,HM12,31.3
2025-11-07,HM12,28.7
2025-11-07,HM12,32.6
2025-11-07,HM13,30.1
2025-11-07,HM13,30.5
2025-11-07,HM13,31.5
2025-11-07,HM14,33.0
2025-11-07,HM14,35.8
2025-11-07,HM14,33.6
2025-11-07,HM16,43.5
2025-11-07,HM16,43.7
2025-11-07,HM20,34.7
2025-11-07,HM20,38.6
2025-11-07,HM20,37.5
2025-11-07,HM20,36.4
2025-11-07,HM20,34.5
2025-11-07,HM25,34.5
2025-11-07,HM25,34.1
2025-11-07,HM30,33.5
2025-11-07,HM30,35.2
2025-11-07,HM30,33.2
2025-11-07,HM36,35.9
2025-11-07,HM36,34.1
2025-11-07,HM36,35.3
2025-11-07,HM36,29.5
2025-11-07,HM36,35.5
2025-11-07,HM36,35.6
2025-11-07,HM36,39.0
2025-11-07,HM36,36.2
2025-11-07,HM36,40.1
2025-11-07,HM36,37.8
2025-11-07,HM43,38.9
2025-11-07,HM43,35.2
2025-11-07,HM47,30.6
2025-11-07,HM47,38.5
2025-11-07,HM50,41.2
2025-11-07,HM50,40.3
2025-11-07,HM50,44.0
2025-11-07,HM56,34.6
2025-11-07,HM56,34.8
2025-11-07,HM56,35.7
2025-11-07,HM56,36.8
2025-11-07,HM56,34.6
2025-11-07,HM56,35.5
2025-11-07,HM56,36.2
2025-11-07,HM56,37.0
2025-11-07,HM56,36.3
2025-11-07,HM56,32.8
2025-11-08,HM01,34.5
2025-11-08,HM01,32.4
2025-11-08,HM01,35.7
2025-11-08,HM01,36.8
2025-11-08,HM12,39.1
2025-11-08,HM13,40.4
2025-11-08,HM13,41.6
2025-11-08,HM13,39.9
2025-11-08,HM13,37.7
2025-11-08,HM13,40.3
2025-11-08,HM14,35.1
2025-11-08,HM14,39.7
2025-11-08,HM14,38.8
2025-11-08,HM14,35.4
2025-11-08,HM14,35.5
2025-11-08,HM14,32.3
2025-11-08,HM14,37.9
2025-11-08,HM14,34.3
2025-11-08,HM14,33.5
2025-11-08,HM14,36.9
2025-11-08,HM14,34.6
2025-11-08,HM14,36.5
2025-11-08,HM16,27.7
2025-11-08,HM16,27.3
2025-11-08,HM20,34.3
2025-11-08,HM20,29.4
2025-11-08,HM20,32.6
2025-11-08,HM25,36.3
2025-11-08,HM25,33.9
2025-11-08,HM25,34.2
2025-11-08,HM30,36.5
2025-11-08,HM30,32.9
2025-11-08,HM30,36.5
2025-11-08,HM30,32.9
2025-11-08,HM30,37.9
2025-11-08,HM30,34.2
2025-11-08,HM30,34.9
2025-11-08,HM30,31.4
2025-11-08,HM36,49.2
2025-11-08,HM43,30.1
2025-11-08,HM43,32.7
2025-11-08,HM43,28.3
2025-11-08,HM47,37.1
2025-11-08,HM47,36.5
2025-11-08,HM47,38.9
2025-11-08,HM47,38.7
2025-11-08,HM50,34.4
2025-11-08,HM56,33.8
2025-11-09,HM01,42.2
2025-11-09,HM12,25.5
2025-11-09,HM12,25.7
2025-11-09,HM13,35.7
2025-11-09,HM13,34.1
2025-11-09,HM13,35.9
2025-11-09,HM13,37.8
2025-11-09,HM13,34.4
2025-11-09,HM13,34.2
2025-11-09,HM13,35.2
2025-11-09,HM13,41.9
2025-11-09,HM13,36.2
2025-11-09,HM13,36.5
2025-11-09,HM13,34.2
2025-11-09,HM13,37.1
2025-11-09,HM14,37.1
2025-11-09,HM14,39.1
2025-11-09,HM14,39.1
2025-11-09,HM14,40.4
2025-11-09,HM14,35.1
2025-11-09,HM14,35.2
2025-11-09,HM14,34.4
2025-11-09,HM16,37.7
2025-11-09,HM16,42.5
2025-11-09,HM20,52.0
2025-11-09,HM25,37.4
2025-11-09,HM25,30.3
2025-11-09,HM25,31.7
2025-11-09,HM25,31.5
2025-11-09,HM25,34.5
2025-11-09,HM36,31.9
2025-11-09,HM47,29.0
2025-11-09,HM47,27.3
2025-11-09,HM50,29.9
2025-11-09,HM50,33.2
2025-11-09,HM50,34.7
2025-11-09,HM50,33.1
2025-11-09,HM56,35.5
2025-11-09,HM56,35.0
2025-11-09,HM56,37.0
2025-11-10,HM01,41.5
2025-11-10,HM01,42.5
2025-11-10,HM12,35.4
2025-11-10,HM12,36.4
2025-11-10,HM12,35.2
2025-11-10,HM13,51.2
2025-11-10,HM14,39.1
2025-11-10,HM14,38.6
2025-11-10,HM14,38.7
2025-11-10,HM16,33.8
2025-11-10,HM16,34.6
2025-11-10,HM16,38.3
2025-11-10,HM16,38.9
2025-11-10,HM16,33.4
2025-11-10,HM16,35.8
2025-11-10,HM20,38.7
2025-11-10,HM25,47.1
2025-11-10,HM30,37.1
2025-11-10,HM30,32.2
2025-11-10,HM30,34.2
2025-11-10,HM30,37.2
2025-11-10,HM36,33.1
2025-11-10,HM43,35.2
2025-11-10,HM43,32.7
2025-11-10,HM43,34.1
2025-11-10,HM43,31.2
2025-11-10,HM43,33.3
2025-11-10,HM47,40.6
2025-11-10,HM50,39.4
2025-11-10,HM56,39.0
2025-11-10,HM56,38.7
2025-11-10,HM56,42.2
2025-11-10,HM56,36.8
2025-11-11,HM01,37.0
2025-11-11,HM01,34.0
2025-11-11,HM01,28.3
2025-11-11,HM01,33.6
2025-11-11,HM01,29.4
2025-11-11,HM01,36.8
2025-11-11,HM12,40.1
2025-11-11,HM12,38.8
2025-11-11,HM12,32.8
2025-11-11,HM12,35.9
2025-11-11,HM12,37.7
2025-11-11,HM12,34.9
2025-11-11,HM12,38.2
2025-11-11,HM13,36.4
2025-11-11,HM13,35.1
2025-11-11,HM13,37.2
2025-11-11,HM13,38.7
2025-11-11,HM13,33.9
2025-11-11,HM13,36.2
2025-11-11,HM13,34.5
2025-11-11,HM13,35.0
2025-11-11,HM13,32.8
2025-11-11,HM13,36.3
2025-11-11,HM13,33.4
2025-11-11,HM14,36.3
2025-11-11,HM14,32.7
2025-11-11,HM14,31.2
2025-11-11,HM14,34.8
2025-11-11,HM14,34.8
2025-11-11,HM16,36.9
2025-11-11,HM16,38.9
2025-11-11,HM20,39.6
2025-11-11,HM20,41.3
2025-11-11,HM25,41.3
2025-11-11,HM25,37.4
2025-11-11,HM30,34.3
2025-11-11,HM30,37.1
2025-11-11,HM30,33.6
2025-11-11,HM30,33.4
2025-11-11,HM30,33.9
2025-11-11,HM36,38.1
2025-11-11,HM36,36.4
2025-11-11,HM36,37.5
2025-11-11,HM36,36.5
2025-11-11,HM36,36.8
2025-11-11,HM36,33.8
2025-11-11,HM36,35.7
2025-11-11,HM36,35.3
2025-11-11,HM36,36.9
2025-11-11,HM36,34.6
2025-11-11,HM36,38.6
2025-11-11,HM36,36.1
2025-11-11,HM43,40.8
2025-11-11,HM47,24.9
2025-11-11,HM47,28.6
2025-11-11,HM56,33.6
2025-11-11,HM56,28.8
2025-11-11,HM56,34.4
2025-11-11,HM56,32.4
2025-11-12,HM01,38.0
2025-11-12,HM01,37.2
2025-11-12,HM12,32.6
2025-11-12,HM12,31.5
2025-11-12,HM12,34.8
2025-11-12,HM12,34.6
2025-11-12,HM12,37.8
2025-11-12,HM12,35.5
2025-11-12,HM12,32.9
2025-11-12,HM13,33.2
2025-11-12,HM13,32.6
2025-11-12,HM16,31.7
2025-11-12,HM16,31.1
2025-11-12,HM16,35.9
2025-11-12,HM16,34.1
2025-11-12,HM20,45.6
2025-11-12,HM25,38.6
2025-11-12,HM25,41.3
2025-11-12,HM25,38.5
2025-11-12,HM30,36.4
2025-11-12,HM30,35.4
2025-11-12,HM30,34.0
2025-11-12,HM30,34.6
2025-11-12,HM30,36.3
2025-11-12,HM36,40.0
2025-11-12,HM36,38.1
2025-11-12,HM43,39.3
2025-11-12,HM47,35.5
2025-11-12,HM47,33.4
2025-11-12,HM47,28.9
2025-11-12,HM47,33.0
2025-11-12,HM47,36.6
2025-11-12,HM47,31.4
2025-11-12,HM47,30.3
2025-11-12,HM50,29.6
2025-11-12,HM50,30.3
2025-11-12,HM56,32.7
2025-11-13,HM01,25.2
2025-11-13,HM01,24.0
2025-11-13,HM12,34.8
2025-11-13,HM13,30.3
2025-11-13,HM13,33.4
2025-11-13,HM13,32.8
2025-11-13,HM13,36.4
2025-11-13,HM13,33.7
2025-11-13,HM14,30.1
2025-11-13,HM14,32.0
2025-11-13,HM16,35.7
2025-11-13,HM16,36.7
2025-11-13,HM16,38.7
2025-11-13,HM16,35.1
2025-11-13,HM16,33.2
2025-11-13,HM16,34.4
2025-11-13,HM16,38.4
2025-11-13,HM16,35.6
2025-11-13,HM16,31.4
2025-11-13,HM25,22.6
2025-11-13,HM30,35.6
2025-11-13,HM30,32.1
2025-11-13,HM30,35.4
2025-11-13,HM30,30.3
2025-11-13,HM30,34.9
2025-11-13,HM36,33.8
2025-11-13,HM36,36.5
2025-11-13,HM36,37.7
2025-11-13,HM36,37.6
2025-11-13,HM36,31.8
2025-11-13,HM36,36.8
2025-11-13,HM36,34.6
2025-11-13,HM36,34.5
2025-11-13,HM36,38.8
2025-11-13,HM36,36.0
2025-11-13,HM36,34.7
2025-11-13,HM43,31.2
2025-11-13,HM43,31.1
2025-11-13,HM43,31.2
2025-11-13,HM47,38.8
2025-11-13,HM47,33.9
2025-11-13,HM47,40.3
2025-11-13,HM47,37.4
2025-11-13,HM47,36.3
2025-11-13,HM50,36.1
2025-11-13,HM50,34.9
2025-11-13,HM50,34.3
2025-11-13,HM56,38.9
2025-11-13,HM56,29.8
2025-11-13,HM56,34.9
2025-11-13,HM56,34.7
2025-11-13,HM56,33.3
2025-11-14,HM01,34.2
2025-11-14,HM12,34.4
2025-11-14,HM12,31.0
2025-11-14,HM12,33.1
2025-11-14,HM12,33.9
2025-11-14,HM13,40.6
2025-11-14,HM14,39.2
2025-11-14,HM14,36.9
2025-11-14,HM14,37.4
2025-11-14,HM14,37.5
2025-11-14,HM14,36.1
2025-11-14,HM14,33.8
2025-11-14,HM14,36.4
2025-11-14,HM16,28.9
2025-11-14,HM16,28.1
2025-11-14,HM20,32.0
2025-11-14,HM25,40.2
2025-11-14,HM25,39.4
2025-11-14,HM30,28.5
2025-11-14,HM30,31.0
2025-11-14,HM30,31.7
2025-11-14,HM30,31.0
2025-11-14,HM36,28.0
2025-11-14,HM36,34.2
2025-11-14,HM36,32.6
2025-11-14,HM43,19.0
2025-11-14,HM47,30.2
2025-11-14,HM47,31.7
2025-11-14,HM56,48.7
2025-11-15,HM01,29.9
2025-11-15,HM01,30.3
2025-11-15,HM01,33.6
2025-11-15,HM01,31.9
2025-11-15,HM12,36.5
2025-11-15,HM12,33.4
2025-11-15,HM12,36.2
2025-11-15,HM12,36.5
2025-11-15,HM12,34.5
2025-11-15,HM13,39.0
2025-11-15,HM13,36.3
2025-11-15,HM13,40.7
2025-11-15,HM13,35.7
2025-11-15,HM14,37.3
2025-11-15,HM14,35.2
2025-11-15,HM14,34.2
2025-11-15,HM14,34.3
2025-11-15,HM14,38.2
2025-11-15,HM14,38.2
2025-11-15,HM14,35.2
2025-11-15,HM16,32.9
2025-11-15,HM16,35.3
2025-11-15,HM16,35.4
2025-11-15,HM16,37.0
2025-11-15,HM16,35.0
2025-11-15,HM16,34.0
2025-11-15,HM16,38.9
2025-11-15,HM16,33.5
2025-11-15,HM16,38.0
2025-11-15,HM16,34.5
2025-11-15,HM16,34.7
2025-11-15,HM20,24.3
2025-11-15,HM25,42.3
2025-11-15,HM25,44.3
2025-11-15,HM25,38.2
2025-11-15,HM30,12.4
2025-11-15,HM36,25.7
2025-11-15,HM43,27.9
2025-11-15,HM47,34.5
2025-11-15,HM47,34.4
2025-11-15,HM47,33.1
2025-11-15,HM50,35.3
2025-11-15,HM50,31.0
2025-11-15,HM50,31.3
2025-11-15,HM50,29.5
2025-11-15,HM56,34.8
2025-11-15,HM56,34.8
2025-11-15,HM56,35.3
2025-11-15,HM56,36.4
2025-11-15,HM56,37.1
2025-11-15,HM56,33.5
2025-11-16,HM01,33.1
2025-11-16,HM01,35.5
2025-11-16,HM01,35.4
2025-11-16,HM12,38.8
2025-11-16,HM12,38.2
2025-11-16,HM13,32.6
2025-11-16,HM13,31.0
2025-11-16,HM13,35.1
2025-11-16,HM13,32.8
2025-11-16,HM13,37.5
2025-11-16,HM13,31.7
2025-11-16,HM13,31.4
2025-11-16,HM14,34.5
2025-11-16,HM14,36.6
2025-11-16,HM14,38.4
2025-11-16,HM14,36.8
2025-11-16,HM16,33.8
2025-11-16,HM16,33.1
2025-11-16,HM16,33.0
2025-11-16,HM16,35.5
2025-11-16,HM20,39.2
2025-11-16,HM25,33.8
2025-11-16,HM25,33.6
2025-11-16,HM25,36.4
2025-11-16,HM25,38.6
2025-11-16,HM25,34.2
2025-11-16,HM25,34.3
2025-11-16,HM25,35.5
2025-11-16,HM25,37.1
2025-11-16,HM30,32.9
2025-11-16,HM30,35.5
2025-11-16,HM30,39.7
2025-11-16,HM30,39.0
2025-11-16,HM30,38.2
2025-11-16,HM36,24.2
2025-11-16,HM36,29.0
2025-11-16,HM43,52.6
2025-11-16,HM47,39.2
2025-11-16,HM47,43.5
2025-11-16,HM47,39.7
2025-11-16,HM50,34.1
2025-11-16,HM50,36.2
2025-11-16,HM50,33.9
2025-11-16,HM56,34.0
2025-11-16,HM56,37.6
2025-11-16,HM56,37.6
2025-11-16,HM56,39.3
2025-11-16,HM56,35.2
2025-11-17,HM01,31.1
2025-11-17,HM01,31.1
2025-11-17,HM01,33.1
2025-11-17,HM01,31.2
2025-11-17,HM01,31.3
2025-11-17,HM01,34.8
2025-11-17,HM12,29.4
2025-11-17,HM12,32.7
2025-11-17,HM13,36.3
2025-11-17,HM13,37.4
2025-11-17,HM13,34.2
2025-11-17,HM13,34.0
2025-11-17,HM13,35.0
2025-11-17,HM13,38.2
2025-11-17,HM13,36.2
2025-11-17,HM13,36.8
2025-11-17,HM13,36.9
2025-11-17,HM13,38.9
2025-11-17,HM14,30.1
2025-11-17,HM14,31.8
2025-11-17,HM14,30.5
2025-11-17,HM16,34.5
2025-11-17,HM16,38.5
2025-11-17,HM16,34.2
2025-11-17,HM20,39.4
2025-11-17,HM20,38.4
2025-11-17,HM20,40.5
2025-11-17,HM25,38.0
2025-11-17,HM25,35.1
2025-11-17,HM25,33.8
2025-11-17,HM25,33.3
2025-11-17,HM25,35.5
2025-11-17,HM25,35.4
2025-11-17,HM25,32.8
2025-11-17,HM25,33.8
2025-11-17,HM30,29.7
2025-11-17,HM30,28.8
2025-11-17,HM36,51.7
2025-11-17,HM43,34.2
2025-11-17,HM43,38.1
2025-11-17,HM47,29.7
2025-11-17,HM47,30.5
2025-11-17,HM47,33.1
2025-11-17,HM56,38.7
2025-11-17,HM56,41.9
2025-11-18,HM01,37.0
2025-11-18,HM01,34.5
2025-11-18,HM01,33.5
2025-11-18,HM12,30.9
2025-11-18,HM13,38.7
2025-11-18,HM13,35.3
2025-11-18,HM13,38.3
2025-11-18,HM14,38.8
2025-11-18,HM14,38.6
2025-11-18,HM14,35.5
2025-11-18,HM14,37.6
2025-11-18,HM16,35.5
2025-11-18,HM16,38.0
2025-11-18,HM16,36.5
2025-11-18,HM20,37.3
2025-11-18,HM20,33.4
2025-11-18,HM25,50.7
2025-11-18,HM30,16.9
2025-11-18,HM36,31.9
2025-11-18,HM36,32.2
2025-11-18,HM36,33.2
2025-11-18,HM36,37.2
2025-11-18,HM36,34.6
2025-11-18,HM36,33.4
2025-11-18,HM43,38.9
2025-11-18,HM43,38.4
2025-11-18,HM43,38.3
2025-11-18,HM43,41.0
2025-11-18,HM43,37.5
2025-11-18,HM47,37.7
2025-11-18,HM47,38.2
2025-11-18,HM50,35.2
2025-11-18,HM50,34.7
2025-11-18,HM50,31.2
2025-11-18,HM50,36.8
2025-11-18,HM56,45.0
2025-11-18,HM56,44.7
2025-11-19,HM01,32.6
2025-11-19,HM12,26.6
2025-11-19,HM12,24.8
2025-11-19,HM13,32.6
2025-11-19,HM13,31.9
2025-11-19,HM13,32.4
2025-11-19,HM14,30.4
2025-11-19,HM14,29.6
2025-11-19,HM14,33.9
2025-11-19,HM14,32.8
2025-11-19,HM20,30.4
2025-11-19,HM20,32.6
2025-11-19,HM20,34.2
2025-11-19,HM25,26.2
2025-11-19,HM30,29.5
2025-11-19,HM30,33.6
2025-11-19,HM30,32.2
2025-11-19,HM36,44.6
2025-11-19,HM43,34.1
2025-11-19,HM43,34.8
2025-11-19,HM43,33.9
2025-11-19,HM43,35.2
2025-11-19,HM43,32.1
2025-11-19,HM43,38.9
2025-11-19,HM43,35.8
2025-11-19,HM47,35.3
2025-11-19,HM47,30.8
2025-11-19,HM50,41.1
2025-11-19,HM50,41.5
2025-11-19,HM56,31.0
2025-11-19,HM56,26.8
2025-11-20,HM01,31.9
2025-11-20,HM01,36.2
2025-11-20,HM01,33.2
2025-11-20,HM01,30.4
2025-11-20,HM01,35.4
2025-11-20,HM01,31.1
2025-11-20,HM01,34.7
2025-11-20,HM01,35.9
2025-11-20,HM01,33.3
2025-11-20,HM12,37.5
2025-11-20,HM12,36.3
2025-11-20,HM12,34.5
2025-11-20,HM12,39.3
2025-11-20,HM12,36.0
2025-11-20,HM13,34.9
2025-11-20,HM13,34.0
2025-11-20,HM14,27.0
2025-11-20,HM16,30.0
2025-11-20,HM16,29.9
2025-11-20,HM25,31.2
2025-11-20,HM30,28.5
2025-11-20,HM36,42.9
2025-11-20,HM36,41.9
2025-11-20,HM43,31.5
2025-11-20,HM43,30.0
2025-11-20,HM43,35.0
2025-11-20,HM47,41.3
2025-11-20,HM47,39.2
2025-11-20,HM47,41.6
2025-11-20,HM50,44.5
2025-11-20,HM50,44.3
2025-11-20,HM56,39.4
2025-11-21,HM01,31.2
2025-11-21,HM01,32.1
2025-11-21,HM01,32.2
2025-11-21,HM01,33.4
2025-11-21,HM12,31.2
2025-11-21,HM12,31.9
2025-11-21,HM12,40.8
2025-11-21,HM12,37.6
2025-11-21,HM12,35.3
2025-11-21,HM13,34.5
2025-11-21,HM13,28.6
2025-11-21,HM13,36.7
2025-11-21,HM13,34.6
2025-11-21,HM13,33.7
2025-11-21,HM14,28.3
2025-11-21,HM14,31.3
2025-11-21,HM16,30.6
2025-11-21,HM16,28.1
2025-11-21,HM16,33.3
2025-11-21,HM16,35.9
2025-11-21,HM16,29.3
2025-11-21,HM16,31.1
2025-11-21,HM20,32.4
2025-11-21,HM20,31.6
2025-11-21,HM20,37.2
2025-11-21,HM20,33.1
2025-11-21,HM20,34.5
2025-11-21,HM20,29.9
2025-11-21,HM20,34.5
2025-11-21,HM25,34.2
2025-11-21,HM25,36.9
2025-11-21,HM25,35.3
2025-11-21,HM30,37.3
2025-11-21,HM36,30.5
2025-11-21,HM43,37.1
2025-11-21,HM43,39.8
2025-11-21,HM47,49.1
2025-11-21,HM50,31.8
2025-11-21,HM50,32.1
2025-11-21,HM50,36.4
2025-11-21,HM50,31.3
2025-11-21,HM50,35.0
2025-11-21,HM56,37.2
2025-11-21,HM56,34.2
2025-11-21,HM56,34.9
2025-11-21,HM56,37.2
2025-11-21,HM56,35.7
2025-11-21,HM56,32.6
2025-11-21,HM56,37.4
2025-11-21,HM56,38.1
2025-11-21,HM56,36.1
2025-11-21,HM56,37.9
2025-11-21,HM56,34.6
2025-11-21,HM56,35.1
2025-11-22,HM01,39.7
2025-11-22,HM12,36.8
2025-11-22,HM12,35.7
2025-11-22,HM12,35.9
2025-11-22,HM12,37.6
2025-11-22,HM12,38.4
2025-11-22,HM13,41.4
2025-11-22,HM13,37.7
2025-11-22,HM13,41.8
2025-11-22,HM14,35.8
2025-11-22,HM14,40.6
2025-11-22,HM14,34.0
2025-11-22,HM14,37.5
2025-11-22,HM14,32.6
2025-11-22,HM14,34.6
2025-11-22,HM14,34.7
2025-11-22,HM14,37.4
2025-11-22,HM14,35.4
2025-11-22,HM14,37.9
2025-11-22,HM14,33.5
2025-11-22,HM14,38.7
2025-11-22,HM16,41.9
2025-11-22,HM20,33.5
2025-11-22,HM25,43.1
2025-11-22,HM30,35.3
2025-11-22,HM30,34.3
2025-11-22,HM30,36.2
2025-11-22,HM30,35.9
2025-11-22,HM30,40.1
2025-11-22,HM36,50.7
2025-11-22,HM43,36.8
2025-11-22,HM43,39.4
2025-11-22,HM43,35.1
2025-11-22,HM43,36.6
2025-11-22,HM43,35.2
2025-11-22,HM43,37.0
2025-11-22,HM47,34.7
2025-11-22,HM50,34.5
2025-11-22,HM50,35.4
2025-11-22,HM50,34.1
2025-11-22,HM50,34.4
2025-11-22,HM50,38.3
2025-11-23,HM01,38.7
2025-11-23,HM12,37.2
2025-11-23,HM13,36.9
2025-11-23,HM13,33.8
2025-11-23,HM13,34.2
2025-11-23,HM13,35.9
2025-11-23,HM13,35.1
2025-11-23,HM13,37.4
2025-11-23,HM13,37.5
2025-11-23,HM14,38.7
2025-11-23,HM14,36.0
2025-11-23,HM16,41.4
2025-11-23,HM20,39.1
2025-11-23,HM20,41.5
2025-11-23,HM20,38.2
2025-11-23,HM25,32.5
2025-11-23,HM25,33.7
2025-11-23,HM25,35.1
2025-11-23,HM25,34.6
2025-11-23,HM25,32.8
2025-11-23,HM25,31.6
2025-11-23,HM30,35.3
2025-11-23,HM30,33.4
2025-11-23,HM30,35.4
2025-11-23,HM30,32.3
2025-11-23,HM30,33.4
2025-11-23,HM36,32.1
2025-11-23,HM36,36.0
2025-11-23,HM36,31.7
2025-11-23,HM36,34.9
2025-11-23,HM36,33.3
2025-11-23,HM36,32.9
2025-11-23,HM36,34.6
2025-11-23,HM43,45.9
2025-11-23,HM47,35.7
2025-11-23,HM47,33.9
2025-11-23,HM47,35.0
2025-11-23,HM47,30.2
2025-11-23,HM47,33.6
2025-11-23,HM47,32.4
2025-11-23,HM50,22.3
2025-11-23,HM56,34.3
2025-11-23,HM56,36.5
2025-11-24,HM01,35.7
2025-11-24,HM01,38.0
2025-11-24,HM01,36.6
2025-11-24,HM01,33.4
2025-11-24,HM01,35.1
2025-11-24,HM01,34.9
2025-11-24,HM01,36.7
2025-11-24,HM01,36.3
2025-11-24,HM12,29.6
2025-11-24,HM12,33.4
2025-11-24,HM13,36.8
2025-11-24,HM13,36.0
2025-11-24,HM13,36.5
2025-11-24,HM13,36.9
2025-11-24,HM13,33.9
2025-11-24,HM13,39.0
2025-11-24,HM13,34.4
2025-11-24,HM13,35.7
2025-11-24,HM13,34.5
2025-11-24,HM13,37.0
2025-11-24,HM13,35.3
2025-11-24,HM13,32.6
2025-11-24,HM14,35.2
2025-11-24,HM14,37.5
2025-11-24,HM14,36.4
2025-11-24,HM14,35.7
2025-11-24,HM16,33.5
2025-11-24,HM16,33.1
2025-11-24,HM16,33.7
2025-11-24,HM20,43.3
2025-11-24,HM25,36.6
2025-11-24,HM30,31.8
2025-11-24,HM30,27.6
2025-11-24,HM30,32.8
2025-11-24,HM43,34.7
2025-11-24,HM43,36.6
2025-11-24,HM43,36.8
2025-11-24,HM43,34.1
2025-11-24,HM43,35.2
2025-11-24,HM43,32.8
2025-11-24,HM43,38.5
2025-11-24,HM43,36.1
2025-11-24,HM43,35.9
2025-11-24,HM43,35.2
2025-11-24,HM43,38.1
2025-11-24,HM43,36.0
2025-11-24,HM47,32.3
2025-11-24,HM47,34.3
2025-11-24,HM47,31.6
2025-11-24,HM50,26.8
2025-11-24,HM56,36.2
2025-11-24,HM56,36.8
2025-11-24,HM56,36.2
2025-11-25,HM01,42.9
2025-11-25,HM12,31.7
2025-11-25,HM12,31.9
2025-11-25,HM12,34.5
2025-11-25,HM13,35.9
2025-11-25,HM13,34.1
2025-11-25,HM14,38.1
2025-11-25,HM14,39.3
2025-11-25,HM14,37.9
2025-11-25,HM16,35.5
2025-11-25,HM16,30.5
2025-11-25,HM16,36.3
2025-11-25,HM16,34.2
2025-11-25,HM16,35.5
2025-11-25,HM20,37.2
2025-11-25,HM25,39.5
2025-11-25,HM25,37.5
2025-11-25,HM25,36.6
2025-11-25,HM25,40.1
2025-11-25,HM30,39.8
2025-11-25,HM30,33.2
2025-11-25,HM30,35.2
2025-11-25,HM30,38.5
2025-11-25,HM30,32.8
2025-11-25,HM36,30.2
2025-11-25,HM36,32.1
2025-11-25,HM36,34.1
2025-11-25,HM36,31.6
2025-11-25,HM36,34.6
2025-11-25,HM36,34.3
2025-11-25,HM43,35.1
2025-11-25,HM43,34.5
2025-11-25,HM43,30.6
2025-11-25,HM47,36.4
2025-11-25,HM47,38.1
2025-11-25,HM47,34.3
2025-11-25,HM47,37.2
2025-11-25,HM47,36.6
2025-11-25,HM47,36.5
2025-11-25,HM50,42.2
2025-11-25,HM50,39.7
2025-11-25,HM56,34.6
2025-11-25,HM56,33.9
2025-11-25,HM56,32.8
2025-11-25,HM56,35.8
2025-11-25,HM56,34.9
2025-11-25,HM56,35.0
2025-11-25,HM56,34.9
2025-11-25,HM56,36.7
2025-11-25,HM56,31.8
2025-11-25,HM56,37.0
2025-11-25,HM56,31.6
2025-11-26,HM01,22.0
2025-11-26,HM12,29.5
2025-11-26,HM12,26.9
2025-11-26,HM13,31.9
2025-11-26,HM13,33.8
2025-11-26,HM14,48.0
2025-11-26,HM16,45.0
2025-11-26,HM20,34.4
2025-11-26,HM20,28.5
2025-11-26,HM25,39.5
2025-11-26,HM25,36.3
2025-11-26,HM25,39.1
2025-11-26,HM25,39.4
2025-11-26,HM30,17.7
2025-11-26,HM36,29.4
2025-11-26,HM36,33.4
2025-11-26,HM36,28.4
2025-11-26,HM36,31.4
2025-11-26,HM43,36.2
2025-11-26,HM43,37.7
2025-11-26,HM43,36.3
2025-11-26,HM43,35.3
2025-11-26,HM43,34.3
2025-11-26,HM47,35.9
2025-11-26,HM47,34.7
2025-11-26,HM47,35.6
2025-11-26,HM47,37.8
2025-11-26,HM47,35.3
2025-11-26,HM47,32.5
2025-11-26,HM47,32.9
2025-11-26,HM47,34.6
2025-11-26,HM56,34.9
2025-11-26,HM56,34.0
2025-11-26,HM56,34.7
2025-11-26,HM56,33.0
2025-11-27,HM01,34.9
2025-11-27,HM01,40.1
2025-11-27,HM01,36.1
2025-11-27,HM01,34.0
2025-11-27,HM01,36.8
2025-11-27,HM01,33.7
2025-11-27,HM01,34.2
2025-11-27,HM01,35.7
2025-11-27,HM01,38.5
2025-11-27,HM01,34.6
2025-11-27,HM12,29.0
2025-11-27,HM12,30.3
2025-11-27,HM12,34.2
2025-11-27,HM13,24.9
2025-11-27,HM14,45.5
2025-11-27,HM16,27.2
2025-11-27,HM16,30.4
2025-11-27,HM16,28.4
2025-11-27,HM20,26.1
2025-11-27,HM20,29.5
2025-11-27,HM25,31.4
2025-11-27,HM30,44.9
2025-11-27,HM36,42.1
2025-11-27,HM43,32.9
2025-11-27,HM43,31.3
2025-11-27,HM56,25.9
2025-11-27,HM56,25.3
2025-11-28,HM01,28.2
2025-11-28,HM01,34.2
2025-11-28,HM01,34.5
2025-11-28,HM12,32.1
2025-11-28,HM12,33.9
2025-11-28,HM12,32.0
2025-11-28,HM12,31.7
2025-11-28,HM12,30.7
2025-11-28,HM13,36.0
2025-11-28,HM13,39.9
2025-11-28,HM13,36.3
2025-11-28,HM14,35.4
2025-11-28,HM14,38.6
2025-11-28,HM14,37.0
2025-11-28,HM16,33.5
2025-11-28,HM16,33.4
2025-11-28,HM16,32.7
2025-11-28,HM20,35.1
2025-11-28,HM20,39.5
2025-11-28,HM20,37.7
2025-11-28,HM25,38.9
2025-11-28,HM25,39.2
2025-11-28,HM25,37.1
2025-11-28,HM30,34.2
2025-11-28,HM30,34.4
2025-11-28,HM30,36.1
2025-11-28,HM30,34.3
2025-11-28,HM30,35.5
2025-11-28,HM30,35.6
2025-11-28,HM36,43.8
2025-11-28,HM36,41.3
2025-11-28,HM43,34.8
2025-11-28,HM43,36.5
2025-11-28,HM43,33.3
2025-11-28,HM43,38.5
2025-11-28,HM47,32.1
2025-11-28,HM47,32.6
2025-11-28,HM47,32.3
2025-11-28,HM47,31.8
2025-11-28,HM47,33.3
2025-11-28,HM47,32.3
2025-11-28,HM56,42.3
2025-11-28,HM56,43.1
2025-11-29,HM01,41.5
2025-11-29,HM12,36.0
2025-11-29,HM12,35.0
2025-11-29,HM12,34.7
2025-11-29,HM12,31.3
2025-11-29,HM12,34.2
2025-11-29,HM12,38.7
2025-11-29,HM12,35.1
2025-11-29,HM12,34.1
2025-11-29,HM12,31.7
2025-11-29,HM12,33.9
2025-11-29,HM13,31.8
2025-11-29,HM13,33.5
2025-11-29,HM13,36.6
2025-11-29,HM13,35.7
2025-11-29,HM13,29.6
2025-11-29,HM13,32.1
2025-11-29,HM14,33.4
2025-11-29,HM14,32.6
2025-11-29,HM14,31.5
2025-11-29,HM14,32.3
2025-11-29,HM16,25.4
2025-11-29,HM16,27.6
2025-11-29,HM20,35.1
2025-11-29,HM20,40.4
2025-11-29,HM25,33.6
2025-11-29,HM25,32.9
2025-11-29,HM25,31.8
2025-11-29,HM30,30.7
2025-11-29,HM30,33.0
2025-11-29,HM36,35.4
2025-11-29,HM36,35.8
2025-11-29,HM36,40.4
2025-11-29,HM36,35.7
2025-11-29,HM43,32.0
2025-11-29,HM47,38.8
2025-11-29,HM47,31.7
2025-11-29,HM47,36.0
2025-11-29,HM47,34.1
2025-11-29,HM47,34.2
2025-11-29,HM47,36.3
2025-11-29,HM47,30.0
2025-11-29,HM47,35.2
2025-11-29,HM47,33.1
2025-11-29,HM50,35.4
2025-11-29,HM50,33.0
2025-11-29,HM50,35.8
2025-11-29,HM56,32.4
2025-11-29,HM56,32.8
2025-11-29,HM56,31.7
2025-11-30,HM01,31.1
2025-11-30,HM01,35.1
2025-11-30,HM01,35.4
2025-11-30,HM13,36.6
2025-11-30,HM13,33.3
2025-11-30,HM13,34.7
2025-11-30,HM13,34.6
2025-11-30,HM13,35.6
2025-11-30,HM13,34.4
2025-11-30,HM13,39.4
2025-11-30,HM13,34.6
2025-11-30,HM13,36.5
2025-11-30,HM13,36.6
2025-11-30,HM14,28.6
2025-11-30,HM14,31.0
2025-11-30,HM14,32.4
2025-11-30,HM16,34.7
2025-11-30,HM16,34.0
2025-11-30,HM16,31.6
2025-11-30,HM20,40.0
2025-11-30,HM20,43.6
2025-11-30,HM25,45.0
2025-11-30,HM30,31.8
2025-11-30,HM30,25.9
2025-11-30,HM30,30.6
2025-11-30,HM36,6.4
2025-11-30,HM43,33.5
2025-11-30,HM43,33.9
2025-11-30,HM43,32.8
2025-11-30,HM43,31.2
2025-11-30,HM43,34.7
2025-11-30,HM47,37.6
2025-11-30,HM47,32.9
2025-11-30,HM47,33.9
2025-11-30,HM50,30.8
2025-11-30,HM50,28.3
2025-11-30,HM56,33.7
2025-11-30,HM56,33.4
2025-12-01,HM01,31.2
2025-12-01,HM01,25.8
2025-12-01,HM12,30.7
2025-12-01,HM12,31.1
2025-12-01,HM12,32.3
2025-12-01,HM13,32.4
2025-12-01,HM13,32.5
2025-12-01,HM13,31.7
2025-12-01,HM14,32.4
2025-12-01,HM14,35.4
2025-12-01,HM14,35.4
2025-12-01,HM14,38.1
2025-12-01,HM14,34.6
2025-12-01,HM16,28.3
2025-12-01,HM16,25.1
2025-12-01,HM25,32.7
2025-12-01,HM30,35.3
2025-12-01,HM30,34.0
2025-12-01,HM30,32.1
2025-12-01,HM36,48.6
2025-12-01,HM43,28.3
2025-12-01,HM43,31.4
2025-12-01,HM43,31.5
2025-12-01,HM47,30.5
2025-12-01,HM56,45.4
2025-12-01,HM56,43.0
2025-12-02,HM01,39.1
2025-12-02,HM01,45.8
2025-12-02,HM01,41.0
2025-12-02,HM01,40.8
2025-12-02,HM12,35.4
2025-12-02,HM12,35.8
2025-12-02,HM12,36.3
2025-12-02,HM12,37.0
2025-12-02,HM13,34.4
2025-12-02,HM13,36.0
2025-12-02,HM13,37.4
2025-12-02,HM13,37.8
2025-12-02,HM13,38.8
2025-12-02,HM14,34.8
2025-12-02,HM14,33.1
2025-12-02,HM14,31.5
2025-12-02,HM14,36.8
2025-12-02,HM14,34.9
2025-12-02,HM14,31.9
2025-12-02,HM14,36.2
2025-12-02,HM14,34.2
2025-12-02,HM14,35.4
2025-12-02,HM14,34.5
2025-12-02,HM14,35.6
2025-12-02,HM16,45.9
2025-12-02,HM16,46.2
2025-12-02,HM20,37.4
2025-12-02,HM20,35.7
2025-12-02,HM20,37.3
2025-12-02,HM25,40.5
2025-12-02,HM25,38.2
2025-12-02,HM25,37.7
2025-12-02,HM25,37.0
2025-12-02,HM25,37.3
2025-12-02,HM30,38.1
2025-12-02,HM30,41.6
2025-12-02,HM30,39.9
2025-12-02,HM36,37.1
2025-12-02,HM43,31.3
2025-12-02,HM47,49.4
2025-12-02,HM50,23.6
2025-12-02,HM50,28.5
2025-12-02,HM56,23.8
2025-12-03,HM01,37.3
2025-12-03,HM01,36.1
2025-12-03,HM01,36.7
2025-12-03,HM01,36.4
2025-12-03,HM01,36.8
2025-12-03,HM01,32.4
2025-12-03,HM01,36.3
2025-12-03,HM01,35.8
2025-12-03,HM01,35.1
2025-12-03,HM01,37.2
2025-12-03,HM01,36.9
2025-12-03,HM12,39.9
2025-12-03,HM12,40.3
2025-12-03,HM12,36.9
2025-12-03,HM12,32.7
2025-12-03,HM12,33.7
2025-12-03,HM12,32.6
2025-12-03,HM12,36.1
2025-12-03,HM13,22.9
2025-12-03,HM16,40.3
2025-12-03,HM16,37.9
2025-12-03,HM16,41.5
2025-12-03,HM20,39.4
2025-12-03,HM25,32.8
2025-12-03,HM25,32.4
2025-12-03,HM25,33.9
2025-12-03,HM25,33.8
2025-12-03,HM30,35.3
2025-12-03,HM30,36.4
2025-12-03,HM36,34.0
2025-12-03,HM36,40.6
2025-12-03,HM36,35.0
2025-12-03,HM36,35.1
2025-12-03,HM36,33.9
2025-12-03,HM36,35.6
2025-12-03,HM36,33.2
2025-12-03,HM36,35.1
2025-12-03,HM36,36.7
2025-12-03,HM36,35.4
2025-12-03,HM36,38.4
2025-12-03,HM36,37.9
2025-12-03,HM43,33.1
2025-12-03,HM43,33.8
2025-12-03,HM43,33.4
2025-12-03,HM43,30.2
2025-12-03,HM47,31.2
2025-12-03,HM47,34.9
2025-12-03,HM47,29.2
2025-12-03,HM47,36.8
2025-12-03,HM50,34.7
2025-12-03,HM50,32.0
2025-12-03,HM50,33.2
2025-12-03,HM50,33.4
2025-12-03,HM56,37.2
2025-12-03,HM56,35.7
2025-12-03,HM56,31.7
2025-12-04,HM12,37.8
2025-12-04,HM12,38.5
2025-12-04,HM12,39.4
2025-12-04,HM13,36.2
2025-12-04,HM13,39.1
2025-12-04,HM13,36.6
2025-12-04,HM13,36.8
2025-12-04,HM14,30.2
2025-12-04,HM14,30.5
2025-12-04,HM14,33.6
2025-12-04,HM14,31.9
2025-12-04,HM16,32.1
2025-12-04,HM16,36.0
2025-12-04,HM16,32.9
2025-12-04,HM16,28.9
2025-12-04,HM16,34.0
2025-12-04,HM16,35.2
2025-12-04,HM16,31.5
2025-12-04,HM16,33.6
2025-12-04,HM16,35.8
2025-12-04,HM16,32.4
2025-12-04,HM16,31.4
2025-12-04,HM20,34.9
2025-12-04,HM20,36.8
2025-12-04,HM20,38.1
2025-12-04,HM20,37.8
2025-12-04,HM20,37.2
2025-12-04,HM25,30.5
2025-12-04,HM30,37.1
2025-12-04,HM30,32.3
2025-12-04,HM30,37.4
2025-12-04,HM30,34.9
2025-12-04,HM30,36.7
2025-12-04,HM30,37.3
2025-12-04,HM30,32.2
2025-12-04,HM30,35.4
2025-12-04,HM30,33.1
2025-12-04,HM30,38.0
2025-12-04,HM30,34.4
2025-12-04,HM30,36.1
2025-12-04,HM36,30.6
2025-12-04,HM36,31.4
2025-12-04,HM36,30.4
2025-12-04,HM36,28.7
2025-12-04,HM43,35.3
2025-12-04,HM43,33.8
2025-12-04,HM43,35.0
2025-12-04,HM43,35.0
2025-12-04,HM43,32.4
2025-12-04,HM43,37.6
2025-12-04,HM47,31.0
2025-12-04,HM47,33.4
2025-12-04,HM47,36.2
2025-12-04,HM47,29.7
2025-12-04,HM47,31.1
2025-12-04,HM50,33.4
2025-12-04,HM50,28.8
2025-12-04,HM50,33.9
2025-12-04,HM50,31.8
2025-12-04,HM56,23.9
2025-12-04,HM56,23.0
2025-12-05,HM01,37.0
2025-12-05,HM01,33.5
2025-12-05,HM01,38.9
2025-12-05,HM12,8.9
2025-12-05,HM13,34.5
2025-12-05,HM13,35.8
2025-12-05,HM13,35.1
2025-12-05,HM13,33.5
2025-12-05,HM13,35.9
2025-12-05,HM13,34.8
2025-12-05,HM13,33.3
2025-12-05,HM13,33.5
2025-12-05,HM13,33.4
2025-12-05,HM13,33.4
2025-12-05,HM13,32.7
2025-12-05,HM13,33.6
2025-12-05,HM14,35.7
2025-12-05,HM14,35.0
2025-12-05,HM14,32.0
2025-12-05,HM14,36.8
2025-12-05,HM14,37.2
2025-12-05,HM14,34.4
2025-12-05,HM16,31.4
2025-12-05,HM16,29.0
2025-12-05,HM16,35.4
2025-12-05,HM16,33.3
2025-12-05,HM16,31.7
2025-12-05,HM16,33.1
2025-12-05,HM20,33.2
2025-12-05,HM20,36.6
2025-12-05,HM20,34.4
2025-12-05,HM20,33.8
2025-12-05,HM43,35.1
2025-12-05,HM43,33.9
2025-12-05,HM43,33.2
2025-12-05,HM43,30.4
2025-12-05,HM43,34.3
2025-12-05,HM43,34.5
2025-12-05,HM47,33.9
2025-12-05,HM47,40.4
2025-12-06,HM01,31.6
2025-12-06,HM01,34.4
2025-12-06,HM01,33.5
2025-12-06,HM01,31.9
2025-12-06,HM01,34.3
2025-12-06,HM12,33.7
2025-12-06,HM12,36.0
2025-12-06,HM12,38.1
2025-12-06,HM12,36.0
2025-12-06,HM12,36.8
2025-12-06,HM13,50.9
2025-12-06,HM14,34.2
2025-12-06,HM14,42.2
2025-12-06,HM14,35.8
2025-12-06,HM14,40.3
2025-12-06,HM16,34.5
2025-12-06,HM16,37.1
2025-12-06,HM16,35.8
2025-12-06,HM16,39.4
2025-12-06,HM16,41.0
2025-12-06,HM20,32.9
2025-12-06,HM20,30.0
2025-12-06,HM20,32.1
2025-12-06,HM20,33.1
2025-12-06,HM20,35.0
2025-12-06,HM20,34.7
2025-12-06,HM25,37.6
2025-12-06,HM25,35.9
2025-12-06,HM25,38.2
2025-12-06,HM25,36.4
2025-12-06,HM25,35.2
2025-12-06,HM30,35.7
2025-12-06,HM30,32.2
2025-12-06,HM30,34.4
2025-12-06,HM30,34.2
2025-12-06,HM30,32.9
2025-12-06,HM36,38.7
2025-12-06,HM36,38.3
2025-12-06,HM36,34.0
2025-12-06,HM36,37.4
2025-12-06,HM43,35.3
2025-12-06,HM43,35.7
2025-12-06,HM43,35.1
2025-12-06,HM43,37.5
2025-12-06,HM43,38.5
2025-12-06,HM50,37.4
2025-12-06,HM50,39.5
2025-12-06,HM56,36.8
2025-12-06,HM56,36.9
2025-12-06,HM56,34.1
2025-12-07,HM01,32.3
2025-12-07,HM12,32.9
2025-12-07,HM12,29.5
2025-12-07,HM12,33.5
2025-12-07,HM12,31.9
2025-12-07,HM12,32.2
2025-12-07,HM13,36.4
2025-12-07,HM13,36.0
2025-12-07,HM13,31.7
2025-12-07,HM13,33.7
2025-12-07,HM13,35.6
2025-12-07,HM13,35.6
2025-12-07,HM13,33.2
2025-12-07,HM13,32.8
2025-12-07,HM13,32.5
2025-12-07,HM14,37.6
2025-12-07,HM14,37.6
2025-12-07,HM14,37.1
2025-12-07,HM16,33.9
2025-12-07,HM16,33.5
2025-12-07,HM16,33.6
2025-12-07,HM16,34.6
2025-12-07,HM20,28.3
2025-12-07,HM20,37.2
2025-12-07,HM20,36.7
2025-12-07,HM20,34.6
2025-12-07,HM20,33.9
2025-12-07,HM20,33.5
2025-12-07,HM20,35.2
2025-12-07,HM20,33.7
2025-12-07,HM25,45.2
2025-12-07,HM30,34.0
2025-12-07,HM30,32.7
2025-12-07,HM30,35.2
2025-12-07,HM30,37.9
2025-12-07,HM30,36.2
2025-12-07,HM30,35.1
2025-12-07,HM30,36.4
2025-12-07,HM30,33.9
2025-12-07,HM43,36.8
2025-12-07,HM43,34.6
2025-12-07,HM43,31.3
2025-12-07,HM43,35.1
2025-12-07,HM47,33.1
2025-12-07,HM47,35.4
2025-12-07,HM50,31.2
2025-12-07,HM56,35.0
2025-12-08,HM01,37.5
2025-12-08,HM12,35.1
2025-12-08,HM12,32.8
2025-12-08,HM12,32.0
2025-12-08,HM12,37.1
2025-12-08,HM12,33.8
2025-12-08,HM12,33.3
2025-12-08,HM12,34.7
2025-12-08,HM12,35.2
2025-12-08,HM12,35.7
2025-12-08,HM12,32.7
2025-12-08,HM12,34.9
2025-12-08,HM13,33.5
2025-12-08,HM13,34.2
2025-12-08,HM13,36.1
2025-12-08,HM14,29.0
2025-12-08,HM14,25.8
2025-12-08,HM14,34.5
2025-12-08,HM14,32.3
2025-12-08,HM16,40.8
2025-12-08,HM16,41.1
2025-12-08,HM16,38.3
2025-12-08,HM20,44.6
2025-12-08,HM20,41.7
2025-12-08,HM25,35.6
2025-12-08,HM25,32.9
2025-12-08,HM25,39.2
2025-12-08,HM25,38.5
2025-12-08,HM36,38.4
2025-12-08,HM36,39.4
2025-12-08,HM36,39.1
2025-12-08,HM43,34.7
2025-12-08,HM43,33.6
2025-12-08,HM43,34.1
2025-12-08,HM43,34.3
2025-12-08,HM43,36.3
2025-12-08,HM43,37.3
2025-12-08,HM43,34.0
2025-12-08,HM56,39.3
2025-12-08,HM56,38.9
2025-12-09,HM01,32.9
2025-12-09,HM01,36.6
2025-12-09,HM01,35.8
2025-12-09,HM12,35.5
2025-12-09,HM12,32.2
2025-12-09,HM12,32.3
2025-12-09,HM13,37.7
2025-12-09,HM13,38.2
2025-12-09,HM13,34.7
2025-12-09,HM13,34.8
2025-12-09,HM13,33.1
2025-12-09,HM13,41.2
2025-12-09,HM13,34.4
2025-12-09,HM13,36.6
2025-12-09,HM13,34.8
2025-12-09,HM13,33.9
2025-12-09,HM13,33.6
2025-12-09,HM13,34.2
2025-12-09,HM14,32.2
2025-12-09,HM14,32.7
2025-12-09,HM14,32.5
2025-12-09,HM14,33.0
2025-12-09,HM14,31.5
2025-12-09,HM16,32.3
2025-12-09,HM16,36.2
2025-12-09,HM16,31.7
2025-12-09,HM16,33.0
2025-12-09,HM16,31.7
2025-12-09,HM16,31.9
2025-12-09,HM16,33.8
2025-12-09,HM16,34.8
2025-12-09,HM16,31.8
2025-12-09,HM20,35.0
2025-12-09,HM20,32.8
2025-12-09,HM20,33.8
2025-12-09,HM20,36.8
2025-12-09,HM20,37.7
2025-12-09,HM20,31.8
2025-12-09,HM20,34.8
2025-12-09,HM20,37.2
2025-12-09,HM20,39.1
2025-12-09,HM20,37.2
2025-12-09,HM20,33.6
2025-12-09,HM20,31.6
2025-12-09,HM30,35.1
2025-12-09,HM36,39.4
2025-12-09,HM43,31.9
2025-12-09,HM43,32.1
2025-12-09,HM43,33.9
2025-12-09,HM47,37.1
2025-12-09,HM50,40.0
2025-12-09,HM56,37.1
2025-12-10,HM01,36.1
2025-12-10,HM01,35.6
2025-12-10,HM01,35.6
2025-12-10,HM01,35.5
2025-12-10,HM01,32.1
2025-12-10,HM01,36.1
2025-12-10,HM01,34.0
2025-12-10,HM01,35.2
2025-12-10,HM01,31.3
2025-12-10,HM12,38.4
2025-12-10,HM12,38.7
2025-12-10,HM12,37.0
2025-12-10,HM13,34.9
2025-12-10,HM13,32.7
2025-12-10,HM13,34.5
2025-12-10,HM13,31.2
2025-12-10,HM13,35.2
2025-12-10,HM13,36.3
2025-12-10,HM13,33.8
2025-12-10,HM13,36.3
2025-12-10,HM14,28.4
2025-12-10,HM14,31.2
2025-12-10,HM14,30.1
2025-12-10,HM16,30.9
2025-12-10,HM16,30.4
2025-12-10,HM16,33.8
2025-12-10,HM16,33.4
2025-12-10,HM16,34.7
2025-12-10,HM16,35.0
2025-12-10,HM20,33.8
2025-12-10,HM20,32.9
2025-12-10,HM20,34.1
2025-12-10,HM20,29.1
2025-12-10,HM20,31.4
2025-12-10,HM20,35.1
2025-12-10,HM25,15.8
2025-12-10,HM30,37.4
2025-12-10,HM30,39.9
2025-12-10,HM30,37.6
2025-12-10,HM36,33.2
2025-12-10,HM36,35.2
2025-12-10,HM36,33.7
2025-12-10,HM36,31.8
2025-12-10,HM36,31.3
2025-12-10,HM43,23.7
2025-12-10,HM43,24.0
2025-12-10,HM47,37.0
2025-12-10,HM47,33.9
2025-12-10,HM47,27.8
2025-12-10,HM50,30.5
2025-12-10,HM50,30.5
2025-12-10,HM50,31.8
2025-12-10,HM56,34.7
2025-12-10,HM56,34.8
2025-12-10,HM56,36.0
2025-12-10,HM56,32.7
2025-12-10,HM56,30.4
2025-12-10,HM56,36.7
2025-12-10,HM56,33.3
2025-12-10,HM56,35.3
2025-12-11,HM01,37.9
2025-12-11,HM01,38.1
2025-12-11,HM12,29.4
2025-12-11,HM12,33.8
2025-12-11,HM12,32.8
2025-12-11,HM13,38.3
2025-12-11,HM13,36.9
2025-12-11,HM13,37.1
2025-12-11,HM13,39.5
2025-12-11,HM13,36.3
2025-12-11,HM14,36.4
2025-12-11,HM14,33.7
2025-12-11,HM14,39.1
2025-12-11,HM16,37.5
2025-12-11,HM16,35.6
2025-12-11,HM16,32.4
2025-12-11,HM16,39.4
2025-12-11,HM20,34.2
2025-12-11,HM20,36.8
2025-12-11,HM25,39.8
2025-12-11,HM25,36.5
2025-12-11,HM25,34.5
2025-12-11,HM36,38.1
2025-12-11,HM36,36.5
2025-12-11,HM43,35.8
2025-12-11,HM43,32.6
2025-12-11,HM43,35.9
2025-12-11,HM43,32.7
2025-12-11,HM43,34.5
2025-12-11,HM43,35.3
2025-12-11,HM43,37.8
2025-12-11,HM47,36.4
2025-12-11,HM47,35.2
2025-12-11,HM47,33.6
2025-12-11,HM47,32.2
2025-12-11,HM47,35.4
2025-12-11,HM47,32.0
2025-12-11,HM47,32.7
2025-12-11,HM47,38.4
2025-12-11,HM47,36.9
2025-12-11,HM47,40.0
2025-12-11,HM47,36.0
2025-12-11,HM47,35.7
2025-12-11,HM50,22.9
2025-12-11,HM56,37.7
2025-12-11,HM56,36.1
2025-12-11,HM56,41.3
2025-12-11,HM56,33.8
2025-12-11,HM56,38.4
2025-12-12,HM01,33.4
2025-12-12,HM01,32.3
2025-12-12,HM01,29.8
2025-12-12,HM01,32.7
2025-12-12,HM12,38.3
2025-12-12,HM12,36.1
2025-12-12,HM13,19.9
2025-12-12,HM14,30.3
2025-12-12,HM14,31.9
2025-12-12,HM14,34.1
2025-12-12,HM14,33.3
2025-12-12,HM14,33.3
2025-12-12,HM14,28.0
2025-12-12,HM14,29.9
2025-12-12,HM14,31.5
2025-12-12,HM16,40.1
2025-12-12,HM16,36.1
2025-12-12,HM16,37.5
2025-12-12,HM20,39.0
2025-12-12,HM20,37.8
2025-12-12,HM20,39.7
2025-12-12,HM25,50.3
2025-12-12,HM30,26.8
2025-12-12,HM36,29.8
2025-12-12,HM36,30.0
2025-12-12,HM43,35.8
2025-12-12,HM43,36.8
2025-12-12,HM43,33.5
2025-12-12,HM43,38.0
2025-12-12,HM43,32.6
2025-12-12,HM43,36.8
2025-12-12,HM47,39.3
2025-12-12,HM47,41.1
2025-12-12,HM50,35.7
2025-12-12,HM50,31.1
2025-12-12,HM50,32.9
2025-12-12,HM50,31.7
2025-12-12,HM50,39.4
2025-12-12,HM50,36.5
2025-12-12,HM50,35.9
2025-12-12,HM50,31.9
2025-12-12,HM50,34.4
2025-12-12,HM50,36.0
2025-12-12,HM56,40.1
2025-12-13,HM01,21.7
2025-12-13,HM12,16.5
2025-12-13,HM13,33.0
2025-12-13,HM13,31.2
2025-12-13,HM13,30.9
2025-12-13,HM13,32.8
2025-12-13,HM14,25.2
2025-12-13,HM14,26.1
2025-12-13,HM16,33.5
2025-12-13,HM16,30.0
2025-12-13,HM20,34.0
2025-12-13,HM20,29.1
2025-12-13,HM20,29.6
2025-12-13,HM20,29.1
2025-12-13,HM25,34.9
2025-12-13,HM25,36.6
2025-12-13,HM25,36.3
2025-12-13,HM25,39.4
2025-12-13,HM25,35.2
2025-12-13,HM25,35.6
2025-12-13,HM25,36.1
2025-12-13,HM25,34.5
2025-12-13,HM25,36.5
2025-12-13,HM25,35.7
2025-12-13,HM30,32.5
2025-12-13,HM30,29.8
2025-12-13,HM30,31.1
2025-12-13,HM36,33.1
2025-12-13,HM36,34.5
2025-12-13,HM36,37.0
2025-12-13,HM36,35.2
2025-12-13,HM43,23.2
2025-12-13,HM47,35.2
2025-12-13,HM47,35.6
2025-12-13,HM47,37.7
2025-12-13,HM47,39.1
2025-12-13,HM47,38.9
2025-12-13,HM47,38.5
2025-12-13,HM47,33.4
2025-12-13,HM50,40.3
2025-12-13,HM50,36.5
2025-12-13,HM50,38.0
2025-12-13,HM50,42.8
2025-12-13,HM56,38.7
2025-12-13,HM56,38.0
2025-12-13,HM56,33.3
2025-12-13,HM56,36.1
2025-12-13,HM56,38.7
2025-12-13,HM56,37.7
2025-12-14,HM01,39.0
2025-12-14,HM01,38.8
2025-12-14,HM12,27.4
2025-12-14,HM12,31.1
2025-12-14,HM13,33.9
2025-12-14,HM13,34.7
2025-12-14,HM13,35.7
2025-12-14,HM14,34.4
2025-12-14,HM14,38.3
2025-12-14,HM14,38.0
2025-12-14,HM14,36.7
2025-12-14,HM14,37.6
2025-12-14,HM14,34.6
2025-12-14,HM14,34.3
2025-12-14,HM14,37.9
2025-12-14,HM14,37.3
2025-12-14,HM14,37.5
2025-12-14,HM14,37.0
2025-12-14,HM16,38.6
2025-12-14,HM20,37.4
2025-12-14,HM30,31.6
2025-12-14,HM30,35.1
2025-12-14,HM30,32.5
2025-12-14,HM30,37.4
2025-12-14,HM30,33.3
2025-12-14,HM36,37.8
2025-12-14,HM36,38.4
2025-12-14,HM43,32.1
2025-12-14,HM43,33.1
2025-12-14,HM43,34.3
2025-12-14,HM43,35.9
2025-12-14,HM43,32.3
2025-12-14,HM43,31.3
2025-12-14,HM43,27.3
2025-12-14,HM47,33.6
2025-12-14,HM47,32.6
2025-12-14,HM47,31.0
2025-12-14,HM47,36.1
2025-12-14,HM50,35.0
2025-12-14,HM56,35.9
2025-12-14,HM56,36.6
2025-12-14,HM56,30.9
2025-12-14,HM56,30.8
2025-12-14,HM56,36.0
2025-12-14,HM56,32.0
2025-12-14,HM56,34.3
2025-12-14,HM56,34.0
2025-12-14,HM56,33.0
2025-12-14,HM56,32.5
2025-12-15,HM01,38.0
2025-12-15,HM01,37.8
2025-12-15,HM01,39.9
2025-12-15,HM12,35.1
2025-12-15,HM12,37.1
2025-12-15,HM12,39.1
2025-12-15,HM12,39.3
2025-12-15,HM13,35.8
2025-12-15,HM13,35.1
2025-12-15,HM13,32.5
2025-12-15,HM13,38.2
2025-12-15,HM13,32.5
2025-12-15,HM13,35.1
2025-12-15,HM14,32.4
2025-12-15,HM14,34.5
2025-12-15,HM16,32.4
2025-12-15,HM16,31.7
2025-12-15,HM16,30.0
2025-12-15,HM20,40.0
2025-12-15,HM20,38.6
2025-12-15,HM20,36.1
2025-12-15,HM20,38.6
2025-12-15,HM20,41.1
2025-12-15,HM20,38.9
2025-12-15,HM25,45.2
2025-12-15,HM30,34.3
2025-12-15,HM30,32.6
2025-12-15,HM30,34.7
2025-12-15,HM30,31.7
2025-12-15,HM43,31.4
2025-12-15,HM43,32.5
2025-12-15,HM43,32.0
2025-12-15,HM47,33.1
2025-12-15,HM47,33.0
2025-12-15,HM47,33.0
2025-12-16,HM01,29.0
2025-12-16,HM01,35.0
2025-12-16,HM01,36.6
2025-12-16,HM01,34.9
2025-12-16,HM01,30.1
2025-12-16,HM01,35.0
2025-12-16,HM01,34.0
2025-12-16,HM12,34.4
2025-12-16,HM12,35.1
2025-12-16,HM12,32.9
2025-12-16,HM12,38.0
2025-12-16,HM12,41.5
2025-12-16,HM13,33.3
2025-12-16,HM13,39.1
2025-12-16,HM13,36.4
2025-12-16,HM14,36.7
2025-12-16,HM16,36.9
2025-12-16,HM20,29.9
2025-12-16,HM20,31.2
2025-12-16,HM30,39.4
2025-12-16,HM30,40.9
2025-12-16,HM36,36.0
2025-12-16,HM43,35.5
2025-12-16,HM43,39.2
2025-12-16,HM43,38.8
2025-12-16,HM43,39.5
2025-12-16,HM47,38.9
2025-12-16,HM47,38.8
2025-12-16,HM50,35.0
2025-12-16,HM50,36.5
2025-12-16,HM50,38.9
2025-12-16,HM50,34.4
2025-12-16,HM50,40.4
2025-12-16,HM56,41.3
2025-12-16,HM56,44.2
2025-12-17,HM01,32.6
2025-12-17,HM01,32.8
2025-12-17,HM01,34.1
2025-12-17,HM01,31.8
2025-12-17,HM01,33.1
2025-12-17,HM01,32.1
2025-12-17,HM01,33.4
2025-12-17,HM01,32.6
2025-12-17,HM01,31.3
2025-12-17,HM01,38.1
2025-12-17,HM01,32.8
2025-12-17,HM12,33.3
2025-12-17,HM12,35.5
2025-12-17,HM12,35.6
2025-12-17,HM12,34.4
2025-12-17,HM13,33.7
2025-12-17,HM13,31.5
2025-12-17,HM13,33.1
2025-12-17,HM13,32.0
2025-12-17,HM13,34.1
2025-12-17,HM14,34.1
2025-12-17,HM14,33.2
2025-12-17,HM14,34.4
2025-12-17,HM14,32.4
2025-12-17,HM14,33.9
2025-12-17,HM14,33.8
2025-12-17,HM14,33.9
2025-12-17,HM14,34.9
2025-12-17,HM14,31.0
2025-12-17,HM14,32.0
2025-12-17,HM16,49.7
2025-12-17,HM20,33.0
2025-12-17,HM25,40.8
2025-12-17,HM25,41.6
2025-12-17,HM30,31.3
2025-12-17,HM30,27.8
2025-12-17,HM30,33.1
2025-12-17,HM30,30.9
2025-12-17,HM36,30.9
2025-12-17,HM36,33.5
2025-12-17,HM36,30.1
2025-12-17,HM36,29.4
2025-12-17,HM43,29.3
2025-12-17,HM43,34.2
2025-12-17,HM43,30.4
2025-12-17,HM43,32.3
2025-12-17,HM43,29.7
2025-12-17,HM47,36.0
2025-12-17,HM47,35.9
2025-12-17,HM47,33.6
2025-12-17,HM47,33.7
2025-12-17,HM47,37.1
2025-12-17,HM47,38.5
2025-12-17,HM47,37.1
2025-12-17,HM47,38.5
2025-12-17,HM47,34.1
2025-12-17,HM50,27.5
2025-12-17,HM50,29.4
2025-12-17,HM56,35.2
2025-12-18,HM01,48.4
2025-12-18,HM12,36.4
2025-12-18,HM12,32.0
2025-12-18,HM12,36.7
2025-12-18,HM12,33.9
2025-12-18,HM12,31.8
2025-12-18,HM13,36.2
2025-12-18,HM13,38.0
2025-12-18,HM13,37.1
2025-12-18,HM13,34.9
2025-12-18,HM13,34.5
2025-12-18,HM13,36.3
2025-12-18,HM13,37.9
2025-12-18,HM13,35.6
2025-12-18,HM13,35.3
2025-12-18,HM14,34.7
2025-12-18,HM14,33.0
2025-12-18,HM16,36.1
2025-12-18,HM16,40.7
2025-12-18,HM16,37.0
2025-12-18,HM16,39.7
2025-12-18,HM16,37.9
2025-12-18,HM20,35.5
2025-12-18,HM20,35.9
2025-12-18,HM20,37.0
2025-12-18,HM25,22.6
2025-12-18,HM30,37.3
2025-12-18,HM30,40.5
2025-12-18,HM30,36.8
2025-12-18,HM30,34.6
2025-12-18,HM30,36.6
2025-12-18,HM36,47.6
2025-12-18,HM43,31.9
2025-12-18,HM43,32.2
2025-12-18,HM47,19.7
2025-12-18,HM50,33.3
2025-12-18,HM50,35.1
2025-12-18,HM50,38.0
2025-12-18,HM50,36.8
2025-12-18,HM50,36.4
2025-12-18,HM50,37.2
2025-12-18,HM50,39.7
2025-12-18,HM56,41.6
2025-12-18,HM56,43.5
2025-12-19,HM01,45.2
2025-12-19,HM12,31.4
2025-12-19,HM12,35.0
2025-12-19,HM12,31.2
2025-12-19,HM12,34.1
2025-12-19,HM12,29.7
2025-12-19,HM12,32.2
2025-12-19,HM12,30.0
2025-12-19,HM13,35.0
2025-12-19,HM13,35.2
2025-12-19,HM13,32.8
2025-12-19,HM13,35.7
2025-12-19,HM13,33.9
2025-12-19,HM13,34.8
2025-12-19,HM13,35.8
2025-12-19,HM14,41.0
2025-12-19,HM14,38.7
2025-12-19,HM14,40.0
2025-12-19,HM14,35.9
2025-12-19,HM14,37.0
2025-12-19,HM14,37.2
2025-12-19,HM16,46.3
2025-12-19,HM20,37.4
2025-12-19,HM25,25.8
2025-12-19,HM36,27.1
2025-12-19,HM36,30.3
2025-12-19,HM43,32.7
2025-12-19,HM43,33.5
2025-12-19,HM47,38.6
2025-12-19,HM50,38.8
2025-12-19,HM56,33.5
2025-12-19,HM56,32.1
2025-12-19,HM56,34.6
2025-12-19,HM56,32.1
2025-12-19,HM56,29.8
2025-12-19,HM56,31.8
2025-12-20,HM01,32.7
2025-12-20,HM01,37.5
2025-12-20,HM12,34.9
2025-12-20,HM12,34.0
2025-12-20,HM12,32.7
2025-12-20,HM13,32.1
2025-12-20,HM13,29.0
2025-12-20,HM14,35.8
2025-12-20,HM16,32.3
2025-12-20,HM16,34.5
2025-12-20,HM20,36.5
2025-12-20,HM20,43.0
2025-12-20,HM25,15.8
2025-12-20,HM30,36.9
2025-12-20,HM30,35.6
2025-12-20,HM30,36.0
2025-12-20,HM30,35.9
2025-12-20,HM30,32.1
2025-12-20,HM36,45.3
2025-12-20,HM43,30.7
2025-12-20,HM43,31.1
2025-12-20,HM43,32.0
2025-12-20,HM47,33.7
2025-12-20,HM47,39.2
2025-12-20,HM47,40.0
2025-12-20,HM47,34.7
2025-12-20,HM47,33.8
2025-12-20,HM47,36.8
2025-12-20,HM47,38.2
2025-12-20,HM47,33.4
2025-12-20,HM47,36.3
2025-12-20,HM47,37.2
2025-12-20,HM47,37.3
2025-12-20,HM47,34.6
2025-12-20,HM56,36.7
2025-12-20,HM56,32.4
2025-12-20,HM56,33.9
2025-12-20,HM56,37.6
2025-12-20,HM56,31.2
2025-12-20,HM56,29.6
2025-12-20,HM56,33.2
2025-12-20,HM56,34.9
2025-12-21,HM01,32.3
2025-12-21,HM01,32.0
2025-12-21,HM01,35.8
2025-12-21,HM01,34.3
2025-12-21,HM01,33.4
2025-12-21,HM01,34.7
2025-12-21,HM01,36.6
2025-12-21,HM01,33.5
2025-12-21,HM01,28.2
2025-12-21,HM12,36.9
2025-12-21,HM12,35.7
2025-12-21,HM12,31.2
2025-12-21,HM12,33.6
2025-12-21,HM13,31.1
2025-12-21,HM13,35.8
2025-12-21,HM13,29.5
2025-12-21,HM13,28.8
2025-12-21,HM13,28.6
2025-12-21,HM14,31.4
2025-12-21,HM14,31.6
2025-12-21,HM14,36.4
2025-12-21,HM14,29.9
2025-12-21,HM14,28.7
2025-12-21,HM16,29.3
2025-12-21,HM16,31.8
2025-12-21,HM16,33.2
2025-12-21,HM20,40.5
2025-12-21,HM25,15.1
2025-12-21,HM30,30.8
2025-12-21,HM30,36.2
2025-12-21,HM30,32.4
2025-12-21,HM30,35.4
2025-12-21,HM36,35.3
2025-12-21,HM36,36.4
2025-12-21,HM36,35.8
2025-12-21,HM36,36.4
2025-12-21,HM43,34.3
2025-12-21,HM43,37.2
2025-12-21,HM47,40.4
2025-12-21,HM47,36.9
2025-12-21,HM47,39.1
2025-12-21,HM47,37.9
2025-12-21,HM47,37.2
2025-12-21,HM50,17.5
2025-12-21,HM56,41.4
2025-12-22,HM01,26.1
2025-12-22,HM12,39.7
2025-12-22,HM12,40.6
2025-12-22,HM12,39.9
2025-12-22,HM12,40.9
2025-12-22,HM12,37.5
2025-12-22,HM13,33.2
2025-12-22,HM13,31.9
2025-12-22,HM13,32.7
2025-12-22,HM13,33.5
2025-12-22,HM14,35.5
2025-12-22,HM14,33.9
2025-12-22,HM14,33.3
2025-12-22,HM14,34.0
2025-12-22,HM14,32.2
2025-12-22,HM14,35.7
2025-12-22,HM14,34.5
2025-12-22,HM14,33.5
2025-12-22,HM14,34.5
2025-12-22,HM16,25.9
2025-12-22,HM16,27.6
2025-12-22,HM30,29.1
2025-12-22,HM30,37.5
2025-12-22,HM30,37.5
2025-12-22,HM30,32.0
2025-12-22,HM36,34.6
2025-12-22,HM36,32.6
2025-12-22,HM43,34.0
2025-12-22,HM43,33.4
2025-12-22,HM47,33.5
2025-12-22,HM47,32.5
2025-12-22,HM47,34.3
2025-12-22,HM47,33.3
2025-12-22,HM47,33.3
2025-12-22,HM47,31.0
2025-12-22,HM47,32.3
2025-12-22,HM47,33.5
2025-12-22,HM47,33.7
2025-12-22,HM50,40.0
2025-12-22,HM56,35.8
2025-12-23,HM01,35.7
2025-12-23,HM01,30.7
2025-12-23,HM01,33.7
2025-12-23,HM01,33.5
2025-12-23,HM01,33.0
2025-12-23,HM01,30.2
2025-12-23,HM01,33.4
2025-12-23,HM01,35.5
2025-12-23,HM01,34.4
2025-12-23,HM01,34.7
2025-12-23,HM01,33.8
2025-12-23,HM12,29.8
2025-12-23,HM12,30.1
2025-12-23,HM13,36.5
2025-12-23,HM13,37.3
2025-12-23,HM13,42.3
2025-12-23,HM13,36.5
2025-12-23,HM13,33.1
2025-12-23,HM13,40.4
2025-12-23,HM13,40.4
2025-12-23,HM13,36.9
2025-12-23,HM14,36.6
2025-12-23,HM14,34.7
2025-12-23,HM14,36.6
2025-12-23,HM14,35.0
2025-12-23,HM14,38.2
2025-12-23,HM14,33.3
2025-12-23,HM14,37.4
2025-12-23,HM14,37.6
2025-12-23,HM14,35.4
2025-12-23,HM14,35.9
2025-12-23,HM16,39.8
2025-12-23,HM16,38.2
2025-12-23,HM16,34.5
2025-12-23,HM16,39.0
2025-12-23,HM20,14.4
2025-12-23,HM25,32.6
2025-12-23,HM25,32.3
2025-12-23,HM30,24.5
2025-12-23,HM36,36.5
2025-12-23,HM36,31.1
2025-12-23,HM36,32.5
2025-12-23,HM36,28.3
2025-12-23,HM36,31.5
2025-12-23,HM43,46.3
2025-12-23,HM43,40.0
2025-12-23,HM43,36.4
2025-12-23,HM47,36.1
2025-12-23,HM47,32.2
2025-12-23,HM47,35.8
2025-12-23,HM47,35.4
2025-12-23,HM56,33.6
2025-12-23,HM56,39.9
2025-12-23,HM56,38.2
2025-12-24,HM01,28.2
2025-12-24,HM01,32.3
2025-12-24,HM01,31.9
2025-12-24,HM12,36.4
2025-12-24,HM12,37.7
2025-12-24,HM12,34.3
2025-12-24,HM12,33.9
2025-12-24,HM13,32.5
2025-12-24,HM13,32.4
2025-12-24,HM14,52.3
2025-12-24,HM20,29.4
2025-12-24,HM20,34.3
2025-12-24,HM20,30.5
2025-12-24,HM20,35.9
2025-12-24,HM20,30.4
2025-12-24,HM25,31.9
2025-12-24,HM25,33.5
2025-12-24,HM25,30.4
2025-12-24,HM25,31.0
2025-12-24,HM30,40.5
2025-12-24,HM30,40.7
2025-12-24,HM30,38.8
2025-12-24,HM30,40.7
2025-12-24,HM36,30.9
2025-12-24,HM36,34.1
2025-12-24,HM43,29.1
2025-12-24,HM43,33.9
2025-12-24,HM43,29.8
2025-12-24,HM43,30.5
2025-12-24,HM43,31.9
2025-12-24,HM47,29.8
2025-12-24,HM47,29.0
2025-12-24,HM47,31.5
2025-12-24,HM47,32.5
2025-12-24,HM50,15.9
2025-12-24,HM56,34.0
2025-12-25,HM12,33.6
2025-12-25,HM12,32.8
2025-12-25,HM12,31.6
2025-12-25,HM12,32.9
2025-12-25,HM13,32.8
2025-12-25,HM13,29.6
2025-12-25,HM13,31.7
2025-12-25,HM13,35.3
2025-12-25,HM14,33.9
2025-12-25,HM14,37.9
2025-12-25,HM14,33.9
2025-12-25,HM16,34.0
2025-12-25,HM16,32.6
2025-12-25,HM16,33.9
2025-12-25,HM20,32.2
2025-12-25,HM20,31.7
2025-12-25,HM20,33.1
2025-12-25,HM20,32.6
2025-12-25,HM25,34.6
2025-12-25,HM25,34.1
2025-12-25,HM25,35.6
2025-12-25,HM25,35.2
2025-12-25,HM25,37.2
2025-12-25,HM25,33.1
2025-12-25,HM25,35.7
2025-12-25,HM25,32.7
2025-12-25,HM30,36.5
2025-12-25,HM30,38.9
2025-12-25,HM30,38.6
2025-12-25,HM36,35.6
2025-12-25,HM36,35.9
2025-12-25,HM36,36.9
2025-12-25,HM36,38.1
2025-12-25,HM36,34.9
2025-12-25,HM36,36.5
2025-12-25,HM36,37.1
2025-12-25,HM36,32.2
2025-12-25,HM43,33.9
2025-12-25,HM43,32.2
2025-12-25,HM43,31.8
2025-12-25,HM43,34.8
2025-12-25,HM47,34.0
2025-12-25,HM47,33.6
2025-12-25,HM47,34.3
2025-12-25,HM47,38.5
2025-12-25,HM47,32.3
2025-12-25,HM47,32.1
2025-12-25,HM47,33.4
2025-12-25,HM47,36.6
2025-12-25,HM47,35.7
2025-12-25,HM50,34.2
2025-12-25,HM50,29.8
2025-12-25,HM50,33.7
2025-12-25,HM50,33.7
2025-12-25,HM56,36.8
2025-12-25,HM56,35.5
2025-12-25,HM56,33.0
2025-12-25,HM56,35.7
2025-12-25,HM56,35.5
2025-12-25,HM56,34.1
2025-12-25,HM56,31.9
2025-12-25,HM56,35.1
2025-12-26,HM01,33.5
2025-12-26,HM01,37.8
2025-12-26,HM01,35.4
2025-12-26,HM13,25.7
2025-12-26,HM13,30.8
2025-12-26,HM14,36.0
2025-12-26,HM14,36.9
2025-12-26,HM14,34.2
2025-12-26,HM14,37.4
2025-12-26,HM14,38.2
2025-12-26,HM14,37.8
2025-12-26,HM14,36.7
2025-12-26,HM14,40.1
2025-12-26,HM16,34.4
2025-12-26,HM16,35.3
2025-12-26,HM16,35.5
2025-12-26,HM16,36.3
2025-12-26,HM16,38.1
2025-12-26,HM16,31.9
2025-12-26,HM16,36.3
2025-12-26,HM16,28.3
2025-12-26,HM16,35.2
2025-12-26,HM16,37.4
2025-12-26,HM16,32.4
2025-12-26,HM16,32.9
2025-12-26,HM25,25.6
2025-12-26,HM30,33.5
2025-12-26,HM30,32.6
2025-12-26,HM30,36.4
2025-12-26,HM30,33.4
2025-12-26,HM30,31.2
2025-12-26,HM30,27.8
2025-12-26,HM30,33.1
2025-12-26,HM36,38.8
2025-12-26,HM36,40.5
2025-12-26,HM36,34.6
2025-12-26,HM43,32.5
2025-12-26,HM43,31.3
2025-12-26,HM43,32.8
2025-12-26,HM43,33.6
2025-12-26,HM43,31.5
2025-12-26,HM47,38.0
2025-12-26,HM47,36.9
2025-12-26,HM50,33.8
2025-12-26,HM50,34.6
2025-12-26,HM50,35.6
2025-12-26,HM50,34.2
2025-12-26,HM56,33.3
2025-12-26,HM56,32.3
2025-12-26,HM56,34.2
2025-12-26,HM56,31.5
2025-12-26,HM56,34.1
2025-12-26,HM56,31.3
2025-12-27,HM01,36.8
2025-12-27,HM01,39.9
2025-12-27,HM12,34.0
2025-12-27,HM12,40.1
2025-12-27,HM12,35.5
2025-12-27,HM12,35.1
2025-12-27,HM12,33.4
2025-12-27,HM12,36.9
2025-12-27,HM12,33.3
2025-12-27,HM12,32.0
2025-12-27,HM12,37.4
2025-12-27,HM12,35.0
2025-12-27,HM12,35.4
2025-12-27,HM13,33.5
2025-12-27,HM13,33.9
2025-12-27,HM13,36.2
2025-12-27,HM13,35.8
2025-12-27,HM14,33.5
2025-12-27,HM14,29.5
2025-12-27,HM14,33.3
2025-12-27,HM14,29.5
2025-12-27,HM14,30.2
2025-12-27,HM14,35.1
2025-12-27,HM14,29.0
2025-12-27,HM16,43.2
2025-12-27,HM20,40.2
2025-12-27,HM20,39.7
2025-12-27,HM25,33.3
2025-12-27,HM25,35.8
2025-12-27,HM25,34.8
2025-12-27,HM30,29.2
2025-12-27,HM30,33.4
2025-12-27,HM30,32.5
2025-12-27,HM30,29.6
2025-12-27,HM30,37.5
2025-12-27,HM30,32.4
2025-12-27,HM30,33.5
2025-12-27,HM36,40.5
2025-12-27,HM36,40.9
2025-12-27,HM36,38.5
2025-12-27,HM43,32.7
2025-12-27,HM43,32.6
2025-12-27,HM43,32.7
2025-12-27,HM43,32.4
2025-12-27,HM43,34.7
2025-12-27,HM43,28.8
2025-12-27,HM43,34.4
2025-12-27,HM47,30.2
2025-12-27,HM47,35.2
2025-12-27,HM47,34.3
2025-12-27,HM47,34.1
2025-12-27,HM47,35.4
2025-12-27,HM47,32.5
2025-12-27,HM47,35.4
2025-12-27,HM47,32.4
2025-12-27,HM47,31.3
2025-12-27,HM50,34.8
2025-12-27,HM50,35.8
2025-12-27,HM56,31.2
2025-12-27,HM56,33.8
2025-12-27,HM56,32.6
2025-12-28,HM01,33.5
2025-12-28,HM01,31.6
2025-12-28,HM01,32.4
2025-12-28,HM01,32.6
2025-12-28,HM12,23.2
2025-12-28,HM13,39.9
2025-12-28,HM14,27.6
2025-12-28,HM14,31.8
2025-12-28,HM14,29.4
2025-12-28,HM14,30.1
2025-12-28,HM16,24.0
2025-12-28,HM25,36.1
2025-12-28,HM25,35.7
2025-12-28,HM25,32.1
2025-12-28,HM30,29.8
2025-12-28,HM36,37.7
2025-12-28,HM36,40.4
2025-12-28,HM36,36.2
2025-12-28,HM43,40.5
2025-12-28,HM43,40.6
2025-12-28,HM47,36.0
2025-12-28,HM47,35.6
2025-12-28,HM47,39.0
2025-12-28,HM47,36.2
2025-12-28,HM47,36.5
2025-12-28,HM50,13.2
2025-12-28,HM56,34.4
2025-12-28,HM56,30.6
2025-12-28,HM56,33.5
2025-12-28,HM56,33.7
2025-12-28,HM56,33.2
2025-12-29,HM01,33.0
2025-12-29,HM01,36.2
2025-12-29,HM01,36.3
2025-12-29,HM01,36.7
2025-12-29,HM12,29.7
2025-12-29,HM12,30.6
2025-12-29,HM12,37.5
2025-12-29,HM12,34.1
2025-12-29,HM12,36.7
2025-12-29,HM12,33.3
2025-12-29,HM12,36.0
2025-12-29,HM12,33.2
2025-12-29,HM12,36.0
2025-12-29,HM12,31.7
2025-12-29,HM12,32.5
2025-12-29,HM13,30.9
2025-12-29,HM14,36.6
2025-12-29,HM14,36.2
2025-12-29,HM14,39.1
2025-12-29,HM14,39.7
2025-12-29,HM14,37.3
2025-12-29,HM16,35.6
2025-12-29,HM16,38.5
2025-12-29,HM16,35.7
2025-12-29,HM16,37.3
2025-12-29,HM16,35.2
2025-12-29,HM25,37.4
2025-12-29,HM36,35.7
2025-12-29,HM36,35.5
2025-12-29,HM43,31.9
2025-12-29,HM43,35.3
2025-12-29,HM43,30.4
2025-12-29,HM43,31.3
2025-12-29,HM43,30.4
2025-12-29,HM47,50.9
2025-12-29,HM50,30.4
2025-12-29,HM50,31.0
2025-12-29,HM50,34.3
2025-12-29,HM50,35.1
2025-12-29,HM56,30.5
2025-12-29,HM56,30.5
2025-12-29,HM56,35.3
2025-12-29,HM56,37.1
2025-12-29,HM56,34.9
2025-12-29,HM56,34.8
2025-12-29,HM56,30.2
2025-12-29,HM56,34.2
2025-12-29,HM56,32.0
2025-12-30,HM01,45.6
2025-12-30,HM12,29.4
2025-12-30,HM12,29.9
2025-12-30,HM13,35.5
2025-12-30,HM13,38.0
2025-12-30,HM13,35.9
2025-12-30,HM13,33.8
2025-12-30,HM13,35.1
2025-12-30,HM13,35.4
2025-12-30,HM13,37.2
2025-12-30,HM20,20.4
2025-12-30,HM25,37.9
2025-12-30,HM25,35.7
2025-12-30,HM25,37.0
2025-12-30,HM25,32.8
2025-12-30,HM25,37.4
2025-12-30,HM36,32.3
2025-12-30,HM36,33.7
2025-12-30,HM36,32.2
2025-12-30,HM43,29.6
2025-12-30,HM43,30.1
2025-12-30,HM43,27.2
2025-12-30,HM47,40.0
2025-12-30,HM47,38.6
2025-12-30,HM47,37.7
2025-12-30,HM50,31.8
2025-12-30,HM50,34.9
2025-12-30,HM50,35.3
2025-12-30,HM50,37.1
2025-12-30,HM50,37.9
2025-12-31,HM01,30.4
2025-12-31,HM01,30.5
2025-12-31,HM01,30.7
2025-12-31,HM12,30.7
2025-12-31,HM12,31.9
2025-12-31,HM12,31.0
2025-12-31,HM13,33.9
2025-12-31,HM13,36.3
2025-12-31,HM13,36.6
2025-12-31,HM13,36.3
2025-12-31,HM14,37.5
2025-12-31,HM14,38.0
2025-12-31,HM14,41.4
2025-12-31,HM16,35.9
2025-12-31,HM16,39.5
2025-12-31,HM16,35.7
2025-12-31,HM20,31.0
2025-12-31,HM20,29.1
2025-12-31,HM20,28.9
2025-12-31,HM25,48.2
2025-12-31,HM30,39.8
2025-12-31,HM30,45.4
2025-12-31,HM43,41.9
2025-12-31,HM47,31.7
2025-12-31,HM47,36.0
2025-12-31,HM47,36.3
2025-12-31,HM47,36.6
2025-12-31,HM47,32.6
2025-12-31,HM47,32.2
2025-12-31,HM50,36.2
2025-12-31,HM50,32.4
2025-12-31,HM50,35.0
2025-12-31,HM56,36.6
2025-12-31,HM56,35.9
2025-12-31,HM56,34.0
2025-12-31,HM56,33.2
2025-12-31,HM56,35.9
2025-12-31,HM56,39.0
2025-12-31,HM56,33.8
2025-12-31,HM56,33.7
2025-12-31,HM56,33.6
2025-12-31,HM56,37.6
2026-01-01,HM01,36.3
2026-01-01,HM01,34.5
2026-01-01,HM01,35.1
2026-01-01,HM12,32.8
2026-01-01,HM12,34.6
2026-01-01,HM12,33.8
2026-01-01,HM12,34.0
2026-01-01,HM13,31.3
2026-01-01,HM13,33.6
2026-01-01,HM13,32.0
2026-01-01,HM14,37.3
2026-01-01,HM14,37.7
2026-01-01,HM14,37.3
2026-01-01,HM16,35.2
2026-01-01,HM16,40.7
2026-01-01,HM16,38.4
2026-01-01,HM16,36.4
2026-01-01,HM20,33.7
2026-01-01,HM20,33.4
2026-01-01,HM20,36.1
2026-01-01,HM20,38.6
2026-01-01,HM25,32.1
2026-01-01,HM25,35.6
2026-01-01,HM30,32.7
2026-01-01,HM36,36.3
2026-01-01,HM36,36.3
2026-01-01,HM36,38.6
2026-01-01,HM36,34.0
2026-01-01,HM43,34.8
2026-01-01,HM43,35.2
2026-01-01,HM47,35.9
2026-01-01,HM47,31.7
2026-01-01,HM47,34.2
2026-01-01,HM47,37.2
2026-01-01,HM50,38.6
2026-01-01,HM50,38.8
2026-01-01,HM50,38.6
2026-01-01,HM56,41.2
2026-01-01,HM56,41.9
2026-01-02,HM01,33.0
2026-01-02,HM01,37.2
2026-01-02,HM01,33.4
2026-01-02,HM01,35.9
2026-01-02,HM01,34.9
2026-01-02,HM01,36.0
2026-01-02,HM12,28.5
2026-01-02,HM13,35.7
2026-01-02,HM13,32.7
2026-01-02,HM13,34.0
2026-01-02,HM13,33.0
2026-01-02,HM13,39.6
2026-01-02,HM13,31.8
2026-01-02,HM13,34.8
2026-01-02,HM13,35.1
2026-01-02,HM13,34.6
2026-01-02,HM13,33.7
2026-01-02,HM13,34.0
2026-01-02,HM14,28.0
2026-01-02,HM14,30.8
2026-01-02,HM14,28.4
2026-01-02,HM14,32.6
2026-01-02,HM16,32.8
2026-01-02,HM16,28.8
2026-01-02,HM16,31.6
2026-01-02,HM16,34.6
2026-01-02,HM25,36.0
2026-01-02,HM25,36.3
2026-01-02,HM25,37.1
2026-01-02,HM36,42.7
2026-01-02,HM43,27.4
2026-01-02,HM43,34.1
2026-01-02,HM43,31.6
2026-01-02,HM47,30.8
2026-01-02,HM47,34.2
2026-01-02,HM47,35.5
2026-01-02,HM47,34.8
2026-01-02,HM50,35.0
2026-01-02,HM50,35.4
2026-01-02,HM56,33.1
2026-01-02,HM56,32.4
2026-01-02,HM56,31.2
2026-01-03,HM01,34.1
2026-01-03,HM01,37.0
2026-01-03,HM01,32.3
2026-01-03,HM12,34.8
2026-01-03,HM12,28.5
2026-01-03,HM12,31.9
2026-01-03,HM13,27.3
2026-01-03,HM13,29.2
2026-01-03,HM14,30.6
2026-01-03,HM14,32.0
2026-01-03,HM16,33.1
2026-01-03,HM16,35.1
2026-01-03,HM16,36.8
2026-01-03,HM16,37.8
2026-01-03,HM16,40.7
2026-01-03,HM16,35.9
2026-01-03,HM20,25.3
2026-01-03,HM25,35.6
2026-01-03,HM25,35.4
2026-01-03,HM25,36.9
2026-01-03,HM30,33.8
2026-01-03,HM30,37.3
2026-01-03,HM30,37.4
2026-01-03,HM30,38.2
2026-01-03,HM30,35.8
2026-01-03,HM30,36.2
2026-01-03,HM36,31.4
2026-01-03,HM43,35.1
2026-01-03,HM43,41.1
2026-01-03,HM43,38.3
2026-01-03,HM47,36.6
2026-01-03,HM47,38.8
2026-01-03,HM47,36.1
2026-01-03,HM47,36.0
2026-01-03,HM47,37.5
2026-01-03,HM47,38.2
2026-01-03,HM47,42.3
2026-01-03,HM47,36.3
2026-01-03,HM47,38.7
2026-01-03,HM50,44.7
2026-01-03,HM50,44.0
2026-01-03,HM56,37.7
2026-01-03,HM56,37.1
2026-01-03,HM56,33.5
2026-01-03,HM56,34.7
2026-01-03,HM56,39.6
2026-01-04,HM01,39.3
2026-01-04,HM12,45.1
2026-01-04,HM13,45.3
2026-01-04,HM14,36.5
2026-01-04,HM14,40.0
2026-01-04,HM14,37.2
2026-01-04,HM14,35.0
2026-01-04,HM16,27.3
2026-01-04,HM20,26.6
2026-01-04,HM20,29.1
2026-01-04,HM25,39.2
2026-01-04,HM30,35.3
2026-01-04,HM30,33.9
2026-01-04,HM30,31.3
2026-01-04,HM36,36.1
2026-01-04,HM36,34.1
2026-01-04,HM36,37.5
2026-01-04,HM43,29.5
2026-01-04,HM43,31.6
2026-01-04,HM43,30.5
2026-01-04,HM43,33.2
2026-01-04,HM47,27.7
2026-01-04,HM47,30.7
2026-01-04,HM47,31.1
2026-01-04,HM50,29.4
2026-01-04,HM50,32.1
2026-01-04,HM50,32.7
2026-01-04,HM56,31.8
2026-01-04,HM56,35.4
2026-01-05,HM01,32.5
2026-01-05,HM01,35.3
2026-01-05,HM01,32.6
2026-01-05,HM12,33.3
2026-01-05,HM12,36.0
2026-01-05,HM12,33.4
2026-01-05,HM12,32.0
2026-01-05,HM12,37.0
2026-01-05,HM13,17.1
2026-01-05,HM14,31.3
2026-01-05,HM14,30.4
2026-01-05,HM16,40.3
2026-01-05,HM16,42.3
2026-01-05,HM20,31.5
2026-01-05,HM25,36.2
2026-01-05,HM25,35.9
2026-01-05,HM25,38.5
2026-01-05,HM25,38.5
2026-01-05,HM25,39.6
2026-01-05,HM30,29.7
2026-01-05,HM30,30.8
2026-01-05,HM36,40.6
2026-01-05,HM36,36.8
2026-01-05,HM36,36.4
2026-01-05,HM43,33.7
2026-01-05,HM43,35.8
2026-01-05,HM47,45.2
2026-01-05,HM50,50.2
2026-01-05,HM56,35.7
2026-01-05,HM56,36.8
2026-01-05,HM56,35.3
2026-01-05,HM56,31.8
2026-01-06,HM01,26.8
2026-01-06,HM01,29.4
2026-01-06,HM12,33.3
2026-01-06,HM12,38.8
2026-01-06,HM12,34.5
2026-01-06,HM12,33.8
2026-01-06,HM12,36.8
2026-01-06,HM12,35.7
2026-01-06,HM12,30.6
2026-01-06,HM13,37.9
2026-01-06,HM13,41.4
2026-01-06,HM13,41.0
2026-01-06,HM14,39.1
2026-01-06,HM14,42.0
2026-01-06,HM14,36.8
2026-01-06,HM16,43.8
2026-01-06,HM16,47.5
2026-01-06,HM20,23.0
2026-01-06,HM25,39.6
2026-01-06,HM25,37.5
2026-01-06,HM25,36.9
2026-01-06,HM36,37.1
2026-01-06,HM36,37.6
2026-01-06,HM36,33.6
2026-01-06,HM36,37.3
2026-01-06,HM36,36.9
2026-01-06,HM43,31.6
2026-01-06,HM43,33.7
2026-01-06,HM43,35.1
2026-01-06,HM47,41.0
2026-01-06,HM47,36.5
2026-01-06,HM47,35.1
2026-01-06,HM47,36.1
2026-01-06,HM47,36.4
2026-01-06,HM47,35.7
2026-01-06,HM47,38.2
2026-01-06,HM50,36.0
2026-01-06,HM50,31.6
2026-01-06,HM50,32.2
2026-01-06,HM50,32.9
2026-01-06,HM56,31.7
2026-01-06,HM56,31.5
2026-01-06,HM56,35.6
2026-01-07,HM01,27.7
2026-01-07,HM01,31.1
2026-01-07,HM01,30.0
2026-01-07,HM01,35.7
2026-01-07,HM12,36.1
2026-01-07,HM12,36.7
2026-01-07,HM12,39.0
2026-01-07,HM13,33.7
2026-01-07,HM13,32.1
2026-01-07,HM13,33.5
2026-01-07,HM13,33.8
2026-01-07,HM13,32.5
2026-01-07,HM14,30.2
2026-01-07,HM14,30.4
2026-01-07,HM14,29.1
2026-01-07,HM14,34.1
2026-01-07,HM14,29.5
2026-01-07,HM16,34.2
2026-01-07,HM16,32.2
2026-01-07,HM16,37.4
2026-01-07,HM16,39.2
2026-01-07,HM16,35.0
2026-01-07,HM16,35.0
2026-01-07,HM16,34.9
2026-01-07,HM20,41.1
2026-01-07,HM20,40.9
2026-01-07,HM25,37.1
2026-01-07,HM25,36.7
2026-01-07,HM25,39.9
2026-01-07,HM25,37.5
2026-01-07,HM25,37.0
2026-01-07,HM25,34.4
2026-01-07,HM25,37.2
2026-01-07,HM30,19.2
2026-01-07,HM36,43.3
2026-01-07,HM36,41.6
2026-01-07,HM43,9.3
2026-01-07,HM47,42.1
2026-01-07,HM50,26.1
2026-01-07,HM56,34.9
2026-01-07,HM56,33.7
2026-01-07,HM56,34.8
2026-01-08,HM01,35.7
2026-01-08,HM01,38.2
2026-01-08,HM01,36.4
2026-01-08,HM12,34.2
2026-01-08,HM12,33.2
2026-01-08,HM12,32.3
2026-01-08,HM12,36.5
2026-01-08,HM12,32.3
2026-01-08,HM12,33.1
2026-01-08,HM12,32.3
2026-01-08,HM13,29.9
2026-01-08,HM13,31.1
2026-01-08,HM14,27.9
2026-01-08,HM14,34.9
2026-01-08,HM14,30.5
2026-01-08,HM16,36.2
2026-01-08,HM16,37.0
2026-01-08,HM16,39.7
2026-01-08,HM16,34.5
2026-01-08,HM16,35.5
2026-01-08,HM16,35.9
2026-01-08,HM16,34.3
2026-01-08,HM16,39.0
2026-01-08,HM20,41.6
2026-01-08,HM20,37.0
2026-01-08,HM25,33.1
2026-01-08,HM25,37.9
2026-01-08,HM25,37.1
2026-01-08,HM25,34.2
2026-01-08,HM30,34.4
2026-01-08,HM30,34.2
2026-01-08,HM30,28.6
2026-01-08,HM30,34.2
2026-01-08,HM36,35.8
2026-01-08,HM36,37.7
2026-01-08,HM36,39.1
2026-01-08,HM36,33.9
2026-01-08,HM36,41.7
2026-01-08,HM43,29.8
2026-01-08,HM43,30.9
2026-01-08,HM47,42.5
2026-01-08,HM47,42.3
2026-01-08,HM50,33.2
2026-01-08,HM50,32.1
2026-01-08,HM50,31.3
2026-01-08,HM50,32.2
2026-01-08,HM56,34.3
2026-01-08,HM56,37.8
2026-01-08,HM56,32.3
2026-01-08,HM56,37.1
2026-01-08,HM56,31.9
2026-01-09,HM01,32.5
2026-01-09,HM01,39.7
2026-01-09,HM01,35.0
2026-01-09,HM01,33.7
2026-01-09,HM01,32.8
2026-01-09,HM01,32.2
2026-01-09,HM01,38.2
2026-01-09,HM01,33.8
2026-01-09,HM01,36.1
2026-01-09,HM12,35.7
2026-01-09,HM12,34.5
2026-01-09,HM12,39.1
2026-01-09,HM12,35.2
2026-01-09,HM12,35.3
2026-01-09,HM12,36.4
2026-01-09,HM12,30.6
2026-01-09,HM12,36.3
2026-01-09,HM12,30.9
2026-01-09,HM12,34.9
2026-01-09,HM12,35.5
2026-01-09,HM12,34.8
2026-01-09,HM13,44.4
2026-01-09,HM13,42.8
2026-01-09,HM14,27.5
2026-01-09,HM14,29.9
2026-01-09,HM14,34.4
2026-01-09,HM16,42.0
2026-01-09,HM16,41.7
2026-01-09,HM25,33.8
2026-01-09,HM25,32.6
2026-01-09,HM25,32.7
2026-01-09,HM30,34.4
2026-01-09,HM30,36.7
2026-01-09,HM30,35.5
2026-01-09,HM30,32.3
2026-01-09,HM30,32.1
2026-01-09,HM30,33.1
2026-01-09,HM36,34.5
2026-01-09,HM36,31.8
2026-01-09,HM36,34.5
2026-01-09,HM36,31.7
2026-01-09,HM36,34.7
2026-01-09,HM43,33.4
2026-01-09,HM47,39.2
2026-01-09,HM47,39.5
2026-01-09,HM47,37.4
2026-01-09,HM50,34.3
2026-01-09,HM50,28.5
2026-01-09,HM50,31.1
2026-01-09,HM56,33.9
2026-01-09,HM56,33.0
2026-01-09,HM56,37.4
2026-01-10,HM01,16.8
2026-01-10,HM12,38.6
2026-01-10,HM12,33.2
2026-01-10,HM12,35.1
2026-01-10,HM13,35.3
2026-01-10,HM13,34.8
2026-01-10,HM13,33.5
2026-01-10,HM13,34.4
2026-01-10,HM13,31.8
2026-01-10,HM14,37.5
2026-01-10,HM14,30.6
2026-01-10,HM14,33.8
2026-01-10,HM14,33.8
2026-01-10,HM14,31.2
2026-01-10,HM16,33.5
2026-01-10,HM16,35.0
2026-01-10,HM16,33.1
2026-01-10,HM16,32.4
2026-01-10,HM16,34.8
2026-01-10,HM20,33.9
2026-01-10,HM20,32.3
2026-01-10,HM20,29.0
2026-01-10,HM25,39.6
2026-01-10,HM25,35.0
2026-01-10,HM25,34.0
2026-01-10,HM25,35.1
2026-01-10,HM25,35.1
2026-01-10,HM25,35.4
2026-01-10,HM25,34.4
2026-01-10,HM25,34.5
2026-01-10,HM25,34.1
2026-01-10,HM30,23.1
2026-01-10,HM36,35.4
2026-01-10,HM36,35.8
2026-01-10,HM36,34.0
2026-01-10,HM36,33.4
2026-01-10,HM36,39.4
2026-01-10,HM36,32.3
2026-01-10,HM47,45.1
2026-01-10,HM56,31.1
2026-01-10,HM56,32.3
2026-01-10,HM56,32.1
2026-01-11,HM01,25.1
2026-01-11,HM12,34.9
2026-01-11,HM12,38.0
2026-01-11,HM12,35.0
2026-01-11,HM12,33.5
2026-01-11,HM12,36.9
2026-01-11,HM12,36.3
2026-01-11,HM12,35.6
2026-01-11,HM12,35.2
2026-01-11,HM12,38.7
2026-01-11,HM13,34.4
2026-01-11,HM13,34.3
2026-01-11,HM13,36.3
2026-01-11,HM13,34.0
2026-01-11,HM13,33.6
2026-01-11,HM13,32.9
2026-01-11,HM13,37.6
2026-01-11,HM14,33.4
2026-01-11,HM14,32.1
2026-01-11,HM14,33.6
2026-01-11,HM14,34.4
2026-01-11,HM14,31.5
2026-01-11,HM16,44.5
2026-01-11,HM20,32.4
2026-01-11,HM25,33.8
2026-01-11,HM25,34.5
2026-01-11,HM25,33.5
2026-01-11,HM30,41.2
2026-01-11,HM30,36.5
2026-01-11,HM30,39.5
2026-01-11,HM36,35.7
2026-01-11,HM36,34.1
2026-01-11,HM36,33.0
2026-01-11,HM43,35.5
2026-01-11,HM43,35.1
2026-01-11,HM43,34.2
2026-01-11,HM43,32.7
2026-01-11,HM43,30.6
2026-01-11,HM43,33.1
2026-01-11,HM47,34.5
2026-01-11,HM47,35.7
2026-01-11,HM47,34.8
2026-01-11,HM50,31.2
2026-01-11,HM50,28.4
2026-01-11,HM50,30.5
2026-01-11,HM50,32.3
2026-01-11,HM56,32.3
2026-01-11,HM56,33.9
2026-01-11,HM56,28.8
2026-01-12,HM01,34.3
2026-01-12,HM01,34.9
2026-01-12,HM01,33.1
2026-01-12,HM01,35.5
2026-01-12,HM01,35.5
2026-01-12,HM01,31.7
2026-01-12,HM01,35.6
2026-01-12,HM01,30.4
2026-01-12,HM01,35.3
2026-01-12,HM01,37.2
2026-01-12,HM12,42.2
2026-01-12,HM12,42.6
2026-01-12,HM13,29.4
2026-01-12,HM14,29.5
2026-01-12,HM14,29.5
2026-01-12,HM16,30.4
2026-01-12,HM16,32.0
2026-01-12,HM16,27.3
2026-01-12,HM16,29.0
2026-01-12,HM20,38.4
2026-01-12,HM20,39.6
2026-01-12,HM20,39.4
2026-01-12,HM20,37.8
2026-01-12,HM20,34.8
2026-01-12,HM20,38.0
2026-01-12,HM25,53.9
2026-01-12,HM30,39.6
2026-01-12,HM30,34.7
2026-01-12,HM30,38.0
2026-01-12,HM30,34.0
2026-01-12,HM30,33.3
2026-01-12,HM30,35.9
2026-01-12,HM30,37.2
2026-01-12,HM36,13.5
2026-01-12,HM43,34.1
2026-01-12,HM43,36.4
2026-01-12,HM43,35.5
2026-01-12,HM43,34.9
2026-01-12,HM43,39.2
2026-01-12,HM43,38.5
2026-01-12,HM43,32.0
2026-01-12,HM43,38.6
2026-01-12,HM43,34.5
2026-01-12,HM43,35.3
2026-01-12,HM43,33.7
2026-01-12,HM43,34.2
2026-01-12,HM47,25.2
2026-01-12,HM50,28.0
2026-01-12,HM56,40.7
2026-01-12,HM56,35.9
2026-01-13,HM01,35.3
2026-01-13,HM01,32.4
2026-01-13,HM01,33.6
2026-01-13,HM01,37.1
2026-01-13,HM01,39.1
2026-01-13,HM01,35.8
2026-01-13,HM01,34.2
2026-01-13,HM12,40.9
2026-01-13,HM13,32.2
2026-01-13,HM13,34.6
2026-01-13,HM13,31.7
2026-01-13,HM13,31.6
2026-01-13,HM14,37.6
2026-01-13,HM14,33.6
2026-01-13,HM14,33.4
2026-01-13,HM14,31.7
2026-01-13,HM16,33.0
2026-01-13,HM16,36.5
2026-01-13,HM16,37.2
2026-01-13,HM16,39.0
2026-01-13,HM16,32.4
2026-01-13,HM16,33.4
2026-01-13,HM16,35.9
2026-01-13,HM16,36.4
2026-01-13,HM16,37.8
2026-01-13,HM16,39.3
2026-01-13,HM16,37.5
2026-01-13,HM20,29.4
2026-01-13,HM20,32.8
2026-01-13,HM25,36.2
2026-01-13,HM25,32.1
2026-01-13,HM30,52.3
2026-01-13,HM36,51.6
2026-01-13,HM43,33.9
2026-01-13,HM43,31.5
2026-01-13,HM43,34.5
2026-01-13,HM43,36.7
2026-01-13,HM47,35.8
2026-01-13,HM47,37.5
2026-01-13,HM47,39.5
2026-01-13,HM47,34.6
2026-01-13,HM47,36.9
2026-01-13,HM47,35.9
2026-01-13,HM47,33.6
2026-01-13,HM47,38.7
2026-01-13,HM50,35.7
2026-01-13,HM50,34.7
2026-01-13,HM50,31.8
2026-01-13,HM50,29.8
2026-01-13,HM50,38.0
2026-01-13,HM56,36.1
2026-01-13,HM56,38.7
2026-01-13,HM56,37.6
2026-01-13,HM56,36.4
2026-01-14,HM01,36.5
2026-01-14,HM01,32.5
2026-01-14,HM01,29.4
2026-01-14,HM01,32.1
2026-01-14,HM01,32.6
2026-01-14,HM01,35.0
2026-01-14,HM12,33.4
2026-01-14,HM12,31.9
2026-01-14,HM12,37.3
2026-01-14,HM12,33.8
2026-01-14,HM12,33.2
2026-01-14,HM12,33.4
2026-01-14,HM12,34.5
2026-01-14,HM13,35.2
2026-01-14,HM13,31.5
2026-01-14,HM13,35.1
2026-01-14,HM14,32.2
2026-01-14,HM14,30.8
2026-01-14,HM14,31.7
2026-01-14,HM14,30.6
2026-01-14,HM14,31.9
2026-01-14,HM16,26.6
2026-01-14,HM16,27.2
2026-01-14,HM20,32.9
2026-01-14,HM20,29.2
2026-01-14,HM20,35.2
2026-01-14,HM25,36.5
2026-01-14,HM25,38.3
2026-01-14,HM30,24.4
2026-01-14,HM36,42.0
2026-01-14,HM36,40.4
2026-01-14,HM43,36.3
2026-01-14,HM43,41.6
2026-01-14,HM47,33.7
2026-01-14,HM47,32.2
2026-01-14,HM47,33.4
2026-01-14,HM47,36.6
2026-01-14,HM47,34.3
2026-01-14,HM50,33.8
2026-01-14,HM50,32.9
2026-01-15,HM01,33.8
2026-01-15,HM01,33.6
2026-01-15,HM01,37.5
2026-01-15,HM01,35.8
2026-01-15,HM12,28.8
2026-01-15,HM12,27.5
2026-01-15,HM13,30.0
2026-01-15,HM13,27.8
2026-01-15,HM14,29.5
2026-01-15,HM14,31.4
2026-01-15,HM16,30.9
2026-01-15,HM16,33.1
2026-01-15,HM16,31.6
2026-01-15,HM16,32.1
2026-01-15,HM16,32.3
2026-01-15,HM16,33.9
2026-01-15,HM16,32.3
2026-01-15,HM20,32.4
2026-01-15,HM20,31.2
2026-01-15,HM20,34.9
2026-01-15,HM20,34.2
2026-01-15,HM20,32.6
2026-01-15,HM20,33.7
2026-01-15,HM20,33.3
2026-01-15,HM25,38.5
2026-01-15,HM25,39.1
2026-01-15,HM30,29.2
2026-01-15,HM36,37.5
2026-01-15,HM36,32.7
2026-01-15,HM36,35.1
2026-01-15,HM43,40.6
2026-01-15,HM43,37.1
2026-01-15,HM47,31.1
2026-01-15,HM47,35.8
2026-01-15,HM47,32.9
2026-01-15,HM50,17.9
2026-01-15,HM56,39.3
2026-01-15,HM56,39.6
2026-01-16,HM01,31.3
2026-01-16,HM01,34.7
2026-01-16,HM01,34.6
2026-01-16,HM01,34.6
2026-01-16,HM01,34.2
2026-01-16,HM01,36.1
2026-01-16,HM01,32.9
2026-01-16,HM12,34.7
2026-01-16,HM12,32.2
2026-01-16,HM12,28.4
2026-01-16,HM12,35.7
2026-01-16,HM12,35.0
2026-01-16,HM12,31.9
2026-01-16,HM13,40.6
2026-01-16,HM13,40.6
2026-01-16,HM14,37.5
2026-01-16,HM14,33.5
2026-01-16,HM14,33.3
2026-01-16,HM14,36.8
2026-01-16,HM14,37.8
2026-01-16,HM14,33.3
2026-01-16,HM14,34.0
2026-01-16,HM14,36.4
2026-01-16,HM14,36.6
2026-01-16,HM14,36.1
2026-01-16,HM14,34.8
2026-01-16,HM16,40.4
2026-01-16,HM16,38.3
2026-01-16,HM16,37.1
2026-01-16,HM20,50.6
2026-01-16,HM25,43.1
2026-01-16,HM30,30.1
2026-01-16,HM30,28.8
2026-01-16,HM36,29.0
2026-01-16,HM36,30.4
2026-01-16,HM36,31.9
2026-01-16,HM43,35.2
2026-01-16,HM43,36.2
2026-01-16,HM43,33.4
2026-01-16,HM47,36.0
2026-01-16,HM47,37.2
2026-01-16,HM47,33.3
2026-01-16,HM47,35.9
2026-01-16,HM50,46.6
2026-01-16,HM56,35.4
2026-01-17,HM01,40.3
2026-01-17,HM01,37.8
2026-01-17,HM01,40.2
2026-01-17,HM01,37.6
2026-01-17,HM12,32.1
2026-01-17,HM12,34.3
2026-01-17,HM12,36.6
2026-01-17,HM12,36.7
2026-01-17,HM12,31.8
2026-01-17,HM12,36.1
2026-01-17,HM13,28.6
2026-01-17,HM13,33.7
2026-01-17,HM13,32.9
2026-01-17,HM13,32.9
2026-01-17,HM14,36.8
2026-01-17,HM14,38.1
2026-01-17,HM14,33.8
2026-01-17,HM16,33.5
2026-01-17,HM16,39.7
2026-01-17,HM16,37.1
2026-01-17,HM20,31.6
2026-01-17,HM25,37.7
2026-01-17,HM25,38.6
2026-01-17,HM25,41.1
2026-01-17,HM25,37.3
2026-01-17,HM25,38.8
2026-01-17,HM30,29.6
2026-01-17,HM30,30.5
2026-01-17,HM30,37.0
2026-01-17,HM30,34.2
2026-01-17,HM30,34.4
2026-01-17,HM30,30.4
2026-01-17,HM30,35.2
2026-01-17,HM30,32.3
2026-01-17,HM36,47.9
2026-01-17,HM43,29.0
2026-01-17,HM47,42.1
2026-01-17,HM50,33.2
2026-01-17,HM50,33.3
2026-01-17,HM50,34.9
2026-01-17,HM50,34.3
2026-01-17,HM50,36.0
2026-01-17,HM50,35.1
2026-01-17,HM50,39.1
2026-01-17,HM50,36.8
2026-01-18,HM01,41.6
2026-01-18,HM01,42.1
2026-01-18,HM12,32.1
2026-01-18,HM12,34.8
2026-01-18,HM12,32.4
2026-01-18,HM12,36.0
2026-01-18,HM12,34.3
2026-01-18,HM12,28.7
2026-01-18,HM13,30.1
2026-01-18,HM13,33.1
2026-01-18,HM14,35.6
2026-01-18,HM14,34.8
2026-01-18,HM14,38.2
2026-01-18,HM14,37.3
2026-01-18,HM14,37.6
2026-01-18,HM14,36.1
2026-01-18,HM16,32.8
2026-01-18,HM16,28.8
2026-01-18,HM16,29.4
2026-01-18,HM20,36.3
2026-01-18,HM20,35.1
2026-01-18,HM20,38.6
2026-01-18,HM20,34.2
2026-01-18,HM20,34.3
2026-01-18,HM20,33.9
2026-01-18,HM20,33.1
2026-01-18,HM30,36.8
2026-01-18,HM30,35.0
2026-01-18,HM36,42.9
2026-01-18,HM36,40.9
2026-01-18,HM36,38.3
2026-01-18,HM43,34.1
2026-01-18,HM43,34.2
2026-01-18,HM43,35.5
2026-01-18,HM43,32.1
2026-01-18,HM43,31.7
2026-01-18,HM43,34.9
2026-01-18,HM43,34.7
2026-01-18,HM43,32.4
2026-01-18,HM47,42.8
2026-01-18,HM47,45.9
2026-01-18,HM50,38.3
2026-01-18,HM50,31.3
2026-01-18,HM56,46.1
2026-01-19,HM01,37.3
2026-01-19,HM12,33.4
2026-01-19,HM12,36.5
2026-01-19,HM12,40.8
2026-01-19,HM12,35.3
2026-01-19,HM12,40.2
2026-01-19,HM13,27.2
2026-01-19,HM13,27.5
2026-01-19,HM14,22.9
2026-01-19,HM14,24.8
2026-01-19,HM16,33.9
2026-01-19,HM16,30.5
2026-01-19,HM16,33.1
2026-01-19,HM16,31.6
2026-01-19,HM20,40.2
2026-01-19,HM25,36.3
2026-01-19,HM25,39.1
2026-01-19,HM25,36.7
2026-01-19,HM25,38.6
2026-01-19,HM25,37.1
2026-01-19,HM30,35.3
2026-01-19,HM30,32.4
2026-01-19,HM36,38.8
2026-01-19,HM36,41.2
2026-01-19,HM36,38.3
2026-01-19,HM43,36.4
2026-01-19,HM43,33.2
2026-01-19,HM43,34.9
2026-01-19,HM47,26.6
2026-01-19,HM47,31.4
2026-01-19,HM50,27.3
2026-01-19,HM56,34.9
2026-01-19,HM56,34.2
2026-01-19,HM56,37.4
2026-01-19,HM56,35.2
2026-01-19,HM56,36.5
2026-01-19,HM56,36.5
2026-01-20,HM01,37.5
2026-01-20,HM01,35.3
2026-01-20,HM12,40.1
2026-01-20,HM12,34.4
2026-01-20,HM13,31.5
2026-01-20,HM13,34.6
2026-01-20,HM13,34.2
2026-01-20,HM13,33.9
2026-01-20,HM14,39.7
2026-01-20,HM14,35.8
2026-01-20,HM14,40.5
2026-01-20,HM14,37.3
2026-01-20,HM16,30.5
2026-01-20,HM20,40.6
2026-01-20,HM20,39.0
2026-01-20,HM20,36.3
2026-01-20,HM25,27.3
2026-01-20,HM30,34.9
2026-01-20,HM30,35.1
2026-01-20,HM30,31.3
2026-01-20,HM36,41.0
2026-01-20,HM36,39.7
2026-01-20,HM36,37.9
2026-01-20,HM43,32.0
2026-01-20,HM43,37.8
2026-01-20,HM47,34.2
2026-01-20,HM47,37.6
2026-01-20,HM47,33.1
2026-01-20,HM50,37.9
2026-01-20,HM56,35.1
2026-01-20,HM56,34.2
2026-01-20,HM56,36.7
2026-01-20,HM56,33.4
2026-01-21,HM01,53.1
2026-01-21,HM12,31.7
2026-01-21,HM12,33.7
2026-01-21,HM12,34.0
2026-01-21,HM12,31.8
2026-01-21,HM13,36.6
2026-01-21,HM13,39.2
2026-01-21,HM13,35.5
2026-01-21,HM13,38.2
2026-01-21,HM13,37.4
2026-01-21,HM13,40.9
2026-01-21,HM14,36.7
2026-01-21,HM14,37.3
2026-01-21,HM14,34.8
2026-01-21,HM14,33.9
2026-01-21,HM14,39.0
2026-01-21,HM14,35.2
2026-01-21,HM14,36.3
2026-01-21,HM20,33.3
2026-01-21,HM20,33.4
2026-01-21,HM20,36.5
2026-01-21,HM20,34.0
2026-01-21,HM20,34.3
2026-01-21,HM20,35.2
2026-01-21,HM20,35.6
2026-01-21,HM25,36.5
2026-01-21,HM25,37.5
2026-01-21,HM25,34.7
2026-01-21,HM25,34.7
2026-01-21,HM25,39.0
2026-01-21,HM25,36.4
2026-01-21,HM30,20.3
2026-01-21,HM43,31.5
2026-01-21,HM43,29.9
2026-01-21,HM43,36.2
2026-01-21,HM43,32.5
2026-01-21,HM43,36.5
2026-01-21,HM43,35.8
2026-01-21,HM43,33.0
2026-01-21,HM43,33.3
2026-01-21,HM43,31.6
2026-01-21,HM47,36.0
2026-01-21,HM47,36.9
2026-01-21,HM47,36.9
2026-01-21,HM50,37.1
2026-01-21,HM50,33.0
2026-01-21,HM56,16.7
2026-01-22,HM01,36.8
2026-01-22,HM01,34.7
2026-01-22,HM01,33.4
2026-01-22,HM01,31.9
2026-01-22,HM01,34.0
2026-01-22,HM01,33.8
2026-01-22,HM12,37.0
2026-01-22,HM13,36.1
2026-01-22,HM13,33.9
2026-01-22,HM13,34.8
2026-01-22,HM13,32.0
2026-01-22,HM13,36.4
2026-01-22,HM14,35.4
2026-01-22,HM14,36.7
2026-01-22,HM16,33.0
2026-01-22,HM16,32.5
2026-01-22,HM16,32.3
2026-01-22,HM20,33.7
2026-01-22,HM25,25.2
2026-01-22,HM25,24.9
2026-01-22,HM30,33.8
2026-01-22,HM30,38.4
2026-01-22,HM30,34.2
2026-01-22,HM30,35.2
2026-01-22,HM30,33.3
2026-01-22,HM36,25.7
2026-01-22,HM36,24.5
2026-01-22,HM43,37.6
2026-01-22,HM43,39.0
2026-01-22,HM43,35.9
2026-01-22,HM43,36.1
2026-01-22,HM47,51.6
2026-01-22,HM56,39.9
2026-01-22,HM56,37.0
2026-01-22,HM56,38.1
2026-01-23,HM01,33.3
2026-01-23,HM01,35.6
2026-01-23,HM01,34.9
2026-01-23,HM01,32.4
2026-01-23,HM12,31.0
2026-01-23,HM12,26.6
2026-01-23,HM13,39.7
2026-01-23,HM13,38.5
2026-01-23,HM13,36.1
2026-01-23,HM14,38.2
2026-01-23,HM14,35.6
2026-01-23,HM14,37.6
2026-01-23,HM14,39.9
2026-01-23,HM14,36.7
2026-01-23,HM14,35.7
2026-01-23,HM14,37.9
2026-01-23,HM16,37.5
2026-01-23,HM16,34.6
2026-01-23,HM16,36.5
2026-01-23,HM16,35.4
2026-01-23,HM20,43.6
2026-01-23,HM25,34.8
2026-01-23,HM25,35.1
2026-01-23,HM25,34.9
2026-01-23,HM30,29.3
2026-01-23,HM36,36.0
2026-01-23,HM36,35.6
2026-01-23,HM43,39.9
2026-01-23,HM43,35.7
2026-01-23,HM43,39.6
2026-01-23,HM43,36.8
2026-01-23,HM43,36.0
2026-01-23,HM47,31.1
2026-01-23,HM50,35.4
2026-01-23,HM50,36.5
2026-01-23,HM56,36.5
2026-01-23,HM56,37.7
2026-01-23,HM56,37.6
2026-01-24,HM01,34.7
2026-01-24,HM01,33.0
2026-01-24,HM01,35.5
2026-01-24,HM01,30.9
2026-01-24,HM01,34.6
2026-01-24,HM12,32.3
2026-01-24,HM12,33.2
2026-01-24,HM12,33.0
2026-01-24,HM13,31.5
2026-01-24,HM13,29.0
2026-01-24,HM13,30.0
2026-01-24,HM13,28.1
2026-01-24,HM14,36.7
2026-01-24,HM14,34.7
2026-01-24,HM14,34.7
2026-01-24,HM14,36.6
2026-01-24,HM14,32.9
2026-01-24,HM14,37.2
2026-01-24,HM16,31.5
2026-01-24,HM16,36.1
2026-01-24,HM16,32.7
2026-01-24,HM16,30.6
2026-01-24,HM16,34.5
2026-01-24,HM16,35.5
2026-01-24,HM20,33.5
2026-01-24,HM20,35.1
2026-01-24,HM20,32.7
2026-01-24,HM20,35.0
2026-01-24,HM25,36.9
2026-01-24,HM25,30.3
2026-01-24,HM25,37.0
2026-01-24,HM25,34.3
2026-01-24,HM25,35.5
2026-01-24,HM36,38.2
2026-01-24,HM43,39.1
2026-01-24,HM47,30.7
2026-01-24,HM47,35.3
2026-01-24,HM47,33.2
2026-01-24,HM50,43.5
2026-01-24,HM56,35.9
2026-01-24,HM56,34.0
2026-01-24,HM56,31.3
2026-01-24,HM56,32.8
2026-01-24,HM56,34.4
2026-01-25,HM01,31.6
2026-01-25,HM01,34.6
2026-01-25,HM01,29.8
2026-01-25,HM01,33.8
2026-01-25,HM01,34.1
2026-01-25,HM12,33.7
2026-01-25,HM12,31.9
2026-01-25,HM12,39.9
2026-01-25,HM12,32.9
2026-01-25,HM12,30.7
2026-01-25,HM12,38.0
2026-01-25,HM12,35.8
2026-01-25,HM13,33.2
2026-01-25,HM13,31.8
2026-01-25,HM13,34.3
2026-01-25,HM13,34.9
2026-01-25,HM13,33.4
2026-01-25,HM13,30.9
2026-01-25,HM13,35.7
2026-01-25,HM13,34.4
2026-01-25,HM13,32.1
2026-01-25,HM13,35.8
2026-01-25,HM14,26.6
2026-01-25,HM14,31.8
2026-01-25,HM14,31.9
2026-01-25,HM14,29.7
2026-01-25,HM16,33.0
2026-01-25,HM16,37.7
2026-01-25,HM16,36.4
2026-01-25,HM16,36.4
2026-01-25,HM16,36.2
2026-01-25,HM16,36.5
2026-01-25,HM16,36.6
2026-01-25,HM16,34.3
2026-01-25,HM20,29.5
2026-01-25,HM20,34.8
2026-01-25,HM25,37.5
2026-01-25,HM25,40.1
2026-01-25,HM30,38.9
2026-01-25,HM30,38.8
2026-01-25,HM36,39.2
2026-01-25,HM36,36.8
2026-01-25,HM43,37.4
2026-01-25,HM43,38.9
2026-01-25,HM47,28.9
2026-01-25,HM50,33.9
2026-01-25,HM50,35.8
2026-01-25,HM50,36.1
2026-01-25,HM50,33.5
2026-01-25,HM50,38.7
2026-01-25,HM56,44.6
2026-01-26,HM01,37.4
2026-01-26,HM01,37.2
2026-01-26,HM01,36.6
2026-01-26,HM01,32.8
2026-01-26,HM01,35.1
2026-01-26,HM01,35.4
2026-01-26,HM12,34.6
2026-01-26,HM12,32.5
2026-01-26,HM12,37.2
2026-01-26,HM12,34.7
2026-01-26,HM12,34.7
2026-01-26,HM13,46.6
2026-01-26,HM14,35.6
2026-01-26,HM14,37.3
2026-01-26,HM16,34.6
2026-01-26,HM20,32.0
2026-01-26,HM20,32.7
2026-01-26,HM20,33.4
2026-01-26,HM20,30.6
2026-01-26,HM25,37.4
2026-01-26,HM25,33.2
2026-01-26,HM25,35.1
2026-01-26,HM30,41.1
2026-01-26,HM30,37.1
2026-01-26,HM30,35.6
2026-01-26,HM36,52.0
2026-01-26,HM43,33.1
2026-01-26,HM43,35.7
2026-01-26,HM47,36.0
2026-01-26,HM47,38.6
2026-01-26,HM50,38.2
2026-01-26,HM50,43.8
2026-01-26,HM56,49.7
2026-01-27,HM01,32.8
2026-01-27,HM01,32.9
2026-01-27,HM01,34.8
2026-01-27,HM01,36.4
2026-01-27,HM01,34.7
2026-01-27,HM12,28.7
2026-01-27,HM12,31.4
2026-01-27,HM13,31.0
2026-01-27,HM14,42.3
2026-01-27,HM14,38.7
2026-01-27,HM16,37.0
2026-01-27,HM16,35.4
2026-01-27,HM16,32.7
2026-01-27,HM16,35.6
2026-01-27,HM20,35.5
2026-01-27,HM20,31.8
2026-01-27,HM20,34.9
2026-01-27,HM20,32.2
2026-01-27,HM20,34.8
2026-01-27,HM20,34.8
2026-01-27,HM20,34.0
2026-01-27,HM20,33.1
2026-01-27,HM20,35.2
2026-01-27,HM25,36.8
2026-01-27,HM25,34.8
2026-01-27,HM30,38.5
2026-01-27,HM30,40.9
2026-01-27,HM30,38.5
2026-01-27,HM36,32.9
2026-01-27,HM36,29.2
2026-01-27,HM36,30.3
2026-01-27,HM43,35.1
2026-01-27,HM43,34.5
2026-01-27,HM43,35.8
2026-01-27,HM43,36.0
2026-01-27,HM43,35.9
2026-01-27,HM43,40.2
2026-01-27,HM43,33.6
2026-01-27,HM47,43.7
2026-01-27,HM50,33.3
2026-01-27,HM50,29.7
2026-01-27,HM50,30.2
2026-01-27,HM56,42.5
2026-01-27,HM56,43.5
2026-01-28,HM01,29.0
2026-01-28,HM01,27.9
2026-01-28,HM12,50.9
2026-01-28,HM13,34.7
2026-01-28,HM13,36.8
2026-01-28,HM14,27.0
2026-01-28,HM14,29.6
2026-01-28,HM14,31.9
2026-01-28,HM16,19.2
2026-01-28,HM20,38.2
2026-01-28,HM20,41.0
2026-01-28,HM20,33.9
2026-01-28,HM20,36.0
2026-01-28,HM25,33.0
2026-01-28,HM25,32.3
2026-01-28,HM25,36.3
2026-01-28,HM25,35.0
2026-01-28,HM30,32.8
2026-01-28,HM30,34.4
2026-01-28,HM30,34.5
2026-01-28,HM30,35.9
2026-01-28,HM36,29.8
2026-01-28,HM36,26.7
2026-01-28,HM36,27.2
2026-01-28,HM43,31.8
2026-01-28,HM43,38.2
2026-01-28,HM47,43.0
2026-01-28,HM47,40.1
2026-01-28,HM50,34.8
2026-01-28,HM56,32.7
2026-01-28,HM56,33.8
2026-01-28,HM56,35.5
2026-01-28,HM56,37.5
2026-01-28,HM56,30.1
2026-01-28,HM56,31.4
2026-01-29,HM12,35.4
2026-01-29,HM12,31.8
2026-01-29,HM12,34.9
2026-01-29,HM12,30.0
2026-01-29,HM12,34.8
2026-01-29,HM12,32.0
2026-01-29,HM14,32.2
2026-01-29,HM14,32.8
2026-01-29,HM14,34.7
2026-01-29,HM14,37.9
2026-01-29,HM14,36.6
2026-01-29,HM14,35.1
2026-01-29,HM14,35.1
2026-01-29,HM14,35.4
2026-01-29,HM14,35.5
2026-01-29,HM16,35.3
2026-01-29,HM16,35.4
2026-01-29,HM16,34.3
2026-01-29,HM16,32.5
2026-01-29,HM16,33.4
2026-01-29,HM16,32.7
2026-01-29,HM16,32.4
2026-01-29,HM16,34.0
2026-01-29,HM20,38.0
2026-01-29,HM20,35.3
2026-01-29,HM20,31.1
2026-01-29,HM20,35.5
2026-01-29,HM20,37.6
2026-01-29,HM20,37.7
2026-01-29,HM25,25.2
2026-01-29,HM30,37.1
2026-01-29,HM30,33.3
2026-01-29,HM30,36.7
2026-01-29,HM36,36.5
2026-01-29,HM36,36.6
2026-01-29,HM36,40.0
2026-01-29,HM36,36.9
2026-01-29,HM36,34.9
2026-01-29,HM36,37.3
2026-01-29,HM43,35.7
2026-01-29,HM43,35.8
2026-01-29,HM43,42.1
2026-01-29,HM47,33.0
2026-01-29,HM47,29.5
2026-01-29,HM56,34.5
2026-01-29,HM56,35.6
2026-01-29,HM56,36.5
2026-01-29,HM56,35.1
2026-01-29,HM56,36.5
2026-01-29,HM56,35.5
2026-01-30,HM01,37.9
2026-01-30,HM01,38.7
2026-01-30,HM01,36.5
2026-01-30,HM12,35.8
2026-01-30,HM12,30.6
2026-01-30,HM12,33.5
2026-01-30,HM12,32.5
2026-01-30,HM12,34.9
2026-01-30,HM12,31.3
2026-01-30,HM12,33.3
2026-01-30,HM13,34.5
2026-01-30,HM13,37.3
2026-01-30,HM14,31.9
2026-01-30,HM14,35.3
2026-01-30,HM14,30.9
2026-01-30,HM14,31.9
2026-01-30,HM16,35.3
2026-01-30,HM16,29.2
2026-01-30,HM16,34.8
2026-01-30,HM16,37.9
2026-01-30,HM16,33.6
2026-01-30,HM16,32.5
2026-01-30,HM16,35.0
2026-01-30,HM16,29.2
2026-01-30,HM16,33.7
2026-01-30,HM16,35.7
2026-01-30,HM16,32.5
2026-01-30,HM20,14.3
2026-01-30,HM25,39.2
2026-01-30,HM25,39.8
2026-01-30,HM25,40.8
2026-01-30,HM30,33.7
2026-01-30,HM36,31.6
2026-01-30,HM36,31.9
2026-01-30,HM36,33.4
2026-01-30,HM36,37.2
2026-01-30,HM36,34.1
2026-01-30,HM36,34.6
2026-01-30,HM36,35.0
2026-01-30,HM36,33.2
2026-01-30,HM36,37.8
2026-01-30,HM36,33.7
2026-01-30,HM36,36.6
2026-01-30,HM36,34.5
2026-01-30,HM43,39.8
2026-01-30,HM43,37.9
2026-01-30,HM43,38.8
2026-01-30,HM43,38.7
2026-01-30,HM47,31.8
2026-01-30,HM47,33.6
2026-01-30,HM47,33.2
2026-01-30,HM47,30.8
2026-01-30,HM50,28.7
2026-01-30,HM50,29.3
2026-01-30,HM50,32.9
2026-01-30,HM56,40.5
2026-01-31,HM01,37.4
2026-01-31,HM01,33.2
2026-01-31,HM01,33.6
2026-01-31,HM01,34.3
2026-01-31,HM01,38.9
2026-01-31,HM01,35.9
2026-01-31,HM01,36.9
2026-01-31,HM01,32.5
2026-01-31,HM12,30.7
2026-01-31,HM12,37.0
2026-01-31,HM12,35.7
2026-01-31,HM12,31.2
2026-01-31,HM12,30.3
2026-01-31,HM13,25.9
2026-01-31,HM13,29.6
2026-01-31,HM14,38.1
2026-01-31,HM14,36.8
2026-01-31,HM14,31.4
2026-01-31,HM14,34.2
2026-01-31,HM14,37.1
2026-01-31,HM14,37.4
2026-01-31,HM16,35.9
2026-01-31,HM16,36.0
2026-01-31,HM20,37.2
2026-01-31,HM25,26.2
2026-01-31,HM25,25.1
2026-01-31,HM30,34.9
2026-01-31,HM30,39.1
2026-01-31,HM30,39.8
2026-01-31,HM30,37.0
2026-01-31,HM30,37.8
2026-01-31,HM30,35.8
2026-01-31,HM30,39.6
2026-01-31,HM30,38.5
2026-01-31,HM30,38.4
2026-01-31,HM36,44.6
2026-01-31,HM36,44.0
2026-01-31,HM43,37.0
2026-01-31,HM43,30.6
2026-01-31,HM43,38.5
2026-01-31,HM43,39.0
2026-01-31,HM47,36.2
2026-01-31,HM47,32.3
2026-01-31,HM47,34.9
2026-01-31,HM47,34.3
2026-01-31,HM50,33.4
2026-01-31,HM50,33.1
2026-01-31,HM56,33.7
2026-01-31,HM56,36.9
2026-01-31,HM56,35.9
2026-02-01,HM01,46.9
2026-02-01,HM01,42.6
2026-02-01,HM12,29.3
2026-02-01,HM12,34.1
2026-02-01,HM12,31.2
2026-02-01,HM12,32.0
2026-02-01,HM12,33.7
2026-02-01,HM12,34.1
2026-02-01,HM13,35.3
2026-02-01,HM13,39.3
2026-02-01,HM13,39.6
2026-02-01,HM13,37.0
2026-02-01,HM13,33.4
2026-02-01,HM13,37.1
2026-02-01,HM13,36.6
2026-02-01,HM13,33.4
2026-02-01,HM13,34.5
2026-02-01,HM13,35.9
2026-02-01,HM14,34.2
2026-02-01,HM14,37.1
2026-02-01,HM14,36.9
2026-02-01,HM16,12.8
2026-02-01,HM20,30.6
2026-02-01,HM20,33.6
2026-02-01,HM30,44.2
2026-02-01,HM36,26.8
2026-02-01,HM36,27.1
2026-02-01,HM43,20.8
2026-02-01,HM47,32.5
2026-02-01,HM47,33.8
2026-02-01,HM47,30.0
2026-02-01,HM47,30.2
2026-02-01,HM47,36.9
2026-02-01,HM50,44.0
2026-02-01,HM56,31.1
2026-02-01,HM56,28.2
2026-02-01,HM56,30.9
2026-02-02,HM01,33.4
2026-02-02,HM01,36.9
2026-02-02,HM01,31.6
2026-02-02,HM01,34.8
2026-02-02,HM01,32.3
2026-02-02,HM01,32.9
2026-02-02,HM01,32.8
2026-02-02,HM12,33.2
2026-02-02,HM12,30.1
2026-02-02,HM12,33.9
2026-02-02,HM13,37.9
2026-02-02,HM13,38.2
2026-02-02,HM13,37.0
2026-02-02,HM13,40.6
2026-02-02,HM13,38.5
2026-02-02,HM13,37.3
2026-02-02,HM13,37.8
2026-02-02,HM13,35.3
2026-02-02,HM13,35.0
2026-02-02,HM14,17.4
2026-02-02,HM16,31.8
2026-02-02,HM16,30.7
2026-02-02,HM16,35.8
2026-02-02,HM16,36.0
2026-02-02,HM16,32.5
2026-02-02,HM16,31.9
2026-02-02,HM20,32.2
2026-02-02,HM20,32.8
2026-02-02,HM20,31.5
2026-02-02,HM25,35.1
2026-02-02,HM25,31.8
2026-02-02,HM30,36.9
2026-02-02,HM30,38.4
2026-02-02,HM30,37.1
2026-02-02,HM30,40.2
2026-02-02,HM36,38.1
2026-02-02,HM36,35.7
2026-02-02,HM36,35.0
2026-02-02,HM43,33.4
2026-02-02,HM43,34.5
2026-02-02,HM43,34.6
2026-02-02,HM43,33.2
2026-02-02,HM43,35.6
2026-02-02,HM47,42.6
2026-02-02,HM47,36.8
2026-02-02,HM50,32.1
2026-02-02,HM50,31.8
2026-02-02,HM50,30.6
2026-02-02,HM50,32.1
2026-02-02,HM50,32.1
2026-02-02,HM50,30.5
2026-02-02,HM50,34.4
2026-02-02,HM56,36.7
2026-02-02,HM56,35.6
2026-02-02,HM56,37.0
2026-02-02,HM56,37.4
2026-02-02,HM56,34.9
2026-02-02,HM56,35.7
2026-02-02,HM56,37.3
2026-02-02,HM56,40.3
2026-02-02,HM56,34.3
2026-02-03,HM01,37.1
2026-02-03,HM01,37.9
2026-02-03,HM01,38.7
2026-02-03,HM01,40.3
2026-02-03,HM12,30.8
2026-02-03,HM12,31.8
2026-02-03,HM12,32.0
2026-02-03,HM13,35.7
2026-02-03,HM13,34.1
2026-02-03,HM13,39.1
2026-02-03,HM14,32.8
2026-02-03,HM14,34.1
2026-02-03,HM14,35.3
2026-02-03,HM14,32.7
2026-02-03,HM14,32.4
2026-02-03,HM14,32.9
2026-02-03,HM14,35.7
2026-02-03,HM16,39.2
2026-02-03,HM16,38.6
2026-02-03,HM16,36.5
2026-02-03,HM16,34.4
2026-02-03,HM20,34.2
2026-02-03,HM20,32.2
2026-02-03,HM20,31.3
2026-02-03,HM20,32.0
2026-02-03,HM25,31.3
2026-02-03,HM25,34.8
2026-02-03,HM30,25.9
2026-02-03,HM36,36.8
2026-02-03,HM36,34.9
2026-02-03,HM43,39.2
2026-02-03,HM43,36.7
2026-02-03,HM43,41.0
2026-02-03,HM47,48.3
2026-02-03,HM50,35.4
2026-02-03,HM50,32.9
2026-02-03,HM50,36.5
2026-02-03,HM56,34.7
2026-02-03,HM56,32.7
2026-02-04,HM01,37.8
2026-02-04,HM12,40.2
2026-02-04,HM12,40.6
2026-02-04,HM12,34.3
2026-02-04,HM13,33.5
2026-02-04,HM13,37.8
2026-02-04,HM13,41.6
2026-02-04,HM13,34.6
2026-02-04,HM13,37.2
2026-02-04,HM13,37.7
2026-02-04,HM13,36.1
2026-02-04,HM14,31.8
2026-02-04,HM14,30.1
2026-02-04,HM14,29.9
2026-02-04,HM16,35.1
2026-02-04,HM16,35.0
2026-02-04,HM16,36.3
2026-02-04,HM16,38.2
2026-02-04,HM20,33.3
2026-02-04,HM20,32.3
2026-02-04,HM20,32.0
2026-02-04,HM20,30.7
2026-02-04,HM20,34.6
2026-02-04,HM20,36.0
2026-02-04,HM20,31.7
2026-02-04,HM20,32.2
2026-02-04,HM20,32.8
2026-02-04,HM20,35.8
2026-02-04,HM20,29.5
2026-02-04,HM25,33.7
2026-02-04,HM25,32.1
2026-02-04,HM25,30.9
2026-02-04,HM25,38.4
2026-02-04,HM25,36.5
2026-02-04,HM30,36.1
2026-02-04,HM30,34.2
2026-02-04,HM30,37.4
2026-02-04,HM30,35.4
2026-02-04,HM30,37.7
2026-02-04,HM36,31.3
2026-02-04,HM36,29.5
2026-02-04,HM36,33.5
2026-02-04,HM36,28.3
2026-02-04,HM43,33.8
2026-02-04,HM43,34.8
2026-02-04,HM43,34.4
2026-02-04,HM43,34.7
2026-02-04,HM43,33.3
2026-02-04,HM47,37.9
2026-02-04,HM47,32.3
2026-02-04,HM47,35.6
2026-02-04,HM47,33.7
2026-02-04,HM47,36.5
2026-02-04,HM47,36.2
2026-02-04,HM56,44.8
2026-02-05,HM01,37.1
2026-02-05,HM01,36.0
2026-02-05,HM01,34.4
2026-02-05,HM01,35.2
2026-02-05,HM01,35.2
2026-02-05,HM01,32.5
2026-02-05,HM01,32.8
2026-02-05,HM12,36.5
2026-02-05,HM12,38.3
2026-02-05,HM12,36.9
2026-02-05,HM13,23.4
2026-02-05,HM14,35.1
2026-02-05,HM14,36.0
2026-02-05,HM14,35.0
2026-02-05,HM14,36.9
2026-02-05,HM16,35.8
2026-02-05,HM16,38.2
2026-02-05,HM16,37.9
2026-02-05,HM20,32.1
2026-02-05,HM20,30.8
2026-02-05,HM20,31.3
2026-02-05,HM25,39.6
2026-02-05,HM30,36.3
2026-02-05,HM30,36.7
2026-02-05,HM30,35.8
2026-02-05,HM30,33.6
2026-02-05,HM36,38.6
2026-02-05,HM36,33.8
2026-02-05,HM36,36.5
2026-02-05,HM36,33.7
2026-02-05,HM36,36.2
2026-02-05,HM36,37.5
2026-02-05,HM36,33.1
2026-02-05,HM36,37.7
2026-02-05,HM36,36.0
2026-02-05,HM43,47.7
2026-02-05,HM47,50.2
2026-02-05,HM50,30.3
2026-02-05,HM50,34.6
2026-02-05,HM50,36.0
2026-02-05,HM56,38.9
2026-02-05,HM56,34.2
2026-02-05,HM56,36.9
2026-02-06,HM01,36.3
2026-02-06,HM01,37.1
2026-02-06,HM12,30.8
2026-02-06,HM12,29.4
2026-02-06,HM12,24.8
2026-02-06,HM13,36.0
2026-02-06,HM13,35.4
2026-02-06,HM13,34.4
2026-02-06,HM13,34.0
2026-02-06,HM13,33.1
2026-02-06,HM14,30.2
2026-02-06,HM14,37.5
2026-02-06,HM14,33.6
2026-02-06,HM14,34.3
2026-02-06,HM14,32.0
2026-02-06,HM14,28.5
2026-02-06,HM14,34.7
2026-02-06,HM14,34.4
2026-02-06,HM14,32.3
2026-02-06,HM16,38.1
2026-02-06,HM16,34.2
2026-02-06,HM16,36.4
2026-02-06,HM16,33.6
2026-02-06,HM16,33.8
2026-02-06,HM16,33.1
2026-02-06,HM16,35.8
2026-02-06,HM16,34.0
2026-02-06,HM20,41.6
2026-02-06,HM20,39.4
2026-02-06,HM25,34.2
2026-02-06,HM25,35.5
2026-02-06,HM25,35.3
2026-02-06,HM25,34.4
2026-02-06,HM30,37.2
2026-02-06,HM30,35.2
2026-02-06,HM30,34.9
2026-02-06,HM36,34.3
2026-02-06,HM36,33.3
2026-02-06,HM36,35.6
2026-02-06,HM36,36.8
2026-02-06,HM36,33.5
2026-02-06,HM36,32.4
2026-02-06,HM43,34.6
2026-02-06,HM43,38.2
2026-02-06,HM43,37.9
2026-02-06,HM43,35.4
2026-02-06,HM47,35.6
2026-02-06,HM56,17.6
2026-02-07,HM01,33.7
2026-02-07,HM01,32.1
2026-02-07,HM12,35.1
2026-02-07,HM12,35.4
2026-02-07,HM12,36.4
2026-02-07,HM12,33.4
2026-02-07,HM12,36.0
2026-02-07,HM12,31.1
2026-02-07,HM12,37.3
2026-02-07,HM12,34.2
2026-02-07,HM12,39.8
2026-02-07,HM12,38.4
2026-02-07,HM12,37.2
2026-02-07,HM12,36.0
2026-02-07,HM13,44.1
2026-02-07,HM13,45.3
2026-02-07,HM14,40.4
2026-02-07,HM14,38.2
2026-02-07,HM14,34.9
2026-02-07,HM16,34.6
2026-02-07,HM16,27.9
2026-02-07,HM16,34.7
2026-02-07,HM16,33.0
2026-02-07,HM16,33.7
2026-02-07,HM16,32.7
2026-02-07,HM16,35.0
2026-02-07,HM16,31.2
2026-02-07,HM16,33.0
2026-02-07,HM16,34.7
2026-02-07,HM20,17.7
2026-02-07,HM25,42.5
2026-02-07,HM30,36.1
2026-02-07,HM30,35.4
2026-02-07,HM30,31.8
2026-02-07,HM30,31.7
2026-02-07,HM30,35.7
2026-02-07,HM30,35.3
2026-02-07,HM30,35.3
2026-02-07,HM30,31.9
2026-02-07,HM30,34.8
2026-02-07,HM30,39.9
2026-02-07,HM30,34.3
2026-02-07,HM36,14.6
2026-02-07,HM43,33.0
2026-02-07,HM43,33.9
2026-02-07,HM47,34.9
2026-02-07,HM47,28.0
2026-02-07,HM47,30.3
2026-02-07,HM56,14.3
2026-02-08,HM01,36.7
2026-02-08,HM01,34.9
2026-02-08,HM01,36.4
2026-02-08,HM01,39.0
2026-02-08,HM01,35.2
2026-02-08,HM12,36.2
2026-02-08,HM12,38.2
2026-02-08,HM12,38.1
2026-02-08,HM13,35.2
2026-02-08,HM13,32.7
2026-02-08,HM13,33.7
2026-02-08,HM13,30.1
2026-02-08,HM14,36.2
2026-02-08,HM14,40.6
2026-02-08,HM14,37.8
2026-02-08,HM14,36.4
2026-02-08,HM14,39.3
2026-02-08,HM14,37.2
2026-02-08,HM16,39.1
2026-02-08,HM16,35.3
2026-02-08,HM20,31.5
2026-02-08,HM20,33.9
2026-02-08,HM20,32.9
2026-02-08,HM20,32.1
2026-02-08,HM20,34.7
2026-02-08,HM25,27.8
2026-02-08,HM25,32.8
2026-02-08,HM25,34.2
2026-02-08,HM30,36.5
2026-02-08,HM30,33.2
2026-02-08,HM30,36.5
2026-02-08,HM30,35.4
2026-02-08,HM30,34.0
2026-02-08,HM30,34.2
2026-02-08,HM30,30.7
2026-02-08,HM30,37.0
2026-02-08,HM36,31.5
2026-02-08,HM36,32.6
2026-02-08,HM43,35.2
2026-02-08,HM43,36.4
2026-02-08,HM43,34.2
2026-02-08,HM43,34.2
2026-02-08,HM43,38.7
2026-02-08,HM47,39.3
2026-02-08,HM47,42.5
2026-02-08,HM47,39.1
2026-02-08,HM50,32.2
2026-02-08,HM56,31.6
2026-02-08,HM56,30.8
2026-02-09,HM01,33.0
2026-02-09,HM01,30.5
2026-02-09,HM01,31.2
2026-02-09,HM12,36.9
2026-02-09,HM12,38.9
2026-02-09,HM12,37.1
2026-02-09,HM12,35.8
2026-02-09,HM12,36.3
2026-02-09,HM12,37.6
2026-02-09,HM12,33.5
2026-02-09,HM12,35.8
2026-02-09,HM13,40.8
2026-02-09,HM13,35.6
2026-02-09,HM13,38.1
2026-02-09,HM13,38.5
2026-02-09,HM13,36.0
2026-02-09,HM13,34.4
2026-02-09,HM13,36.1
2026-02-09,HM13,37.8
2026-02-09,HM13,34.4
2026-02-09,HM13,35.8
2026-02-09,HM13,30.1
2026-02-09,HM13,33.7
2026-02-09,HM14,37.4
2026-02-09,HM14,38.8
2026-02-09,HM16,35.6
2026-02-09,HM16,32.8
2026-02-09,HM20,32.8
2026-02-09,HM20,31.9
2026-02-09,HM20,33.8
2026-02-09,HM20,31.2
2026-02-09,HM20,33.3
2026-02-09,HM25,49.3
2026-02-09,HM30,34.4
2026-02-09,HM30,28.7
2026-02-09,HM30,35.8
2026-02-09,HM30,34.8
2026-02-09,HM30,33.8
2026-02-09,HM30,32.5
2026-02-09,HM30,29.7
2026-02-09,HM43,37.5
2026-02-09,HM43,41.1
2026-02-09,HM43,38.0
2026-02-09,HM43,39.2
2026-02-09,HM43,35.5
2026-02-09,HM43,34.3
2026-02-09,HM43,38.1
2026-02-09,HM43,35.9
2026-02-09,HM43,40.9
2026-02-09,HM47,30.1
2026-02-09,HM47,29.8
2026-02-09,HM50,36.0
2026-02-09,HM50,34.1
2026-02-09,HM50,29.4
2026-02-09,HM50,31.5
2026-02-09,HM50,33.8
2026-02-09,HM56,32.2
2026-02-09,HM56,29.3
2026-02-09,HM56,34.4
2026-02-10,HM01,26.1
2026-02-10,HM01,27.4
2026-02-10,HM01,31.6
2026-02-10,HM12,30.7
2026-02-10,HM12,29.8
2026-02-10,HM12,31.1
2026-02-10,HM12,34.2
2026-02-10,HM12,31.1
2026-02-10,HM14,36.0
2026-02-10,HM14,34.3
2026-02-10,HM14,33.0
2026-02-10,HM14,34.9
2026-02-10,HM16,36.3
2026-02-10,HM16,35.5
2026-02-10,HM20,23.4
2026-02-10,HM25,32.6
2026-02-10,HM30,53.1
2026-02-10,HM36,46.2
2026-02-10,HM43,34.1
2026-02-10,HM43,34.0
2026-02-10,HM47,31.1
2026-02-10,HM47,34.0
2026-02-10,HM47,30.5
2026-02-10,HM47,31.8
2026-02-10,HM50,33.4
2026-02-10,HM50,32.1
2026-02-11,HM01,36.4
2026-02-11,HM01,36.4
2026-02-11,HM01,34.4
2026-02-11,HM12,31.5
2026-02-11,HM12,32.7
2026-02-11,HM12,35.4
2026-02-11,HM12,34.2
2026-02-11,HM13,33.6
2026-02-11,HM13,34.9
2026-02-11,HM13,32.6
2026-02-11,HM13,33.4
2026-02-11,HM14,35.1
2026-02-11,HM14,34.1
2026-02-11,HM14,33.6
2026-02-11,HM14,34.1
2026-02-11,HM14,36.3
2026-02-11,HM14,35.3
2026-02-11,HM16,34.4
2026-02-11,HM16,37.3
2026-02-11,HM20,28.3
2026-02-11,HM25,41.6
2026-02-11,HM25,42.6
2026-02-11,HM30,37.7
2026-02-11,HM30,37.4
2026-02-11,HM30,36.9
2026-02-11,HM30,39.1
2026-02-11,HM30,36.7
2026-02-11,HM36,35.0
2026-02-11,HM36,33.1
2026-02-11,HM43,35.6
2026-02-11,HM43,37.3
2026-02-11,HM43,38.2
2026-02-11,HM43,36.4
2026-02-11,HM47,29.4
2026-02-11,HM47,25.1
2026-02-11,HM50,52.4
2026-02-11,HM56,36.7
2026-02-11,HM56,34.4
2026-02-11,HM56,33.8
2026-02-11,HM56,30.1
2026-02-11,HM56,35.3
2026-02-11,HM56,32.3
2026-02-11,HM56,35.6
2026-02-11,HM56,35.0
2026-02-11,HM56,32.7
2026-02-12,HM01,53.5
2026-02-12,HM12,37.5
2026-02-12,HM12,39.8
2026-02-12,HM12,40.3
2026-02-12,HM13,29.6
2026-02-12,HM13,30.5
2026-02-12,HM13,26.4
2026-02-12,HM14,33.9
2026-02-12,HM14,35.7
2026-02-12,HM14,33.8
2026-02-12,HM16,32.2
2026-02-12,HM16,35.9
2026-02-12,HM25,38.3
2026-02-12,HM25,36.3
2026-02-12,HM25,35.6
2026-02-12,HM25,38.4
2026-02-12,HM30,41.9
2026-02-12,HM30,39.9
2026-02-12,HM36,36.4
2026-02-12,HM36,34.0
2026-02-12,HM47,32.8
2026-02-12,HM47,31.3
2026-02-12,HM47,29.7
2026-02-12,HM50,28.6
2026-02-13,HM12,30.5
2026-02-13,HM12,30.0
2026-02-13,HM12,31.4
2026-02-13,HM13,32.4
2026-02-13,HM13,31.1
2026-02-13,HM13,36.4
2026-02-13,HM13,36.3
2026-02-13,HM13,34.6
2026-02-13,HM14,25.0
2026-02-13,HM14,29.2
2026-02-13,HM14,29.8
2026-02-13,HM16,37.4
2026-02-13,HM16,39.1
2026-02-13,HM20,33.4
2026-02-13,HM20,30.4
2026-02-13,HM20,34.5
2026-02-13,HM25,31.2
2026-02-13,HM25,31.6
2026-02-13,HM36,38.2
2026-02-13,HM36,38.1
2026-02-13,HM36,38.3
2026-02-13,HM36,41.5
2026-02-13,HM43,30.3
2026-02-13,HM43,24.6
2026-02-13,HM47,36.3
2026-02-13,HM47,38.0
2026-02-13,HM56,39.4
2026-02-13,HM56,38.2
2026-02-13,HM56,34.6
2026-02-13,HM56,33.3
2026-02-14,HM01,42.9
2026-02-14,HM01,46.6
2026-02-14,HM12,38.1
2026-02-14,HM13,45.8
2026-02-14,HM13,42.5
2026-02-14,HM14,33.7
2026-02-14,HM14,33.7
2026-02-14,HM16,34.5
2026-02-14,HM16,35.1
2026-02-14,HM16,34.7
2026-02-14,HM16,37.1
2026-02-14,HM16,36.4
2026-02-14,HM20,28.8
2026-02-14,HM20,29.0
2026-02-14,HM25,36.8
2026-02-14,HM25,39.0
2026-02-14,HM25,37.5
2026-02-14,HM25,35.6
2026-02-14,HM25,35.1
2026-02-14,HM25,36.7
2026-02-14,HM25,33.0
2026-02-14,HM30,27.6
2026-02-14,HM36,42.4
2026-02-14,HM36,38.2
2026-02-14,HM36,38.6
2026-02-14,HM43,20.1
2026-02-14,HM47,31.4
2026-02-14,HM47,33.5
2026-02-14,HM47,32.1
2026-02-14,HM47,33.2
2026-02-14,HM56,41.3
2026-02-14,HM56,42.0
2026-02-15,HM01,33.7
2026-02-15,HM01,32.1
2026-02-15,HM13,33.3
2026-02-15,HM13,32.8
2026-02-15,HM13,32.9
2026-02-15,HM14,35.5
2026-02-15,HM14,31.3
2026-02-15,HM16,15.4
2026-02-15,HM20,34.6
2026-02-15,HM20,31.1
2026-02-15,HM20,32.1
2026-02-15,HM25,27.7
2026-02-15,HM30,33.5
2026-02-15,HM30,34.8
2026-02-15,HM30,34.8
2026-02-15,HM30,31.5
2026-02-15,HM30,32.8
2026-02-15,HM30,33.5
2026-02-15,HM30,32.3
2026-02-15,HM36,34.7
2026-02-15,HM36,33.8
2026-02-15,HM36,36.1
2026-02-15,HM36,33.8
2026-02-15,HM36,33.9
2026-02-15,HM36,32.9
2026-02-15,HM36,32.8
2026-02-15,HM36,34.0
2026-02-15,HM43,33.3
2026-02-15,HM43,35.2
2026-02-15,HM43,31.1
2026-02-15,HM43,33.9
2026-02-15,HM43,32.0
2026-02-15,HM47,28.6
2026-02-15,HM47,31.7
2026-02-15,HM50,35.2
2026-02-15,HM50,39.0
2026-02-15,HM50,37.3
2026-02-15,HM56,37.4
2026-02-16,HM01,36.3
2026-02-16,HM01,33.0
2026-02-16,HM12,30.8
2026-02-16,HM12,29.8
2026-02-16,HM13,42.5
2026-02-16,HM13,43.1
2026-02-16,HM14,36.1
2026-02-16,HM14,36.4
2026-02-16,HM14,32.0
2026-02-16,HM14,36.2
2026-02-16,HM16,40.0
2026-02-16,HM16,42.0
2026-02-16,HM16,43.6
2026-02-16,HM20,36.9
2026-02-16,HM25,8.5
2026-02-16,HM30,26.7
2026-02-16,HM36,31.0
2026-02-16,HM36,34.8
2026-02-16,HM36,34.2
2026-02-16,HM43,41.6
2026-02-16,HM47,35.0
2026-02-16,HM47,40.1
2026-02-16,HM47,35.7
2026-02-16,HM47,34.3
2026-02-16,HM47,39.9
2026-02-16,HM50,36.9
2026-02-16,HM56,40.3
2026-02-16,HM56,42.2
2026-02-16,HM56,40.7
2026-02-17,HM01,37.1
2026-02-17,HM01,39.9
2026-02-17,HM01,39.1
2026-02-17,HM01,37.4
2026-02-17,HM12,38.8
2026-02-17,HM12,36.9
2026-02-17,HM12,33.3
2026-02-17,HM12,36.2
2026-02-17,HM12,34.7
2026-02-17,HM12,35.4
2026-02-17,HM12,38.5
2026-02-17,HM12,38.4
2026-02-17,HM12,34.9
2026-02-17,HM12,34.6
2026-02-17,HM12,34.8
2026-02-17,HM12,37.1
2026-02-17,HM13,34.2
2026-02-17,HM13,34.6
2026-02-17,HM13,36.7
2026-02-17,HM13,34.4
2026-02-17,HM13,38.1
2026-02-17,HM13,35.5
2026-02-17,HM13,35.1
2026-02-17,HM13,34.6
2026-02-17,HM13,37.5
2026-02-17,HM14,37.0
2026-02-17,HM14,40.3
2026-02-17,HM14,38.1
2026-02-17,HM16,45.7
2026-02-17,HM20,37.2
2026-02-17,HM25,33.1
2026-02-17,HM25,31.5
2026-02-17,HM25,31.9
2026-02-17,HM25,28.4
2026-02-17,HM30,32.5
2026-02-17,HM30,32.7
2026-02-17,HM30,28.6
2026-02-17,HM30,33.5
2026-02-17,HM36,37.7
2026-02-17,HM36,37.0
2026-02-17,HM43,31.2
2026-02-17,HM43,32.2
2026-02-17,HM43,32.3
2026-02-17,HM47,34.5
2026-02-17,HM47,33.1
2026-02-17,HM47,33.4
2026-02-17,HM50,33.9
2026-02-17,HM50,34.1
2026-02-17,HM50,36.8
2026-02-17,HM50,36.8
2026-02-17,HM56,36.4
2026-02-17,HM56,33.3
2026-02-17,HM56,34.1
2026-02-17,HM56,35.9
2026-02-17,HM56,32.4
2026-02-17,HM56,32.4
2026-02-17,HM56,35.6
2026-02-18,HM01,40.7
2026-02-18,HM01,36.8
2026-02-18,HM01,34.2
2026-02-18,HM12,39.6
2026-02-18,HM12,38.6
2026-02-18,HM12,33.6
2026-02-18,HM12,39.1
2026-02-18,HM14,33.2
2026-02-18,HM14,34.9
2026-02-18,HM14,38.6
2026-02-18,HM14,36.7
2026-02-18,HM14,36.7
2026-02-18,HM16,34.2
2026-02-18,HM16,36.7
2026-02-18,HM16,32.7
2026-02-18,HM16,35.4
2026-02-18,HM16,35.5
2026-02-18,HM16,34.2
2026-02-18,HM16,35.9
2026-02-18,HM20,33.2
2026-02-18,HM20,30.9
2026-02-18,HM20,34.2
2026-02-18,HM20,33.4
2026-02-18,HM20,31.7
2026-02-18,HM25,39.7
2026-02-18,HM25,39.0
2026-02-18,HM25,38.3
2026-02-18,HM25,36.6
2026-02-18,HM30,35.2
2026-02-18,HM30,32.3
2026-02-18,HM30,32.5
2026-02-18,HM30,34.9
2026-02-18,HM30,36.7
2026-02-18,HM30,34.8
2026-02-18,HM30,35.4
2026-02-18,HM36,40.7
2026-02-18,HM36,40.2
2026-02-18,HM36,39.4
2026-02-18,HM36,36.9
2026-02-18,HM43,37.0
2026-02-18,HM43,34.3
2026-02-18,HM43,35.1
2026-02-18,HM47,32.6
2026-02-18,HM47,28.5
2026-02-18,HM50,28.0
2026-02-18,HM56,28.8
2026-02-19,HM01,30.2
2026-02-19,HM01,33.9
2026-02-19,HM01,37.8
2026-02-19,HM01,33.7
2026-02-19,HM01,33.5
2026-02-19,HM01,32.1
2026-02-19,HM01,37.1
2026-02-19,HM01,35.0
2026-02-19,HM12,39.4
2026-02-19,HM12,39.9
2026-02-19,HM12,39.5
2026-02-19,HM12,40.3
2026-02-19,HM13,32.8
2026-02-19,HM13,36.8
2026-02-19,HM13,31.1
2026-02-19,HM13,32.6
2026-02-19,HM13,34.7
2026-02-19,HM13,37.0
2026-02-19,HM13,38.7
2026-02-19,HM13,32.1
2026-02-19,HM13,34.6
2026-02-19,HM14,33.2
2026-02-19,HM14,35.6
2026-02-19,HM14,36.0
2026-02-19,HM14,33.0
2026-02-19,HM14,35.2
2026-02-19,HM14,31.1
2026-02-19,HM14,32.2
2026-02-19,HM14,29.8
2026-02-19,HM14,36.4
2026-02-19,HM16,27.8
2026-02-19,HM20,33.0
2026-02-19,HM20,33.7
2026-02-19,HM20,40.5
2026-02-19,HM20,35.4
2026-02-19,HM20,33.6
2026-02-19,HM20,34.3
2026-02-19,HM20,33.8
2026-02-19,HM20,35.7
2026-02-19,HM20,33.3
2026-02-19,HM25,41.9
2026-02-19,HM25,40.0
2026-02-19,HM30,35.7
2026-02-19,HM30,32.8
2026-02-19,HM30,29.6
2026-02-19,HM30,30.7
2026-02-19,HM30,31.1
2026-02-19,HM36,29.9
2026-02-19,HM36,34.7
2026-02-19,HM36,32.5
2026-02-19,HM36,31.1
2026-02-19,HM43,37.7
2026-02-19,HM43,35.4
2026-02-19,HM43,36.3
2026-02-19,HM43,36.5
2026-02-19,HM47,37.4
2026-02-19,HM47,35.7
2026-02-19,HM56,40.2
2026-02-19,HM56,36.5
2026-02-19,HM56,39.9
2026-02-20,HM01,48.8
2026-02-20,HM12,44.1
2026-02-20,HM12,45.0
2026-02-20,HM13,37.6
2026-02-20,HM13,32.7
2026-02-20,HM13,36.6
2026-02-20,HM14,36.8
2026-02-20,HM14,35.6
2026-02-20,HM16,32.2
2026-02-20,HM16,29.9
2026-02-20,HM16,27.2
2026-02-20,HM20,38.3
2026-02-20,HM20,34.3
2026-02-20,HM20,34.1
2026-02-20,HM25,38.3
2026-02-20,HM25,34.4
2026-02-20,HM25,35.5
2026-02-20,HM25,38.7
2026-02-20,HM25,36.5
2026-02-20,HM25,35.4
2026-02-20,HM25,36.8
2026-02-20,HM25,32.1
2026-02-20,HM25,36.6
2026-02-20,HM25,33.0
2026-02-20,HM25,35.1
2026-02-20,HM25,37.1
2026-02-20,HM30,29.8
2026-02-20,HM30,27.4
2026-02-20,HM30,28.3
2026-02-20,HM30,29.7
2026-02-20,HM36,35.6
2026-02-20,HM36,35.6
2026-02-20,HM36,37.7
2026-02-20,HM36,30.7
2026-02-20,HM36,38.3
2026-02-20,HM36,35.5
2026-02-20,HM36,34.7
2026-02-20,HM36,35.5
2026-02-20,HM43,48.8
2026-02-20,HM47,39.6
2026-02-20,HM47,42.9
2026-02-20,HM50,21.1
2026-02-20,HM56,32.9
2026-02-20,HM56,30.6
2026-02-20,HM56,32.3
2026-02-20,HM56,35.2
2026-02-21,HM01,40.5
2026-02-21,HM01,36.0
2026-02-21,HM01,36.1
2026-02-21,HM12,37.2
2026-02-21,HM12,36.6
2026-02-21,HM13,43.6
2026-02-21,HM14,29.3
2026-02-21,HM14,30.6
2026-02-21,HM14,30.0
2026-02-21,HM16,36.4
2026-02-21,HM16,39.5
2026-02-21,HM16,34.0
2026-02-21,HM16,38.0
2026-02-21,HM16,37.5
2026-02-21,HM16,39.9
2026-02-21,HM20,20.7
2026-02-21,HM25,36.8
2026-02-21,HM25,33.8
2026-02-21,HM30,35.2
2026-02-21,HM30,40.9
2026-02-21,HM30,35.7
2026-02-21,HM36,33.9
2026-02-21,HM36,35.6
2026-02-21,HM36,33.3
2026-02-21,HM36,35.5
2026-02-21,HM36,36.0
2026-02-21,HM36,31.8
2026-02-21,HM43,32.7
2026-02-21,HM43,34.8
2026-02-21,HM43,32.6
2026-02-21,HM43,33.7
2026-02-21,HM43,34.0
2026-02-21,HM47,38.3
2026-02-21,HM47,40.3
2026-02-21,HM47,42.2
2026-02-21,HM50,44.9
2026-02-21,HM56,39.4
2026-02-21,HM56,35.5
2026-02-21,HM56,37.7
2026-02-21,HM56,38.4
2026-02-22,HM01,30.7
2026-02-22,HM12,26.3
2026-02-22,HM12,29.2
2026-02-22,HM12,31.8
2026-02-22,HM13,36.0
2026-02-22,HM13,30.7
2026-02-22,HM13,33.1
2026-02-22,HM14,39.6
2026-02-22,HM14,33.3
2026-02-22,HM14,35.1
2026-02-22,HM16,37.2
2026-02-22,HM16,36.0
2026-02-22,HM16,38.0
2026-02-22,HM16,37.5
2026-02-22,HM20,35.4
2026-02-22,HM20,34.2
2026-02-22,HM25,28.3
2026-02-22,HM36,39.3
2026-02-22,HM36,37.8
2026-02-22,HM36,39.4
2026-02-22,HM43,37.8
2026-02-22,HM43,34.9
2026-02-22,HM43,37.3
2026-02-22,HM47,37.9
2026-02-22,HM47,36.0
2026-02-22,HM47,36.1
2026-02-22,HM50,38.7
2026-02-22,HM56,32.2
2026-02-22,HM56,31.5
2026-02-22,HM56,32.4
2026-02-22,HM56,30.5
2026-02-22,HM56,33.0
2026-02-23,HM01,28.1
2026-02-23,HM01,30.3
2026-02-23,HM01,30.3
2026-02-23,HM12,42.4
2026-02-23,HM13,32.8
2026-02-23,HM13,30.1
2026-02-23,HM13,30.4
2026-02-23,HM13,34.2
2026-02-23,HM14,37.5
2026-02-23,HM14,35.0
2026-02-23,HM14,37.3
2026-02-23,HM14,38.9
2026-02-23,HM14,40.0
2026-02-23,HM16,30.3
2026-02-23,HM16,31.9
2026-02-23,HM16,33.0
2026-02-23,HM16,35.2
2026-02-23,HM20,41.2
2026-02-23,HM20,39.2
2026-02-23,HM20,34.4
2026-02-23,HM20,34.8
2026-02-23,HM20,34.7
2026-02-23,HM20,34.3
2026-02-23,HM25,34.2
2026-02-23,HM25,32.5
2026-02-23,HM25,30.2
2026-02-23,HM30,37.8
2026-02-23,HM36,32.6
2026-02-23,HM36,35.3
2026-02-23,HM36,34.0
2026-02-23,HM36,32.4
2026-02-23,HM36,35.0
2026-02-23,HM36,31.7
2026-02-23,HM36,32.3
2026-02-23,HM36,34.2
2026-02-23,HM36,33.7
2026-02-23,HM36,34.0
2026-02-23,HM36,36.0
2026-02-23,HM36,35.4
2026-02-23,HM43,33.4
2026-02-23,HM43,34.9
2026-02-23,HM43,37.7
2026-02-23,HM43,36.4
2026-02-23,HM47,30.0
2026-02-23,HM47,29.5
2026-02-23,HM47,30.0
2026-02-23,HM50,30.0
2026-02-23,HM50,34.3
2026-02-23,HM50,32.9
2026-02-23,HM56,31.2
2026-02-24,HM01,30.8
2026-02-24,HM01,30.5
2026-02-24,HM01,28.0
2026-02-24,HM01,31.7
2026-02-24,HM12,22.1
2026-02-24,HM13,38.2
2026-02-24,HM13,31.8
2026-02-24,HM13,36.4
2026-02-24,HM13,33.8
2026-02-24,HM13,32.0
2026-02-24,HM13,32.1
2026-02-24,HM13,32.9
2026-02-24,HM13,35.9
2026-02-24,HM13,34.7
2026-02-24,HM14,35.4
2026-02-24,HM14,32.7
2026-02-24,HM14,33.1
2026-02-24,HM14,34.7
2026-02-24,HM14,28.7
2026-02-24,HM16,28.3
2026-02-24,HM16,30.6
2026-02-24,HM20,36.9
2026-02-24,HM20,36.8
2026-02-24,HM20,41.0
2026-02-24,HM20,37.2
2026-02-24,HM20,34.4
2026-02-24,HM20,38.5
2026-02-24,HM25,42.3
2026-02-24,HM30,37.8
2026-02-24,HM30,36.6
2026-02-24,HM30,38.4
2026-02-24,HM30,34.7
2026-02-24,HM30,35.1
2026-02-24,HM30,35.3
2026-02-24,HM30,33.7
2026-02-24,HM30,32.8
2026-02-24,HM30,35.2
2026-02-24,HM30,33.0
2026-02-24,HM30,34.0
2026-02-24,HM30,36.4
2026-02-24,HM36,29.7
2026-02-24,HM36,26.9
2026-02-24,HM43,31.7
2026-02-24,HM43,33.8
2026-02-24,HM43,39.2
2026-02-24,HM43,38.8
2026-02-24,HM43,36.6
2026-02-24,HM43,37.5
2026-02-24,HM43,37.6
2026-02-24,HM47,36.7
2026-02-24,HM50,36.6
2026-02-24,HM50,35.1
2026-02-24,HM56,38.9
2026-02-24,HM56,41.0
2026-02-24,HM56,32.8
2026-02-24,HM56,36.7
2026-02-24,HM56,37.1
2026-02-24,HM56,39.5
2026-02-24,HM56,37.4
2026-02-25,HM01,37.8
2026-02-25,HM01,36.3
2026-02-25,HM01,38.4
2026-02-25,HM01,34.3
2026-02-25,HM01,38.2
2026-02-25,HM12,36.8
2026-02-25,HM12,37.2
2026-02-25,HM12,34.4
2026-02-25,HM12,36.6
2026-02-25,HM12,32.0
2026-02-25,HM12,38.1
2026-02-25,HM12,37.7
2026-02-25,HM14,34.9
2026-02-25,HM14,35.8
2026-02-25,HM14,35.1
2026-02-25,HM14,33.7
2026-02-25,HM14,36.6
2026-02-25,HM14,31.3
2026-02-25,HM16,34.2
2026-02-25,HM16,32.6
2026-02-25,HM20,34.4
2026-02-25,HM30,34.6
2026-02-25,HM30,36.1
2026-02-25,HM30,37.6
2026-02-25,HM30,34.5
2026-02-25,HM36,13.2
2026-02-25,HM43,37.1
2026-02-25,HM43,36.7
2026-02-25,HM43,35.4
2026-02-25,HM43,37.1
2026-02-25,HM43,37.9
2026-02-25,HM47,30.6
2026-02-25,HM47,32.8
2026-02-25,HM47,32.0
2026-02-25,HM47,32.2
2026-02-25,HM47,31.8
2026-02-25,HM47,35.3
2026-02-25,HM47,36.1
2026-02-25,HM47,33.7
2026-02-25,HM50,33.2
2026-02-25,HM50,32.2
2026-02-25,HM50,30.3
2026-02-25,HM56,33.6
2026-02-25,HM56,33.0
2026-02-25,HM56,30.9
2026-02-25,HM56,33.6
2026-02-25,HM56,38.9
2026-02-25,HM56,32.1
2026-02-25,HM56,32.6
2026-02-25,HM56,33.9
2026-02-25,HM56,34.9
2026-02-26,HM01,35.6
2026-02-26,HM01,34.0
2026-02-26,HM01,35.6
2026-02-26,HM12,40.3
2026-02-26,HM12,36.5
2026-02-26,HM12,38.6
2026-02-26,HM13,29.2
2026-02-26,HM14,37.0
2026-02-26,HM14,35.1
2026-02-26,HM16,42.2
2026-02-26,HM16,44.7
2026-02-26,HM20,38.5
2026-02-26,HM20,36.3
2026-02-26,HM20,34.2
2026-02-26,HM20,34.4
2026-02-26,HM25,30.3
2026-02-26,HM25,30.5
2026-02-26,HM25,34.7
2026-02-26,HM25,37.5
2026-02-26,HM25,34.3
2026-02-26,HM30,28.4
2026-02-26,HM30,30.5
2026-02-26,HM36,37.3
2026-02-26,HM36,38.8
2026-02-26,HM36,37.9
2026-02-26,HM43,51.4
2026-02-26,HM47,44.1
2026-02-26,HM47,40.2
2026-02-26,HM50,31.4
2026-02-26,HM56,28.4
2026-02-26,HM56,29.6
2026-02-27,HM01,29.9
2026-02-27,HM01,29.4
2026-02-27,HM01,33.0
2026-02-27,HM01,31.7
2026-02-27,HM12,28.8
2026-02-27,HM13,33.5
2026-02-27,HM13,33.0
2026-02-27,HM14,34.4
2026-02-27,HM14,34.5
2026-02-27,HM14,34.1
2026-02-27,HM14,36.9
2026-02-27,HM14,35.5
2026-02-27,HM14,35.0
2026-02-27,HM14,36.4
2026-02-27,HM14,36.1
2026-02-27,HM14,35.4
2026-02-27,HM14,33.9
2026-02-27,HM16,36.4
2026-02-27,HM16,32.2
2026-02-27,HM16,34.5
2026-02-27,HM16,33.2
2026-02-27,HM20,53.4
2026-02-27,HM25,29.8
2026-02-27,HM25,32.5
2026-02-27,HM25,31.5
2026-02-27,HM30,30.8
2026-02-27,HM30,30.2
2026-02-27,HM30,32.4
2026-02-27,HM30,31.1
2026-02-27,HM36,32.8
2026-02-27,HM36,31.3
2026-02-27,HM36,29.3
2026-02-27,HM36,31.7
2026-02-27,HM36,35.9
2026-02-27,HM43,27.1
2026-02-27,HM43,24.1
2026-02-27,HM47,31.9
2026-02-27,HM47,27.2
2026-02-27,HM47,32.7
2026-02-27,HM50,31.1
2026-02-27,HM50,34.6
2026-02-27,HM50,32.9
2026-02-27,HM50,34.5
2026-02-27,HM50,35.7
2026-02-27,HM50,32.9
2026-02-27,HM50,35.6
2026-02-27,HM56,37.3
2026-02-27,HM56,33.8
2026-02-27,HM56,38.5
2026-02-27,HM56,38.6
2026-02-27,HM56,38.6
2026-02-28,HM01,34.8
2026-02-28,HM01,37.5
2026-02-28,HM01,33.7
2026-02-28,HM12,43.1
2026-02-28,HM12,41.0
2026-02-28,HM13,28.3
2026-02-28,HM13,29.0
2026-02-28,HM13,32.9
2026-02-28,HM13,32.0
2026-02-28,HM14,34.1
2026-02-28,HM14,35.1
2026-02-28,HM14,37.0
2026-02-28,HM14,34.3
2026-02-28,HM14,36.0
2026-02-28,HM16,36.0
2026-02-28,HM16,35.7
2026-02-28,HM16,32.1
2026-02-28,HM16,35.8
2026-02-28,HM16,39.7
2026-02-28,HM20,16.1
2026-02-28,HM25,31.3
2026-02-28,HM25,30.4
2026-02-28,HM30,26.9
2026-02-28,HM36,38.7
2026-02-28,HM36,37.3
2026-02-28,HM43,29.1
2026-02-28,HM47,30.5
2026-02-28,HM47,32.4
2026-02-28,HM47,35.7
2026-02-28,HM47,33.7
2026-02-28,HM50,37.9
2026-02-28,HM50,35.0
2026-02-28,HM50,37.9
2026-02-28,HM56,31.3
2026-02-28,HM56,33.0
2026-02-28,HM56,33.9
2026-03-01,HM01,29.4
2026-03-01,HM12,35.6
2026-03-01,HM12,32.3
2026-03-01,HM12,34.4
2026-03-01,HM12,37.3
2026-03-01,HM12,33.4
2026-03-01,HM13,35.0
2026-03-01,HM13,39.8
2026-03-01,HM13,36.6
2026-03-01,HM13,35.6
2026-03-01,HM13,36.9
2026-03-01,HM13,35.4
2026-03-01,HM13,35.8
2026-03-01,HM13,34.7
2026-03-01,HM13,33.5
2026-03-01,HM13,33.7
2026-03-01,HM13,32.0
2026-03-01,HM13,36.3
2026-03-01,HM14,50.7
2026-03-01,HM16,28.9
2026-03-01,HM16,27.9
2026-03-01,HM20,34.3
2026-03-01,HM20,35.8
2026-03-01,HM25,43.1
2026-03-01,HM30,50.9
2026-03-01,HM36,27.0
2026-03-01,HM36,30.4
2026-03-01,HM43,29.6
2026-03-01,HM43,30.8
2026-03-01,HM43,31.8
2026-03-01,HM43,31.6
2026-03-01,HM47,33.6
2026-03-01,HM47,31.2
2026-03-01,HM47,34.7
2026-03-01,HM47,34.9
2026-03-01,HM47,33.3
2026-03-01,HM47,37.0
2026-03-01,HM47,34.0
2026-03-01,HM47,35.4
2026-03-01,HM47,36.0
2026-03-01,HM47,36.8
2026-03-01,HM50,22.3
2026-03-01,HM56,32.5
2026-03-01,HM56,31.4
2026-03-01,HM56,30.7
2026-03-01,HM56,32.3
2026-03-02,HM01,29.4
2026-03-02,HM01,25.7
2026-03-02,HM12,31.0
2026-03-02,HM12,32.0
2026-03-02,HM13,32.8
2026-03-02,HM13,40.0
2026-03-02,HM14,36.8
2026-03-02,HM14,37.8
2026-03-02,HM14,37.7
2026-03-02,HM14,38.2
2026-03-02,HM16,29.5
2026-03-02,HM16,31.7
2026-03-02,HM16,35.1
2026-03-02,HM16,32.2
2026-03-02,HM16,31.6
2026-03-02,HM16,30.1
2026-03-02,HM20,37.0
2026-03-02,HM25,23.9
2026-03-02,HM30,36.8
2026-03-02,HM36,39.1
2026-03-02,HM43,31.4
2026-03-02,HM43,31.3
2026-03-02,HM47,35.3
2026-03-02,HM47,31.0
2026-03-02,HM47,35.0
2026-03-02,HM50,35.0
2026-03-02,HM50,34.6
2026-03-02,HM50,40.0
2026-03-02,HM56,33.2
2026-03-02,HM56,33.6
2026-03-02,HM56,30.5
2026-03-02,HM56,36.2
2026-03-03,HM01,37.6
2026-03-03,HM01,37.7
2026-03-03,HM01,34.9
2026-03-03,HM01,33.6
2026-03-03,HM01,34.7
2026-03-03,HM01,36.3
2026-03-03,HM12,33.1
2026-03-03,HM12,31.4
2026-03-03,HM13,33.5
2026-03-03,HM13,33.9
2026-03-03,HM14,34.0
2026-03-03,HM14,36.3
2026-03-03,HM16,29.5
2026-03-03,HM16,27.4
2026-03-03,HM16,30.5
2026-03-03,HM20,38.7
2026-03-03,HM20,40.6
2026-03-03,HM20,41.2
2026-03-03,HM25,35.1
2026-03-03,HM25,33.1
2026-03-03,HM25,33.5
2026-03-03,HM25,34.1
2026-03-03,HM25,34.5
2026-03-03,HM25,32.6
2026-03-03,HM30,36.0
2026-03-03,HM30,36.9
2026-03-03,HM30,37.4
2026-03-03,HM36,35.9
2026-03-03,HM36,32.3
2026-03-03,HM36,32.2
2026-03-03,HM36,36.7
2026-03-03,HM36,35.2
2026-03-03,HM36,34.3
2026-03-03,HM36,36.1
2026-03-03,HM43,31.3
2026-03-03,HM43,34.4
2026-03-03,HM43,33.9
2026-03-03,HM47,34.0
2026-03-03,HM47,37.8
2026-03-03,HM47,38.3
2026-03-03,HM47,35.7
2026-03-03,HM47,35.4
2026-03-03,HM50,37.2
2026-03-03,HM50,34.2
2026-03-03,HM56,32.5
2026-03-03,HM56,35.8
2026-03-04,HM01,28.4
2026-03-04,HM01,25.7
2026-03-04,HM12,35.9
2026-03-04,HM12,35.2
2026-03-04,HM12,36.6
2026-03-04,HM12,34.6
2026-03-04,HM12,36.0
2026-03-04,HM12,34.2
2026-03-04,HM12,36.3
2026-03-04,HM12,35.0
2026-03-04,HM12,36.1
2026-03-04,HM12,36.0
2026-03-04,HM12,37.1
2026-03-04,HM12,34.5
2026-03-04,HM13,34.9
2026-03-04,HM13,32.6
2026-03-04,HM13,32.9
2026-03-04,HM14,35.1
2026-03-04,HM14,29.5
2026-03-04,HM16,34.4
2026-03-04,HM16,34.6
2026-03-04,HM16,34.4
2026-03-04,HM16,35.4
2026-03-04,HM16,35.1
2026-03-04,HM16,33.7
2026-03-04,HM20,32.5
2026-03-04,HM25,31.2
2026-03-04,HM30,43.9
2026-03-04,HM36,33.5
2026-03-04,HM43,33.4
2026-03-04,HM43,35.5
2026-03-04,HM43,37.3
2026-03-04,HM43,39.0
2026-03-04,HM50,41.1
2026-03-04,HM56,39.5
2026-03-04,HM56,40.5
2026-03-05,HM01,33.5
2026-03-05,HM01,36.3
2026-03-05,HM01,34.1
2026-03-05,HM12,43.7
2026-03-05,HM12,41.5
2026-03-05,HM13,26.7
2026-03-05,HM13,28.5
2026-03-05,HM14,36.1
2026-03-05,HM14,32.7
2026-03-05,HM14,35.0
2026-03-05,HM14,37.2
2026-03-05,HM14,36.9
2026-03-05,HM14,35.7
2026-03-05,HM14,36.4
2026-03-05,HM14,36.5
2026-03-05,HM14,35.6
2026-03-05,HM14,35.8
2026-03-05,HM14,33.2
2026-03-05,HM16,27.2
2026-03-05,HM16,31.8
2026-03-05,HM16,29.8
2026-03-05,HM25,31.4
2026-03-05,HM25,33.9
2026-03-05,HM30,29.2
2026-03-05,HM30,27.9
2026-03-05,HM36,31.0
2026-03-05,HM36,37.2
2026-03-05,HM36,32.5
2026-03-05,HM36,34.9
2026-03-05,HM43,33.1
2026-03-05,HM43,27.6
2026-03-05,HM47,32.4
2026-03-05,HM47,34.8
2026-03-05,HM50,36.6
2026-03-05,HM50,39.0
2026-03-05,HM56,36.6
2026-03-05,HM56,39.5
2026-03-05,HM56,38.0
2026-03-05,HM56,38.4
2026-03-06,HM01,37.0
2026-03-06,HM01,35.1
2026-03-06,HM12,37.1
2026-03-06,HM14,34.0
2026-03-06,HM14,35.0
2026-03-06,HM16,38.3
2026-03-06,HM16,39.7
2026-03-06,HM16,37.8
2026-03-06,HM16,35.7
2026-03-06,HM16,35.2
2026-03-06,HM16,34.2
2026-03-06,HM20,33.9
2026-03-06,HM20,35.0
2026-03-06,HM25,38.2
2026-03-06,HM25,36.7
2026-03-06,HM25,34.8
2026-03-06,HM25,32.2
2026-03-06,HM25,35.0
2026-03-06,HM30,29.4
2026-03-06,HM30,31.8
2026-03-06,HM36,34.8
2026-03-06,HM36,31.2
2026-03-06,HM43,32.1
2026-03-06,HM43,35.7
2026-03-06,HM43,35.1
2026-03-06,HM43,32.9
2026-03-06,HM43,30.9
2026-03-06,HM43,33.8
2026-03-06,HM43,34.4
2026-03-06,HM43,31.0
2026-03-06,HM47,48.4
2026-03-06,HM50,32.4
2026-03-06,HM50,34.8
2026-03-06,HM50,36.2
2026-03-06,HM50,35.9
2026-03-06,HM56,38.7
2026-03-06,HM56,36.5
2026-03-07,HM01,29.6
2026-03-07,HM01,32.9
2026-03-07,HM01,31.7
2026-03-07,HM01,31.5
2026-03-07,HM12,32.8
2026-03-07,HM12,31.2
2026-03-07,HM12,27.8
2026-03-07,HM12,31.7
2026-03-07,HM13,33.1
2026-03-07,HM13,31.7
2026-03-07,HM13,33.6
2026-03-07,HM13,35.8
2026-03-07,HM14,35.2
2026-03-07,HM14,33.8
2026-03-07,HM14,36.2
2026-03-07,HM16,32.5
2026-03-07,HM16,34.4
2026-03-07,HM16,31.6
2026-03-07,HM16,31.5
2026-03-07,HM16,35.6
2026-03-07,HM16,33.1
2026-03-07,HM16,33.4
2026-03-07,HM16,36.8
2026-03-07,HM25,21.1
2026-03-07,HM30,39.5
2026-03-07,HM30,43.4
2026-03-07,HM36,40.3
2026-03-07,HM43,31.4
2026-03-07,HM50,33.8
2026-03-07,HM56,32.4
2026-03-07,HM56,32.4
2026-03-08,HM01,31.9
2026-03-08,HM01,34.3
2026-03-08,HM01,30.1
2026-03-08,HM12,35.3
2026-03-08,HM12,31.3
2026-03-08,HM12,31.4
2026-03-08,HM12,32.4
2026-03-08,HM12,37.5
2026-03-08,HM12,30.7
2026-03-08,HM12,34.5
2026-03-08,HM12,35.9
2026-03-08,HM12,36.7
2026-03-08,HM12,34.6
2026-03-08,HM12,33.7
2026-03-08,HM12,35.4
2026-03-08,HM13,45.0
2026-03-08,HM13,42.1
2026-03-08,HM14,37.5
2026-03-08,HM14,36.0
2026-03-08,HM14,36.4
2026-03-08,HM14,37.9
2026-03-08,HM14,36.2
2026-03-08,HM14,37.4
2026-03-08,HM14,35.4
2026-03-08,HM16,29.6
2026-03-08,HM16,33.7
2026-03-08,HM20,26.1
2026-03-08,HM20,28.5
2026-03-08,HM20,27.9
2026-03-08,HM30,48.0
2026-03-08,HM36,43.1
2026-03-08,HM36,45.0
2026-03-08,HM43,20.9
2026-03-08,HM47,32.8
2026-03-08,HM47,29.9
2026-03-08,HM47,30.1
2026-03-08,HM47,30.5
2026-03-08,HM50,34.4
2026-03-08,HM50,36.3
2026-03-08,HM50,35.7
2026-03-08,HM50,37.3
2026-03-08,HM50,31.2
2026-03-08,HM56,33.7
2026-03-08,HM56,31.7
2026-03-08,HM56,31.1
2026-03-08,HM56,33.0
2026-03-08,HM56,33.1
2026-03-08,HM56,32.1
2026-03-09,HM01,36.7
2026-03-09,HM01,37.6
2026-03-09,HM01,34.9
2026-03-09,HM01,35.7
2026-03-09,HM13,28.0
2026-03-09,HM13,31.1
2026-03-09,HM14,39.3
2026-03-09,HM14,41.4
2026-03-09,HM14,39.1
2026-03-09,HM14,37.7
2026-03-09,HM14,40.0
2026-03-09,HM16,32.5
2026-03-09,HM16,26.5
2026-03-09,HM20,35.8
2026-03-09,HM20,34.4
2026-03-09,HM20,38.8
2026-03-09,HM20,34.1
2026-03-09,HM20,31.9
2026-03-09,HM20,36.8
2026-03-09,HM20,35.0
2026-03-09,HM20,37.7
2026-03-09,HM20,40.2
2026-03-09,HM20,36.1
2026-03-09,HM25,23.4
2026-03-09,HM30,52.8
2026-03-09,HM36,35.8
2026-03-09,HM36,37.4
2026-03-09,HM36,39.9
2026-03-09,HM36,35.1
2026-03-09,HM36,33.5
2026-03-09,HM36,36.2
2026-03-09,HM36,37.8
2026-03-09,HM36,37.9
2026-03-09,HM36,34.9
2026-03-09,HM36,32.9
2026-03-09,HM43,34.7
2026-03-09,HM43,34.1
2026-03-09,HM43,38.8
2026-03-09,HM43,35.5
2026-03-09,HM43,39.0
2026-03-09,HM47,53.2
2026-03-09,HM50,51.7
2026-03-09,HM56,38.3
2026-03-09,HM56,35.7
2026-03-09,HM56,36.7
2026-03-09,HM56,38.2
2026-03-09,HM56,34.2
2026-03-09,HM56,34.4
2026-03-10,HM01,32.2
2026-03-10,HM01,34.0
2026-03-10,HM13,28.8
2026-03-10,HM13,30.7
2026-03-10,HM14,43.5
2026-03-10,HM14,40.8
2026-03-10,HM16,28.5
2026-03-10,HM25,26.1
2026-03-10,HM30,43.1
2026-03-10,HM36,26.1
2026-03-10,HM43,35.5
2026-03-10,HM43,33.9
2026-03-10,HM43,33.6
2026-03-10,HM47,46.7
2026-03-10,HM50,31.6
2026-03-10,HM50,32.7
2026-03-10,HM50,34.0
2026-03-10,HM50,32.1
2026-03-10,HM50,36.4
2026-03-10,HM50,30.4
2026-03-10,HM50,33.7
2026-03-10,HM56,29.0
2026-03-10,HM56,26.2
2026-03-11,HM01,24.7
2026-03-11,HM01,29.8
2026-03-11,HM12,39.6
2026-03-11,HM12,41.5
2026-03-11,HM12,37.2
2026-03-11,HM13,39.2
2026-03-11,HM13,38.2
2026-03-11,HM13,36.4
2026-03-11,HM14,41.2
2026-03-11,HM16,27.0
2026-03-11,HM20,37.1
2026-03-11,HM20,38.1
2026-03-11,HM20,35.8
2026-03-11,HM20,35.2
2026-03-11,HM25,23.7
2026-03-11,HM30,35.8
2026-03-11,HM30,32.5
2026-03-11,HM36,37.6
2026-03-11,HM43,40.8
2026-03-11,HM43,40.2
2026-03-11,HM47,39.2
2026-03-11,HM47,39.3
2026-03-11,HM50,35.6
2026-03-11,HM50,29.9
2026-03-11,HM50,36.5
2026-03-11,HM56,34.7
2026-03-11,HM56,35.6
2026-03-11,HM56,35.3
2026-03-12,HM01,31.7
2026-03-12,HM01,28.9
2026-03-12,HM01,32.7
2026-03-12,HM01,32.3
2026-03-12,HM01,33.5
2026-03-12,HM12,32.4
2026-03-12,HM12,35.1
2026-03-12,HM12,33.6
2026-03-12,HM13,22.6
2026-03-12,HM14,32.7
2026-03-12,HM14,34.0
2026-03-12,HM14,40.3
2026-03-12,HM14,35.1
2026-03-12,HM14,35.8
2026-03-12,HM16,31.3
2026-03-12,HM16,36.2
2026-03-12,HM16,34.4
2026-03-12,HM25,33.8
2026-03-12,HM25,35.5
2026-03-12,HM25,39.1
2026-03-12,HM25,38.5
2026-03-12,HM25,36.9
2026-03-12,HM30,37.3
2026-03-12,HM30,36.9
2026-03-12,HM30,39.5
2026-03-12,HM30,37.0
2026-03-12,HM36,42.8
2026-03-12,HM36,45.7
2026-03-12,HM43,53.4
2026-03-12,HM47,31.2
2026-03-12,HM47,36.4
2026-03-12,HM47,34.0
2026-03-12,HM47,33.9
2026-03-12,HM50,23.9
2026-03-12,HM56,36.1
2026-03-12,HM56,35.8
2026-03-12,HM56,38.9
2026-03-12,HM56,38.1
2026-03-12,HM56,38.6
2026-03-12,HM56,38.4
2026-03-12,HM56,37.4
2026-03-12,HM56,36.5
2026-03-13,HM01,32.9
2026-03-13,HM12,36.3
2026-03-13,HM12,33.5
2026-03-13,HM12,35.9
2026-03-13,HM12,36.6
2026-03-13,HM12,31.6
2026-03-13,HM12,36.8
2026-03-13,HM12,36.2
2026-03-13,HM12,37.1
2026-03-13,HM13,37.5
2026-03-13,HM13,38.4
2026-03-13,HM13,42.2
2026-03-13,HM13,42.6
2026-03-13,HM14,35.5
2026-03-13,HM14,36.6
2026-03-13,HM14,37.1
2026-03-13,HM14,34.4
2026-03-13,HM14,39.1
2026-03-13,HM14,33.0
2026-03-13,HM14,38.2
2026-03-13,HM16,37.0
2026-03-13,HM16,41.4
2026-03-13,HM16,37.1
2026-03-13,HM20,35.1
2026-03-13,HM25,38.9
2026-03-13,HM25,38.0
2026-03-13,HM25,38.5
2026-03-13,HM30,36.2
2026-03-13,HM30,36.3
2026-03-13,HM30,35.0
2026-03-13,HM30,36.5
2026-03-13,HM30,37.9
2026-03-13,HM30,36.8
2026-03-13,HM30,34.7
2026-03-13,HM36,32.9
2026-03-13,HM43,32.4
2026-03-13,HM47,33.8
2026-03-13,HM47,34.7
2026-03-13,HM50,35.2
2026-03-13,HM56,36.2
2026-03-13,HM56,35.2
2026-03-14,HM01,36.5
2026-03-14,HM01,33.9
2026-03-14,HM01,35.5
2026-03-14,HM01,36.2
2026-03-14,HM12,30.4
2026-03-14,HM13,47.7
2026-03-14,HM14,35.4
2026-03-14,HM14,37.3
2026-03-14,HM14,36.1
2026-03-14,HM14,37.8
2026-03-14,HM14,35.1
2026-03-14,HM14,36.8
2026-03-14,HM14,36.2
2026-03-14,HM16,30.7
2026-03-14,HM16,31.0
2026-03-14,HM16,30.6
2026-03-14,HM16,36.3
2026-03-14,HM16,33.1
2026-03-14,HM20,30.6
2026-03-14,HM20,32.7
2026-03-14,HM20,32.7
2026-03-14,HM20,35.1
2026-03-14,HM20,32.5
2026-03-14,HM25,36.0
2026-03-14,HM25,37.0
2026-03-14,HM25,35.7
2026-03-14,HM25,33.2
2026-03-14,HM30,49.3
2026-03-14,HM36,32.3
2026-03-14,HM36,36.0
2026-03-14,HM36,37.2
2026-03-14,HM43,31.8
2026-03-14,HM43,35.2
2026-03-14,HM43,38.0
2026-03-14,HM43,33.0
2026-03-14,HM43,33.4
2026-03-14,HM43,35.6
2026-03-14,HM47,49.6
2026-03-14,HM50,28.1
2026-03-14,HM50,29.6
2026-03-14,HM50,29.5
2026-03-14,HM56,32.9
2026-03-14,HM56,32.9
2026-03-14,HM56,32.3
2026-03-14,HM56,37.1
2026-03-15,HM01,39.4
2026-03-15,HM01,37.7
2026-03-15,HM12,36.7
2026-03-15,HM13,37.0
2026-03-15,HM13,34.3
2026-03-15,HM13,36.9
2026-03-15,HM13,36.9
2026-03-15,HM13,38.8
2026-03-15,HM13,37.3
2026-03-15,HM13,34.0
2026-03-15,HM13,35.4
2026-03-15,HM13,37.3
2026-03-15,HM14,31.9
2026-03-15,HM14,33.2
2026-03-15,HM14,34.9
2026-03-15,HM14,34.2
2026-03-15,HM14,30.9
2026-03-15,HM14,32.7
2026-03-15,HM14,31.6
2026-03-15,HM16,39.6
2026-03-15,HM16,33.9
2026-03-15,HM16,33.3
2026-03-15,HM16,36.6
2026-03-15,HM20,49.6
2026-03-15,HM25,48.3
2026-03-15,HM30,32.1
2026-03-15,HM30,31.2
2026-03-15,HM30,30.5
2026-03-15,HM36,39.7
2026-03-15,HM36,33.3
2026-03-15,HM36,34.4
2026-03-15,HM36,34.4
2026-03-15,HM36,35.9
2026-03-15,HM36,33.7
2026-03-15,HM43,37.0
2026-03-15,HM43,39.7
2026-03-15,HM47,34.0
2026-03-15,HM47,33.3
2026-03-15,HM47,37.9
2026-03-15,HM47,32.9
2026-03-15,HM47,33.9
2026-03-15,HM50,43.7
2026-03-15,HM56,32.0
2026-03-16,HM01,34.3
2026-03-16,HM01,33.2
2026-03-16,HM01,33.5
2026-03-16,HM01,31.7
2026-03-16,HM12,32.8
2026-03-16,HM12,35.4
2026-03-16,HM12,35.9
2026-03-16,HM12,34.5
2026-03-16,HM12,33.0
2026-03-16,HM12,33.0
2026-03-16,HM13,35.8
2026-03-16,HM13,35.5
2026-03-16,HM13,40.2
2026-03-16,HM13,39.2
2026-03-16,HM14,26.9
2026-03-16,HM14,30.2
2026-03-16,HM14,31.8
2026-03-16,HM14,24.8
2026-03-16,HM16,37.8
2026-03-16,HM16,32.5
2026-03-16,HM16,36.6
2026-03-16,HM20,26.0
2026-03-16,HM20,28.7
2026-03-16,HM25,45.5
2026-03-16,HM30,31.6
2026-03-16,HM30,33.0
2026-03-16,HM36,31.6
2026-03-16,HM36,33.6
2026-03-16,HM36,32.6
2026-03-16,HM36,30.6
2026-03-16,HM36,36.6
2026-03-16,HM43,28.6
2026-03-16,HM43,29.3
2026-03-16,HM43,30.1
2026-03-16,HM47,45.6
2026-03-16,HM47,44.2
2026-03-16,HM50,39.0
2026-03-16,HM50,37.5
2026-03-16,HM56,29.9
2026-03-16,HM56,32.2
2026-03-16,HM56,32.1
2026-03-17,HM01,25.1
2026-03-17,HM01,29.7
2026-03-17,HM12,37.8
2026-03-17,HM12,36.5
2026-03-17,HM12,39.3
2026-03-17,HM12,39.1
2026-03-17,HM12,37.2
2026-03-17,HM12,40.6
2026-03-17,HM13,33.1
2026-03-17,HM13,31.7
2026-03-17,HM13,34.0
2026-03-17,HM13,33.3
2026-03-17,HM13,32.6
2026-03-17,HM13,32.3
2026-03-17,HM14,32.1
2026-03-17,HM14,30.7
2026-03-17,HM16,39.8
2026-03-17,HM16,38.8
2026-03-17,HM20,33.6
2026-03-17,HM20,35.1
2026-03-17,HM20,32.4
2026-03-17,HM25,31.0
2026-03-17,HM25,36.0
2026-03-17,HM25,29.1
2026-03-17,HM30,30.4
2026-03-17,HM30,32.6
2026-03-17,HM30,32.6
2026-03-17,HM30,33.4
2026-03-17,HM30,32.6
2026-03-17,HM36,36.3
2026-03-17,HM36,34.5
2026-03-17,HM36,38.5
2026-03-17,HM36,37.8
2026-03-17,HM36,36.3
2026-03-17,HM36,35.9
2026-03-17,HM43,34.8
2026-03-17,HM43,33.2
2026-03-17,HM43,31.9
2026-03-17,HM47,42.2
2026-03-17,HM50,41.5
2026-03-17,HM56,35.1
2026-03-17,HM56,36.4
2026-03-17,HM56,32.7
2026-03-17,HM56,34.9
2026-03-17,HM56,37.6
2026-03-17,HM56,36.5
2026-03-17,HM56,35.0
2026-03-17,HM56,33.7
2026-03-17,HM56,37.4
2026-03-17,HM56,31.3
2026-03-17,HM56,37.2
2026-03-17,HM56,36.9
2026-03-18,HM01,30.1
2026-03-18,HM01,32.2
2026-03-18,HM12,34.2
2026-03-18,HM12,30.2
2026-03-18,HM12,30.8
2026-03-18,HM13,40.4
2026-03-18,HM13,40.2
2026-03-18,HM14,35.8
2026-03-18,HM14,33.9
2026-03-18,HM14,35.3
2026-03-18,HM16,34.7
2026-03-18,HM16,36.6
2026-03-18,HM16,37.1
2026-03-18,HM20,29.9
2026-03-18,HM20,34.9
2026-03-18,HM20,32.0
2026-03-18,HM20,33.0
2026-03-18,HM20,37.7
2026-03-18,HM25,40.7
2026-03-18,HM25,36.3
2026-03-18,HM25,38.0
2026-03-18,HM25,38.7
2026-03-18,HM30,29.6
2026-03-18,HM36,43.7
2026-03-18,HM36,45.8
2026-03-18,HM43,34.2
2026-03-18,HM43,28.4
2026-03-18,HM43,32.9
2026-03-18,HM50,34.7
2026-03-18,HM50,34.7
2026-03-18,HM50,35.0
2026-03-18,HM50,31.7
2026-03-18,HM50,33.6
2026-03-18,HM50,33.6
2026-03-18,HM50,33.2
2026-03-18,HM50,32.4
2026-03-18,HM56,33.1
2026-03-18,HM56,33.0
2026-03-18,HM56,34.6
2026-03-18,HM56,35.8
2026-03-18,HM56,33.1
2026-03-18,HM56,33.5
2026-03-18,HM56,36.3
2026-03-18,HM56,33.8
2026-03-19,HM01,40.9
2026-03-19,HM12,32.8
2026-03-19,HM12,31.7
2026-03-19,HM12,34.5
2026-03-19,HM12,34.2
2026-03-19,HM12,35.0
2026-03-19,HM12,37.5
2026-03-19,HM12,40.5
2026-03-19,HM12,37.0
2026-03-19,HM12,37.0
2026-03-19,HM13,40.4
2026-03-19,HM13,40.0
2026-03-19,HM13,37.0
2026-03-19,HM13,37.7
2026-03-19,HM14,37.4
2026-03-19,HM14,37.9
2026-03-19,HM16,34.0
2026-03-19,HM20,38.3
2026-03-19,HM20,35.1
2026-03-19,HM20,35.1
2026-03-19,HM20,29.9
2026-03-19,HM20,35.3
2026-03-19,HM20,36.0
2026-03-19,HM25,38.1
2026-03-19,HM25,40.7
2026-03-19,HM25,41.0
2026-03-19,HM30,37.8
2026-03-19,HM30,34.1
2026-03-19,HM30,37.2
2026-03-19,HM30,37.9
2026-03-19,HM36,28.8
2026-03-19,HM36,26.3
2026-03-19,HM43,34.2
2026-03-19,HM47,31.3
2026-03-19,HM47,31.2
2026-03-19,HM47,31.3
2026-03-19,HM47,33.5
2026-03-19,HM47,33.2
2026-03-19,HM50,23.7
2026-03-20,HM01,34.0
2026-03-20,HM01,31.8
2026-03-20,HM01,31.5
2026-03-20,HM01,33.0
2026-03-20,HM01,29.9
2026-03-20,HM01,32.7
2026-03-20,HM01,29.9
2026-03-20,HM01,36.3
2026-03-20,HM01,33.1
2026-03-20,HM12,32.9
2026-03-20,HM12,36.2
2026-03-20,HM12,29.3
2026-03-20,HM13,41.6
2026-03-20,HM13,38.4
2026-03-20,HM14,35.0
2026-03-20,HM14,34.4
2026-03-20,HM14,36.7
2026-03-20,HM14,34.5
2026-03-20,HM14,35.5
2026-03-20,HM14,41.0
2026-03-20,HM14,34.4
2026-03-20,HM14,34.3
2026-03-20,HM16,34.8
2026-03-20,HM16,38.8
2026-03-20,HM16,34.9
2026-03-20,HM16,36.4
2026-03-20,HM16,39.0
2026-03-20,HM20,32.4
2026-03-20,HM25,50.6
2026-03-20,HM30,31.2
2026-03-20,HM30,27.7
2026-03-20,HM30,28.2
2026-03-20,HM36,34.0
2026-03-20,HM36,33.9
2026-03-20,HM43,29.9
2026-03-20,HM43,25.4
2026-03-20,HM47,29.9
2026-03-20,HM47,30.2
2026-03-20,HM50,34.9
2026-03-20,HM50,32.6
2026-03-20,HM50,31.2
2026-03-20,HM50,36.0
2026-03-20,HM50,31.2
2026-03-20,HM50,38.8
2026-03-20,HM56,34.2
2026-03-20,HM56,37.0
2026-03-20,HM56,35.7
2026-03-20,HM56,35.9
2026-03-21,HM01,37.9
2026-03-21,HM01,38.3
2026-03-21,HM01,38.6
2026-03-21,HM01,32.9
2026-03-21,HM01,35.5
2026-03-21,HM12,31.5
2026-03-21,HM12,36.7
2026-03-21,HM12,32.4
2026-03-21,HM12,36.9
2026-03-21,HM12,36.4
2026-03-21,HM12,37.2
2026-03-21,HM12,37.1
2026-03-21,HM12,40.9
2026-03-21,HM12,33.7
2026-03-21,HM12,32.9
2026-03-21,HM13,36.5
2026-03-21,HM13,34.3
2026-03-21,HM13,39.5
2026-03-21,HM14,29.1
2026-03-21,HM16,29.4
2026-03-21,HM16,28.1
2026-03-21,HM16,30.6
2026-03-21,HM20,31.9
2026-03-21,HM20,35.5
2026-03-21,HM20,31.7
2026-03-21,HM25,33.9
2026-03-21,HM25,35.9
2026-03-21,HM25,32.8
2026-03-21,HM30,31.1
2026-03-21,HM36,32.5
2026-03-21,HM43,49.4
2026-03-21,HM47,32.8
2026-03-21,HM47,31.5
2026-03-21,HM47,32.6
2026-03-21,HM56,37.1
2026-03-21,HM56,35.0
2026-03-21,HM56,34.0
2026-03-21,HM56,37.7
2026-03-22,HM01,37.0
2026-03-22,HM01,37.5
2026-03-22,HM01,39.1
2026-03-22,HM01,34.4
2026-03-22,HM01,32.7
2026-03-22,HM01,34.1
2026-03-22,HM01,35.0
2026-03-22,HM01,35.9
2026-03-22,HM01,35.9
2026-03-22,HM01,35.4
2026-03-22,HM01,36.3
2026-03-22,HM01,37.0
2026-03-22,HM13,37.9
2026-03-22,HM13,32.7
2026-03-22,HM13,31.9
2026-03-22,HM13,38.3
2026-03-22,HM13,32.5
2026-03-22,HM13,29.1
2026-03-22,HM13,36.1
2026-03-22,HM13,35.4
2026-03-22,HM13,35.7
2026-03-22,HM13,35.0
2026-03-22,HM13,36.6
2026-03-22,HM13,38.2
2026-03-22,HM14,39.1
2026-03-22,HM14,38.5
2026-03-22,HM14,40.5
2026-03-22,HM14,38.2
2026-03-22,HM20,35.7
2026-03-22,HM20,38.0
2026-03-22,HM20,38.5
2026-03-22,HM25,36.1
2026-03-22,HM25,33.9
2026-03-22,HM25,37.4
2026-03-22,HM25,38.3
2026-03-22,HM25,38.1
2026-03-22,HM25,38.9
2026-03-22,HM36,35.2
2026-03-22,HM36,37.7
2026-03-22,HM36,42.0
2026-03-22,HM36,41.5
2026-03-22,HM43,42.9
2026-03-22,HM47,32.5
2026-03-22,HM47,33.2
2026-03-22,HM47,33.4
2026-03-22,HM47,35.0
2026-03-22,HM47,31.7
2026-03-22,HM47,34.7
2026-03-22,HM47,39.8
2026-03-22,HM50,40.2
2026-03-22,HM50,37.2
2026-03-22,HM56,34.1
2026-03-22,HM56,33.9
2026-03-22,HM56,35.0
2026-03-22,HM56,35.0
2026-03-22,HM56,36.1
2026-03-23,HM12,34.1
2026-03-23,HM12,35.9
2026-03-23,HM12,34.4
2026-03-23,HM12,32.4
2026-03-23,HM12,29.4
2026-03-23,HM13,34.9
2026-03-23,HM13,31.2
2026-03-23,HM13,32.2
2026-03-23,HM14,36.3
2026-03-23,HM14,33.7
2026-03-23,HM14,37.5
2026-03-23,HM16,33.0
2026-03-23,HM16,40.9
2026-03-23,HM16,38.9
2026-03-23,HM20,45.4
2026-03-23,HM25,48.4
2026-03-23,HM30,33.1
2026-03-23,HM30,32.1
2026-03-23,HM30,29.0
2026-03-23,HM30,31.9
2026-03-23,HM36,41.0
2026-03-23,HM36,38.6
2026-03-23,HM36,36.6
2026-03-23,HM36,40.3
2026-03-23,HM43,39.8
2026-03-23,HM47,33.3
2026-03-23,HM47,31.9
2026-03-23,HM47,35.2
2026-03-23,HM47,36.6
2026-03-23,HM50,43.1
2026-03-23,HM56,32.5
2026-03-23,HM56,35.9
2026-03-23,HM56,36.0
2026-03-23,HM56,38.6
2026-03-23,HM56,31.1
2026-03-23,HM56,36.6
2026-03-23,HM56,34.5
2026-03-23,HM56,34.8
2026-03-23,HM56,35.4
2026-03-23,HM56,34.7
2026-03-23,HM56,34.1
2026-03-24,HM01,40.6
2026-03-24,HM01,44.5
2026-03-24,HM12,37.7
2026-03-24,HM12,37.7
2026-03-24,HM12,31.6
2026-03-24,HM12,35.3
2026-03-24,HM13,34.5
2026-03-24,HM13,33.2
2026-03-24,HM13,32.7
2026-03-24,HM13,35.5
2026-03-24,HM14,38.8
2026-03-24,HM14,35.8
2026-03-24,HM14,35.6
2026-03-24,HM14,35.1
2026-03-24,HM14,37.0
2026-03-24,HM16,47.4
2026-03-24,HM20,36.6
2026-03-24,HM20,39.1
2026-03-24,HM20,34.1
2026-03-24,HM20,33.3
2026-03-24,HM25,29.8
2026-03-24,HM30,41.6
2026-03-24,HM30,40.8
2026-03-24,HM36,32.7
2026-03-24,HM36,36.0
2026-03-24,HM36,33.9
2026-03-24,HM36,36.8
2026-03-24,HM36,36.2
2026-03-24,HM36,35.1
2026-03-24,HM36,36.6
2026-03-24,HM36,35.5
2026-03-24,HM36,32.4
2026-03-24,HM36,34.0
2026-03-24,HM43,33.8
2026-03-24,HM43,34.5
2026-03-24,HM43,33.9
2026-03-24,HM43,38.2
2026-03-24,HM43,26.9
2026-03-24,HM47,36.7
2026-03-24,HM47,39.1
2026-03-24,HM50,38.5
2026-03-24,HM50,34.2
2026-03-24,HM50,39.7
2026-03-24,HM56,24.0
2026-03-25,HM01,46.0
2026-03-25,HM01,41.3
2026-03-25,HM12,37.9
2026-03-25,HM12,41.2
2026-03-25,HM12,39.0
2026-03-25,HM13,31.8
2026-03-25,HM13,30.1
2026-03-25,HM13,31.7
2026-03-25,HM14,40.9
2026-03-25,HM14,39.1
2026-03-25,HM16,36.2
2026-03-25,HM16,33.9
2026-03-25,HM16,32.9
2026-03-25,HM20,35.7
2026-03-25,HM20,36.1
2026-03-25,HM20,39.5
2026-03-25,HM20,37.9
2026-03-25,HM20,37.4
2026-03-25,HM25,35.6
2026-03-25,HM25,36.3
2026-03-25,HM25,36.4
2026-03-25,HM30,33.8
2026-03-25,HM30,36.4
2026-03-25,HM30,31.1
2026-03-25,HM30,31.3
2026-03-25,HM36,35.7
2026-03-25,HM36,33.4
2026-03-25,HM43,30.0
2026-03-25,HM43,29.5
2026-03-25,HM47,41.4
2026-03-25,HM47,42.3
2026-03-26,HM01,32.5
2026-03-26,HM12,37.5
2026-03-26,HM12,37.7
2026-03-26,HM13,34.2
2026-03-26,HM13,37.6
2026-03-26,HM13,31.0
2026-03-26,HM13,33.8
2026-03-26,HM13,35.0
2026-03-26,HM13,38.5
2026-03-26,HM13,34.0
2026-03-26,HM13,34.5
2026-03-26,HM13,35.6
2026-03-26,HM13,35.4
2026-03-26,HM14,29.9
2026-03-26,HM14,32.3
2026-03-26,HM14,33.8
2026-03-26,HM14,29.1
2026-03-26,HM14,31.0
2026-03-26,HM16,38.8
2026-03-26,HM16,41.2
2026-03-26,HM16,36.2
2026-03-26,HM20,32.2
2026-03-26,HM20,33.2
2026-03-26,HM20,35.0
2026-03-26,HM20,31.3
2026-03-26,HM20,33.1
2026-03-26,HM20,34.1
2026-03-26,HM20,32.2
2026-03-26,HM25,36.1
2026-03-26,HM25,31.8
2026-03-26,HM25,35.4
2026-03-26,HM25,33.6
2026-03-26,HM25,36.1
2026-03-26,HM25,37.3
2026-03-26,HM25,34.5
2026-03-26,HM25,37.0
2026-03-26,HM25,33.7
2026-03-26,HM25,31.4
2026-03-26,HM25,39.0
2026-03-26,HM25,36.0
2026-03-26,HM30,35.8
2026-03-26,HM30,38.7
2026-03-26,HM30,31.8
2026-03-26,HM36,34.0
2026-03-26,HM36,36.1
2026-03-26,HM36,32.8
2026-03-26,HM36,34.9
2026-03-26,HM36,35.7
2026-03-26,HM36,34.0
2026-03-26,HM36,39.7
2026-03-26,HM43,36.3
2026-03-26,HM43,37.5
2026-03-26,HM43,41.0
2026-03-26,HM43,37.3
2026-03-26,HM43,37.2
2026-03-26,HM47,35.5
2026-03-26,HM47,35.1
2026-03-26,HM47,36.9
2026-03-26,HM47,37.5
2026-03-26,HM47,33.7
2026-03-26,HM50,25.7
2026-03-26,HM56,39.3
2026-03-26,HM56,40.7
2026-03-26,HM56,40.1
2026-03-27,HM01,33.2
2026-03-27,HM01,30.8
2026-03-27,HM01,33.4
2026-03-27,HM12,36.7
2026-03-27,HM12,34.0
2026-03-27,HM12,36.4
2026-03-27,HM12,35.7
2026-03-27,HM12,38.5
2026-03-27,HM12,29.9
2026-03-27,HM12,35.5
2026-03-27,HM12,36.8
2026-03-27,HM12,36.1
2026-03-27,HM12,34.0
2026-03-27,HM12,32.8
2026-03-27,HM13,38.5
2026-03-27,HM13,36.6
2026-03-27,HM13,35.6
2026-03-27,HM13,34.6
2026-03-27,HM13,37.5
2026-03-27,HM13,32.2
2026-03-27,HM13,37.1
2026-03-27,HM13,34.6
2026-03-27,HM13,35.4
2026-03-27,HM13,34.1
2026-03-27,HM13,33.7
2026-03-27,HM13,36.2
2026-03-27,HM14,36.4
2026-03-27,HM14,32.3
2026-03-27,HM14,34.3
2026-03-27,HM14,33.1
2026-03-27,HM14,29.6
2026-03-27,HM14,33.9
2026-03-27,HM16,44.6
2026-03-27,HM16,46.1
2026-03-27,HM20,46.5
2026-03-27,HM25,31.7
2026-03-27,HM25,37.0
2026-03-27,HM25,34.1
2026-03-27,HM25,34.3
2026-03-27,HM36,38.4
2026-03-27,HM36,38.8
2026-03-27,HM36,38.4
2026-03-27,HM43,25.1
2026-03-27,HM47,52.1
2026-03-27,HM50,36.7
2026-03-27,HM50,35.9
2026-03-27,HM50,34.7
2026-03-27,HM50,34.4
2026-03-27,HM50,37.0
2026-03-27,HM50,32.2
2026-03-27,HM50,30.0
2026-03-28,HM01,38.7
2026-03-28,HM01,33.3
2026-03-28,HM01,31.6
2026-03-28,HM01,35.6
2026-03-28,HM01,32.5
2026-03-28,HM12,35.3
2026-03-28,HM12,34.6
2026-03-28,HM12,40.9
2026-03-28,HM12,34.6
2026-03-28,HM12,34.0
2026-03-28,HM12,36.9
2026-03-28,HM12,38.1
2026-03-28,HM12,37.1
2026-03-28,HM12,36.4
2026-03-28,HM12,32.4
2026-03-28,HM12,39.4
2026-03-28,HM12,36.4
2026-03-28,HM13,19.2
2026-03-28,HM14,37.0
2026-03-28,HM14,42.3
2026-03-28,HM14,38.5
2026-03-28,HM14,39.5
2026-03-28,HM16,31.4
2026-03-28,HM20,31.5
2026-03-28,HM20,33.5
2026-03-28,HM25,43.7
2026-03-28,HM30,33.3
2026-03-28,HM30,31.6
2026-03-28,HM30,33.1
2026-03-28,HM36,34.4
2026-03-28,HM36,35.4
2026-03-28,HM36,35.9
2026-03-28,HM47,31.9
2026-03-28,HM47,33.9
2026-03-28,HM50,34.8
2026-03-28,HM56,35.8
2026-03-28,HM56,37.7
2026-03-28,HM56,36.9
2026-03-28,HM56,34.0
2026-03-28,HM56,37.2
2026-03-28,HM56,35.3
2026-03-29,HM01,38.0
2026-03-29,HM01,35.6
2026-03-29,HM01,32.1
2026-03-29,HM01,33.0
2026-03-29,HM12,27.7
2026-03-29,HM12,25.9
2026-03-29,HM13,40.7
2026-03-29,HM13,40.9
2026-03-29,HM13,37.6
2026-03-29,HM14,29.6
2026-03-29,HM14,28.9
2026-03-29,HM14,33.4
2026-03-29,HM14,31.4
2026-03-29,HM16,33.8
2026-03-29,HM16,33.0
2026-03-29,HM16,34.1
2026-03-29,HM16,34.2
2026-03-29,HM16,34.7
2026-03-29,HM16,33.0
2026-03-29,HM16,33.1
2026-03-29,HM16,31.9
2026-03-29,HM20,32.0
2026-03-29,HM20,30.2
2026-03-29,HM20,33.4
2026-03-29,HM20,33.0
2026-03-29,HM25,28.3
2026-03-29,HM25,33.1
2026-03-29,HM30,52.6
2026-03-29,HM36,23.4
2026-03-29,HM43,32.3
2026-03-29,HM47,46.4
2026-03-29,HM56,34.4
2026-03-29,HM56,35.4
2026-03-29,HM56,37.2
2026-03-29,HM56,32.8
2026-03-29,HM56,35.3
2026-03-29,HM56,31.8
2026-03-29,HM56,32.6
2026-03-30,HM01,36.8
2026-03-30,HM01,38.7
2026-03-30,HM12,28.5
2026-03-30,HM12,32.3
2026-03-30,HM12,30.6
2026-03-30,HM13,17.5
2026-03-30,HM14,32.7
2026-03-30,HM14,33.5
2026-03-30,HM14,29.6
2026-03-30,HM14,29.5
2026-03-30,HM14,34.9
2026-03-30,HM16,41.2
2026-03-30,HM16,38.6
2026-03-30,HM16,35.5
2026-03-30,HM16,34.9
2026-03-30,HM20,37.3
2026-03-30,HM20,35.6
2026-03-30,HM20,37.0
2026-03-30,HM20,32.9
2026-03-30,HM20,36.4
2026-03-30,HM25,21.0
2026-03-30,HM30,38.9
2026-03-30,HM36,27.2
2026-03-30,HM36,25.5
2026-03-30,HM43,29.3
2026-03-30,HM43,34.3
2026-03-30,HM47,40.3
2026-03-30,HM47,41.1
2026-03-30,HM47,38.7
2026-03-30,HM47,37.8
2026-03-30,HM50,27.2
2026-03-30,HM56,37.1
2026-03-31,HM01,40.1
2026-03-31,HM01,40.3
2026-03-31,HM01,39.5
2026-03-31,HM01,39.0
2026-03-31,HM01,39.0
2026-03-31,HM12,41.6
2026-03-31,HM12,39.1
2026-03-31,HM13,31.7
2026-03-31,HM13,36.9
2026-03-31,HM13,35.4
2026-03-31,HM13,35.6
2026-03-31,HM13,31.6
2026-03-31,HM13,34.1
2026-03-31,HM13,36.8
2026-03-31,HM13,36.8
2026-03-31,HM13,37.7
2026-03-31,HM13,37.2
2026-03-31,HM13,36.7
2026-03-31,HM13,35.6
2026-03-31,HM14,37.7
2026-03-31,HM14,39.6
2026-03-31,HM14,36.9
2026-03-31,HM16,49.5
2026-03-31,HM20,34.9
2026-03-31,HM20,35.5
2026-03-31,HM20,36.1
2026-03-31,HM20,38.0
2026-03-31,HM20,33.8
2026-03-31,HM20,34.2
2026-03-31,HM20,35.6
2026-03-31,HM20,34.8
2026-03-31,HM25,38.6
2026-03-31,HM30,47.6
2026-03-31,HM36,36.4
2026-03-31,HM36,32.2
2026-03-31,HM36,36.1
2026-03-31,HM36,32.0
2026-03-31,HM36,34.0
2026-03-31,HM47,32.0
2026-03-31,HM47,34.4
2026-03-31,HM50,39.2
2026-03-31,HM50,40.8
2026-03-31,HM50,35.5
2026-03-31,HM50,39.7
2026-03-31,HM50,35.8
2026-03-31,HM50,36.0
2026-03-31,HM50,37.7
2026-03-31,HM50,40.6
2026-03-31,HM56,32.1
2026-03-31,HM56,35.0
2026-03-31,HM56,33.1
2026-03-31,HM56,35.7
2026-03-31,HM56,31.2
2026-03-31,HM56,37.4
2026-04-01,HM01,38.1
2026-04-01,HM01,32.8
2026-04-01,HM01,35.4
2026-04-01,HM01,36.1
2026-04-01,HM01,33.7
2026-04-01,HM12,37.6
2026-04-01,HM12,36.1
2026-04-01,HM12,39.0
2026-04-01,HM12,32.2
2026-04-01,HM12,33.0
2026-04-01,HM12,37.9
2026-04-01,HM12,35.5
2026-04-01,HM12,34.9
2026-04-01,HM12,34.7
2026-04-01,HM12,38.9
2026-04-01,HM13,34.3
2026-04-01,HM13,30.3
2026-04-01,HM13,31.7
2026-04-01,HM14,37.8
2026-04-01,HM14,40.5
2026-04-01,HM14,35.1
2026-04-01,HM14,30.6
2026-04-01,HM14,33.7
2026-04-01,HM14,36.2
2026-04-01,HM14,34.8
2026-04-01,HM14,33.8
2026-04-01,HM14,38.0
2026-04-01,HM14,36.7
2026-04-01,HM16,37.5
2026-04-01,HM16,37.5
2026-04-01,HM16,38.3
2026-04-01,HM16,36.2
2026-04-01,HM16,40.2
2026-04-01,HM16,35.6
2026-04-01,HM20,39.4
2026-04-01,HM25,27.4
2026-04-01,HM30,36.2
2026-04-01,HM30,34.0
2026-04-01,HM36,41.7
2026-04-01,HM36,37.9
2026-04-01,HM43,47.3
2026-04-01,HM50,27.3
2026-04-01,HM50,25.6
2026-04-01,HM56,35.1
2026-04-01,HM56,34.5
2026-04-02,HM01,35.0
2026-04-02,HM12,33.8
2026-04-02,HM13,38.3
2026-04-02,HM13,43.1
2026-04-02,HM13,40.3
2026-04-02,HM14,45.2
2026-04-02,HM16,31.0
2026-04-02,HM16,29.8
2026-04-02,HM20,29.4
2026-04-02,HM25,46.0
2026-04-02,HM30,47.6
2026-04-02,HM36,32.1
2026-04-02,HM36,33.8
2026-04-02,HM43,35.8
2026-04-02,HM43,34.5
2026-04-02,HM47,33.5
2026-04-02,HM47,31.5
2026-04-02,HM47,31.6
2026-04-02,HM47,33.3
2026-04-02,HM50,38.5
2026-04-02,HM50,41.7
2026-04-02,HM50,39.0
2026-04-02,HM56,34.5
2026-04-02,HM56,36.3
2026-04-02,HM56,33.0
2026-04-02,HM56,39.2
2026-04-02,HM56,32.4
2026-04-02,HM56,33.8
2026-04-03,HM01,36.2
2026-04-03,HM01,34.3
2026-04-03,HM01,38.0
2026-04-03,HM01,37.9
2026-04-03,HM01,38.4
2026-04-03,HM01,41.6
2026-04-03,HM01,34.1
2026-04-03,HM12,36.9
2026-04-03,HM12,36.0
2026-04-03,HM12,38.7
2026-04-03,HM12,42.3
2026-04-03,HM12,40.5
2026-04-03,HM13,33.3
2026-04-03,HM13,30.4
2026-04-03,HM13,32.6
2026-04-03,HM13,30.8
2026-04-03,HM14,29.5
2026-04-03,HM14,28.8
2026-04-03,HM14,32.8
2026-04-03,HM14,34.6
2026-04-03,HM16,18.9
2026-04-03,HM20,37.0
2026-04-03,HM25,33.2
2026-04-03,HM25,34.8
2026-04-03,HM25,32.2
2026-04-03,HM25,33.9
2026-04-03,HM25,34.1
2026-04-03,HM25,32.1
2026-04-03,HM25,30.9
2026-04-03,HM25,34.3
2026-04-03,HM30,27.9
2026-04-03,HM30,32.7
2026-04-03,HM30,30.8
2026-04-03,HM36,33.6
2026-04-03,HM43,31.5
2026-04-03,HM43,32.5
2026-04-03,HM43,33.5
2026-04-03,HM43,37.1
2026-04-03,HM43,33.0
2026-04-03,HM43,27.9
2026-04-03,HM43,34.0
2026-04-03,HM43,30.8
2026-04-03,HM47,32.0
2026-04-03,HM47,30.3
2026-04-03,HM47,29.9
2026-04-03,HM50,28.5
2026-04-03,HM50,28.9
2026-04-03,HM56,22.6
2026-04-03,HM56,27.2
2026-04-04,HM01,34.8
2026-04-04,HM12,43.1
2026-04-04,HM12,42.4
2026-04-04,HM12,35.0
2026-04-04,HM12,41.3
2026-04-04,HM13,28.0
2026-04-04,HM13,26.5
2026-04-04,HM14,44.0
2026-04-04,HM14,41.7
2026-04-04,HM16,28.0
2026-04-04,HM16,31.7
2026-04-04,HM16,32.4
2026-04-04,HM20,38.9
2026-04-04,HM20,41.8
2026-04-04,HM25,26.3
2026-04-04,HM25,26.4
2026-04-04,HM30,36.0
2026-04-04,HM30,33.3
2026-04-04,HM30,36.4
2026-04-04,HM30,37.4
2026-04-04,HM30,37.0
2026-04-04,HM36,34.7
2026-04-04,HM36,35.8
2026-04-04,HM36,34.2
2026-04-04,HM36,33.9
2026-04-04,HM36,31.3
2026-04-04,HM36,35.0
2026-04-04,HM43,33.3
2026-04-04,HM43,31.0
2026-04-04,HM43,36.0
2026-04-04,HM43,32.9
2026-04-04,HM43,35.4
2026-04-04,HM43,39.8
2026-04-04,HM43,36.0
2026-04-04,HM47,31.5
2026-04-04,HM47,37.3
2026-04-04,HM47,30.9
2026-04-04,HM47,31.3
2026-04-04,HM47,33.6
2026-04-04,HM47,35.0
2026-04-04,HM47,35.9
2026-04-04,HM50,31.6
2026-04-04,HM50,31.8
2026-04-04,HM50,29.5
2026-04-04,HM56,35.6
2026-04-04,HM56,35.4
2026-04-04,HM56,37.2
2026-04-04,HM56,33.7
2026-04-05,HM01,31.5
2026-04-05,HM01,34.2
2026-04-05,HM01,29.9
2026-04-05,HM12,47.5
2026-04-05,HM13,29.9
2026-04-05,HM13,31.5
2026-04-05,HM14,37.9
2026-04-05,HM14,39.4
2026-04-05,HM16,36.5
2026-04-05,HM16,39.8
2026-04-05,HM16,37.3
2026-04-05,HM16,35.3
2026-04-05,HM16,37.4
2026-04-05,HM16,38.2
2026-04-05,HM16,34.4
2026-04-05,HM16,38.5
2026-04-05,HM20,39.9
2026-04-05,HM20,43.0
2026-04-05,HM25,49.2
2026-04-05,HM30,35.2
2026-04-05,HM30,36.3
2026-04-05,HM30,33.3
2026-04-05,HM30,36.2
2026-04-05,HM30,35.6
2026-04-05,HM36,37.8
2026-04-05,HM36,40.1
2026-04-05,HM36,39.7
2026-04-05,HM36,38.3
2026-04-05,HM36,32.0
2026-04-05,HM36,32.7
2026-04-05,HM36,36.6
2026-04-05,HM36,34.5
2026-04-05,HM36,39.8
2026-04-05,HM36,34.5
2026-04-05,HM36,40.8
2026-04-05,HM36,35.4
2026-04-05,HM47,21.5
2026-04-05,HM50,36.0
2026-04-05,HM50,34.5
2026-04-05,HM50,34.8
2026-04-05,HM56,36.0
2026-04-05,HM56,32.2
2026-04-05,HM56,34.4
2026-04-05,HM56,35.7
2026-04-05,HM56,34.0
2026-04-05,HM56,29.3
2026-04-05,HM56,33.8
2026-04-05,HM56,33.6
2026-04-05,HM56,33.5
2026-04-05,HM56,36.2
2026-04-05,HM56,33.3
2026-04-06,HM01,52.6
2026-04-06,HM12,28.2
2026-04-06,HM12,26.0
2026-04-06,HM13,31.9
2026-04-06,HM13,32.3
2026-04-06,HM13,31.3
2026-04-06,HM14,39.2
2026-04-06,HM14,45.4
2026-04-06,HM16,41.3
2026-04-06,HM16,42.9
2026-04-06,HM20,25.3
2026-04-06,HM20,28.9
2026-04-06,HM25,40.1
2026-04-06,HM25,45.7
2026-04-06,HM25,41.4
2026-04-06,HM30,49.0
2026-04-06,HM36,24.7
2026-04-06,HM47,35.4
2026-04-06,HM47,32.2
2026-04-06,HM47,34.2
2026-04-06,HM50,38.2
2026-04-07,HM01,36.6
2026-04-07,HM01,37.0
2026-04-07,HM01,37.9
2026-04-07,HM12,31.3
2026-04-07,HM12,32.1
2026-04-07,HM12,32.7
2026-04-07,HM12,37.3
2026-04-07,HM12,33.5
2026-04-07,HM13,33.5
2026-04-07,HM13,32.7
2026-04-07,HM13,25.7
2026-04-07,HM14,40.3
2026-04-07,HM14,40.0
2026-04-07,HM14,41.5
2026-04-07,HM14,38.9
2026-04-07,HM16,36.5
2026-04-07,HM16,39.0
2026-04-07,HM16,39.8
2026-04-07,HM20,14.9
2026-04-07,HM25,39.3
2026-04-07,HM25,43.7
2026-04-07,HM30,34.4
2026-04-07,HM30,35.7
2026-04-07,HM30,35.5
2026-04-07,HM30,32.7
2026-04-07,HM30,33.9
2026-04-07,HM30,33.6
2026-04-07,HM30,36.5
2026-04-07,HM30,35.2
2026-04-07,HM30,34.5
2026-04-07,HM30,33.4
2026-04-07,HM30,36.2
2026-04-07,HM36,28.6
2026-04-07,HM36,31.4
2026-04-07,HM43,29.8
2026-04-07,HM43,30.0
2026-04-07,HM43,33.3
2026-04-07,HM47,34.5
2026-04-07,HM47,40.3
2026-04-07,HM47,33.7
2026-04-07,HM50,32.1
2026-04-07,HM50,34.6
2026-04-07,HM50,32.7
2026-04-07,HM56,35.4
2026-04-07,HM56,37.5
2026-04-07,HM56,32.5
2026-04-07,HM56,35.4
2026-04-07,HM56,34.0
2026-04-07,HM56,31.8
2026-04-07,HM56,32.2
2026-04-08,HM01,35.2
2026-04-08,HM01,35.7
2026-04-08,HM12,33.5
2026-04-08,HM12,35.0
2026-04-08,HM12,35.9
2026-04-08,HM12,34.1
2026-04-08,HM13,29.0
2026-04-08,HM13,30.6
2026-04-08,HM13,32.0
2026-04-08,HM14,39.7
2026-04-08,HM14,41.3
2026-04-08,HM16,37.2
2026-04-08,HM16,38.3
2026-04-08,HM20,38.7
2026-04-08,HM20,39.4
2026-04-08,HM20,39.3
2026-04-08,HM20,36.3
2026-04-08,HM25,25.2
2026-04-08,HM30,37.7
2026-04-08,HM30,39.1
2026-04-08,HM30,37.5
2026-04-08,HM30,40.8
2026-04-08,HM43,33.5
2026-04-08,HM43,32.7
2026-04-08,HM43,35.4
2026-04-08,HM43,31.7
2026-04-08,HM43,32.0
2026-04-08,HM47,33.0
2026-04-08,HM47,31.5
2026-04-08,HM47,32.4
2026-04-08,HM50,27.7
2026-04-08,HM56,35.5
2026-04-08,HM56,31.7
2026-04-08,HM56,36.7
2026-04-09,HM01,38.1
2026-04-09,HM01,41.8
2026-04-09,HM12,40.2
2026-04-09,HM12,39.8
2026-04-09,HM12,37.5
2026-04-09,HM13,34.4
2026-04-09,HM13,35.5
2026-04-09,HM13,34.4
2026-04-09,HM13,34.3
2026-04-09,HM14,33.0
2026-04-09,HM14,33.6
2026-04-09,HM14,37.4
2026-04-09,HM14,36.1
2026-04-09,HM14,36.5
2026-04-09,HM14,36.0
2026-04-09,HM20,32.7
2026-04-09,HM20,30.9
2026-04-09,HM20,32.1
2026-04-09,HM20,35.5
2026-04-09,HM20,37.9
2026-04-09,HM20,33.7
2026-04-09,HM25,31.1
2026-04-09,HM25,35.3
2026-04-09,HM25,32.0
2026-04-09,HM25,30.9
2026-04-09,HM30,25.3
2026-04-09,HM36,39.0
2026-04-09,HM36,39.2
2026-04-09,HM36,40.5
2026-04-09,HM43,36.5
2026-04-09,HM43,34.2
2026-04-09,HM43,35.9
2026-04-09,HM43,34.7
2026-04-09,HM43,34.0
2026-04-09,HM43,36.0
2026-04-09,HM43,38.1
2026-04-09,HM43,34.3
2026-04-09,HM47,37.4
2026-04-09,HM47,34.1
2026-04-09,HM47,38.1
2026-04-09,HM50,37.3
2026-04-09,HM50,41.4
2026-04-09,HM56,33.6
2026-04-09,HM56,36.0
2026-04-09,HM56,35.1
2026-04-10,HM01,22.9
2026-04-10,HM12,38.6
2026-04-10,HM12,35.6
2026-04-10,HM12,35.9
2026-04-10,HM12,39.0
2026-04-10,HM12,35.2
2026-04-10,HM14,38.7
2026-04-10,HM14,35.5
2026-04-10,HM14,35.3
2026-04-10,HM14,34.5
2026-04-10,HM14,37.2
2026-04-10,HM14,39.9
2026-04-10,HM14,34.3
2026-04-10,HM14,39.3
2026-04-10,HM14,36.4
2026-04-10,HM14,38.1
2026-04-10,HM14,33.6
2026-04-10,HM14,38.7
2026-04-10,HM16,40.1
2026-04-10,HM16,37.5
2026-04-10,HM16,40.8
2026-04-10,HM20,34.4
2026-04-10,HM20,35.9
2026-04-10,HM20,32.8
2026-04-10,HM20,34.4
2026-04-10,HM20,32.2
2026-04-10,HM25,32.1
2026-04-10,HM25,35.2
2026-04-10,HM25,33.2
2026-04-10,HM30,28.4
2026-04-10,HM30,29.9
2026-04-10,HM30,29.1
2026-04-10,HM36,32.7
2026-04-10,HM36,32.3
2026-04-10,HM47,29.7
2026-04-10,HM47,29.3
2026-04-10,HM50,27.9
2026-04-11,HM01,37.2
2026-04-11,HM01,38.4
2026-04-11,HM01,38.6
2026-04-11,HM12,33.0
2026-04-11,HM12,36.8
2026-04-11,HM12,35.9
2026-04-11,HM12,37.4
2026-04-11,HM12,36.6
2026-04-11,HM12,35.7
2026-04-11,HM13,36.0
2026-04-11,HM13,32.5
2026-04-11,HM14,33.9
2026-04-11,HM14,30.1
2026-04-11,HM14,35.8
2026-04-11,HM14,33.4
2026-04-11,HM14,33.8
2026-04-11,HM14,30.7
2026-04-11,HM16,49.5
2026-04-11,HM20,38.4
2026-04-11,HM20,40.5
2026-04-11,HM25,44.2
2026-04-11,HM25,39.7
2026-04-11,HM30,21.8
2026-04-11,HM36,29.5
2026-04-11,HM36,29.9
2026-04-11,HM36,38.2
2026-04-11,HM36,28.7
2026-04-11,HM36,28.7
2026-04-11,HM43,33.7
2026-04-11,HM43,35.5
2026-04-11,HM43,29.6
2026-04-11,HM47,32.7
2026-04-11,HM50,31.1
2026-04-11,HM50,29.2
2026-04-11,HM56,37.3
2026-04-11,HM56,38.8
2026-04-11,HM56,41.5
2026-04-12,HM01,28.9
2026-04-12,HM01,35.5
2026-04-12,HM01,32.1
2026-04-12,HM01,32.5
2026-04-12,HM01,32.3
2026-04-12,HM01,33.5
2026-04-12,HM01,35.6
2026-04-12,HM01,31.5
2026-04-12,HM12,34.9
2026-04-12,HM12,37.4
2026-04-12,HM12,35.3
2026-04-12,HM13,31.5
2026-04-12,HM13,31.8
2026-04-12,HM13,33.3
2026-04-12,HM14,34.3
2026-04-12,HM14,37.2
2026-04-12,HM14,32.6
2026-04-12,HM14,35.7
2026-04-12,HM14,36.2
2026-04-12,HM14,33.0
2026-04-12,HM14,31.4
2026-04-12,HM14,35.2
2026-04-12,HM14,33.6
2026-04-12,HM16,42.6
2026-04-12,HM20,33.4
2026-04-12,HM20,35.8
2026-04-12,HM20,31.0
2026-04-12,HM20,35.8
2026-04-12,HM20,34.8
2026-04-12,HM20,36.3
2026-04-12,HM20,32.7
2026-04-12,HM20,31.1
2026-04-12,HM25,31.5
2026-04-12,HM25,30.3
2026-04-12,HM25,32.1
2026-04-12,HM25,31.8
2026-04-12,HM30,20.2
2026-04-12,HM36,26.7
2026-04-12,HM36,25.5
2026-04-12,HM36,32.9
2026-04-12,HM43,37.3
2026-04-12,HM43,37.6
2026-04-12,HM43,34.4
2026-04-12,HM43,37.0
2026-04-12,HM47,35.2
2026-04-12,HM47,32.8
2026-04-12,HM47,35.4
2026-04-12,HM47,34.4
2026-04-12,HM47,36.2
2026-04-12,HM50,35.6
2026-04-12,HM50,32.9
2026-04-12,HM50,33.8
2026-04-12,HM50,33.1
2026-04-12,HM50,33.9
2026-04-12,HM50,32.6
2026-04-12,HM50,35.4
2026-04-12,HM50,33.2
2026-04-12,HM56,32.6
2026-04-13,HM01,34.6
2026-04-13,HM01,36.5
2026-04-13,HM12,32.9
2026-04-13,HM12,34.4
2026-04-13,HM12,35.3
2026-04-13,HM12,38.6
2026-04-13,HM12,38.3
2026-04-13,HM12,36.3
2026-04-13,HM12,33.7
2026-04-13,HM12,37.3
2026-04-13,HM13,32.7
2026-04-13,HM13,34.5
2026-04-13,HM13,33.0
2026-04-13,HM13,34.1
2026-04-13,HM13,35.2
2026-04-13,HM14,34.5
2026-04-13,HM14,34.9
2026-04-13,HM14,32.3
2026-04-13,HM16,39.5
2026-04-13,HM16,40.5
2026-04-13,HM16,42.0
2026-04-13,HM20,50.0
2026-04-13,HM25,34.0
2026-04-13,HM25,34.0
2026-04-13,HM25,37.8
2026-04-13,HM25,36.5
2026-04-13,HM25,34.6
2026-04-13,HM25,37.6
2026-04-13,HM25,32.4
2026-04-13,HM25,36.5
2026-04-13,HM25,33.8
2026-04-13,HM30,36.4
2026-04-13,HM30,33.6
2026-04-13,HM30,36.4
2026-04-13,HM36,30.0
2026-04-13,HM36,29.5
2026-04-13,HM36,29.3
2026-04-13,HM47,26.4
2026-04-13,HM47,23.8
2026-04-13,HM50,33.2
2026-04-13,HM50,36.3
2026-04-13,HM50,33.1
2026-04-13,HM50,35.9
2026-04-13,HM50,31.1
2026-04-13,HM50,32.8
2026-04-13,HM56,33.2
2026-04-13,HM56,31.7
2026-04-13,HM56,33.5
2026-04-13,HM56,36.4
2026-04-13,HM56,32.4
2026-04-14,HM01,35.6
2026-04-14,HM01,32.3
2026-04-14,HM01,37.0
2026-04-14,HM01,31.8
2026-04-14,HM12,39.3
2026-04-14,HM12,39.6
2026-04-14,HM12,36.8
2026-04-14,HM13,31.7
2026-04-14,HM13,31.2
2026-04-14,HM13,35.0
2026-04-14,HM13,38.7
2026-04-14,HM14,32.8
2026-04-14,HM14,38.0
2026-04-14,HM14,34.7
2026-04-14,HM14,38.1
2026-04-14,HM14,34.0
2026-04-14,HM16,33.3
2026-04-14,HM16,33.1
2026-04-14,HM20,35.6
2026-04-14,HM20,34.2
2026-04-14,HM20,33.0
2026-04-14,HM30,40.7
2026-04-14,HM30,44.0
2026-04-14,HM30,37.0
2026-04-14,HM36,30.4
2026-04-14,HM36,28.6
2026-04-14,HM43,37.8
2026-04-14,HM43,40.6
2026-04-14,HM43,37.3
2026-04-14,HM47,25.4
2026-04-14,HM47,29.6
2026-04-14,HM50,36.3
2026-04-14,HM50,32.0
2026-04-14,HM50,36.0
2026-04-14,HM50,36.8
2026-04-14,HM50,40.7
2026-04-14,HM56,39.5
2026-04-15,HM01,22.5
2026-04-15,HM12,32.9
2026-04-15,HM12,32.8
2026-04-15,HM12,32.7
2026-04-15,HM13,18.5
2026-04-15,HM14,41.5
2026-04-15,HM14,38.2
2026-04-15,HM14,39.0
2026-04-15,HM16,33.4
2026-04-15,HM16,33.2
2026-04-15,HM16,37.3
2026-04-15,HM16,33.5
2026-04-15,HM16,37.0
2026-04-15,HM16,34.3
2026-04-15,HM16,36.5
2026-04-15,HM25,35.6
2026-04-15,HM25,33.5
2026-04-15,HM30,29.3
2026-04-15,HM30,29.7
2026-04-15,HM36,36.9
2026-04-15,HM36,34.2
2026-04-15,HM36,34.7
2026-04-15,HM43,33.6
2026-04-15,HM43,33.2
2026-04-15,HM43,35.3
2026-04-15,HM43,37.8
2026-04-15,HM43,34.9
2026-04-15,HM43,33.8
2026-04-15,HM43,38.3
2026-04-15,HM43,35.8
2026-04-15,HM43,35.8
2026-04-15,HM47,36.9
2026-04-15,HM47,41.2
2026-04-15,HM47,38.1
2026-04-15,HM47,37.9
2026-04-15,HM50,48.3
2026-04-15,HM56,33.4
2026-04-15,HM56,30.6
2026-04-15,HM56,33.6
2026-04-16,HM01,40.4
2026-04-16,HM12,35.5
2026-04-16,HM12,36.6
2026-04-16,HM12,37.4
2026-04-16,HM12,36.5
2026-04-16,HM12,33.6
2026-04-16,HM12,34.7
2026-04-16,HM13,41.8
2026-04-16,HM13,39.0
2026-04-16,HM13,41.1
2026-04-16,HM13,39.9
2026-04-16,HM14,32.2
2026-04-16,HM14,35.8
2026-04-16,HM14,36.0
2026-04-16,HM14,33.7
2026-04-16,HM14,35.4
2026-04-16,HM14,37.1
2026-04-16,HM14,33.6
2026-04-16,HM16,33.4
2026-04-16,HM16,37.0
2026-04-16,HM16,34.3
2026-04-16,HM20,31.5
2026-04-16,HM20,31.0
2026-04-16,HM20,36.0
2026-04-16,HM20,30.6
2026-04-16,HM20,36.4
2026-04-16,HM20,34.4
2026-04-16,HM20,33.6
2026-04-16,HM20,32.3
2026-04-16,HM20,33.5
2026-04-16,HM30,34.4
2026-04-16,HM30,36.7
2026-04-16,HM30,34.2
2026-04-16,HM30,32.4
2026-04-16,HM30,34.9
2026-04-16,HM30,35.8
2026-04-16,HM50,35.3
2026-04-16,HM50,34.6
2026-04-16,HM50,34.0
2026-04-16,HM56,30.5
2026-04-16,HM56,26.1
2026-04-17,HM01,36.0
2026-04-17,HM01,38.7
2026-04-17,HM12,44.2
2026-04-17,HM13,33.4
2026-04-17,HM13,34.6
2026-04-17,HM13,31.6
2026-04-17,HM14,37.1
2026-04-17,HM14,39.4
2026-04-17,HM16,35.6
2026-04-17,HM16,39.6
2026-04-17,HM16,36.9
2026-04-17,HM16,36.1
2026-04-17,HM16,34.7
2026-04-17,HM20,28.6
2026-04-17,HM25,34.6
2026-04-17,HM25,33.4
2026-04-17,HM30,39.0
2026-04-17,HM30,40.9
2026-04-17,HM30,37.8
2026-04-17,HM36,48.8
2026-04-17,HM43,40.8
2026-04-17,HM43,36.1
2026-04-17,HM47,44.5
2026-04-17,HM56,36.9
2026-04-17,HM56,36.3
2026-04-17,HM56,33.7
2026-04-17,HM56,35.1
2026-04-17,HM56,34.7
2026-04-17,HM56,34.6
2026-04-17,HM56,36.6
2026-04-17,HM56,37.8
2026-04-17,HM56,33.8
2026-04-17,HM56,30.7
2026-04-17,HM56,34.4
2026-04-17,HM56,31.8
2026-04-18,HM01,53.8
2026-04-18,HM12,33.7
2026-04-18,HM12,31.7
2026-04-18,HM12,31.8
2026-04-18,HM12,34.2
2026-04-18,HM12,31.3
2026-04-18,HM12,35.3
2026-04-18,HM12,36.4
2026-04-18,HM12,31.6
2026-04-18,HM12,31.2
2026-04-18,HM13,38.7
2026-04-18,HM13,42.1
2026-04-18,HM14,39.5
2026-04-18,HM14,41.4
2026-04-18,HM14,37.8
2026-04-18,HM16,38.6
2026-04-18,HM16,40.4
2026-04-18,HM20,26.3
2026-04-18,HM20,28.9
2026-04-18,HM25,35.6
2026-04-18,HM25,40.2
2026-04-18,HM30,49.7
2026-04-18,HM36,29.3
2026-04-18,HM36,28.8
2026-04-18,HM43,36.9
2026-04-18,HM43,33.8
2026-04-18,HM43,39.7
2026-04-18,HM43,39.5
2026-04-18,HM43,35.1
2026-04-18,HM43,37.8
2026-04-18,HM43,35.8
2026-04-18,HM43,33.0
2026-04-18,HM43,38.5
2026-04-18,HM43,38.5
2026-04-18,HM43,37.7
2026-04-18,HM43,34.4
2026-04-18,HM47,34.5
2026-04-18,HM47,30.5
2026-04-18,HM47,32.6
2026-04-18,HM47,31.2
2026-04-18,HM50,51.9
2026-04-18,HM56,17.1
2026-04-19,HM01,40.1
2026-04-19,HM12,39.2
2026-04-19,HM12,39.2
2026-04-19,HM13,34.7
2026-04-19,HM14,28.0
2026-04-19,HM14,33.3
2026-04-19,HM14,33.1
2026-04-19,HM14,36.3
2026-04-19,HM14,31.6
2026-04-19,HM16,29.1
2026-04-19,HM16,26.1
2026-04-19,HM20,25.5
2026-04-19,HM20,26.2
2026-04-19,HM25,35.3
2026-04-19,HM25,38.7
2026-04-19,HM30,30.7
2026-04-19,HM30,34.6
2026-04-19,HM30,35.5
2026-04-19,HM30,33.7
2026-04-19,HM36,50.3
2026-04-19,HM43,38.0
2026-04-19,HM43,37.2
2026-04-19,HM47,23.0
2026-04-19,HM50,42.2
2026-04-19,HM50,41.8
2026-04-19,HM56,34.1
2026-04-20,HM01,38.7
2026-04-20,HM01,34.9
2026-04-20,HM01,36.7
2026-04-20,HM01,39.8
2026-04-20,HM01,40.4
2026-04-20,HM12,38.1
2026-04-20,HM12,35.5
2026-04-20,HM12,35.4
2026-04-20,HM13,40.0
2026-04-20,HM13,35.0
2026-04-20,HM13,38.6
2026-04-20,HM13,34.6
2026-04-20,HM13,41.2
2026-04-20,HM14,39.0
2026-04-20,HM14,33.1
2026-04-20,HM14,36.5
2026-04-20,HM14,36.0
2026-04-20,HM14,36.4
2026-04-20,HM14,34.9
2026-04-20,HM14,37.1
2026-04-20,HM14,32.6
2026-04-20,HM14,35.0
2026-04-20,HM14,36.3
2026-04-20,HM14,32.3
2026-04-20,HM16,42.1
2026-04-20,HM20,34.7
2026-04-20,HM20,35.2
2026-04-20,HM20,32.5
2026-04-20,HM20,34.1
2026-04-20,HM20,34.1
2026-04-20,HM25,28.9
2026-04-20,HM25,31.4
2026-04-20,HM25,27.7
2026-04-20,HM25,31.4
2026-04-20,HM25,36.3
2026-04-20,HM25,36.0
2026-04-20,HM25,31.9
2026-04-20,HM25,37.5
2026-04-20,HM30,35.3
2026-04-20,HM30,31.5
2026-04-20,HM30,30.8
2026-04-20,HM30,33.7
2026-04-20,HM36,31.2
2026-04-20,HM36,37.6
2026-04-20,HM36,36.4
2026-04-20,HM36,32.2
2026-04-20,HM43,17.8
2026-04-20,HM47,26.0
2026-04-20,HM47,31.7
2026-04-20,HM50,41.5
2026-04-20,HM50,40.3
2026-04-20,HM56,41.3
2026-04-20,HM56,38.6
2026-04-20,HM56,38.6
2026-04-20,HM56,38.2
2026-04-21,HM01,38.8
2026-04-21,HM01,38.1
2026-04-21,HM01,35.6
2026-04-21,HM12,36.5
2026-04-21,HM12,34.9
2026-04-21,HM12,34.3
2026-04-21,HM12,33.6
2026-04-21,HM12,34.8
2026-04-21,HM13,32.1
2026-04-21,HM13,33.0
2026-04-21,HM13,30.8
2026-04-21,HM13,35.3
2026-04-21,HM13,35.5
2026-04-21,HM13,37.7
2026-04-21,HM14,33.8
2026-04-21,HM14,31.8
2026-04-21,HM14,31.7
2026-04-21,HM14,31.3
2026-04-21,HM14,35.7
2026-04-21,HM14,30.8
2026-04-21,HM14,33.2
2026-04-21,HM16,34.4
2026-04-21,HM16,33.2
2026-04-21,HM20,34.4
2026-04-21,HM20,32.2
2026-04-21,HM25,30.6
2026-04-21,HM25,30.8
2026-04-21,HM30,53.5
2026-04-21,HM36,33.5
2026-04-21,HM36,34.8
2026-04-21,HM36,35.2
2026-04-21,HM36,37.9
2026-04-21,HM36,37.4
2026-04-21,HM36,37.4
2026-04-21,HM43,31.6
2026-04-21,HM43,27.9
2026-04-21,HM43,33.2
2026-04-21,HM43,34.5
2026-04-21,HM43,35.3
2026-04-21,HM47,42.9
2026-04-21,HM47,41.3
2026-04-21,HM50,35.6
2026-04-21,HM50,34.3
2026-04-21,HM50,36.8
2026-04-21,HM50,39.3
2026-04-21,HM50,35.2
2026-04-21,HM50,39.4
2026-04-21,HM56,44.7
2026-04-21,HM56,37.5
2026-04-22,HM01,33.7
2026-04-22,HM01,36.1
2026-04-22,HM12,32.3
2026-04-22,HM12,34.9
2026-04-22,HM12,33.2
2026-04-22,HM12,32.9
2026-04-22,HM12,33.3
2026-04-22,HM12,35.3
2026-04-22,HM13,39.0
2026-04-22,HM13,37.6
2026-04-22,HM13,38.6
2026-04-22,HM13,37.0
2026-04-22,HM14,32.4
2026-04-22,HM14,30.4
2026-04-22,HM14,29.5
2026-04-22,HM14,34.7
2026-04-22,HM14,32.6
2026-04-22,HM14,33.3
2026-04-22,HM14,35.1
2026-04-22,HM16,28.6
2026-04-22,HM16,33.0
2026-04-22,HM16,32.5
2026-04-22,HM16,32.1
2026-04-22,HM20,37.1
2026-04-22,HM20,37.7
2026-04-22,HM20,39.8
2026-04-22,HM25,44.7
2026-04-22,HM30,31.7
2026-04-22,HM30,30.7
2026-04-22,HM30,32.0
2026-04-22,HM30,31.3
2026-04-22,HM30,34.4
2026-04-22,HM30,31.6
2026-04-22,HM36,32.0
2026-04-22,HM36,29.1
2026-04-22,HM36,30.1
2026-04-22,HM43,22.8
2026-04-22,HM47,42.9
2026-04-22,HM47,39.2
2026-04-22,HM50,29.8
2026-04-22,HM50,25.7
2026-04-22,HM56,44.8
2026-04-23,HM01,41.5
2026-04-23,HM12,32.0
2026-04-23,HM12,30.3
2026-04-23,HM13,34.8
2026-04-23,HM13,34.6
2026-04-23,HM13,34.9
2026-04-23,HM13,33.2
2026-04-23,HM14,36.8
2026-04-23,HM14,37.3
2026-04-23,HM14,34.6
2026-04-23,HM14,32.8
2026-04-23,HM14,33.5
2026-04-23,HM14,34.9
2026-04-23,HM14,38.2
2026-04-23,HM16,36.8
2026-04-23,HM20,27.6
2026-04-23,HM20,32.3
2026-04-23,HM20,29.2
2026-04-23,HM25,36.0
2026-04-23,HM25,30.2
2026-04-23,HM25,33.4
2026-04-23,HM25,34.2
2026-04-23,HM25,31.9
2026-04-23,HM30,33.5
2026-04-23,HM30,31.5
2026-04-23,HM30,32.8
2026-04-23,HM30,38.9
2026-04-23,HM30,37.3
2026-04-23,HM30,32.2
2026-04-23,HM36,34.9
2026-04-23,HM36,38.0
2026-04-23,HM36,36.8
2026-04-23,HM43,30.7
2026-04-23,HM47,35.4
2026-04-23,HM47,31.5
2026-04-23,HM47,35.2
2026-04-23,HM47,32.0
2026-04-23,HM47,32.8
2026-04-23,HM47,35.1
2026-04-23,HM50,39.6
2026-04-23,HM50,31.3
2026-04-23,HM50,37.2
2026-04-23,HM50,37.3
2026-04-23,HM50,39.4
2026-04-23,HM50,36.4
2026-04-23,HM56,36.7
2026-04-23,HM56,37.8
2026-04-23,HM56,32.5
2026-04-23,HM56,40.1
2026-04-24,HM01,38.9
2026-04-24,HM01,41.0
2026-04-24,HM01,38.0
2026-04-24,HM12,38.1
2026-04-24,HM12,38.7
2026-04-24,HM12,37.7
2026-04-24,HM12,36.3
2026-04-24,HM13,28.3
2026-04-24,HM13,28.4
2026-04-24,HM14,36.9
2026-04-24,HM14,36.1
2026-04-24,HM14,35.5
2026-04-24,HM14,35.1
2026-04-24,HM14,41.4
2026-04-24,HM14,38.5
2026-04-24,HM14,34.0
2026-04-24,HM14,35.9
2026-04-24,HM16,44.3
2026-04-24,HM20,37.3
2026-04-24,HM25,34.1
2026-04-24,HM25,38.3
2026-04-24,HM25,32.6
2026-04-24,HM25,34.5
2026-04-24,HM25,35.7
2026-04-24,HM30,28.9
2026-04-24,HM30,30.5
2026-04-24,HM36,30.0
2026-04-24,HM36,32.5
2026-04-24,HM36,32.3
2026-04-24,HM36,32.5
2026-04-24,HM36,35.5
2026-04-24,HM36,36.3
2026-04-24,HM36,32.8
2026-04-24,HM43,37.2
2026-04-24,HM43,34.9
2026-04-24,HM43,33.5
2026-04-24,HM43,33.4
2026-04-24,HM43,35.0
2026-04-24,HM43,34.4
2026-04-24,HM43,35.0
2026-04-24,HM47,26.9
2026-04-24,HM47,28.6
2026-04-24,HM50,35.6
2026-04-24,HM50,38.4
2026-04-24,HM50,38.6
2026-04-24,HM50,37.3
2026-04-24,HM50,35.2
2026-04-24,HM50,34.2
2026-04-24,HM50,34.0
2026-04-24,HM50,34.4
2026-04-24,HM50,35.9
2026-04-24,HM50,34.1
2026-04-24,HM50,37.1
2026-04-24,HM56,43.7
2026-04-25,HM01,36.5
2026-04-25,HM01,35.3
2026-04-25,HM01,36.6
2026-04-25,HM01,32.7
2026-04-25,HM12,36.5
2026-04-25,HM12,38.2
2026-04-25,HM12,35.6
2026-04-25,HM12,35.3
2026-04-25,HM12,32.4
2026-04-25,HM12,36.1
2026-04-25,HM12,35.9
2026-04-25,HM12,33.7
2026-04-25,HM12,36.7
2026-04-25,HM12,34.7
2026-04-25,HM12,36.9
2026-04-25,HM12,37.0
2026-04-25,HM13,41.8
2026-04-25,HM13,37.6
2026-04-25,HM14,37.8
2026-04-25,HM14,36.2
2026-04-25,HM14,38.2
2026-04-25,HM14,37.0
2026-04-25,HM14,35.8
2026-04-25,HM14,33.1
2026-04-25,HM14,37.3
2026-04-25,HM16,29.0
2026-04-25,HM16,28.0
2026-04-25,HM16,27.4
2026-04-25,HM20,27.5
2026-04-25,HM20,32.0
2026-04-25,HM25,33.0
2026-04-25,HM25,32.7
2026-04-25,HM25,32.2
2026-04-25,HM30,31.2
2026-04-25,HM30,35.6
2026-04-25,HM30,28.1
2026-04-25,HM36,12.9
2026-04-25,HM43,35.2
2026-04-25,HM43,36.5
2026-04-25,HM43,34.2
2026-04-25,HM47,37.9
2026-04-25,HM47,38.4
2026-04-25,HM47,38.9
2026-04-25,HM47,41.1
2026-04-25,HM50,35.1
2026-04-25,HM50,35.1
2026-04-25,HM50,35.3
2026-04-25,HM56,39.7
2026-04-25,HM56,36.7
2026-04-25,HM56,38.6
2026-04-26,HM01,32.5
2026-04-26,HM01,34.0
2026-04-26,HM12,38.4
2026-04-26,HM12,40.8
2026-04-26,HM12,38.1
2026-04-26,HM13,38.3
2026-04-26,HM13,36.8
2026-04-26,HM14,37.1
2026-04-26,HM14,34.8
2026-04-26,HM14,36.5
2026-04-26,HM14,38.5
2026-04-26,HM14,36.1
2026-04-26,HM14,35.7
2026-04-26,HM14,34.3
2026-04-26,HM14,33.9
2026-04-26,HM14,32.5
2026-04-26,HM14,33.3
2026-04-26,HM14,35.7
2026-04-26,HM14,34.1
2026-04-26,HM16,45.1
2026-04-26,HM25,37.1
2026-04-26,HM25,36.8
2026-04-26,HM25,37.8
2026-04-26,HM30,25.0
2026-04-26,HM36,30.6
2026-04-26,HM36,34.9
2026-04-26,HM36,33.3
2026-04-26,HM36,32.7
2026-04-26,HM36,36.6
2026-04-26,HM36,33.4
2026-04-26,HM43,26.6
2026-04-26,HM43,29.3
2026-04-26,HM43,28.5
2026-04-26,HM47,50.7
2026-04-26,HM50,35.0
2026-04-26,HM50,30.9
2026-04-26,HM50,34.6
2026-04-26,HM50,36.1
2026-04-26,HM56,45.6
2026-04-26,HM56,41.0
2026-04-27,HM01,34.0
2026-04-27,HM01,33.2
2026-04-27,HM01,38.8
2026-04-27,HM01,35.8
2026-04-27,HM01,34.1
2026-04-27,HM12,37.1
2026-04-27,HM12,35.6
2026-04-27,HM12,36.6
2026-04-27,HM12,34.2
2026-04-27,HM13,38.2
2026-04-27,HM14,32.8
2026-04-27,HM14,32.8
2026-04-27,HM16,41.8
2026-04-27,HM20,28.1
2026-04-27,HM20,34.0
2026-04-27,HM20,33.0
2026-04-27,HM20,31.6
2026-04-27,HM25,36.7
2026-04-27,HM25,33.9
2026-04-27,HM25,26.3
2026-04-27,HM25,31.6
2026-04-27,HM25,35.7
2026-04-27,HM25,31.5
2026-04-27,HM30,40.8
2026-04-27,HM36,38.0
2026-04-27,HM36,35.3
2026-04-27,HM36,36.2
2026-04-27,HM36,36.5
2026-04-27,HM36,36.8
2026-04-27,HM36,35.7
2026-04-27,HM36,36.4
2026-04-27,HM43,53.2
2026-04-27,HM47,24.8
2026-04-27,HM50,31.6
2026-04-27,HM50,31.0
2026-04-27,HM50,27.6
2026-04-27,HM56,38.0
2026-04-27,HM56,39.9
2026-04-27,HM56,36.6
2026-04-27,HM56,37.5
2026-04-27,HM56,39.2
2026-04-27,HM56,38.1
2026-04-28,HM01,32.4
2026-04-28,HM01,33.4
2026-04-28,HM01,33.8
2026-04-28,HM01,31.3
2026-04-28,HM01,31.1
2026-04-28,HM12,33.3
2026-04-28,HM12,34.4
2026-04-28,HM12,34.6
2026-04-28,HM12,33.5
2026-04-28,HM13,35.7
2026-04-28,HM13,38.9
2026-04-28,HM13,35.7
2026-04-28,HM13,40.4
2026-04-28,HM13,41.1
2026-04-28,HM13,34.0
2026-04-28,HM14,36.5
2026-04-28,HM14,34.0
2026-04-28,HM14,34.1
2026-04-28,HM14,35.9
2026-04-28,HM14,34.0
2026-04-28,HM14,33.6
2026-04-28,HM14,32.7
2026-04-28,HM16,34.9
2026-04-28,HM16,33.8
2026-04-28,HM16,29.9
2026-04-28,HM16,32.1
2026-04-28,HM16,34.1
2026-04-28,HM20,41.8
2026-04-28,HM20,40.9
2026-04-28,HM30,40.1
2026-04-28,HM30,39.3
2026-04-28,HM30,39.2
2026-04-28,HM30,38.3
2026-04-28,HM36,33.2
2026-04-28,HM36,34.3
2026-04-28,HM36,32.2
2026-04-28,HM36,27.7
2026-04-28,HM36,30.3
2026-04-28,HM36,35.4
2026-04-28,HM36,35.7
2026-04-28,HM43,31.3
2026-04-28,HM43,31.3
2026-04-28,HM43,33.3
2026-04-28,HM43,32.7
2026-04-28,HM47,33.5
2026-04-28,HM47,32.2
2026-04-28,HM47,28.4
2026-04-28,HM50,36.3
2026-04-28,HM50,35.6
2026-04-28,HM50,39.0
2026-04-28,HM50,34.6
2026-04-28,HM50,36.6
2026-04-28,HM50,38.3
2026-04-28,HM50,38.0
2026-04-28,HM50,36.9
2026-04-28,HM56,32.5
2026-04-28,HM56,32.0
2026-04-28,HM56,31.6
2026-04-28,HM56,32.3
2026-04-28,HM56,35.9
2026-04-28,HM56,33.5
2026-04-29,HM01,33.1
2026-04-29,HM01,37.4
2026-04-29,HM01,35.3
2026-04-29,HM01,37.3
2026-04-29,HM12,34.2
2026-04-29,HM12,34.9
2026-04-29,HM12,39.6
2026-04-29,HM12,35.9
2026-04-29,HM12,38.4
2026-04-29,HM12,36.8
2026-04-29,HM12,35.9
2026-04-29,HM12,41.5
2026-04-29,HM13,37.9
2026-04-29,HM13,40.1
2026-04-29,HM13,37.9
2026-04-29,HM13,42.5
2026-04-29,HM14,37.2
2026-04-29,HM16,31.0
2026-04-29,HM16,35.2
2026-04-29,HM16,34.4
2026-04-29,HM16,35.0
2026-04-29,HM16,30.6
2026-04-29,HM16,37.5
2026-04-29,HM16,34.2
2026-04-29,HM16,35.4
2026-04-29,HM20,33.2
2026-04-29,HM20,31.6
2026-04-29,HM25,39.2
2026-04-29,HM30,21.0
2026-04-29,HM36,32.7
2026-04-29,HM47,35.7
2026-04-29,HM47,31.8
2026-04-29,HM47,33.3
2026-04-29,HM47,35.5
2026-04-29,HM47,32.4
2026-04-29,HM47,31.6
2026-04-29,HM50,29.0
2026-04-29,HM56,34.7
2026-04-29,HM56,35.3
2026-04-30,HM01,31.4
2026-04-30,HM01,32.0
2026-04-30,HM12,34.5
2026-04-30,HM12,32.6
2026-04-30,HM12,33.7
2026-04-30,HM12,33.8
2026-04-30,HM13,22.7
2026-04-30,HM14,42.5
2026-04-30,HM14,41.6
2026-04-30,HM16,40.4
2026-04-30,HM16,42.3
2026-04-30,HM20,23.5
2026-04-30,HM25,31.0
2026-04-30,HM25,36.5
2026-04-30,HM25,31.3
2026-04-30,HM25,34.2
2026-04-30,HM30,24.1
2026-04-30,HM36,29.9
2026-04-30,HM36,29.6
2026-04-30,HM36,34.3
2026-04-30,HM36,30.6
2026-04-30,HM36,31.7
2026-04-30,HM43,35.6
2026-04-30,HM43,35.7
2026-04-30,HM43,36.1
2026-04-30,HM47,29.8
2026-04-30,HM47,27.4
2026-04-30,HM47,30.2
2026-04-30,HM50,28.0
2026-04-30,HM50,26.2
2026-04-30,HM56,33.8
2026-05-01,HM01,10.3
2026-05-01,HM12,39.8
2026-05-01,HM12,39.4
2026-05-01,HM12,41.5
2026-05-01,HM13,28.7
2026-05-01,HM13,32.7
2026-05-01,HM13,29.0
2026-05-01,HM14,30.1
2026-05-01,HM14,26.8
2026-05-01,HM16,34.0
2026-05-01,HM16,34.4
2026-05-01,HM16,35.0
2026-05-01,HM16,33.7
2026-05-01,HM20,33.9
2026-05-01,HM20,33.4
2026-05-01,HM20,36.7
2026-05-01,HM20,33.3
2026-05-01,HM20,32.0
2026-05-01,HM20,37.1
2026-05-01,HM20,33.8
2026-05-01,HM30,20.4
2026-05-01,HM36,39.0
2026-05-01,HM43,28.5
2026-05-01,HM43,28.8
2026-05-01,HM43,28.6
2026-05-01,HM47,39.3
2026-05-01,HM47,36.0
2026-05-01,HM56,50.6
2026-05-02,HM01,32.0
2026-05-02,HM01,34.5
2026-05-02,HM01,32.7
2026-05-02,HM01,38.9
2026-05-02,HM01,37.9
2026-05-02,HM12,35.2
2026-05-02,HM12,37.7
2026-05-02,HM12,36.4
2026-05-02,HM12,33.3
2026-05-02,HM12,31.2
2026-05-02,HM13,35.0
2026-05-02,HM14,33.0
2026-05-02,HM14,34.4
2026-05-02,HM14,33.0
2026-05-02,HM14,35.7
2026-05-02,HM14,33.9
2026-05-02,HM16,31.8
2026-05-02,HM16,26.4
2026-05-02,HM20,34.7
2026-05-02,HM20,35.9
2026-05-02,HM25,35.0
2026-05-02,HM25,31.8
2026-05-02,HM25,31.1
2026-05-02,HM30,37.0
2026-05-02,HM30,36.4
2026-05-02,HM30,37.1
2026-05-02,HM30,36.9
2026-05-02,HM36,35.9
2026-05-02,HM36,37.2
2026-05-02,HM36,34.4
2026-05-02,HM43,32.6
2026-05-02,HM43,37.5
2026-05-02,HM43,35.4
2026-05-02,HM43,36.9
2026-05-02,HM50,34.0
2026-05-02,HM50,30.7
2026-05-02,HM56,43.6
2026-05-03,HM12,36.3
2026-05-03,HM12,31.8
2026-05-03,HM12,30.2
2026-05-03,HM12,30.6
2026-05-03,HM12,34.8
2026-05-03,HM13,38.8
2026-05-03,HM13,38.8
2026-05-03,HM14,33.7
2026-05-03,HM14,34.1
2026-05-03,HM16,40.6
2026-05-03,HM20,49.3
2026-05-03,HM25,30.6
2026-05-03,HM25,37.2
2026-05-03,HM25,35.8
2026-05-03,HM25,35.9
2026-05-03,HM25,30.2
2026-05-03,HM30,43.1
2026-05-03,HM36,29.2
2026-05-03,HM36,31.1
2026-05-03,HM36,33.0
2026-05-03,HM36,27.4
2026-05-03,HM43,33.4
2026-05-03,HM43,35.1
2026-05-03,HM47,32.4
2026-05-03,HM47,32.1
2026-05-03,HM50,27.2
2026-05-03,HM50,35.4
2026-05-03,HM50,29.4
2026-05-03,HM56,36.2
2026-05-04,HM01,38.6
2026-05-04,HM12,37.3
2026-05-04,HM12,35.7
2026-05-04,HM12,40.1
2026-05-04,HM12,36.4
2026-05-04,HM12,34.9
2026-05-04,HM12,38.1
2026-05-04,HM13,35.5
2026-05-04,HM13,35.2
2026-05-04,HM13,36.1
2026-05-04,HM13,35.2
2026-05-04,HM14,39.1
2026-05-04,HM14,40.1
2026-05-04,HM14,37.9
2026-05-04,HM14,38.6
2026-05-04,HM16,40.0
2026-05-04,HM16,42.5
2026-05-04,HM20,43.1
2026-05-04,HM25,44.8
2026-05-04,HM30,35.6
2026-05-04,HM30,34.5
2026-05-04,HM30,33.4
2026-05-04,HM30,35.0
2026-05-04,HM30,29.4
2026-05-04,HM30,33.1
2026-05-04,HM36,33.8
2026-05-04,HM36,35.8
2026-05-04,HM36,37.0
2026-05-04,HM36,37.8
2026-05-04,HM36,35.7
2026-05-04,HM43,37.8
2026-05-04,HM43,37.2
2026-05-04,HM43,42.1
2026-05-04,HM43,37.5
2026-05-04,HM47,41.7
2026-05-04,HM47,42.7
2026-05-04,HM47,38.8
2026-05-04,HM50,29.6
2026-05-04,HM56,46.3
2026-05-05,HM01,34.3
2026-05-05,HM01,36.0
2026-05-05,HM12,32.0
2026-05-05,HM12,37.5
2026-05-05,HM12,36.4
2026-05-05,HM13,15.7
2026-05-05,HM14,35.0
2026-05-05,HM14,37.7
2026-05-05,HM14,31.7
2026-05-05,HM14,35.6
2026-05-05,HM16,29.3
2026-05-05,HM16,31.8
2026-05-05,HM16,28.8
2026-05-05,HM20,28.2
2026-05-05,HM20,31.4
2026-05-05,HM20,33.3
2026-05-05,HM25,34.5
2026-05-05,HM25,37.7
2026-05-05,HM25,34.5
2026-05-05,HM25,38.8
2026-05-05,HM25,37.4
2026-05-05,HM36,52.0
2026-05-05,HM43,27.1
2026-05-05,HM43,30.5
2026-05-05,HM47,34.5
2026-05-05,HM47,36.3
2026-05-05,HM47,34.9
2026-05-05,HM56,32.2
2026-05-06,HM01,33.5
2026-05-06,HM01,37.6
2026-05-06,HM01,32.6
2026-05-06,HM01,37.9
2026-05-06,HM01,36.1
2026-05-06,HM01,36.2
2026-05-06,HM01,37.2
2026-05-06,HM01,36.1
2026-05-06,HM12,51.5
2026-05-06,HM13,47.1
2026-05-06,HM14,22.4
2026-05-06,HM16,35.2
2026-05-06,HM16,33.4
2026-05-06,HM20,34.0
2026-05-06,HM20,37.6
2026-05-06,HM20,37.2
2026-05-06,HM20,37.5
2026-05-06,HM20,34.4
2026-05-06,HM20,35.7
2026-05-06,HM20,37.3
2026-05-06,HM20,37.0
2026-05-06,HM20,36.8
2026-05-06,HM20,38.7
2026-05-06,HM20,37.3
2026-05-06,HM20,35.9
2026-05-06,HM25,37.7
2026-05-06,HM25,42.3
2026-05-06,HM25,39.3
2026-05-06,HM25,39.7
2026-05-06,HM30,35.0
2026-05-06,HM36,29.5
2026-05-06,HM43,35.4
2026-05-06,HM47,32.6
2026-05-06,HM47,34.0
2026-05-06,HM56,35.3
2026-05-06,HM56,35.9
2026-05-06,HM56,36.9
2026-05-06,HM56,34.7
2026-05-07,HM01,34.5
2026-05-07,HM01,34.9
2026-05-07,HM12,34.5
2026-05-07,HM12,32.6
2026-05-07,HM13,36.1
2026-05-07,HM13,37.0
2026-05-07,HM13,35.0
2026-05-07,HM13,31.5
2026-05-07,HM13,36.1
2026-05-07,HM13,38.6
2026-05-07,HM13,35.4
2026-05-07,HM13,37.4
2026-05-07,HM13,37.4
2026-05-07,HM13,37.8
2026-05-07,HM14,39.0
2026-05-07,HM14,39.3
2026-05-07,HM14,35.6
2026-05-07,HM14,37.3
2026-05-07,HM14,38.2
2026-05-07,HM14,36.7
2026-05-07,HM16,37.3
2026-05-07,HM16,32.6
2026-05-07,HM16,33.4
2026-05-07,HM16,32.8
2026-05-07,HM20,35.8
2026-05-07,HM20,38.1
2026-05-07,HM20,35.6
2026-05-07,HM20,36.6
2026-05-07,HM20,34.9
2026-05-07,HM20,35.5
2026-05-07,HM20,34.7
2026-05-07,HM20,39.0
2026-05-07,HM25,33.6
2026-05-07,HM25,33.9
2026-05-07,HM25,34.8
2026-05-07,HM25,31.4
2026-05-07,HM30,32.8
2026-05-07,HM30,29.2
2026-05-07,HM36,32.6
2026-05-07,HM36,33.4
2026-05-07,HM36,34.3
2026-05-07,HM36,32.4
2026-05-07,HM36,33.8
2026-05-07,HM36,35.2
2026-05-07,HM36,31.7
2026-05-07,HM43,29.7
2026-05-07,HM43,34.5
2026-05-07,HM43,30.8
2026-05-07,HM47,42.6
2026-05-07,HM50,36.4
2026-05-07,HM50,34.0
2026-05-07,HM50,34.7
2026-05-07,HM50,33.5
2026-05-07,HM50,35.2
2026-05-07,HM50,34.1
2026-05-07,HM56,32.4
2026-05-07,HM56,31.1
2026-05-07,HM56,33.1
2026-05-07,HM56,34.4
2026-05-07,HM56,31.9
2026-05-08,HM01,31.8
2026-05-08,HM01,28.1
2026-05-08,HM12,30.8
2026-05-08,HM13,37.4
2026-05-08,HM13,35.7
2026-05-08,HM13,35.1
2026-05-08,HM13,36.3
2026-05-08,HM13,36.1
2026-05-08,HM13,37.2
2026-05-08,HM13,37.4
2026-05-08,HM13,34.6
2026-05-08,HM13,39.5
2026-05-08,HM14,38.0
2026-05-08,HM14,37.2
2026-05-08,HM14,37.8
2026-05-08,HM14,37.2
2026-05-08,HM14,36.0
2026-05-08,HM14,37.0
2026-05-08,HM14,37.5
2026-05-08,HM14,34.8
2026-05-08,HM16,32.9
2026-05-08,HM16,36.0
2026-05-08,HM16,37.4
2026-05-08,HM16,34.7
2026-05-08,HM20,27.9
2026-05-08,HM20,31.4
2026-05-08,HM20,34.0
2026-05-08,HM25,43.0
2026-05-08,HM30,29.8
2026-05-08,HM30,27.2
2026-05-08,HM36,33.4
2026-05-08,HM36,33.8
2026-05-08,HM36,39.0
2026-05-08,HM36,38.0
2026-05-08,HM43,33.0
2026-05-08,HM43,35.4
2026-05-08,HM47,26.1
2026-05-08,HM47,27.8
2026-05-08,HM56,31.5
2026-05-08,HM56,32.5
2026-05-08,HM56,35.0
2026-05-08,HM56,30.0
2026-05-09,HM01,35.1
2026-05-09,HM01,38.7
2026-05-09,HM01,37.4
2026-05-09,HM01,36.1
2026-05-09,HM01,38.4
2026-05-09,HM01,35.1
2026-05-09,HM01,39.2
2026-05-09,HM01,33.6
2026-05-09,HM01,37.3
2026-05-09,HM01,35.7
2026-05-09,HM01,38.1
2026-05-09,HM01,38.7
2026-05-09,HM12,36.8
2026-05-09,HM12,32.0
2026-05-09,HM13,35.8
2026-05-09,HM13,33.0
2026-05-09,HM13,34.5
2026-05-09,HM14,29.5
2026-05-09,HM16,18.3
2026-05-09,HM20,34.1
2026-05-09,HM20,35.8
2026-05-09,HM20,34.3
2026-05-09,HM20,32.4
2026-05-09,HM20,35.7
2026-05-09,HM20,35.6
2026-05-09,HM20,37.9
2026-05-09,HM20,39.7
2026-05-09,HM20,37.0
2026-05-09,HM20,33.3
2026-05-09,HM25,29.4
2026-05-09,HM25,32.3
2026-05-09,HM25,29.4
2026-05-09,HM30,28.6
2026-05-09,HM36,28.2
2026-05-09,HM36,33.9
2026-05-09,HM36,32.9
2026-05-09,HM36,32.4
2026-05-09,HM36,32.2
2026-05-09,HM43,32.0
2026-05-09,HM43,32.0
2026-05-09,HM43,31.9
2026-05-09,HM47,46.2
2026-05-09,HM50,34.9
2026-05-09,HM50,36.9
2026-05-09,HM50,36.9
2026-05-09,HM50,37.1
2026-05-09,HM56,23.6
2026-05-10,HM01,34.2
2026-05-10,HM01,34.5
2026-05-10,HM01,35.0
2026-05-10,HM01,33.1
2026-05-10,HM01,33.8
2026-05-10,HM12,48.2
2026-05-10,HM13,38.4
2026-05-10,HM13,37.6
2026-05-10,HM13,41.6
2026-05-10,HM14,19.3
2026-05-10,HM16,31.8
2026-05-10,HM16,30.9
2026-05-10,HM20,24.4
2026-05-10,HM25,37.0
2026-05-10,HM25,37.9
2026-05-10,HM25,36.9
2026-05-10,HM25,36.2
2026-05-10,HM36,37.9
2026-05-10,HM43,34.6
2026-05-10,HM43,36.0
2026-05-10,HM43,39.0
2026-05-10,HM43,32.2
2026-05-10,HM43,32.2
2026-05-10,HM43,31.9
2026-05-10,HM47,21.7
2026-05-10,HM50,45.3
2026-05-10,HM56,31.7
2026-05-10,HM56,33.5
2026-05-11,HM01,29.3
2026-05-11,HM01,34.5
2026-05-11,HM12,37.4
2026-05-11,HM12,36.7
2026-05-11,HM12,36.9
2026-05-11,HM12,34.6
2026-05-11,HM12,36.8
2026-05-11,HM13,37.0
2026-05-11,HM13,34.9
2026-05-11,HM14,32.2
2026-05-11,HM14,33.2
2026-05-11,HM14,32.4
2026-05-11,HM14,34.4
2026-05-11,HM20,36.8
2026-05-11,HM20,33.7
2026-05-11,HM20,32.1
2026-05-11,HM20,33.0
2026-05-11,HM20,32.3
2026-05-11,HM25,35.7
2026-05-11,HM25,34.3
2026-05-11,HM25,35.2
2026-05-11,HM25,40.7
2026-05-11,HM30,34.3
2026-05-11,HM30,34.8
2026-05-11,HM36,31.3
2026-05-11,HM36,32.1
2026-05-11,HM36,30.6
2026-05-11,HM36,29.9
2026-05-11,HM43,31.3
2026-05-11,HM43,31.0
2026-05-11,HM43,30.1
2026-05-11,HM47,35.4
2026-05-11,HM47,36.8
2026-05-11,HM47,38.1
2026-05-11,HM47,36.3
2026-05-11,HM47,34.0
2026-05-11,HM56,33.0
2026-05-11,HM56,31.8
2026-05-12,HM01,35.0
2026-05-12,HM12,36.0
2026-05-12,HM12,32.4
2026-05-12,HM12,33.9
2026-05-12,HM12,32.9
2026-05-12,HM12,37.8
2026-05-12,HM13,28.1
2026-05-12,HM13,29.6
2026-05-12,HM14,21.4
2026-05-12,HM16,31.7
2026-05-12,HM16,29.6
2026-05-12,HM16,28.1
2026-05-12,HM20,36.4
2026-05-12,HM20,32.7
2026-05-12,HM20,35.7
2026-05-12,HM20,32.9
2026-05-12,HM25,39.5
2026-05-12,HM30,43.0
2026-05-12,HM36,32.2
2026-05-12,HM36,37.0
2026-05-12,HM36,30.9
2026-05-12,HM36,30.6
2026-05-12,HM36,33.2
2026-05-12,HM36,34.5
2026-05-12,HM36,35.1
2026-05-12,HM43,38.8
2026-05-12,HM43,33.5
2026-05-12,HM43,33.9
2026-05-12,HM47,39.6
2026-05-12,HM50,26.5
2026-05-12,HM56,35.3
2026-05-12,HM56,30.5
2026-05-12,HM56,34.4
2026-05-13,HM01,34.6
2026-05-13,HM01,28.6
2026-05-13,HM12,29.1
2026-05-13,HM13,36.3
2026-05-13,HM13,35.7
2026-05-13,HM13,37.6
2026-05-13,HM13,37.0
2026-05-13,HM13,37.7
2026-05-13,HM14,36.5
2026-05-13,HM14,34.2
2026-05-13,HM14,37.5
2026-05-13,HM14,31.1
2026-05-13,HM25,12.8
2026-05-13,HM30,48.1
2026-05-13,HM36,37.4
2026-05-13,HM36,32.3
2026-05-13,HM36,32.5
2026-05-13,HM36,31.4
2026-05-13,HM36,32.6
2026-05-13,HM36,34.6
2026-05-13,HM36,36.1
2026-05-13,HM36,34.4
2026-05-13,HM36,32.2
2026-05-13,HM43,34.1
2026-05-13,HM43,33.9
2026-05-13,HM43,33.5
2026-05-13,HM43,35.3
2026-05-13,HM43,35.5
2026-05-13,HM43,35.6
2026-05-13,HM47,36.0
2026-05-13,HM50,37.9
2026-05-13,HM50,37.0
2026-05-13,HM50,34.3
2026-05-13,HM56,40.2
2026-05-13,HM56,40.4
2026-05-13,HM56,34.7
2026-05-14,HM01,31.0
2026-05-14,HM01,27.4
2026-05-14,HM12,38.3
2026-05-14,HM12,34.7
2026-05-14,HM12,40.0
2026-05-14,HM12,36.4
2026-05-14,HM12,38.3
2026-05-14,HM12,35.2
2026-05-14,HM12,37.4
2026-05-14,HM13,42.5
2026-05-14,HM14,33.0
2026-05-14,HM14,28.3
2026-05-14,HM14,28.4
2026-05-14,HM16,36.6
2026-05-14,HM16,31.8
2026-05-14,HM16,36.2
2026-05-14,HM16,31.6
2026-05-14,HM16,31.4
2026-05-14,HM16,36.7
2026-05-14,HM16,36.1
2026-05-14,HM16,38.9
2026-05-14,HM16,32.7
2026-05-14,HM20,44.5
2026-05-14,HM25,35.7
2026-05-14,HM25,35.7
2026-05-14,HM25,33.4
2026-05-14,HM30,37.1
2026-05-14,HM30,37.3
2026-05-14,HM30,35.3
2026-05-14,HM36,22.0
2026-05-14,HM43,35.3
2026-05-14,HM43,35.9
2026-05-14,HM47,34.8
2026-05-14,HM47,34.5
2026-05-14,HM47,36.7
2026-05-14,HM50,19.6
2026-05-14,HM56,38.0
2026-05-14,HM56,35.4
2026-05-14,HM56,36.2
2026-05-14,HM56,37.9
2026-05-14,HM56,35.5
2026-05-14,HM56,32.2
2026-05-14,HM56,36.7
2026-05-14,HM56,34.6
