date,line,hours_down,code
2024-11-14,HM01,3.346,MECH
2024-11-14,HM12,1.213,PLANNED_PM
2024-11-14,HM13,2.09,PLANNED_PM
2024-11-14,HM14,5.248,MECH
2024-11-14,HM16,1.382,OPERATOR
2024-11-14,HM20,0.552,MATERIAL
2024-11-14,HM25,0.539,PLANNED_PM
2024-11-14,HM30,0.58,OPERATOR
2024-11-14,HM36,0.588,MATERIAL
2024-11-14,HM43,1.146,MECH
2024-11-14,HM47,2.042,MECH
2024-11-14,HM50,0.569,MECH
2024-11-14,HM56,0.765,ELEC
2024-11-15,HM01,0.677,OPERATOR
2024-11-15,HM12,0.771,OPERATOR
2024-11-15,HM13,0.731,OPERATOR
2024-11-15,HM14,1.404,MATERIAL
2024-11-15,HM16,0.676,OPERATOR
2024-11-15,HM20,0.833,MATERIAL
2024-11-15,HM25,0.654,OPERATOR
2024-11-15,HM30,1.891,MATERIAL
2024-11-15,HM36,0.657,MECH
2024-11-15,HM43,0.587,PLANNED_PM
2024-11-15,HM47,0.891,PLANNED_PM
2024-11-15,HM50,0.61,MECH
2024-11-15,HM56,1.449,MECH
2024-11-16,HM01,0.869,MATERIAL
2024-11-16,HM12,0.717,PLANNED_PM
2024-11-16,HM13,1.155,PLANNED_PM
2024-11-16,HM14,1.902,MECH
2024-11-16,HM16,0.421,MECH
2024-11-16,HM20,0.893,ELEC
2024-11-16,HM25,1.53,ELEC
2024-11-16,HM30,0.742,OPERATOR
2024-11-16,HM36,0.876,ELEC
2024-11-16,HM43,0.696,ELEC
2024-11-16,HM47,1.368,PLANNED_PM
2024-11-16,HM50,0.643,MATERIAL
2024-11-16,HM56,1.229,PLANNED_PM
2024-11-17,HM01,0.449,MECH
2024-11-17,HM12,0.737,PLANNED_PM
2024-11-17,HM13,0.443,ELEC
2024-11-17,HM14,1.258,MATERIAL
2024-11-17,HM16,6.157,MATERIAL
2024-11-17,HM20,0.88,MECH
2024-11-17,HM25,0.523,MATERIAL
2024-11-17,HM30,1.3,MECH
2024-11-17,HM36,2.249,ELEC
2024-11-17,HM43,0.91,OPERATOR
2024-11-17,HM47,0.13,ELEC
2024-11-17,HM50,0.766,MATERIAL
2024-11-17,HM56,0.362,ELEC
2024-11-18,HM01,1.399,OPERATOR
2024-11-18,HM12,0.948,OPERATOR
2024-11-18,HM13,0.808,ELEC
2024-11-18,HM14,0.62,ELEC
2024-11-18,HM16,1.072,OPERATOR
2024-11-18,HM20,0.686,MATERIAL
2024-11-18,HM25,0.799,OPERATOR
2024-11-18,HM30,1.351,PLANNED_PM
2024-11-18,HM36,0.987,PLANNED_PM
2024-11-18,HM43,0.715,PLANNED_PM
2024-11-18,HM47,1.148,MECH
2024-11-18,HM50,0.484,MECH
2024-11-18,HM56,0.877,OPERATOR
2024-11-19,HM01,1.886,MATERIAL
2024-11-19,HM12,0.251,ELEC
2024-11-19,HM13,1.45,ELEC
2024-11-19,HM14,0.623,MECH
2024-11-19,HM16,1.357,MECH
2024-11-19,HM20,1.344,ELEC
2024-11-19,HM25,1.828,MECH
2024-11-19,HM30,0.81,ELEC
2024-11-19,HM36,0.553,OPERATOR
2024-11-19,HM43,2.159,OPERATOR
2024-11-19,HM47,0.181,OPERATOR
2024-11-19,HM50,1.965,PLANNED_PM
2024-11-19,HM56,1.577,MECH
2024-11-20,HM01,0.499,PLANNED_PM
2024-11-20,HM12,0.771,MECH
2024-11-20,HM13,1.542,OPERATOR
2024-11-20,HM14,0.717,MATERIAL
2024-11-20,HM16,0.79,OPERATOR
2024-11-20,HM20,0.503,ELEC
2024-11-20,HM25,0.335,ELEC
2024-11-20,HM30,0.594,PLANNED_PM
2024-11-20,HM36,1.525,MATERIAL
2024-11-20,HM43,0.734,ELEC
2024-11-20,HM47,1.4,MECH
2024-11-20,HM50,1.06,MATERIAL
2024-11-20,HM56,0.468,PLANNED_PM
2024-11-21,HM01,1.041,MATERIAL
2024-11-21,HM12,1.036,OPERATOR
2024-11-21,HM13,1.78,ELEC
2024-11-21,HM14,0.991,MECH
2024-11-21,HM16,0.536,MATERIAL
2024-11-21,HM20,0.726,MECH
2024-11-21,HM25,1.115,PLANNED_PM
2024-11-21,HM30,0.579,MATERIAL
2024-11-21,HM36,0.818,OPERATOR
2024-11-21,HM43,1.179,MECH
2024-11-21,HM47,1.183,PLANNED_PM
2024-11-21,HM50,0.302,PLANNED_PM
2024-11-21,HM56,1.792,OPERATOR
2024-11-22,HM01,0.371,PLANNED_PM
2024-11-22,HM12,0.507,PLANNED_PM
2024-11-22,HM13,1.706,ELEC
2024-11-22,HM14,1.133,OPERATOR
2024-11-22,HM16,5.188,MECH
2024-11-22,HM20,0.914,MECH
2024-11-22,HM25,1.433,MATERIAL
2024-11-22,HM30,0.622,OPERATOR
2024-11-22,HM36,0.555,PLANNED_PM
2024-11-22,HM43,0.59,MATERIAL
2024-11-22,HM47,0.616,PLANNED_PM
2024-11-22,HM50,2.913,PLANNED_PM
2024-11-22,HM56,3.103,MECH
2024-11-23,HM01,0.309,PLANNED_PM
2024-11-23,HM12,0.663,ELEC
2024-11-23,HM13,1.3,ELEC
2024-11-23,HM14,0.793,MECH
2024-11-23,HM16,1.079,OPERATOR
2024-11-23,HM20,1.084,OPERATOR
2024-11-23,HM25,0.683,PLANNED_PM
2024-11-23,HM30,6.241,PLANNED_PM
2024-11-23,HM36,0.43,ELEC
2024-11-23,HM43,0.946,ELEC
2024-11-23,HM47,0.434,MECH
2024-11-23,HM50,0.727,ELEC
2024-11-23,HM56,2.011,MECH
2024-11-24,HM01,1.105,PLANNED_PM
2024-11-24,HM12,1.714,MATERIAL
2024-11-24,HM13,1.906,ELEC
2024-11-24,HM14,0.696,MATERIAL
2024-11-24,HM16,1.143,MATERIAL
2024-11-24,HM20,0.772,MECH
2024-11-24,HM25,0.982,MATERIAL
2024-11-24,HM30,1.279,OPERATOR
2024-11-24,HM36,0.49,OPERATOR
2024-11-24,HM43,0.739,PLANNED_PM
2024-11-24,HM47,0.241,ELEC
2024-11-24,HM50,0.788,ELEC
2024-11-24,HM56,0.342,PLANNED_PM
2024-11-25,HM01,0.979,MECH
2024-11-25,HM12,1.168,ELEC
2024-11-25,HM13,0.475,PLANNED_PM
2024-11-25,HM14,0.603,PLANNED_PM
2024-11-25,HM16,0.607,MATERIAL
2024-11-25,HM20,0.506,ELEC
2024-11-25,HM25,0.905,MECH
2024-11-25,HM30,0.616,OPERATOR
2024-11-25,HM36,0.953,OPERATOR
2024-11-25,HM43,0.821,PLANNED_PM
2024-11-25,HM47,0.549,ELEC
2024-11-25,HM50,0.789,ELEC
2024-11-25,HM56,0.482,OPERATOR
2024-11-26,HM01,1.166,MECH
2024-11-26,HM12,0.767,MATERIAL
2024-11-26,HM13,2.343,OPERATOR
2024-11-26,HM14,1.25,MATERIAL
2024-11-26,HM16,1.004,MATERIAL
2024-11-26,HM20,2.177,ELEC
2024-11-26,HM25,1.705,OPERATOR
2024-11-26,HM30,0.446,PLANNED_PM
2024-11-26,HM36,0.423,MATERIAL
2024-11-26,HM43,0.453,ELEC
2024-11-26,HM47,3.376,PLANNED_PM
2024-11-26,HM50,0.769,ELEC
2024-11-26,HM56,5.551,PLANNED_PM
2024-11-27,HM01,1.15,MATERIAL
2024-11-27,HM12,1.142,OPERATOR
2024-11-27,HM13,0.539,ELEC
2024-11-27,HM14,1.743,ELEC
2024-11-27,HM16,1.268,MATERIAL
2024-11-27,HM20,0.44,MECH
2024-11-27,HM25,0.959,MECH
2024-11-27,HM30,1.29,PLANNED_PM
2024-11-27,HM36,1.001,ELEC
2024-11-27,HM43,0.834,PLANNED_PM
2024-11-27,HM47,0.915,PLANNED_PM
2024-11-27,HM50,1.038,MECH
2024-11-27,HM56,0.569,MATERIAL
2024-11-28,HM01,4.643,OPERATOR
2024-11-28,HM12,1.255,ELEC
2024-11-28,HM13,0.713,ELEC
2024-11-28,HM14,1.353,MECH
2024-11-28,HM16,0.901,MATERIAL
2024-11-28,HM20,0.4,MECH
2024-11-28,HM25,0.263,OPERATOR
2024-11-28,HM30,0.382,MECH
2024-11-28,HM36,0.55,PLANNED_PM
2024-11-28,HM43,0.891,ELEC
2024-11-28,HM47,0.645,PLANNED_PM
2024-11-28,HM50,0.967,OPERATOR
2024-11-28,HM56,0.316,PLANNED_PM
2024-11-29,HM01,0.775,PLANNED_PM
2024-11-29,HM12,1.105,PLANNED_PM
2024-11-29,HM13,0.335,PLANNED_PM
2024-11-29,HM14,0.738,ELEC
2024-11-29,HM16,0.901,ELEC
2024-11-29,HM20,0.485,MECH
2024-11-29,HM25,0.939,PLANNED_PM
2024-11-29,HM30,0.635,PLANNED_PM
2024-11-29,HM36,1.342,ELEC
2024-11-29,HM43,0.585,OPERATOR
2024-11-29,HM47,3.533,MATERIAL
2024-11-29,HM50,0.846,PLANNED_PM
2024-11-29,HM56,0.549,MATERIAL
2024-11-30,HM01,1.019,OPERATOR
2024-11-30,HM12,0.594,MECH
2024-11-30,HM13,1.053,ELEC
2024-11-30,HM14,1.133,OPERATOR
2024-11-30,HM16,1.493,PLANNED_PM
2024-11-30,HM20,1.732,PLANNED_PM
2024-11-30,HM25,0.618,MECH
2024-11-30,HM30,0.902,PLANNED_PM
2024-11-30,HM36,3.444,MATERIAL
2024-11-30,HM43,0.542,ELEC
2024-11-30,HM47,0.385,MATERIAL
2024-11-30,HM50,0.447,OPERATOR
2024-11-30,HM56,0.732,MATERIAL
2024-12-01,HM01,0.316,ELEC
2024-12-01,HM12,0.872,OPERATOR
2024-12-01,HM13,0.356,PLANNED_PM
2024-12-01,HM14,1.629,PLANNED_PM
2024-12-01,HM16,1.634,ELEC
2024-12-01,HM20,0.432,MECH
2024-12-01,HM25,1.378,MATERIAL
2024-12-01,HM30,0.379,MECH
2024-12-01,HM36,0.953,MATERIAL
2024-12-01,HM43,1.205,MECH
2024-12-01,HM47,0.346,PLANNED_PM
2024-12-01,HM50,0.256,MATERIAL
2024-12-01,HM56,0.602,PLANNED_PM
2024-12-02,HM01,0.419,PLANNED_PM
2024-12-02,HM12,1.915,OPERATOR
2024-12-02,HM13,0.605,MECH
2024-12-02,HM14,0.952,MATERIAL
2024-12-02,HM16,0.366,MATERIAL
2024-12-02,HM20,1.316,MECH
2024-12-02,HM25,0.929,PLANNED_PM
2024-12-02,HM30,1.479,MECH
2024-12-02,HM36,3.566,PLANNED_PM
2024-12-02,HM43,1.141,PLANNED_PM
2024-12-02,HM47,1.37,OPERATOR
2024-12-02,HM50,6.49,MATERIAL
2024-12-02,HM56,0.679,MATERIAL
2024-12-03,HM01,0.88,MATERIAL
2024-12-03,HM12,1.062,OPERATOR
2024-12-03,HM13,0.584,PLANNED_PM
2024-12-03,HM14,1.178,OPERATOR
2024-12-03,HM16,0.958,OPERATOR
2024-12-03,HM20,0.857,OPERATOR
2024-12-03,HM25,0.474,PLANNED_PM
2024-12-03,HM30,1.564,MATERIAL
2024-12-03,HM36,1.066,MECH
2024-12-03,HM43,1.273,PLANNED_PM
2024-12-03,HM47,1.022,PLANNED_PM
2024-12-03,HM50,0.845,MECH
2024-12-03,HM56,0.9,MATERIAL
2024-12-04,HM01,0.417,MATERIAL
2024-12-04,HM12,1.892,MATERIAL
2024-12-04,HM13,0.651,OPERATOR
2024-12-04,HM14,0.63,MATERIAL
2024-12-04,HM16,0.623,ELEC
2024-12-04,HM20,1.05,MECH
2024-12-04,HM25,0.617,ELEC
2024-12-04,HM30,1.78,PLANNED_PM
2024-12-04,HM36,0.579,OPERATOR
2024-12-04,HM43,0.37,OPERATOR
2024-12-04,HM47,1.063,MECH
2024-12-04,HM50,1.932,OPERATOR
2024-12-04,HM56,0.824,PLANNED_PM
2024-12-05,HM01,1.133,ELEC
2024-12-05,HM12,0.177,OPERATOR
2024-12-05,HM13,3.335,ELEC
2024-12-05,HM14,0.314,OPERATOR
2024-12-05,HM16,0.636,ELEC
2024-12-05,HM20,5.438,OPERATOR
2024-12-05,HM25,0.881,PLANNED_PM
2024-12-05,HM30,0.365,OPERATOR
2024-12-05,HM36,2.341,MATERIAL
2024-12-05,HM43,2.77,ELEC
2024-12-05,HM47,1.05,PLANNED_PM
2024-12-05,HM50,1.464,MECH
2024-12-05,HM56,1.449,MECH
2024-12-06,HM01,0.749,ELEC
2024-12-06,HM12,0.653,PLANNED_PM
2024-12-06,HM13,1.341,MATERIAL
2024-12-06,HM14,1.391,MATERIAL
2024-12-06,HM16,0.549,OPERATOR
2024-12-06,HM20,1.97,MATERIAL
2024-12-06,HM25,0.532,MATERIAL
2024-12-06,HM30,0.592,MECH
2024-12-06,HM36,0.422,PLANNED_PM
2024-12-06,HM43,0.933,ELEC
2024-12-06,HM47,1.14,OPERATOR
2024-12-06,HM50,0.456,ELEC
2024-12-06,HM56,0.603,OPERATOR
2024-12-07,HM01,1.009,MATERIAL
2024-12-07,HM12,0.238,ELEC
2024-12-07,HM13,0.643,OPERATOR
2024-12-07,HM14,3.343,MECH
2024-12-07,HM16,0.343,MECH
2024-12-07,HM20,1.256,MECH
2024-12-07,HM25,0.752,ELEC
2024-12-07,HM30,0.799,OPERATOR
2024-12-07,HM36,0.931,MECH
2024-12-07,HM43,0.896,MATERIAL
2024-12-07,HM47,0.545,MECH
2024-12-07,HM50,0.267,MATERIAL
2024-12-07,HM56,0.392,OPERATOR
2024-12-08,HM01,0.591,PLANNED_PM
2024-12-08,HM12,1.087,PLANNED_PM
2024-12-08,HM13,1.206,MATERIAL
2024-12-08,HM14,0.516,PLANNED_PM
2024-12-08,HM16,0.56,MATERIAL
2024-12-08,HM20,0.882,OPERATOR
2024-12-08,HM25,0.535,OPERATOR
2024-12-08,HM30,6.197,PLANNED_PM
2024-12-08,HM36,0.393,MATERIAL
2024-12-08,HM43,1.99,OPERATOR
2024-12-08,HM47,1.163,MATERIAL
2024-12-08,HM50,2.477,MECH
2024-12-08,HM56,0.62,MATERIAL
2024-12-09,HM01,0.424,OPERATOR
2024-12-09,HM12,1.447,PLANNED_PM
2024-12-09,HM13,1.329,ELEC
2024-12-09,HM14,0.709,MECH
2024-12-09,HM16,0.751,MATERIAL
2024-12-09,HM20,0.94,MECH
2024-12-09,HM25,0.415,OPERATOR
2024-12-09,HM30,2.506,OPERATOR
2024-12-09,HM36,0.262,ELEC
2024-12-09,HM43,0.642,MECH
2024-12-09,HM47,1.367,ELEC
2024-12-09,HM50,0.649,MECH
2024-12-09,HM56,3.161,MECH
2024-12-10,HM01,0.819,MATERIAL
2024-12-10,HM12,2.151,OPERATOR
2024-12-10,HM13,1.023,OPERATOR
2024-12-10,HM14,1.059,PLANNED_PM
2024-12-10,HM16,0.602,OPERATOR
2024-12-10,HM20,0.725,MATERIAL
2024-12-10,HM25,0.249,MECH
2024-12-10,HM30,0.732,OPERATOR
2024-12-10,HM36,0.739,OPERATOR
2024-12-10,HM43,2.584,MECH
2024-12-10,HM47,0.366,PLANNED_PM
2024-12-10,HM50,0.42,OPERATOR
2024-12-10,HM56,0.478,ELEC
2024-12-11,HM01,1.198,PLANNED_PM
2024-12-11,HM12,0.607,MECH
2024-12-11,HM13,0.793,PLANNED_PM
2024-12-11,HM14,0.313,MATERIAL
2024-12-11,HM16,0.876,MECH
2024-12-11,HM20,4.808,MATERIAL
2024-12-11,HM25,0.552,PLANNED_PM
2024-12-11,HM30,0.772,ELEC
2024-12-11,HM36,0.405,ELEC
2024-12-11,HM43,0.644,OPERATOR
2024-12-11,HM47,0.987,MECH
2024-12-11,HM50,1.769,MATERIAL
2024-12-11,HM56,0.774,MECH
2024-12-12,HM01,0.848,MATERIAL
2024-12-12,HM12,0.711,MECH
2024-12-12,HM13,2.815,MATERIAL
2024-12-12,HM14,0.945,MECH
2024-12-12,HM16,0.723,ELEC
2024-12-12,HM20,1.466,MECH
2024-12-12,HM25,0.552,PLANNED_PM
2024-12-12,HM30,0.86,MATERIAL
2024-12-12,HM36,2.216,ELEC
2024-12-12,HM43,1.116,ELEC
2024-12-12,HM47,1.56,MATERIAL
2024-12-12,HM50,3.835,MATERIAL
2024-12-12,HM56,0.715,OPERATOR
2024-12-13,HM01,2.583,MATERIAL
2024-12-13,HM12,1.478,MATERIAL
2024-12-13,HM13,0.59,ELEC
2024-12-13,HM14,0.826,OPERATOR
2024-12-13,HM16,0.841,MECH
2024-12-13,HM20,1.069,MATERIAL
2024-12-13,HM25,1.183,PLANNED_PM
2024-12-13,HM30,0.659,MATERIAL
2024-12-13,HM36,2.228,PLANNED_PM
2024-12-13,HM43,0.977,OPERATOR
2024-12-13,HM47,2.273,ELEC
2024-12-13,HM50,0.408,OPERATOR
2024-12-13,HM56,1.703,MATERIAL
2024-12-14,HM01,1.527,MATERIAL
2024-12-14,HM12,0.652,OPERATOR
2024-12-14,HM13,3.561,PLANNED_PM
2024-12-14,HM14,3.155,ELEC
2024-12-14,HM16,0.521,MATERIAL
2024-12-14,HM20,1.567,OPERATOR
2024-12-14,HM25,0.699,PLANNED_PM
2024-12-14,HM30,1.081,OPERATOR
2024-12-14,HM36,0.758,ELEC
2024-12-14,HM43,1.212,ELEC
2024-12-14,HM47,0.968,PLANNED_PM
2024-12-14,HM50,0.687,MECH
2024-12-14,HM56,0.692,PLANNED_PM
2024-12-15,HM01,0.518,ELEC
2024-12-15,HM12,0.568,PLANNED_PM
2024-12-15,HM13,0.445,ELEC
2024-12-15,HM14,1.266,OPERATOR
2024-12-15,HM16,1.833,PLANNED_PM
2024-12-15,HM20,0.71,MECH
2024-12-15,HM25,1.023,MATERIAL
2024-12-15,HM30,0.889,OPERATOR
2024-12-15,HM36,1.944,PLANNED_PM
2024-12-15,HM43,0.969,OPERATOR
2024-12-15,HM47,0.737,OPERATOR
2024-12-15,HM50,0.237,MATERIAL
2024-12-15,HM56,0.966,MATERIAL
2024-12-16,HM01,0.509,PLANNED_PM
2024-12-16,HM12,1.392,PLANNED_PM
2024-12-16,HM13,1.086,MATERIAL
2024-12-16,HM14,0.956,PLANNED_PM
2024-12-16,HM16,0.642,MECH
2024-12-16,HM20,0.19,PLANNED_PM
2024-12-16,HM25,0.99,MECH
2024-12-16,HM30,0.571,ELEC
2024-12-16,HM36,0.876,OPERATOR
2024-12-16,HM43,0.555,ELEC
2024-12-16,HM47,1.941,OPERATOR
2024-12-16,HM50,0.692,ELEC
2024-12-16,HM56,0.89,MECH
2024-12-17,HM01,1.36,PLANNED_PM
2024-12-17,HM12,0.782,PLANNED_PM
2024-12-17,HM13,0.718,MECH
2024-12-17,HM14,0.932,OPERATOR
2024-12-17,HM16,5.486,OPERATOR
2024-12-17,HM20,2.116,MATERIAL
2024-12-17,HM25,0.643,PLANNED_PM
2024-12-17,HM30,1.268,PLANNED_PM
2024-12-17,HM36,0.472,PLANNED_PM
2024-12-17,HM43,0.894,MATERIAL
2024-12-17,HM47,0.898,OPERATOR
2024-12-17,HM50,1.173,ELEC
2024-12-17,HM56,3.948,MATERIAL
2024-12-18,HM01,0.811,OPERATOR
2024-12-18,HM12,1.661,MATERIAL
2024-12-18,HM13,0.354,ELEC
2024-12-18,HM14,0.734,ELEC
2024-12-18,HM16,1.7,MECH
2024-12-18,HM20,1.995,OPERATOR
2024-12-18,HM25,1.557,PLANNED_PM
2024-12-18,HM30,2.127,PLANNED_PM
2024-12-18,HM36,0.56,ELEC
2024-12-18,HM43,0.478,ELEC
2024-12-18,HM47,0.801,OPERATOR
2024-12-18,HM50,0.514,PLANNED_PM
2024-12-18,HM56,0.365,MATERIAL
2024-12-19,HM01,0.951,MECH
2024-12-19,HM12,1.192,MECH
2024-12-19,HM13,0.377,PLANNED_PM
2024-12-19,HM14,1.639,ELEC
2024-12-19,HM16,1.194,ELEC
2024-12-19,HM20,0.161,ELEC
2024-12-19,HM25,2.512,ELEC
2024-12-19,HM30,0.495,ELEC
2024-12-19,HM36,0.439,OPERATOR
2024-12-19,HM43,2.439,OPERATOR
2024-12-19,HM47,0.623,MECH
2024-12-19,HM50,5.225,OPERATOR
2024-12-19,HM56,4.611,MATERIAL
2024-12-20,HM01,0.74,MECH
2024-12-20,HM12,0.769,PLANNED_PM
2024-12-20,HM13,5.695,PLANNED_PM
2024-12-20,HM14,0.533,MECH
2024-12-20,HM16,1.272,PLANNED_PM
2024-12-20,HM20,1.391,PLANNED_PM
2024-12-20,HM25,0.686,PLANNED_PM
2024-12-20,HM30,0.865,MATERIAL
2024-12-20,HM36,0.999,OPERATOR
2024-12-20,HM43,1.201,ELEC
2024-12-20,HM47,0.641,ELEC
2024-12-20,HM50,0.919,OPERATOR
2024-12-20,HM56,1.484,ELEC
2024-12-21,HM01,0.697,MATERIAL
2024-12-21,HM12,1.015,PLANNED_PM
2024-12-21,HM13,0.794,OPERATOR
2024-12-21,HM14,0.942,MECH
2024-12-21,HM16,0.602,ELEC
2024-12-21,HM20,0.924,MATERIAL
2024-12-21,HM25,0.925,PLANNED_PM
2024-12-21,HM30,1.249,MATERIAL
2024-12-21,HM36,0.764,OPERATOR
2024-12-21,HM43,0.828,PLANNED_PM
2024-12-21,HM47,0.301,ELEC
2024-12-21,HM50,0.859,PLANNED_PM
2024-12-21,HM56,0.59,OPERATOR
2024-12-22,HM01,0.413,MATERIAL
2024-12-22,HM12,0.727,OPERATOR
2024-12-22,HM13,0.514,ELEC
2024-12-22,HM14,1.286,MATERIAL
2024-12-22,HM16,6.215,ELEC
2024-12-22,HM20,0.729,PLANNED_PM
2024-12-22,HM25,0.479,OPERATOR
2024-12-22,HM30,1.074,PLANNED_PM
2024-12-22,HM36,0.696,PLANNED_PM
2024-12-22,HM43,0.383,MATERIAL
2024-12-22,HM47,2.01,ELEC
2024-12-22,HM50,1.184,PLANNED_PM
2024-12-22,HM56,1.101,OPERATOR
2024-12-23,HM01,1.289,ELEC
2024-12-23,HM12,1.896,PLANNED_PM
2024-12-23,HM13,0.981,MATERIAL
2024-12-23,HM14,0.336,MATERIAL
2024-12-23,HM16,0.969,MATERIAL
2024-12-23,HM20,1.355,MECH
2024-12-23,HM25,0.67,MECH
2024-12-23,HM30,1.277,ELEC
2024-12-23,HM36,0.758,MECH
2024-12-23,HM43,1.415,ELEC
2024-12-23,HM47,1.053,MECH
2024-12-23,HM50,1.025,MATERIAL
2024-12-23,HM56,1.049,MATERIAL
2024-12-24,HM01,0.494,PLANNED_PM
2024-12-24,HM12,1.221,MECH
2024-12-24,HM13,1.04,OPERATOR
2024-12-24,HM14,1.033,MATERIAL
2024-12-24,HM16,0.647,MATERIAL
2024-12-24,HM20,0.559,ELEC
2024-12-24,HM25,0.693,ELEC
2024-12-24,HM30,0.729,MECH
2024-12-24,HM36,1.196,OPERATOR
2024-12-24,HM43,1.52,MATERIAL
2024-12-24,HM47,1.217,PLANNED_PM
2024-12-24,HM50,0.904,ELEC
2024-12-24,HM56,0.998,OPERATOR
2024-12-25,HM01,3.67,MECH
2024-12-25,HM12,1.584,ELEC
2024-12-25,HM13,3.065,OPERATOR
2024-12-25,HM14,0.949,ELEC
2024-12-25,HM16,0.395,MECH
2024-12-25,HM20,0.821,MECH
2024-12-25,HM25,0.61,OPERATOR
2024-12-25,HM30,0.322,MECH
2024-12-25,HM36,1.027,OPERATOR
2024-12-25,HM43,0.832,OPERATOR
2024-12-25,HM47,0.873,ELEC
2024-12-25,HM50,0.392,OPERATOR
2024-12-25,HM56,1.034,ELEC
2024-12-26,HM01,0.802,OPERATOR
2024-12-26,HM12,1.618,MECH
2024-12-26,HM13,0.744,MATERIAL
2024-12-26,HM14,0.671,OPERATOR
2024-12-26,HM16,0.663,ELEC
2024-12-26,HM20,0.909,OPERATOR
2024-12-26,HM25,0.962,OPERATOR
2024-12-26,HM30,1.055,PLANNED_PM
2024-12-26,HM36,0.318,PLANNED_PM
2024-12-26,HM43,0.765,MATERIAL
2024-12-26,HM47,1.385,PLANNED_PM
2024-12-26,HM50,1.358,OPERATOR
2024-12-26,HM56,0.594,MECH
2024-12-27,HM01,1.535,ELEC
2024-12-27,HM12,0.372,OPERATOR
2024-12-27,HM13,6.166,ELEC
2024-12-27,HM14,0.564,MECH
2024-12-27,HM16,0.708,MATERIAL
2024-12-27,HM20,1.634,PLANNED_PM
2024-12-27,HM25,0.938,OPERATOR
2024-12-27,HM30,4.629,PLANNED_PM
2024-12-27,HM36,0.52,MATERIAL
2024-12-27,HM43,0.255,MECH
2024-12-27,HM47,0.634,MECH
2024-12-27,HM50,1.116,MATERIAL
2024-12-27,HM56,0.286,ELEC
2024-12-28,HM01,0.864,ELEC
2024-12-28,HM12,1.988,PLANNED_PM
2024-12-28,HM13,0.813,MECH
2024-12-28,HM14,0.574,MATERIAL
2024-12-28,HM16,0.666,MATERIAL
2024-12-28,HM20,0.937,MATERIAL
2024-12-28,HM25,0.406,MATERIAL
2024-12-28,HM30,0.635,MATERIAL
2024-12-28,HM36,0.907,ELEC
2024-12-28,HM43,0.98,OPERATOR
2024-12-28,HM47,0.743,MECH
2024-12-28,HM50,1.774,OPERATOR
2024-12-28,HM56,2.28,MATERIAL
2024-12-29,HM01,1.257,MATERIAL
2024-12-29,HM12,0.883,MECH
2024-12-29,HM13,1.013,MECH
2024-12-29,HM14,6.454,PLANNED_PM
2024-12-29,HM16,0.491,PLANNED_PM
2024-12-29,HM20,0.78,PLANNED_PM
2024-12-29,HM25,0.701,ELEC
2024-12-29,HM30,1.046,MECH
2024-12-29,HM36,1.568,MECH
2024-12-29,HM43,0.885,MATERIAL
2024-12-29,HM47,0.787,OPERATOR
2024-12-29,HM50,0.878,OPERATOR
2024-12-29,HM56,1.353,ELEC
2024-12-30,HM01,0.832,MECH
2024-12-30,HM12,0.919,ELEC
2024-12-30,HM13,0.792,ELEC
2024-12-30,HM14,1.085,MECH
2024-12-30,HM16,0.759,MECH
2024-12-30,HM20,0.561,ELEC
2024-12-30,HM25,1.838,PLANNED_PM
2024-12-30,HM30,1.294,PLANNED_PM
2024-12-30,HM36,6.405,OPERATOR
2024-12-30,HM43,0.699,ELEC
2024-12-30,HM47,2.297,OPERATOR
2024-12-30,HM50,2.826,OPERATOR
2024-12-30,HM56,0.942,MATERIAL
2024-12-31,HM01,0.536,PLANNED_PM
2024-12-31,HM12,5.481,OPERATOR
2024-12-31,HM13,1.511,ELEC
2024-12-31,HM14,1.561,PLANNED_PM
2024-12-31,HM16,2.025,MECH
2024-12-31,HM20,1.59,ELEC
2024-12-31,HM25,0.522,ELEC
2024-12-31,HM30,0.33,MATERIAL
2024-12-31,HM36,0.331,PLANNED_PM
2024-12-31,HM43,1.03,ELEC
2024-12-31,HM47,1.504,MATERIAL
2024-12-31,HM50,3.247,MATERIAL
2024-12-31,HM56,1.067,OPERATOR
2025-01-01,HM01,0.455,ELEC
2025-01-01,HM12,1.077,OPERATOR
2025-01-01,HM13,1.02,MATERIAL
2025-01-01,HM14,5.457,OPERATOR
2025-01-01,HM16,1.758,MECH
2025-01-01,HM20,0.709,MECH
2025-01-01,HM25,2.658,OPERATOR
2025-01-01,HM30,1.038,ELEC
2025-01-01,HM36,0.795,PLANNED_PM
2025-01-01,HM43,0.716,ELEC
2025-01-01,HM47,0.813,PLANNED_PM
2025-01-01,HM50,0.807,OPERATOR
2025-01-01,HM56,0.948,PLANNED_PM
2025-01-02,HM01,0.768,MATERIAL
2025-01-02,HM12,4.674,OPERATOR
2025-01-02,HM13,0.489,OPERATOR
2025-01-02,HM14,1.142,MATERIAL
2025-01-02,HM16,0.403,MATERIAL
2025-01-02,HM20,2.512,PLANNED_PM
2025-01-02,HM25,1.007,MECH
2025-01-02,HM30,2.039,MECH
2025-01-02,HM36,0.671,OPERATOR
2025-01-02,HM43,0.834,ELEC
2025-01-02,HM47,1.312,MATERIAL
2025-01-02,HM50,6.192,MATERIAL
2025-01-02,HM56,1.226,PLANNED_PM
2025-01-03,HM01,0.283,MATERIAL
2025-01-03,HM12,0.953,ELEC
2025-01-03,HM13,0.626,MATERIAL
2025-01-03,HM14,0.631,MATERIAL
2025-01-03,HM16,0.96,ELEC
2025-01-03,HM20,0.533,OPERATOR
2025-01-03,HM25,0.485,MECH
2025-01-03,HM30,0.671,MECH
2025-01-03,HM36,1.156,MECH
2025-01-03,HM43,0.659,MECH
2025-01-03,HM47,0.769,MECH
2025-01-03,HM50,0.943,MATERIAL
2025-01-03,HM56,1.201,ELEC
2025-01-04,HM01,1.339,ELEC
2025-01-04,HM12,0.61,PLANNED_PM
2025-01-04,HM13,0.985,PLANNED_PM
2025-01-04,HM14,2.379,ELEC
2025-01-04,HM16,0.688,PLANNED_PM
2025-01-04,HM20,1.024,MATERIAL
2025-01-04,HM25,1.127,MECH
2025-01-04,HM30,1.041,OPERATOR
2025-01-04,HM36,4.455,OPERATOR
2025-01-04,HM43,1.014,OPERATOR
2025-01-04,HM47,4.418,MATERIAL
2025-01-04,HM50,0.803,PLANNED_PM
2025-01-04,HM56,0.471,OPERATOR
2025-01-05,HM01,2.058,ELEC
2025-01-05,HM12,3.677,ELEC
2025-01-05,HM13,1.035,MECH
2025-01-05,HM14,0.51,MECH
2025-01-05,HM16,0.332,OPERATOR
2025-01-05,HM20,0.891,ELEC
2025-01-05,HM25,0.77,PLANNED_PM
2025-01-05,HM30,0.719,ELEC
2025-01-05,HM36,1.097,PLANNED_PM
2025-01-05,HM43,1.183,OPERATOR
2025-01-05,HM47,0.216,MECH
2025-01-05,HM50,4.998,OPERATOR
2025-01-05,HM56,0.508,ELEC
2025-01-06,HM01,0.965,MATERIAL
2025-01-06,HM12,1.288,PLANNED_PM
2025-01-06,HM13,1.236,ELEC
2025-01-06,HM14,1.386,MECH
2025-01-06,HM16,1.273,OPERATOR
2025-01-06,HM20,1.266,OPERATOR
2025-01-06,HM25,0.816,OPERATOR
2025-01-06,HM30,0.499,PLANNED_PM
2025-01-06,HM36,0.335,MATERIAL
2025-01-06,HM43,0.945,OPERATOR
2025-01-06,HM47,0.834,ELEC
2025-01-06,HM50,0.401,OPERATOR
2025-01-06,HM56,1.189,OPERATOR
2025-01-07,HM01,1.114,MATERIAL
2025-01-07,HM12,0.734,ELEC
2025-01-07,HM13,0.619,MATERIAL
2025-01-07,HM14,3.302,OPERATOR
2025-01-07,HM16,0.66,MATERIAL
2025-01-07,HM20,0.583,MECH
2025-01-07,HM25,4.675,ELEC
2025-01-07,HM30,1.466,MECH
2025-01-07,HM36,0.574,MATERIAL
2025-01-07,HM43,1.975,PLANNED_PM
2025-01-07,HM47,1.225,MECH
2025-01-07,HM50,1.516,ELEC
2025-01-07,HM56,0.563,OPERATOR
2025-01-08,HM01,0.294,MATERIAL
2025-01-08,HM12,1.185,MECH
2025-01-08,HM13,1.276,MATERIAL
2025-01-08,HM14,1.225,PLANNED_PM
2025-01-08,HM16,0.407,MATERIAL
2025-01-08,HM20,0.489,ELEC
2025-01-08,HM25,0.965,OPERATOR
2025-01-08,HM30,0.836,PLANNED_PM
2025-01-08,HM36,0.82,ELEC
2025-01-08,HM43,0.804,ELEC
2025-01-08,HM47,0.883,MECH
2025-01-08,HM50,1.023,ELEC
2025-01-08,HM56,0.765,OPERATOR
2025-01-09,HM01,1.218,ELEC
2025-01-09,HM12,4.309,PLANNED_PM
2025-01-09,HM13,0.687,MECH
2025-01-09,HM14,0.659,MATERIAL
2025-01-09,HM16,1.49,OPERATOR
2025-01-09,HM20,4.655,MECH
2025-01-09,HM25,0.685,ELEC
2025-01-09,HM30,0.523,OPERATOR
2025-01-09,HM36,1.484,ELEC
2025-01-09,HM43,2.645,OPERATOR
2025-01-09,HM47,0.258,ELEC
2025-01-09,HM50,0.729,MATERIAL
2025-01-09,HM56,1.106,MECH
2025-01-10,HM01,0.448,PLANNED_PM
2025-01-10,HM12,0.555,MECH
2025-01-10,HM13,0.487,MATERIAL
2025-01-10,HM14,3.771,PLANNED_PM
2025-01-10,HM16,0.929,MATERIAL
2025-01-10,HM20,1.085,ELEC
2025-01-10,HM25,2.837,MECH
2025-01-10,HM30,1.206,OPERATOR
2025-01-10,HM36,0.415,PLANNED_PM
2025-01-10,HM43,1.145,MECH
2025-01-10,HM47,1.226,ELEC
2025-01-10,HM50,0.885,MECH
2025-01-10,HM56,0.445,ELEC
2025-01-11,HM01,0.799,PLANNED_PM
2025-01-11,HM12,1.244,MECH
2025-01-11,HM13,0.359,ELEC
2025-01-11,HM14,0.775,OPERATOR
2025-01-11,HM16,1.51,MATERIAL
2025-01-11,HM20,0.508,ELEC
2025-01-11,HM25,0.852,MATERIAL
2025-01-11,HM30,0.91,ELEC
2025-01-11,HM36,0.368,OPERATOR
2025-01-11,HM43,0.475,MATERIAL
2025-01-11,HM47,1.03,MATERIAL
2025-01-11,HM50,0.735,MATERIAL
2025-01-11,HM56,0.578,ELEC
2025-01-12,HM01,0.24,MATERIAL
2025-01-12,HM12,0.958,OPERATOR
2025-01-12,HM13,0.725,MATERIAL
2025-01-12,HM14,0.596,MATERIAL
2025-01-12,HM16,0.652,MATERIAL
2025-01-12,HM20,0.294,PLANNED_PM
2025-01-12,HM25,1.747,MECH
2025-01-12,HM30,1.546,ELEC
2025-01-12,HM36,0.688,MATERIAL
2025-01-12,HM43,1.434,MECH
2025-01-12,HM47,1.407,OPERATOR
2025-01-12,HM50,0.521,PLANNED_PM
2025-01-12,HM56,0.316,PLANNED_PM
2025-01-13,HM01,1.593,MECH
2025-01-13,HM12,0.506,MECH
2025-01-13,HM13,0.608,MECH
2025-01-13,HM14,0.717,ELEC
2025-01-13,HM16,0.414,MATERIAL
2025-01-13,HM20,0.698,MECH
2025-01-13,HM25,1.094,PLANNED_PM
2025-01-13,HM30,0.658,MECH
2025-01-13,HM36,1.534,MECH
2025-01-13,HM43,1.429,MECH
2025-01-13,HM47,0.685,OPERATOR
2025-01-13,HM50,0.482,MATERIAL
2025-01-13,HM56,1.179,MECH
2025-01-14,HM01,1.061,MATERIAL
2025-01-14,HM12,0.365,MECH
2025-01-14,HM13,0.515,MATERIAL
2025-01-14,HM14,0.504,MECH
2025-01-14,HM16,0.422,PLANNED_PM
2025-01-14,HM20,0.477,MATERIAL
2025-01-14,HM25,1.334,MATERIAL
2025-01-14,HM30,0.658,MATERIAL
2025-01-14,HM36,1.263,ELEC
2025-01-14,HM43,1.05,MATERIAL
2025-01-14,HM47,1.875,MATERIAL
2025-01-14,HM50,2.841,ELEC
2025-01-14,HM56,1.028,MECH
2025-01-15,HM01,0.231,PLANNED_PM
2025-01-15,HM12,0.493,OPERATOR
2025-01-15,HM13,0.312,MATERIAL
2025-01-15,HM14,0.355,MECH
2025-01-15,HM16,0.853,MECH
2025-01-15,HM20,1.007,MECH
2025-01-15,HM25,1.352,MECH
2025-01-15,HM30,1.153,MATERIAL
2025-01-15,HM36,0.896,OPERATOR
2025-01-15,HM43,0.784,PLANNED_PM
2025-01-15,HM47,0.996,OPERATOR
2025-01-15,HM50,0.901,MATERIAL
2025-01-15,HM56,0.551,PLANNED_PM
2025-01-16,HM01,0.825,MECH
2025-01-16,HM12,0.855,MATERIAL
2025-01-16,HM13,0.91,MATERIAL
2025-01-16,HM14,0.569,MATERIAL
2025-01-16,HM16,0.397,MATERIAL
2025-01-16,HM20,3.887,MECH
2025-01-16,HM25,1.288,MATERIAL
2025-01-16,HM30,0.485,PLANNED_PM
2025-01-16,HM36,5.629,MECH
2025-01-16,HM43,1.27,MECH
2025-01-16,HM47,0.25,MATERIAL
2025-01-16,HM50,0.706,MATERIAL
2025-01-16,HM56,0.737,OPERATOR
2025-01-17,HM01,1.497,PLANNED_PM
2025-01-17,HM12,0.823,PLANNED_PM
2025-01-17,HM13,0.294,MECH
2025-01-17,HM14,0.738,MECH
2025-01-17,HM16,0.285,MECH
2025-01-17,HM20,0.374,MECH
2025-01-17,HM25,0.756,MATERIAL
2025-01-17,HM30,0.7,MECH
2025-01-17,HM36,1.419,PLANNED_PM
2025-01-17,HM43,1.314,OPERATOR
2025-01-17,HM47,0.274,PLANNED_PM
2025-01-17,HM50,1.025,MATERIAL
2025-01-17,HM56,0.692,PLANNED_PM
2025-01-18,HM01,0.798,PLANNED_PM
2025-01-18,HM12,0.689,MATERIAL
2025-01-18,HM13,1.919,PLANNED_PM
2025-01-18,HM14,2.46,MATERIAL
2025-01-18,HM16,2.097,MECH
2025-01-18,HM20,0.633,PLANNED_PM
2025-01-18,HM25,0.204,ELEC
2025-01-18,HM30,0.416,OPERATOR
2025-01-18,HM36,1.378,OPERATOR
2025-01-18,HM43,5.894,MECH
2025-01-18,HM47,0.548,MECH
2025-01-18,HM50,0.8,ELEC
2025-01-18,HM56,1.3,PLANNED_PM
2025-01-19,HM01,1.052,PLANNED_PM
2025-01-19,HM12,1.233,MECH
2025-01-19,HM13,5.062,OPERATOR
2025-01-19,HM14,0.857,OPERATOR
2025-01-19,HM16,0.22,MECH
2025-01-19,HM20,0.518,ELEC
2025-01-19,HM25,1.271,OPERATOR
2025-01-19,HM30,0.345,MECH
2025-01-19,HM36,1.236,MATERIAL
2025-01-19,HM43,0.822,OPERATOR
2025-01-19,HM47,0.789,MECH
2025-01-19,HM50,0.559,OPERATOR
2025-01-19,HM56,1.692,OPERATOR
2025-01-20,HM01,0.992,MATERIAL
2025-01-20,HM12,0.829,PLANNED_PM
2025-01-20,HM13,0.696,MECH
2025-01-20,HM14,1.188,MATERIAL
2025-01-20,HM16,2.115,ELEC
2025-01-20,HM20,0.494,MECH
2025-01-20,HM25,0.439,MATERIAL
2025-01-20,HM30,3.523,OPERATOR
2025-01-20,HM36,0.758,MECH
2025-01-20,HM43,1.321,OPERATOR
2025-01-20,HM47,1.013,ELEC
2025-01-20,HM50,1.806,MATERIAL
2025-01-20,HM56,0.636,MECH
2025-01-21,HM01,1.427,PLANNED_PM
2025-01-21,HM12,0.511,MATERIAL
2025-01-21,HM13,0.408,OPERATOR
2025-01-21,HM14,0.591,MATERIAL
2025-01-21,HM16,0.658,MECH
2025-01-21,HM20,1.48,MECH
2025-01-21,HM25,1.035,OPERATOR
2025-01-21,HM30,1.024,MATERIAL
2025-01-21,HM36,0.78,MECH
2025-01-21,HM43,1.154,ELEC
2025-01-21,HM47,0.81,OPERATOR
2025-01-21,HM50,1.008,PLANNED_PM
2025-01-21,HM56,0.657,MATERIAL
2025-01-22,HM01,1.073,MECH
2025-01-22,HM12,1.025,MECH
2025-01-22,HM13,1.708,OPERATOR
2025-01-22,HM14,0.313,MECH
2025-01-22,HM16,0.463,OPERATOR
2025-01-22,HM20,0.548,ELEC
2025-01-22,HM25,1.201,MATERIAL
2025-01-22,HM30,1.062,PLANNED_PM
2025-01-22,HM36,0.42,MECH
2025-01-22,HM43,1.4,OPERATOR
2025-01-22,HM47,0.962,MECH
2025-01-22,HM50,1.112,OPERATOR
2025-01-22,HM56,6.936,PLANNED_PM
2025-01-23,HM01,0.51,ELEC
2025-01-23,HM12,0.794,ELEC
2025-01-23,HM13,0.567,PLANNED_PM
2025-01-23,HM14,1.466,ELEC
2025-01-23,HM16,0.416,MECH
2025-01-23,HM20,0.583,MATERIAL
2025-01-23,HM25,0.691,PLANNED_PM
2025-01-23,HM30,0.694,MECH
2025-01-23,HM36,0.681,MATERIAL
2025-01-23,HM43,1.371,PLANNED_PM
2025-01-23,HM47,0.729,MECH
2025-01-23,HM50,0.763,MECH
2025-01-23,HM56,0.425,ELEC
2025-01-24,HM01,0.612,MECH
2025-01-24,HM12,1.118,ELEC
2025-01-24,HM13,0.801,PLANNED_PM
2025-01-24,HM14,0.743,OPERATOR
2025-01-24,HM16,0.618,OPERATOR
2025-01-24,HM20,1.088,MECH
2025-01-24,HM25,0.666,MECH
2025-01-24,HM30,0.721,MATERIAL
2025-01-24,HM36,0.806,OPERATOR
2025-01-24,HM43,0.905,OPERATOR
2025-01-24,HM47,0.454,MATERIAL
2025-01-24,HM50,1.026,MATERIAL
2025-01-24,HM56,0.453,OPERATOR
2025-01-25,HM01,0.628,ELEC
2025-01-25,HM12,0.591,ELEC
2025-01-25,HM13,1.012,ELEC
2025-01-25,HM14,1.719,MATERIAL
2025-01-25,HM16,0.947,MATERIAL
2025-01-25,HM20,1.176,MECH
2025-01-25,HM25,0.596,OPERATOR
2025-01-25,HM30,1.015,OPERATOR
2025-01-25,HM36,1.379,ELEC
2025-01-25,HM43,0.365,PLANNED_PM
2025-01-25,HM47,0.473,MATERIAL
2025-01-25,HM50,0.55,MATERIAL
2025-01-25,HM56,1.234,MATERIAL
2025-01-26,HM01,1.144,OPERATOR
2025-01-26,HM12,0.76,ELEC
2025-01-26,HM13,0.653,MECH
2025-01-26,HM14,1.821,MECH
2025-01-26,HM16,0.26,MATERIAL
2025-01-26,HM20,0.934,ELEC
2025-01-26,HM25,0.592,MECH
2025-01-26,HM30,0.436,MATERIAL
2025-01-26,HM36,2.126,OPERATOR
2025-01-26,HM43,1.621,MATERIAL
2025-01-26,HM47,0.344,OPERATOR
2025-01-26,HM50,0.877,ELEC
2025-01-26,HM56,1.134,PLANNED_PM
2025-01-27,HM01,0.685,PLANNED_PM
2025-01-27,HM12,0.945,OPERATOR
2025-01-27,HM13,0.251,ELEC
2025-01-27,HM14,0.652,ELEC
2025-01-27,HM16,1.44,MATERIAL
2025-01-27,HM20,1.288,MECH
2025-01-27,HM25,0.37,OPERATOR
2025-01-27,HM30,0.459,PLANNED_PM
2025-01-27,HM36,0.518,PLANNED_PM
2025-01-27,HM43,1.484,MATERIAL
2025-01-27,HM47,1.291,MECH
2025-01-27,HM50,0.88,MECH
2025-01-27,HM56,1.104,ELEC
2025-01-28,HM01,0.785,MATERIAL
2025-01-28,HM12,2.008,MATERIAL
2025-01-28,HM13,0.431,OPERATOR
2025-01-28,HM14,1.686,ELEC
2025-01-28,HM16,1.553,OPERATOR
2025-01-28,HM20,0.527,MECH
2025-01-28,HM25,0.793,ELEC
2025-01-28,HM30,0.781,MATERIAL
2025-01-28,HM36,0.477,OPERATOR
2025-01-28,HM43,0.771,OPERATOR
2025-01-28,HM47,0.698,MATERIAL
2025-01-28,HM50,1.077,OPERATOR
2025-01-28,HM56,1.832,MATERIAL
2025-01-29,HM01,3.66,PLANNED_PM
2025-01-29,HM12,0.789,ELEC
2025-01-29,HM13,1.213,ELEC
2025-01-29,HM14,0.992,MATERIAL
2025-01-29,HM16,0.71,MECH
2025-01-29,HM20,0.629,OPERATOR
2025-01-29,HM25,6.853,PLANNED_PM
2025-01-29,HM30,5.52,MATERIAL
2025-01-29,HM36,1.107,MATERIAL
2025-01-29,HM43,0.596,ELEC
2025-01-29,HM47,2.086,PLANNED_PM
2025-01-29,HM50,1.352,MATERIAL
2025-01-29,HM56,0.886,MATERIAL
2025-01-30,HM01,2.109,MATERIAL
2025-01-30,HM12,1.227,OPERATOR
2025-01-30,HM13,0.475,MATERIAL
2025-01-30,HM14,1.011,MATERIAL
2025-01-30,HM16,1.595,MECH
2025-01-30,HM20,1.213,MATERIAL
2025-01-30,HM25,1.304,ELEC
2025-01-30,HM30,0.422,OPERATOR
2025-01-30,HM36,0.425,OPERATOR
2025-01-30,HM43,0.708,OPERATOR
2025-01-30,HM47,1.063,PLANNED_PM
2025-01-30,HM50,0.786,MECH
2025-01-30,HM56,0.825,OPERATOR
2025-01-31,HM01,1.183,OPERATOR
2025-01-31,HM12,1.015,OPERATOR
2025-01-31,HM13,5.725,PLANNED_PM
2025-01-31,HM14,1.027,PLANNED_PM
2025-01-31,HM16,0.998,MATERIAL
2025-01-31,HM20,1.61,MECH
2025-01-31,HM25,0.482,PLANNED_PM
2025-01-31,HM30,1.458,OPERATOR
2025-01-31,HM36,0.601,ELEC
2025-01-31,HM43,0.898,PLANNED_PM
2025-01-31,HM47,0.991,MECH
2025-01-31,HM50,0.587,OPERATOR
2025-01-31,HM56,0.453,OPERATOR
2025-02-01,HM01,0.683,OPERATOR
2025-02-01,HM12,1.516,MATERIAL
2025-02-01,HM13,0.969,PLANNED_PM
2025-02-01,HM14,1.323,MATERIAL
2025-02-01,HM16,0.88,PLANNED_PM
2025-02-01,HM20,1.288,MECH
2025-02-01,HM25,0.946,MATERIAL
2025-02-01,HM30,0.586,PLANNED_PM
2025-02-01,HM36,0.866,OPERATOR
2025-02-01,HM43,1.205,ELEC
2025-02-01,HM47,1.489,OPERATOR
2025-02-01,HM50,0.598,OPERATOR
2025-02-01,HM56,0.85,PLANNED_PM
2025-02-02,HM01,0.329,PLANNED_PM
2025-02-02,HM12,0.439,MATERIAL
2025-02-02,HM13,0.758,MATERIAL
2025-02-02,HM14,3.499,MECH
2025-02-02,HM16,0.647,ELEC
2025-02-02,HM20,0.539,MATERIAL
2025-02-02,HM25,0.479,ELEC
2025-02-02,HM30,0.714,MATERIAL
2025-02-02,HM36,5.32,PLANNED_PM
2025-02-02,HM43,1.98,PLANNED_PM
2025-02-02,HM47,0.387,PLANNED_PM
2025-02-02,HM50,0.633,PLANNED_PM
2025-02-02,HM56,0.626,OPERATOR
2025-02-03,HM01,0.895,PLANNED_PM
2025-02-03,HM12,1.494,MATERIAL
2025-02-03,HM13,0.62,PLANNED_PM
2025-02-03,HM14,1.207,MECH
2025-02-03,HM16,0.333,OPERATOR
2025-02-03,HM20,0.755,OPERATOR
2025-02-03,HM25,1.69,OPERATOR
2025-02-03,HM30,2.335,ELEC
2025-02-03,HM36,0.84,PLANNED_PM
2025-02-03,HM43,0.718,ELEC
2025-02-03,HM47,0.385,MATERIAL
2025-02-03,HM50,1.166,MATERIAL
2025-02-03,HM56,0.779,PLANNED_PM
2025-02-04,HM01,0.945,MATERIAL
2025-02-04,HM12,1.291,ELEC
2025-02-04,HM13,1.15,ELEC
2025-02-04,HM14,5.623,MATERIAL
2025-02-04,HM16,0.95,PLANNED_PM
2025-02-04,HM20,1.066,MECH
2025-02-04,HM25,0.808,ELEC
2025-02-04,HM30,5.559,MECH
2025-02-04,HM36,1.31,MATERIAL
2025-02-04,HM43,1.016,MECH
2025-02-04,HM47,0.752,ELEC
2025-02-04,HM50,0.574,PLANNED_PM
2025-02-04,HM56,0.458,ELEC
2025-02-05,HM01,5.019,PLANNED_PM
2025-02-05,HM12,0.391,MATERIAL
2025-02-05,HM13,0.984,PLANNED_PM
2025-02-05,HM14,0.462,MECH
2025-02-05,HM16,0.279,MATERIAL
2025-02-05,HM20,1.689,MECH
2025-02-05,HM25,0.696,PLANNED_PM
2025-02-05,HM30,1.735,MATERIAL
2025-02-05,HM36,0.576,MECH
2025-02-05,HM43,0.854,MATERIAL
2025-02-05,HM47,0.594,OPERATOR
2025-02-05,HM50,6.336,ELEC
2025-02-05,HM56,0.874,OPERATOR
2025-02-06,HM01,1.098,OPERATOR
2025-02-06,HM12,0.361,MATERIAL
2025-02-06,HM13,0.753,PLANNED_PM
2025-02-06,HM14,0.559,MATERIAL
2025-02-06,HM16,0.558,MATERIAL
2025-02-06,HM20,1.659,ELEC
2025-02-06,HM25,0.462,PLANNED_PM
2025-02-06,HM30,0.604,OPERATOR
2025-02-06,HM36,4.135,PLANNED_PM
2025-02-06,HM43,0.573,PLANNED_PM
2025-02-06,HM47,1.302,OPERATOR
2025-02-06,HM50,0.621,ELEC
2025-02-06,HM56,1.67,MATERIAL
2025-02-07,HM01,0.986,PLANNED_PM
2025-02-07,HM12,2.152,OPERATOR
2025-02-07,HM13,0.784,PLANNED_PM
2025-02-07,HM14,2.042,MECH
2025-02-07,HM16,1.377,MECH
2025-02-07,HM20,0.757,PLANNED_PM
2025-02-07,HM25,0.785,MECH
2025-02-07,HM30,1.392,PLANNED_PM
2025-02-07,HM36,0.517,ELEC
2025-02-07,HM43,1.344,ELEC
2025-02-07,HM47,6.104,MATERIAL
2025-02-07,HM50,0.985,MATERIAL
2025-02-07,HM56,4.386,PLANNED_PM
2025-02-08,HM01,0.817,OPERATOR
2025-02-08,HM12,2.542,MATERIAL
2025-02-08,HM13,0.756,MECH
2025-02-08,HM14,0.477,MATERIAL
2025-02-08,HM16,0.45,PLANNED_PM
2025-02-08,HM20,1.371,MATERIAL
2025-02-08,HM25,0.399,MATERIAL
2025-02-08,HM30,0.364,MECH
2025-02-08,HM36,0.566,PLANNED_PM
2025-02-08,HM43,1.012,ELEC
2025-02-08,HM47,0.874,OPERATOR
2025-02-08,HM50,0.811,MECH
2025-02-08,HM56,0.254,MATERIAL
2025-02-09,HM01,0.415,MATERIAL
2025-02-09,HM12,0.68,PLANNED_PM
2025-02-09,HM13,0.322,PLANNED_PM
2025-02-09,HM14,4.376,ELEC
2025-02-09,HM16,0.487,MATERIAL
2025-02-09,HM20,1.023,PLANNED_PM
2025-02-09,HM25,2.548,MECH
2025-02-09,HM30,1.174,PLANNED_PM
2025-02-09,HM36,1.136,ELEC
2025-02-09,HM43,0.566,PLANNED_PM
2025-02-09,HM47,0.894,MATERIAL
2025-02-09,HM50,0.95,MATERIAL
2025-02-09,HM56,0.884,PLANNED_PM
2025-02-10,HM01,1.247,MECH
2025-02-10,HM12,0.655,OPERATOR
2025-02-10,HM13,0.389,PLANNED_PM
2025-02-10,HM14,0.55,OPERATOR
2025-02-10,HM16,0.976,OPERATOR
2025-02-10,HM20,0.803,PLANNED_PM
2025-02-10,HM25,1.68,MATERIAL
2025-02-10,HM30,3.395,OPERATOR
2025-02-10,HM36,1.159,PLANNED_PM
2025-02-10,HM43,0.61,MECH
2025-02-10,HM47,0.929,OPERATOR
2025-02-10,HM50,0.896,MECH
2025-02-10,HM56,0.556,MECH
2025-02-11,HM01,0.704,MECH
2025-02-11,HM12,2.672,MECH
2025-02-11,HM13,1.047,OPERATOR
2025-02-11,HM14,1.054,MECH
2025-02-11,HM16,1.666,OPERATOR
2025-02-11,HM20,1.684,OPERATOR
2025-02-11,HM25,0.811,OPERATOR
2025-02-11,HM30,0.541,OPERATOR
2025-02-11,HM36,1.649,ELEC
2025-02-11,HM43,1.057,ELEC
2025-02-11,HM47,0.63,ELEC
2025-02-11,HM50,1.468,ELEC
2025-02-11,HM56,0.798,OPERATOR
2025-02-12,HM01,0.612,ELEC
2025-02-12,HM12,0.411,MATERIAL
2025-02-12,HM13,3.281,OPERATOR
2025-02-12,HM14,0.521,PLANNED_PM
2025-02-12,HM16,0.264,OPERATOR
2025-02-12,HM20,2.674,ELEC
2025-02-12,HM25,0.731,OPERATOR
2025-02-12,HM30,4.541,ELEC
2025-02-12,HM36,0.433,MECH
2025-02-12,HM43,2.11,MECH
2025-02-12,HM47,3.192,MATERIAL
2025-02-12,HM50,0.801,ELEC
2025-02-12,HM56,0.774,ELEC
2025-02-13,HM01,1.447,PLANNED_PM
2025-02-13,HM12,0.251,MATERIAL
2025-02-13,HM13,0.942,MATERIAL
2025-02-13,HM14,0.938,MECH
2025-02-13,HM16,1.535,PLANNED_PM
2025-02-13,HM20,1.318,PLANNED_PM
2025-02-13,HM25,2.354,PLANNED_PM
2025-02-13,HM30,0.936,MATERIAL
2025-02-13,HM36,1.757,ELEC
2025-02-13,HM43,0.604,PLANNED_PM
2025-02-13,HM47,0.874,OPERATOR
2025-02-13,HM50,0.751,OPERATOR
2025-02-13,HM56,0.411,ELEC
2025-02-14,HM01,0.612,PLANNED_PM
2025-02-14,HM12,0.64,PLANNED_PM
2025-02-14,HM13,0.367,OPERATOR
2025-02-14,HM14,0.511,ELEC
2025-02-14,HM16,1.475,PLANNED_PM
2025-02-14,HM20,0.94,ELEC
2025-02-14,HM25,3.036,OPERATOR
2025-02-14,HM30,6.591,PLANNED_PM
2025-02-14,HM36,1.986,MATERIAL
2025-02-14,HM43,0.851,MECH
2025-02-14,HM47,0.492,PLANNED_PM
2025-02-14,HM50,1.389,MECH
2025-02-14,HM56,0.637,PLANNED_PM
2025-02-15,HM01,2.12,OPERATOR
2025-02-15,HM12,0.918,OPERATOR
2025-02-15,HM13,1.096,MECH
2025-02-15,HM14,1.344,MATERIAL
2025-02-15,HM16,0.283,OPERATOR
2025-02-15,HM20,1.398,PLANNED_PM
2025-02-15,HM25,1.053,PLANNED_PM
2025-02-15,HM30,2.182,OPERATOR
2025-02-15,HM36,0.255,MATERIAL
2025-02-15,HM43,1.802,MECH
2025-02-15,HM47,1.755,ELEC
2025-02-15,HM50,0.821,MATERIAL
2025-02-15,HM56,1.373,OPERATOR
2025-02-16,HM01,0.479,MATERIAL
2025-02-16,HM12,5.597,ELEC
2025-02-16,HM13,1.149,MATERIAL
2025-02-16,HM14,0.297,ELEC
2025-02-16,HM16,0.866,ELEC
2025-02-16,HM20,0.68,ELEC
2025-02-16,HM25,0.692,OPERATOR
2025-02-16,HM30,0.959,ELEC
2025-02-16,HM36,0.68,ELEC
2025-02-16,HM43,1.883,OPERATOR
2025-02-16,HM47,0.387,PLANNED_PM
2025-02-16,HM50,1.732,PLANNED_PM
2025-02-16,HM56,0.756,PLANNED_PM
2025-02-17,HM01,0.682,OPERATOR
2025-02-17,HM12,2.187,MATERIAL
2025-02-17,HM13,1.035,OPERATOR
2025-02-17,HM14,6.953,MATERIAL
2025-02-17,HM16,0.404,PLANNED_PM
2025-02-17,HM20,0.54,MATERIAL
2025-02-17,HM25,0.343,MATERIAL
2025-02-17,HM30,0.271,OPERATOR
2025-02-17,HM36,0.821,MECH
2025-02-17,HM43,0.799,ELEC
2025-02-17,HM47,1.457,PLANNED_PM
2025-02-17,HM50,0.889,MECH
2025-02-17,HM56,0.702,PLANNED_PM
2025-02-18,HM01,0.828,PLANNED_PM
2025-02-18,HM12,0.676,ELEC
2025-02-18,HM13,0.354,MATERIAL
2025-02-18,HM14,0.715,OPERATOR
2025-02-18,HM16,1.716,MATERIAL
2025-02-18,HM20,0.812,PLANNED_PM
2025-02-18,HM25,0.575,OPERATOR
2025-02-18,HM30,0.58,MECH
2025-02-18,HM36,0.9,ELEC
2025-02-18,HM43,0.661,OPERATOR
2025-02-18,HM47,1.147,OPERATOR
2025-02-18,HM50,0.531,OPERATOR
2025-02-18,HM56,0.926,MATERIAL
2025-02-19,HM01,1.589,OPERATOR
2025-02-19,HM12,1.072,OPERATOR
2025-02-19,HM13,1.104,PLANNED_PM
2025-02-19,HM14,1.117,PLANNED_PM
2025-02-19,HM16,0.449,MATERIAL
2025-02-19,HM20,2.499,ELEC
2025-02-19,HM25,1.426,ELEC
2025-02-19,HM30,0.365,ELEC
2025-02-19,HM36,0.747,MECH
2025-02-19,HM43,0.674,MATERIAL
2025-02-19,HM47,0.898,OPERATOR
2025-02-19,HM50,0.639,ELEC
2025-02-19,HM56,0.906,ELEC
2025-02-20,HM01,0.241,MECH
2025-02-20,HM12,6.536,MATERIAL
2025-02-20,HM13,0.513,MECH
2025-02-20,HM14,4.501,MECH
2025-02-20,HM16,0.495,PLANNED_PM
2025-02-20,HM20,0.455,OPERATOR
2025-02-20,HM25,0.744,PLANNED_PM
2025-02-20,HM30,0.427,MATERIAL
2025-02-20,HM36,0.563,MECH
2025-02-20,HM43,1.07,PLANNED_PM
2025-02-20,HM47,0.75,ELEC
2025-02-20,HM50,1.008,MECH
2025-02-20,HM56,1.01,MECH
2025-02-21,HM01,0.963,PLANNED_PM
2025-02-21,HM12,0.771,MECH
2025-02-21,HM13,1.397,MATERIAL
2025-02-21,HM14,1.046,MATERIAL
2025-02-21,HM16,0.609,MATERIAL
2025-02-21,HM20,0.6,PLANNED_PM
2025-02-21,HM25,1.178,PLANNED_PM
2025-02-21,HM30,0.541,PLANNED_PM
2025-02-21,HM36,0.992,ELEC
2025-02-21,HM43,0.643,MATERIAL
2025-02-21,HM47,0.119,PLANNED_PM
2025-02-21,HM50,1.362,ELEC
2025-02-21,HM56,0.425,MATERIAL
2025-02-22,HM01,1.656,OPERATOR
2025-02-22,HM12,0.761,ELEC
2025-02-22,HM13,1.114,MATERIAL
2025-02-22,HM14,1.54,ELEC
2025-02-22,HM16,0.999,ELEC
2025-02-22,HM20,1.278,OPERATOR
2025-02-22,HM25,1.615,MECH
2025-02-22,HM30,0.675,MATERIAL
2025-02-22,HM36,1.8,MATERIAL
2025-02-22,HM43,0.732,MECH
2025-02-22,HM47,9.1,MATERIAL
2025-02-22,HM50,0.811,MATERIAL
2025-02-22,HM56,2.961,MECH
2025-02-23,HM01,0.252,ELEC
2025-02-23,HM12,3.802,MECH
2025-02-23,HM13,0.375,MECH
2025-02-23,HM14,4.626,MATERIAL
2025-02-23,HM16,1.525,MATERIAL
2025-02-23,HM20,0.76,MECH
2025-02-23,HM25,1.343,ELEC
2025-02-23,HM30,2.955,MECH
2025-02-23,HM36,0.456,MATERIAL
2025-02-23,HM43,0.869,PLANNED_PM
2025-02-23,HM47,0.678,ELEC
2025-02-23,HM50,1.041,OPERATOR
2025-02-23,HM56,1.346,ELEC
2025-02-24,HM01,1.44,ELEC
2025-02-24,HM12,2.447,PLANNED_PM
2025-02-24,HM13,0.41,OPERATOR
2025-02-24,HM14,1.023,MECH
2025-02-24,HM16,0.671,MECH
2025-02-24,HM20,0.306,MATERIAL
2025-02-24,HM25,0.721,OPERATOR
2025-02-24,HM30,2.167,MECH
2025-02-24,HM36,1.114,PLANNED_PM
2025-02-24,HM43,1.033,MATERIAL
2025-02-24,HM47,0.846,ELEC
2025-02-24,HM50,0.578,MECH
2025-02-24,HM56,1.02,OPERATOR
2025-02-25,HM01,0.946,PLANNED_PM
2025-02-25,HM12,0.46,MECH
2025-02-25,HM13,0.654,ELEC
2025-02-25,HM14,1.133,OPERATOR
2025-02-25,HM16,0.738,MATERIAL
2025-02-25,HM20,1.175,PLANNED_PM
2025-02-25,HM25,0.737,OPERATOR
2025-02-25,HM30,0.453,PLANNED_PM
2025-02-25,HM36,5.2,MATERIAL
2025-02-25,HM43,1.561,MATERIAL
2025-02-25,HM47,1.244,MECH
2025-02-25,HM50,0.555,OPERATOR
2025-02-25,HM56,0.585,OPERATOR
2025-02-26,HM01,0.94,MECH
2025-02-26,HM12,1.59,MATERIAL
2025-02-26,HM13,0.471,MATERIAL
2025-02-26,HM14,5.534,PLANNED_PM
2025-02-26,HM16,1.386,OPERATOR
2025-02-26,HM20,1.418,MECH
2025-02-26,HM25,0.687,ELEC
2025-02-26,HM30,0.62,MECH
2025-02-26,HM36,0.441,OPERATOR
2025-02-26,HM43,0.756,ELEC
2025-02-26,HM47,1.512,MECH
2025-02-26,HM50,0.643,MECH
2025-02-26,HM56,1.897,OPERATOR
2025-02-27,HM01,0.575,MECH
2025-02-27,HM12,0.495,MATERIAL
2025-02-27,HM13,0.609,ELEC
2025-02-27,HM14,1.192,PLANNED_PM
2025-02-27,HM16,1.047,PLANNED_PM
2025-02-27,HM20,0.527,ELEC
2025-02-27,HM25,0.968,OPERATOR
2025-02-27,HM30,2.35,PLANNED_PM
2025-02-27,HM36,0.892,MATERIAL
2025-02-27,HM43,0.619,MATERIAL
2025-02-27,HM47,0.597,MATERIAL
2025-02-27,HM50,0.744,OPERATOR
2025-02-27,HM56,0.208,MECH
2025-02-28,HM01,5.037,MATERIAL
2025-02-28,HM12,0.682,ELEC
2025-02-28,HM13,0.561,OPERATOR
2025-02-28,HM14,1.015,OPERATOR
2025-02-28,HM16,0.702,PLANNED_PM
2025-02-28,HM20,1.447,MATERIAL
2025-02-28,HM25,0.566,OPERATOR
2025-02-28,HM30,0.443,MECH
2025-02-28,HM36,0.729,ELEC
2025-02-28,HM43,0.855,MATERIAL
2025-02-28,HM47,0.55,ELEC
2025-02-28,HM50,1.022,MECH
2025-02-28,HM56,0.33,PLANNED_PM
2025-03-01,HM01,0.45,OPERATOR
2025-03-01,HM12,1.151,ELEC
2025-03-01,HM13,1.476,OPERATOR
2025-03-01,HM14,1.177,MATERIAL
2025-03-01,HM16,0.522,ELEC
2025-03-01,HM20,0.729,MATERIAL
2025-03-01,HM25,1.328,OPERATOR
2025-03-01,HM30,6.041,MECH
2025-03-01,HM36,1.589,OPERATOR
2025-03-01,HM43,5.937,PLANNED_PM
2025-03-01,HM47,0.458,MATERIAL
2025-03-01,HM50,0.788,PLANNED_PM
2025-03-01,HM56,0.966,MECH
2025-03-02,HM01,1.552,OPERATOR
2025-03-02,HM12,0.869,MATERIAL
2025-03-02,HM13,2.605,PLANNED_PM
2025-03-02,HM14,1.031,PLANNED_PM
2025-03-02,HM16,0.312,OPERATOR
2025-03-02,HM20,1.065,OPERATOR
2025-03-02,HM25,1.169,MECH
2025-03-02,HM30,1.392,OPERATOR
2025-03-02,HM36,5.314,MECH
2025-03-02,HM43,1.062,MECH
2025-03-02,HM47,0.636,MATERIAL
2025-03-02,HM50,0.573,ELEC
2025-03-02,HM56,0.972,MECH
2025-03-03,HM01,1.241,PLANNED_PM
2025-03-03,HM12,0.908,MATERIAL
2025-03-03,HM13,1.618,MATERIAL
2025-03-03,HM14,1.501,OPERATOR
2025-03-03,HM16,2.997,ELEC
2025-03-03,HM20,0.795,MECH
2025-03-03,HM25,0.519,OPERATOR
2025-03-03,HM30,0.56,PLANNED_PM
2025-03-03,HM36,1.053,MECH
2025-03-03,HM43,0.627,MECH
2025-03-03,HM47,1.377,MATERIAL
2025-03-03,HM50,6.038,PLANNED_PM
2025-03-03,HM56,0.661,ELEC
2025-03-04,HM01,1.018,MECH
2025-03-04,HM12,0.994,ELEC
2025-03-04,HM13,0.645,PLANNED_PM
2025-03-04,HM14,2.175,PLANNED_PM
2025-03-04,HM16,0.349,ELEC
2025-03-04,HM20,3.254,ELEC
2025-03-04,HM25,0.901,MATERIAL
2025-03-04,HM30,0.95,MATERIAL
2025-03-04,HM36,0.557,MATERIAL
2025-03-04,HM43,0.41,ELEC
2025-03-04,HM47,0.661,MATERIAL
2025-03-04,HM50,1.004,ELEC
2025-03-04,HM56,0.749,MECH
2025-03-05,HM01,0.328,MECH
2025-03-05,HM12,1.23,ELEC
2025-03-05,HM13,1.501,ELEC
2025-03-05,HM14,0.567,MECH
2025-03-05,HM16,0.887,OPERATOR
2025-03-05,HM20,1.923,OPERATOR
2025-03-05,HM25,1.265,ELEC
2025-03-05,HM30,0.801,MECH
2025-03-05,HM36,0.737,MECH
2025-03-05,HM43,1.854,MATERIAL
2025-03-05,HM47,0.78,PLANNED_PM
2025-03-05,HM50,0.624,MECH
2025-03-05,HM56,2.13,MECH
2025-03-06,HM01,0.444,PLANNED_PM
2025-03-06,HM12,1.089,MATERIAL
2025-03-06,HM13,0.772,MATERIAL
2025-03-06,HM14,1.27,OPERATOR
2025-03-06,HM16,0.823,PLANNED_PM
2025-03-06,HM20,0.376,MATERIAL
2025-03-06,HM25,0.412,ELEC
2025-03-06,HM30,0.75,MECH
2025-03-06,HM36,4.571,ELEC
2025-03-06,HM43,2.605,ELEC
2025-03-06,HM47,1.057,MATERIAL
2025-03-06,HM50,0.705,PLANNED_PM
2025-03-06,HM56,0.748,ELEC
2025-03-07,HM01,0.513,OPERATOR
2025-03-07,HM12,1.019,MATERIAL
2025-03-07,HM13,0.861,MECH
2025-03-07,HM14,0.85,ELEC
2025-03-07,HM16,6.327,OPERATOR
2025-03-07,HM20,1.213,MECH
2025-03-07,HM25,1.676,OPERATOR
2025-03-07,HM30,0.574,OPERATOR
2025-03-07,HM36,1.207,MATERIAL
2025-03-07,HM43,1.039,MECH
2025-03-07,HM47,1.764,MATERIAL
2025-03-07,HM50,1.62,MECH
2025-03-07,HM56,0.713,OPERATOR
2025-03-08,HM01,0.777,MATERIAL
2025-03-08,HM12,1.07,MECH
2025-03-08,HM13,1.179,OPERATOR
2025-03-08,HM14,0.695,ELEC
2025-03-08,HM16,1.642,MATERIAL
2025-03-08,HM20,0.811,MATERIAL
2025-03-08,HM25,2.387,MECH
2025-03-08,HM30,0.714,PLANNED_PM
2025-03-08,HM36,0.635,OPERATOR
2025-03-08,HM43,0.303,MATERIAL
2025-03-08,HM47,0.952,PLANNED_PM
2025-03-08,HM50,0.607,ELEC
2025-03-08,HM56,1.481,MATERIAL
2025-03-09,HM01,0.662,OPERATOR
2025-03-09,HM12,0.606,MECH
2025-03-09,HM13,1.244,ELEC
2025-03-09,HM14,2.316,MECH
2025-03-09,HM16,1.117,MECH
2025-03-09,HM20,2.119,MECH
2025-03-09,HM25,0.582,MECH
2025-03-09,HM30,1.049,OPERATOR
2025-03-09,HM36,0.224,MATERIAL
2025-03-09,HM43,0.856,PLANNED_PM
2025-03-09,HM47,0.386,MECH
2025-03-09,HM50,1.124,MECH
2025-03-09,HM56,1.216,ELEC
2025-03-10,HM01,0.529,MECH
2025-03-10,HM12,0.435,PLANNED_PM
2025-03-10,HM13,1.287,MATERIAL
2025-03-10,HM14,0.53,OPERATOR
2025-03-10,HM16,0.77,PLANNED_PM
2025-03-10,HM20,1.866,MATERIAL
2025-03-10,HM25,0.861,OPERATOR
2025-03-10,HM30,0.464,OPERATOR
2025-03-10,HM36,0.935,ELEC
2025-03-10,HM43,0.719,ELEC
2025-03-10,HM47,0.385,PLANNED_PM
2025-03-10,HM50,1.573,OPERATOR
2025-03-10,HM56,0.951,MECH
2025-03-11,HM01,0.876,OPERATOR
2025-03-11,HM12,1.229,OPERATOR
2025-03-11,HM13,0.662,MATERIAL
2025-03-11,HM14,0.965,OPERATOR
2025-03-11,HM16,0.612,PLANNED_PM
2025-03-11,HM20,0.553,ELEC
2025-03-11,HM25,1.046,MECH
2025-03-11,HM30,1.049,MECH
2025-03-11,HM36,0.83,MATERIAL
2025-03-11,HM43,0.702,PLANNED_PM
2025-03-11,HM47,1.155,ELEC
2025-03-11,HM50,0.206,MATERIAL
2025-03-11,HM56,2.102,OPERATOR
2025-03-12,HM01,1.773,PLANNED_PM
2025-03-12,HM12,1.276,MATERIAL
2025-03-12,HM13,0.527,ELEC
2025-03-12,HM14,2.514,PLANNED_PM
2025-03-12,HM16,0.978,PLANNED_PM
2025-03-12,HM20,0.94,OPERATOR
2025-03-12,HM25,0.516,OPERATOR
2025-03-12,HM30,0.559,PLANNED_PM
2025-03-12,HM36,1.09,MECH
2025-03-12,HM43,0.474,MECH
2025-03-12,HM47,1.241,MECH
2025-03-12,HM50,0.504,MECH
2025-03-12,HM56,0.697,ELEC
2025-03-13,HM01,1.074,OPERATOR
2025-03-13,HM12,0.681,MATERIAL
2025-03-13,HM13,1.254,ELEC
2025-03-13,HM14,3.615,PLANNED_PM
2025-03-13,HM16,0.772,PLANNED_PM
2025-03-13,HM20,0.633,OPERATOR
2025-03-13,HM25,0.381,ELEC
2025-03-13,HM30,1.002,MATERIAL
2025-03-13,HM36,1.413,OPERATOR
2025-03-13,HM43,0.421,OPERATOR
2025-03-13,HM47,0.799,ELEC
2025-03-13,HM50,0.343,OPERATOR
2025-03-13,HM56,0.714,ELEC
2025-03-14,HM01,1.308,PLANNED_PM
2025-03-14,HM12,0.895,OPERATOR
2025-03-14,HM13,0.884,PLANNED_PM
2025-03-14,HM14,0.998,PLANNED_PM
2025-03-14,HM16,0.246,ELEC
2025-03-14,HM20,1.336,OPERATOR
2025-03-14,HM25,1.732,MATERIAL
2025-03-14,HM30,0.724,OPERATOR
2025-03-14,HM36,2.742,ELEC
2025-03-14,HM43,1.311,PLANNED_PM
2025-03-14,HM47,1.402,PLANNED_PM
2025-03-14,HM50,5.729,MECH
2025-03-14,HM56,0.807,PLANNED_PM
2025-03-15,HM01,0.653,ELEC
2025-03-15,HM12,1.204,OPERATOR
2025-03-15,HM13,0.992,OPERATOR
2025-03-15,HM14,1.211,OPERATOR
2025-03-15,HM16,1.803,PLANNED_PM
2025-03-15,HM20,0.476,ELEC
2025-03-15,HM25,2.056,MECH
2025-03-15,HM30,2.03,PLANNED_PM
2025-03-15,HM36,4.635,OPERATOR
2025-03-15,HM43,0.608,ELEC
2025-03-15,HM47,0.533,PLANNED_PM
2025-03-15,HM50,1.764,MECH
2025-03-15,HM56,0.665,PLANNED_PM
2025-03-16,HM01,0.505,ELEC
2025-03-16,HM12,1.071,ELEC
2025-03-16,HM13,0.685,MECH
2025-03-16,HM14,0.571,PLANNED_PM
2025-03-16,HM16,0.992,ELEC
2025-03-16,HM20,0.895,PLANNED_PM
2025-03-16,HM25,0.496,MECH
2025-03-16,HM30,0.56,MECH
2025-03-16,HM36,1.41,ELEC
2025-03-16,HM43,0.696,MECH
2025-03-16,HM47,0.698,PLANNED_PM
2025-03-16,HM50,2.048,PLANNED_PM
2025-03-16,HM56,0.625,PLANNED_PM
2025-03-17,HM01,0.465,PLANNED_PM
2025-03-17,HM12,1.12,OPERATOR
2025-03-17,HM13,0.887,ELEC
2025-03-17,HM14,1.0,MATERIAL
2025-03-17,HM16,1.595,MATERIAL
2025-03-17,HM20,0.522,PLANNED_PM
2025-03-17,HM25,1.039,MECH
2025-03-17,HM30,0.6,ELEC
2025-03-17,HM36,0.421,OPERATOR
2025-03-17,HM43,0.538,PLANNED_PM
2025-03-17,HM47,1.463,MECH
2025-03-17,HM50,0.897,PLANNED_PM
2025-03-17,HM56,2.002,MECH
2025-03-18,HM01,0.639,ELEC
2025-03-18,HM12,0.654,MECH
2025-03-18,HM13,0.709,OPERATOR
2025-03-18,HM14,0.702,MECH
2025-03-18,HM16,0.336,MECH
2025-03-18,HM20,1.901,MATERIAL
2025-03-18,HM25,0.478,MECH
2025-03-18,HM30,0.918,MECH
2025-03-18,HM36,1.625,PLANNED_PM
2025-03-18,HM43,0.967,MATERIAL
2025-03-18,HM47,0.435,MECH
2025-03-18,HM50,0.855,ELEC
2025-03-18,HM56,4.91,MATERIAL
2025-03-19,HM01,0.653,MATERIAL
2025-03-19,HM12,0.605,PLANNED_PM
2025-03-19,HM13,0.978,ELEC
2025-03-19,HM14,1.087,MECH
2025-03-19,HM16,0.486,OPERATOR
2025-03-19,HM20,5.494,MATERIAL
2025-03-19,HM25,0.854,OPERATOR
2025-03-19,HM30,0.532,MECH
2025-03-19,HM36,0.453,ELEC
2025-03-19,HM43,0.503,MATERIAL
2025-03-19,HM47,0.576,MATERIAL
2025-03-19,HM50,0.885,MECH
2025-03-19,HM56,0.367,ELEC
2025-03-20,HM01,0.995,MATERIAL
2025-03-20,HM12,0.729,MATERIAL
2025-03-20,HM13,0.706,PLANNED_PM
2025-03-20,HM14,1.095,OPERATOR
2025-03-20,HM16,0.756,ELEC
2025-03-20,HM20,0.257,ELEC
2025-03-20,HM25,0.886,PLANNED_PM
2025-03-20,HM30,0.697,MECH
2025-03-20,HM36,0.881,OPERATOR
2025-03-20,HM43,0.743,OPERATOR
2025-03-20,HM47,5.415,PLANNED_PM
2025-03-20,HM50,2.593,PLANNED_PM
2025-03-20,HM56,1.574,MECH
2025-03-21,HM01,1.6,PLANNED_PM
2025-03-21,HM12,0.65,MECH
2025-03-21,HM13,1.307,MECH
2025-03-21,HM14,5.719,ELEC
2025-03-21,HM16,1.685,MATERIAL
2025-03-21,HM20,1.046,MECH
2025-03-21,HM25,1.812,PLANNED_PM
2025-03-21,HM30,0.766,PLANNED_PM
2025-03-21,HM36,0.751,OPERATOR
2025-03-21,HM43,0.357,PLANNED_PM
2025-03-21,HM47,0.714,PLANNED_PM
2025-03-21,HM50,0.968,ELEC
2025-03-21,HM56,1.19,OPERATOR
2025-03-22,HM01,1.057,MATERIAL
2025-03-22,HM12,3.71,OPERATOR
2025-03-22,HM13,0.952,ELEC
2025-03-22,HM14,1.668,MECH
2025-03-22,HM16,0.921,MECH
2025-03-22,HM20,2.538,MECH
2025-03-22,HM25,0.77,OPERATOR
2025-03-22,HM30,1.026,PLANNED_PM
2025-03-22,HM36,0.975,PLANNED_PM
2025-03-22,HM43,0.367,ELEC
2025-03-22,HM47,0.698,PLANNED_PM
2025-03-22,HM50,0.946,PLANNED_PM
2025-03-22,HM56,1.401,ELEC
2025-03-23,HM01,0.586,MATERIAL
2025-03-23,HM12,3.424,ELEC
2025-03-23,HM13,0.252,MATERIAL
2025-03-23,HM14,1.347,PLANNED_PM
2025-03-23,HM16,0.276,PLANNED_PM
2025-03-23,HM20,0.756,ELEC
2025-03-23,HM25,1.519,MATERIAL
2025-03-23,HM30,0.395,ELEC
2025-03-23,HM36,1.064,ELEC
2025-03-23,HM43,0.809,ELEC
2025-03-23,HM47,3.19,ELEC
2025-03-23,HM50,0.434,OPERATOR
2025-03-23,HM56,0.942,PLANNED_PM
2025-03-24,HM01,0.66,MECH
2025-03-24,HM12,2.804,OPERATOR
2025-03-24,HM13,0.428,OPERATOR
2025-03-24,HM14,0.245,OPERATOR
2025-03-24,HM16,0.687,PLANNED_PM
2025-03-24,HM20,1.3,PLANNED_PM
2025-03-24,HM25,0.432,OPERATOR
2025-03-24,HM30,7.739,ELEC
2025-03-24,HM36,1.061,MATERIAL
2025-03-24,HM43,0.68,ELEC
2025-03-24,HM47,0.855,ELEC
2025-03-24,HM50,3.075,MECH
2025-03-24,HM56,1.138,OPERATOR
2025-03-25,HM01,0.737,OPERATOR
2025-03-25,HM12,0.614,OPERATOR
2025-03-25,HM13,2.859,OPERATOR
2025-03-25,HM14,0.998,ELEC
2025-03-25,HM16,3.264,PLANNED_PM
2025-03-25,HM20,0.853,ELEC
2025-03-25,HM25,0.801,OPERATOR
2025-03-25,HM30,0.283,OPERATOR
2025-03-25,HM36,0.441,OPERATOR
2025-03-25,HM43,0.514,PLANNED_PM
2025-03-25,HM47,1.045,ELEC
2025-03-25,HM50,0.708,OPERATOR
2025-03-25,HM56,0.873,PLANNED_PM
2025-03-26,HM01,2.161,MECH
2025-03-26,HM12,1.97,OPERATOR
2025-03-26,HM13,0.976,MATERIAL
2025-03-26,HM14,0.652,OPERATOR
2025-03-26,HM16,5.216,PLANNED_PM
2025-03-26,HM20,2.32,PLANNED_PM
2025-03-26,HM25,0.661,MATERIAL
2025-03-26,HM30,0.459,PLANNED_PM
2025-03-26,HM36,0.69,MATERIAL
2025-03-26,HM43,2.251,MATERIAL
2025-03-26,HM47,0.698,OPERATOR
2025-03-26,HM50,0.759,OPERATOR
2025-03-26,HM56,0.626,ELEC
2025-03-27,HM01,0.932,ELEC
2025-03-27,HM12,1.344,ELEC
2025-03-27,HM13,0.854,MATERIAL
2025-03-27,HM14,0.546,PLANNED_PM
2025-03-27,HM16,1.481,ELEC
2025-03-27,HM20,1.87,MATERIAL
2025-03-27,HM25,1.092,OPERATOR
2025-03-27,HM30,0.431,ELEC
2025-03-27,HM36,0.587,OPERATOR
2025-03-27,HM43,3.492,ELEC
2025-03-27,HM47,6.297,MATERIAL
2025-03-27,HM50,1.77,MECH
2025-03-27,HM56,2.106,MATERIAL
2025-03-28,HM01,2.765,MECH
2025-03-28,HM12,1.023,PLANNED_PM
2025-03-28,HM13,1.216,ELEC
2025-03-28,HM14,1.705,ELEC
2025-03-28,HM16,0.655,ELEC
2025-03-28,HM20,1.121,PLANNED_PM
2025-03-28,HM25,0.362,PLANNED_PM
2025-03-28,HM30,0.678,MATERIAL
2025-03-28,HM36,0.51,PLANNED_PM
2025-03-28,HM43,2.333,OPERATOR
2025-03-28,HM47,0.737,MATERIAL
2025-03-28,HM50,0.671,ELEC
2025-03-28,HM56,0.34,ELEC
2025-03-29,HM01,0.503,ELEC
2025-03-29,HM12,1.403,ELEC
2025-03-29,HM13,2.422,ELEC
2025-03-29,HM14,0.542,OPERATOR
2025-03-29,HM16,1.178,MATERIAL
2025-03-29,HM20,0.657,MATERIAL
2025-03-29,HM25,0.727,ELEC
2025-03-29,HM30,0.802,OPERATOR
2025-03-29,HM36,0.956,MECH
2025-03-29,HM43,6.518,MATERIAL
2025-03-29,HM47,0.876,OPERATOR
2025-03-29,HM50,0.576,MECH
2025-03-29,HM56,2.527,PLANNED_PM
2025-03-30,HM01,0.632,ELEC
2025-03-30,HM12,1.036,OPERATOR
2025-03-30,HM13,1.677,ELEC
2025-03-30,HM14,1.263,ELEC
2025-03-30,HM16,0.516,MATERIAL
2025-03-30,HM20,0.894,PLANNED_PM
2025-03-30,HM25,0.668,ELEC
2025-03-30,HM30,0.837,OPERATOR
2025-03-30,HM36,0.417,MATERIAL
2025-03-30,HM43,1.49,OPERATOR
2025-03-30,HM47,0.387,MATERIAL
2025-03-30,HM50,0.92,ELEC
2025-03-30,HM56,1.488,PLANNED_PM
2025-03-31,HM01,2.163,OPERATOR
2025-03-31,HM12,0.571,PLANNED_PM
2025-03-31,HM13,7.45,MATERIAL
2025-03-31,HM14,6.79,MATERIAL
2025-03-31,HM16,3.681,MATERIAL
2025-03-31,HM20,1.135,MECH
2025-03-31,HM25,0.56,PLANNED_PM
2025-03-31,HM30,0.353,PLANNED_PM
2025-03-31,HM36,1.473,MECH
2025-03-31,HM43,1.679,MECH
2025-03-31,HM47,1.193,ELEC
2025-03-31,HM50,2.867,OPERATOR
2025-03-31,HM56,1.161,ELEC
2025-04-01,HM01,0.581,PLANNED_PM
2025-04-01,HM12,1.854,MECH
2025-04-01,HM13,0.96,ELEC
2025-04-01,HM14,0.326,MECH
2025-04-01,HM16,1.206,PLANNED_PM
2025-04-01,HM20,0.427,PLANNED_PM
2025-04-01,HM25,0.443,OPERATOR
2025-04-01,HM30,0.513,ELEC
2025-04-01,HM36,0.821,MECH
2025-04-01,HM43,1.198,MECH
2025-04-01,HM47,1.423,ELEC
2025-04-01,HM50,1.017,OPERATOR
2025-04-01,HM56,0.656,PLANNED_PM
2025-04-02,HM01,0.398,MECH
2025-04-02,HM12,1.319,ELEC
2025-04-02,HM13,1.009,MECH
2025-04-02,HM14,3.01,MECH
2025-04-02,HM16,1.303,MATERIAL
2025-04-02,HM20,0.425,PLANNED_PM
2025-04-02,HM25,0.325,ELEC
2025-04-02,HM30,0.917,MATERIAL
2025-04-02,HM36,0.397,OPERATOR
2025-04-02,HM43,2.152,MATERIAL
2025-04-02,HM47,0.978,MECH
2025-04-02,HM50,0.226,PLANNED_PM
2025-04-02,HM56,0.517,MATERIAL
2025-04-03,HM01,0.735,OPERATOR
2025-04-03,HM12,0.483,ELEC
2025-04-03,HM13,0.684,MECH
2025-04-03,HM14,0.369,MECH
2025-04-03,HM16,0.814,ELEC
2025-04-03,HM20,0.754,MATERIAL
2025-04-03,HM25,1.328,ELEC
2025-04-03,HM30,1.061,PLANNED_PM
2025-04-03,HM36,1.128,PLANNED_PM
2025-04-03,HM43,1.934,OPERATOR
2025-04-03,HM47,1.134,OPERATOR
2025-04-03,HM50,1.268,MATERIAL
2025-04-03,HM56,1.08,MATERIAL
2025-04-04,HM01,0.648,ELEC
2025-04-04,HM12,1.603,MECH
2025-04-04,HM13,1.084,PLANNED_PM
2025-04-04,HM14,0.405,PLANNED_PM
2025-04-04,HM16,1.07,ELEC
2025-04-04,HM20,0.443,MECH
2025-04-04,HM25,4.456,MECH
2025-04-04,HM30,1.054,ELEC
2025-04-04,HM36,3.299,MATERIAL
2025-04-04,HM43,1.263,PLANNED_PM
2025-04-04,HM47,0.874,MATERIAL
2025-04-04,HM50,2.036,ELEC
2025-04-04,HM56,1.833,PLANNED_PM
2025-04-05,HM01,0.429,PLANNED_PM
2025-04-05,HM12,0.72,OPERATOR
2025-04-05,HM13,0.746,PLANNED_PM
2025-04-05,HM14,0.86,OPERATOR
2025-04-05,HM16,0.494,MATERIAL
2025-04-05,HM20,1.402,ELEC
2025-04-05,HM25,0.552,ELEC
2025-04-05,HM30,1.082,MECH
2025-04-05,HM36,1.452,MECH
2025-04-05,HM43,5.828,MATERIAL
2025-04-05,HM47,0.219,PLANNED_PM
2025-04-05,HM50,0.451,MATERIAL
2025-04-05,HM56,0.881,PLANNED_PM
2025-04-06,HM01,1.305,MECH
2025-04-06,HM12,0.354,ELEC
2025-04-06,HM13,0.898,PLANNED_PM
2025-04-06,HM14,1.392,ELEC
2025-04-06,HM16,1.77,MATERIAL
2025-04-06,HM20,0.709,PLANNED_PM
2025-04-06,HM25,1.286,MATERIAL
2025-04-06,HM30,4.96,ELEC
2025-04-06,HM36,0.421,MECH
2025-04-06,HM43,1.705,ELEC
2025-04-06,HM47,1.095,MATERIAL
2025-04-06,HM50,0.741,PLANNED_PM
2025-04-06,HM56,1.159,MECH
2025-04-07,HM01,2.511,ELEC
2025-04-07,HM12,1.45,PLANNED_PM
2025-04-07,HM13,0.639,MECH
2025-04-07,HM14,0.46,MATERIAL
2025-04-07,HM16,0.508,MECH
2025-04-07,HM20,2.017,OPERATOR
2025-04-07,HM25,4.401,PLANNED_PM
2025-04-07,HM30,0.684,PLANNED_PM
2025-04-07,HM36,1.363,PLANNED_PM
2025-04-07,HM43,0.891,PLANNED_PM
2025-04-07,HM47,0.766,MATERIAL
2025-04-07,HM50,0.71,PLANNED_PM
2025-04-07,HM56,1.166,ELEC
2025-04-08,HM01,0.704,PLANNED_PM
2025-04-08,HM12,0.351,ELEC
2025-04-08,HM13,1.366,ELEC
2025-04-08,HM14,2.238,OPERATOR
2025-04-08,HM16,1.807,OPERATOR
2025-04-08,HM20,0.384,PLANNED_PM
2025-04-08,HM25,5.953,ELEC
2025-04-08,HM30,1.035,ELEC
2025-04-08,HM36,0.813,PLANNED_PM
2025-04-08,HM43,5.063,MECH
2025-04-08,HM47,1.561,MECH
2025-04-08,HM50,7.467,OPERATOR
2025-04-08,HM56,0.433,MECH
2025-04-09,HM01,0.707,PLANNED_PM
2025-04-09,HM12,0.753,OPERATOR
2025-04-09,HM13,0.715,MATERIAL
2025-04-09,HM14,0.964,PLANNED_PM
2025-04-09,HM16,1.195,MECH
2025-04-09,HM20,0.664,ELEC
2025-04-09,HM25,0.843,OPERATOR
2025-04-09,HM30,1.212,MATERIAL
2025-04-09,HM36,0.621,PLANNED_PM
2025-04-09,HM43,0.724,PLANNED_PM
2025-04-09,HM47,0.784,MATERIAL
2025-04-09,HM50,0.597,OPERATOR
2025-04-09,HM56,2.024,PLANNED_PM
2025-04-10,HM01,1.277,PLANNED_PM
2025-04-10,HM12,2.456,ELEC
2025-04-10,HM13,1.694,ELEC
2025-04-10,HM14,0.735,MECH
2025-04-10,HM16,0.497,MECH
2025-04-10,HM20,0.556,ELEC
2025-04-10,HM25,0.488,OPERATOR
2025-04-10,HM30,0.475,ELEC
2025-04-10,HM36,1.585,MECH
2025-04-10,HM43,1.029,ELEC
2025-04-10,HM47,1.037,PLANNED_PM
2025-04-10,HM50,0.701,MECH
2025-04-10,HM56,5.15,OPERATOR
2025-04-11,HM01,0.82,MATERIAL
2025-04-11,HM12,0.368,ELEC
2025-04-11,HM13,1.2,OPERATOR
2025-04-11,HM14,0.212,ELEC
2025-04-11,HM16,0.353,PLANNED_PM
2025-04-11,HM20,0.612,OPERATOR
2025-04-11,HM25,0.616,OPERATOR
2025-04-11,HM30,0.584,OPERATOR
2025-04-11,HM36,0.901,ELEC
2025-04-11,HM43,0.991,PLANNED_PM
2025-04-11,HM47,0.808,ELEC
2025-04-11,HM50,0.264,MECH
2025-04-11,HM56,0.779,MATERIAL
2025-04-12,HM01,0.8,ELEC
2025-04-12,HM12,0.671,MATERIAL
2025-04-12,HM13,1.94,PLANNED_PM
2025-04-12,HM14,0.508,MECH
2025-04-12,HM16,0.62,MATERIAL
2025-04-12,HM20,0.525,ELEC
2025-04-12,HM25,0.397,MATERIAL
2025-04-12,HM30,1.419,OPERATOR
2025-04-12,HM36,0.715,OPERATOR
2025-04-12,HM43,0.888,OPERATOR
2025-04-12,HM47,0.824,MECH
2025-04-12,HM50,0.664,MECH
2025-04-12,HM56,0.439,PLANNED_PM
2025-04-13,HM01,0.899,PLANNED_PM
2025-04-13,HM12,0.526,MECH
2025-04-13,HM13,1.643,MECH
2025-04-13,HM14,1.285,OPERATOR
2025-04-13,HM16,1.711,PLANNED_PM
2025-04-13,HM20,1.23,MATERIAL
2025-04-13,HM25,1.492,PLANNED_PM
2025-04-13,HM30,1.413,MATERIAL
2025-04-13,HM36,1.003,MATERIAL
2025-04-13,HM43,1.21,ELEC
2025-04-13,HM47,1.801,PLANNED_PM
2025-04-13,HM50,1.095,OPERATOR
2025-04-13,HM56,0.529,MECH
2025-04-14,HM01,6.414,OPERATOR
2025-04-14,HM12,3.166,OPERATOR
2025-04-14,HM13,1.7,MECH
2025-04-14,HM14,2.525,OPERATOR
2025-04-14,HM16,0.987,OPERATOR
2025-04-14,HM20,0.805,MECH
2025-04-14,HM25,0.631,PLANNED_PM
2025-04-14,HM30,3.521,ELEC
2025-04-14,HM36,1.358,ELEC
2025-04-14,HM43,5.771,MECH
2025-04-14,HM47,0.405,OPERATOR
2025-04-14,HM50,1.384,OPERATOR
2025-04-14,HM56,0.96,ELEC
2025-04-15,HM01,1.499,PLANNED_PM
2025-04-15,HM12,0.627,MECH
2025-04-15,HM13,1.364,ELEC
2025-04-15,HM14,0.882,OPERATOR
2025-04-15,HM16,0.543,PLANNED_PM
2025-04-15,HM20,5.326,MATERIAL
2025-04-15,HM25,0.374,MECH
2025-04-15,HM30,2.296,ELEC
2025-04-15,HM36,0.401,ELEC
2025-04-15,HM43,1.964,OPERATOR
2025-04-15,HM47,0.352,ELEC
2025-04-15,HM50,2.84,ELEC
2025-04-15,HM56,0.811,MECH
2025-04-16,HM01,0.237,ELEC
2025-04-16,HM12,0.835,MECH
2025-04-16,HM13,1.198,ELEC
2025-04-16,HM14,0.743,ELEC
2025-04-16,HM16,0.643,MATERIAL
2025-04-16,HM20,0.468,MECH
2025-04-16,HM25,0.824,ELEC
2025-04-16,HM30,0.442,ELEC
2025-04-16,HM36,0.349,ELEC
2025-04-16,HM43,1.348,ELEC
2025-04-16,HM47,3.889,ELEC
2025-04-16,HM50,0.395,MECH
2025-04-16,HM56,0.909,MECH
2025-04-17,HM01,1.446,ELEC
2025-04-17,HM12,0.971,OPERATOR
2025-04-17,HM13,0.423,MECH
2025-04-17,HM14,0.384,PLANNED_PM
2025-04-17,HM16,0.55,ELEC
2025-04-17,HM20,1.178,OPERATOR
2025-04-17,HM25,0.644,PLANNED_PM
2025-04-17,HM30,0.857,MATERIAL
2025-04-17,HM36,0.462,ELEC
2025-04-17,HM43,0.854,ELEC
2025-04-17,HM47,2.261,MATERIAL
2025-04-17,HM50,0.391,MECH
2025-04-17,HM56,0.805,MATERIAL
2025-04-18,HM01,1.068,ELEC
2025-04-18,HM12,0.669,MATERIAL
2025-04-18,HM13,0.754,OPERATOR
2025-04-18,HM14,1.12,ELEC
2025-04-18,HM16,0.992,PLANNED_PM
2025-04-18,HM20,1.0,OPERATOR
2025-04-18,HM25,0.311,ELEC
2025-04-18,HM30,0.315,MATERIAL
2025-04-18,HM36,0.505,OPERATOR
2025-04-18,HM43,1.699,MATERIAL
2025-04-18,HM47,0.778,PLANNED_PM
2025-04-18,HM50,0.656,ELEC
2025-04-18,HM56,2.666,MECH
2025-04-19,HM01,2.307,MATERIAL
2025-04-19,HM12,0.736,PLANNED_PM
2025-04-19,HM13,1.398,ELEC
2025-04-19,HM14,0.631,MECH
2025-04-19,HM16,0.857,MECH
2025-04-19,HM20,4.11,MECH
2025-04-19,HM25,0.6,MECH
2025-04-19,HM30,1.543,MATERIAL
2025-04-19,HM36,0.435,MATERIAL
2025-04-19,HM43,1.025,PLANNED_PM
2025-04-19,HM47,0.517,ELEC
2025-04-19,HM50,0.822,MECH
2025-04-19,HM56,0.393,PLANNED_PM
2025-04-20,HM01,1.404,OPERATOR
2025-04-20,HM12,1.359,MATERIAL
2025-04-20,HM13,1.583,OPERATOR
2025-04-20,HM14,2.174,ELEC
2025-04-20,HM16,1.138,ELEC
2025-04-20,HM20,0.364,MATERIAL
2025-04-20,HM25,0.483,MATERIAL
2025-04-20,HM30,0.318,MECH
2025-04-20,HM36,0.299,MATERIAL
2025-04-20,HM43,0.434,PLANNED_PM
2025-04-20,HM47,0.525,PLANNED_PM
2025-04-20,HM50,0.495,PLANNED_PM
2025-04-20,HM56,0.781,OPERATOR
2025-04-21,HM01,1.004,OPERATOR
2025-04-21,HM12,0.701,OPERATOR
2025-04-21,HM13,0.336,PLANNED_PM
2025-04-21,HM14,1.021,OPERATOR
2025-04-21,HM16,1.006,ELEC
2025-04-21,HM20,1.109,MECH
2025-04-21,HM25,0.905,OPERATOR
2025-04-21,HM30,0.646,MATERIAL
2025-04-21,HM36,0.471,ELEC
2025-04-21,HM43,2.232,ELEC
2025-04-21,HM47,7.009,MATERIAL
2025-04-21,HM50,1.343,MATERIAL
2025-04-21,HM56,0.454,MECH
2025-04-22,HM01,1.123,MATERIAL
2025-04-22,HM12,0.964,MATERIAL
2025-04-22,HM13,0.337,PLANNED_PM
2025-04-22,HM14,0.474,PLANNED_PM
2025-04-22,HM16,0.603,MATERIAL
2025-04-22,HM20,1.13,PLANNED_PM
2025-04-22,HM25,6.62,MECH
2025-04-22,HM30,1.4,PLANNED_PM
2025-04-22,HM36,0.596,OPERATOR
2025-04-22,HM43,0.948,OPERATOR
2025-04-22,HM47,0.725,MATERIAL
2025-04-22,HM50,6.584,MATERIAL
2025-04-22,HM56,0.459,OPERATOR
2025-04-23,HM01,0.685,ELEC
2025-04-23,HM12,6.608,MATERIAL
2025-04-23,HM13,0.464,MATERIAL
2025-04-23,HM14,4.321,MECH
2025-04-23,HM16,1.013,MECH
2025-04-23,HM20,1.192,ELEC
2025-04-23,HM25,0.63,OPERATOR
2025-04-23,HM30,0.729,PLANNED_PM
2025-04-23,HM36,4.884,MATERIAL
2025-04-23,HM43,0.609,MATERIAL
2025-04-23,HM47,0.731,PLANNED_PM
2025-04-23,HM50,0.5,PLANNED_PM
2025-04-23,HM56,1.271,ELEC
2025-04-24,HM01,1.089,PLANNED_PM
2025-04-24,HM12,1.065,OPERATOR
2025-04-24,HM13,0.997,OPERATOR
2025-04-24,HM14,0.782,ELEC
2025-04-24,HM16,0.756,OPERATOR
2025-04-24,HM20,0.376,ELEC
2025-04-24,HM25,0.814,MECH
2025-04-24,HM30,0.631,ELEC
2025-04-24,HM36,1.58,PLANNED_PM
2025-04-24,HM43,0.726,MECH
2025-04-24,HM47,2.014,MATERIAL
2025-04-24,HM50,0.779,MATERIAL
2025-04-24,HM56,0.994,MECH
2025-04-25,HM01,0.811,MECH
2025-04-25,HM12,1.347,MATERIAL
2025-04-25,HM13,0.785,OPERATOR
2025-04-25,HM14,1.692,MATERIAL
2025-04-25,HM16,0.807,OPERATOR
2025-04-25,HM20,0.849,MATERIAL
2025-04-25,HM25,0.793,MATERIAL
2025-04-25,HM30,1.245,PLANNED_PM
2025-04-25,HM36,0.357,ELEC
2025-04-25,HM43,1.387,OPERATOR
2025-04-25,HM47,0.498,PLANNED_PM
2025-04-25,HM50,0.315,MECH
2025-04-25,HM56,0.735,MECH
2025-04-26,HM01,0.637,MATERIAL
2025-04-26,HM12,0.675,OPERATOR
2025-04-26,HM13,0.87,PLANNED_PM
2025-04-26,HM14,0.469,ELEC
2025-04-26,HM16,4.243,PLANNED_PM
2025-04-26,HM20,0.347,OPERATOR
2025-04-26,HM25,0.527,OPERATOR
2025-04-26,HM30,0.785,MATERIAL
2025-04-26,HM36,0.411,ELEC
2025-04-26,HM43,0.588,PLANNED_PM
2025-04-26,HM47,0.579,PLANNED_PM
2025-04-26,HM50,1.097,MATERIAL
2025-04-26,HM56,0.321,ELEC
2025-04-27,HM01,1.158,OPERATOR
2025-04-27,HM12,0.508,PLANNED_PM
2025-04-27,HM13,0.522,MECH
2025-04-27,HM14,0.424,PLANNED_PM
2025-04-27,HM16,0.6,OPERATOR
2025-04-27,HM20,1.788,MECH
2025-04-27,HM25,0.873,PLANNED_PM
2025-04-27,HM30,3.72,MECH
2025-04-27,HM36,6.255,MECH
2025-04-27,HM43,1.168,MATERIAL
2025-04-27,HM47,0.331,ELEC
2025-04-27,HM50,0.463,MECH
2025-04-27,HM56,4.821,MATERIAL
2025-04-28,HM01,4.845,MATERIAL
2025-04-28,HM12,0.903,PLANNED_PM
2025-04-28,HM13,1.081,MATERIAL
2025-04-28,HM14,1.049,MECH
2025-04-28,HM16,1.3,MATERIAL
2025-04-28,HM20,1.62,OPERATOR
2025-04-28,HM25,0.408,OPERATOR
2025-04-28,HM30,0.374,PLANNED_PM
2025-04-28,HM36,5.546,PLANNED_PM
2025-04-28,HM43,0.397,ELEC
2025-04-28,HM47,0.764,MATERIAL
2025-04-28,HM50,0.882,OPERATOR
2025-04-28,HM56,0.457,ELEC
2025-04-29,HM01,0.565,ELEC
2025-04-29,HM12,1.128,ELEC
2025-04-29,HM13,1.116,ELEC
2025-04-29,HM14,0.508,MATERIAL
2025-04-29,HM16,0.499,ELEC
2025-04-29,HM20,0.489,ELEC
2025-04-29,HM25,0.93,MATERIAL
2025-04-29,HM30,1.94,OPERATOR
2025-04-29,HM36,1.007,MATERIAL
2025-04-29,HM43,0.944,OPERATOR
2025-04-29,HM47,0.339,OPERATOR
2025-04-29,HM50,0.496,MECH
2025-04-29,HM56,1.234,OPERATOR
2025-04-30,HM01,0.586,MATERIAL
2025-04-30,HM12,1.62,MATERIAL
2025-04-30,HM13,1.303,MECH
2025-04-30,HM14,0.948,PLANNED_PM
2025-04-30,HM16,0.435,ELEC
2025-04-30,HM20,0.63,MECH
2025-04-30,HM25,3.837,ELEC
2025-04-30,HM30,0.44,PLANNED_PM
2025-04-30,HM36,0.589,MATERIAL
2025-04-30,HM43,0.986,ELEC
2025-04-30,HM47,0.901,MECH
2025-04-30,HM50,0.804,MATERIAL
2025-04-30,HM56,0.762,MATERIAL
2025-05-01,HM01,1.154,OPERATOR
2025-05-01,HM12,1.486,MATERIAL
2025-05-01,HM13,2.08,MATERIAL
2025-05-01,HM14,0.549,MATERIAL
2025-05-01,HM16,0.841,PLANNED_PM
2025-05-01,HM20,0.451,OPERATOR
2025-05-01,HM25,0.592,OPERATOR
2025-05-01,HM30,1.889,PLANNED_PM
2025-05-01,HM36,0.476,OPERATOR
2025-05-01,HM43,1.063,PLANNED_PM
2025-05-01,HM47,0.832,PLANNED_PM
2025-05-01,HM50,1.07,PLANNED_PM
2025-05-01,HM56,6.842,OPERATOR
2025-05-02,HM01,2.057,MECH
2025-05-02,HM12,0.876,MATERIAL
2025-05-02,HM13,0.695,OPERATOR
2025-05-02,HM14,0.419,ELEC
2025-05-02,HM16,0.691,MECH
2025-05-02,HM20,1.266,MATERIAL
2025-05-02,HM25,0.95,MECH
2025-05-02,HM30,0.971,MATERIAL
2025-05-02,HM36,1.085,ELEC
2025-05-02,HM43,1.495,OPERATOR
2025-05-02,HM47,1.507,MATERIAL
2025-05-02,HM50,1.313,MATERIAL
2025-05-02,HM56,0.753,MATERIAL
2025-05-03,HM01,0.663,ELEC
2025-05-03,HM12,0.78,ELEC
2025-05-03,HM13,2.948,PLANNED_PM
2025-05-03,HM14,1.454,PLANNED_PM
2025-05-03,HM16,2.334,OPERATOR
2025-05-03,HM20,0.962,MECH
2025-05-03,HM25,5.107,MATERIAL
2025-05-03,HM30,0.982,ELEC
2025-05-03,HM36,1.224,PLANNED_PM
2025-05-03,HM43,0.424,PLANNED_PM
2025-05-03,HM47,0.375,MATERIAL
2025-05-03,HM50,0.293,OPERATOR
2025-05-03,HM56,1.073,MATERIAL
2025-05-04,HM01,0.42,PLANNED_PM
2025-05-04,HM12,0.747,OPERATOR
2025-05-04,HM13,2.299,MECH
2025-05-04,HM14,0.553,ELEC
2025-05-04,HM16,0.599,OPERATOR
2025-05-04,HM20,0.387,MATERIAL
2025-05-04,HM25,0.968,OPERATOR
2025-05-04,HM30,1.043,MECH
2025-05-04,HM36,0.582,MATERIAL
2025-05-04,HM43,1.014,MATERIAL
2025-05-04,HM47,6.277,ELEC
2025-05-04,HM50,0.538,MATERIAL
2025-05-04,HM56,1.898,MATERIAL
2025-05-05,HM01,1.427,MECH
2025-05-05,HM12,0.975,ELEC
2025-05-05,HM13,0.905,MECH
2025-05-05,HM14,0.901,OPERATOR
2025-05-05,HM16,3.0,MATERIAL
2025-05-05,HM20,0.624,OPERATOR
2025-05-05,HM25,0.858,MECH
2025-05-05,HM30,0.703,MATERIAL
2025-05-05,HM36,0.592,PLANNED_PM
2025-05-05,HM43,6.741,PLANNED_PM
2025-05-05,HM47,0.857,OPERATOR
2025-05-05,HM50,0.749,ELEC
2025-05-05,HM56,0.935,OPERATOR
2025-05-06,HM01,1.405,MECH
2025-05-06,HM12,0.948,MECH
2025-05-06,HM13,1.094,ELEC
2025-05-06,HM14,0.405,MECH
2025-05-06,HM16,1.198,MECH
2025-05-06,HM20,1.062,OPERATOR
2025-05-06,HM25,0.586,MATERIAL
2025-05-06,HM30,0.602,OPERATOR
2025-05-06,HM36,0.337,PLANNED_PM
2025-05-06,HM43,2.756,PLANNED_PM
2025-05-06,HM47,3.938,ELEC
2025-05-06,HM50,0.396,ELEC
2025-05-06,HM56,0.848,OPERATOR
2025-05-07,HM01,2.797,MATERIAL
2025-05-07,HM12,1.689,OPERATOR
2025-05-07,HM13,1.302,MECH
2025-05-07,HM14,0.435,MECH
2025-05-07,HM16,0.533,MECH
2025-05-07,HM20,0.653,PLANNED_PM
2025-05-07,HM25,0.427,PLANNED_PM
2025-05-07,HM30,0.691,MATERIAL
2025-05-07,HM36,0.615,ELEC
2025-05-07,HM43,0.822,PLANNED_PM
2025-05-07,HM47,1.571,PLANNED_PM
2025-05-07,HM50,1.444,PLANNED_PM
2025-05-07,HM56,0.388,OPERATOR
2025-05-08,HM01,1.232,MATERIAL
2025-05-08,HM12,1.512,MATERIAL
2025-05-08,HM13,1.142,OPERATOR
2025-05-08,HM14,1.148,PLANNED_PM
2025-05-08,HM16,0.866,OPERATOR
2025-05-08,HM20,0.574,MECH
2025-05-08,HM25,6.425,PLANNED_PM
2025-05-08,HM30,1.841,PLANNED_PM
2025-05-08,HM36,0.796,MATERIAL
2025-05-08,HM43,0.689,OPERATOR
2025-05-08,HM47,1.042,MATERIAL
2025-05-08,HM50,2.9,MECH
2025-05-08,HM56,1.672,OPERATOR
2025-05-09,HM01,0.692,OPERATOR
2025-05-09,HM12,2.521,MATERIAL
2025-05-09,HM13,1.098,MECH
2025-05-09,HM14,1.059,PLANNED_PM
2025-05-09,HM16,1.379,OPERATOR
2025-05-09,HM20,0.62,MATERIAL
2025-05-09,HM25,1.306,MECH
2025-05-09,HM30,0.829,MECH
2025-05-09,HM36,0.222,ELEC
2025-05-09,HM43,4.972,ELEC
2025-05-09,HM47,0.645,OPERATOR
2025-05-09,HM50,0.484,ELEC
2025-05-09,HM56,0.266,MATERIAL
2025-05-10,HM01,0.951,ELEC
2025-05-10,HM12,0.523,OPERATOR
2025-05-10,HM13,0.757,ELEC
2025-05-10,HM14,1.154,MATERIAL
2025-05-10,HM16,0.857,OPERATOR
2025-05-10,HM20,1.564,PLANNED_PM
2025-05-10,HM25,1.264,OPERATOR
2025-05-10,HM30,0.512,ELEC
2025-05-10,HM36,1.402,MATERIAL
2025-05-10,HM43,0.289,MATERIAL
2025-05-10,HM47,0.454,MECH
2025-05-10,HM50,0.867,PLANNED_PM
2025-05-10,HM56,0.693,ELEC
2025-05-11,HM01,1.088,PLANNED_PM
2025-05-11,HM12,1.019,MECH
2025-05-11,HM13,1.683,ELEC
2025-05-11,HM14,0.74,OPERATOR
2025-05-11,HM16,0.549,PLANNED_PM
2025-05-11,HM20,0.639,MATERIAL
2025-05-11,HM25,0.941,MECH
2025-05-11,HM30,6.788,OPERATOR
2025-05-11,HM36,1.458,PLANNED_PM
2025-05-11,HM43,1.211,OPERATOR
2025-05-11,HM47,1.544,ELEC
2025-05-11,HM50,0.797,ELEC
2025-05-11,HM56,0.86,ELEC
2025-05-12,HM01,0.79,OPERATOR
2025-05-12,HM12,1.0,ELEC
2025-05-12,HM13,0.919,ELEC
2025-05-12,HM14,3.941,OPERATOR
2025-05-12,HM16,0.613,ELEC
2025-05-12,HM20,2.224,MATERIAL
2025-05-12,HM25,2.11,PLANNED_PM
2025-05-12,HM30,2.556,PLANNED_PM
2025-05-12,HM36,1.05,ELEC
2025-05-12,HM43,0.325,MATERIAL
2025-05-12,HM47,1.134,PLANNED_PM
2025-05-12,HM50,0.661,MATERIAL
2025-05-12,HM56,2.288,MECH
2025-05-13,HM01,0.226,ELEC
2025-05-13,HM12,0.784,MATERIAL
2025-05-13,HM13,1.476,MECH
2025-05-13,HM14,1.344,PLANNED_PM
2025-05-13,HM16,0.536,OPERATOR
2025-05-13,HM20,0.988,ELEC
2025-05-13,HM25,0.381,ELEC
2025-05-13,HM30,1.196,PLANNED_PM
2025-05-13,HM36,0.901,PLANNED_PM
2025-05-13,HM43,0.976,ELEC
2025-05-13,HM47,1.678,MECH
2025-05-13,HM50,0.653,OPERATOR
2025-05-13,HM56,0.619,MECH
2025-05-14,HM01,0.822,MECH
2025-05-14,HM12,0.427,MATERIAL
2025-05-14,HM13,1.605,MATERIAL
2025-05-14,HM14,1.88,OPERATOR
2025-05-14,HM16,0.573,ELEC
2025-05-14,HM20,0.631,MECH
2025-05-14,HM25,1.721,MATERIAL
2025-05-14,HM30,0.855,MATERIAL
2025-05-14,HM36,0.823,MATERIAL
2025-05-14,HM43,0.453,OPERATOR
2025-05-14,HM47,5.281,ELEC
2025-05-14,HM50,1.147,OPERATOR
2025-05-14,HM56,1.255,PLANNED_PM
2025-05-15,HM01,0.36,MECH
2025-05-15,HM12,0.358,ELEC
2025-05-15,HM13,1.002,OPERATOR
2025-05-15,HM14,2.44,PLANNED_PM
2025-05-15,HM16,6.272,MECH
2025-05-15,HM20,0.627,ELEC
2025-05-15,HM25,0.568,OPERATOR
2025-05-15,HM30,0.901,MATERIAL
2025-05-15,HM36,2.241,MATERIAL
2025-05-15,HM43,0.566,ELEC
2025-05-15,HM47,4.272,OPERATOR
2025-05-15,HM50,0.614,ELEC
2025-05-15,HM56,0.807,PLANNED_PM
2025-05-16,HM01,0.493,OPERATOR
2025-05-16,HM12,1.107,MATERIAL
2025-05-16,HM13,1.315,MATERIAL
2025-05-16,HM14,3.76,PLANNED_PM
2025-05-16,HM16,0.294,PLANNED_PM
2025-05-16,HM20,1.348,PLANNED_PM
2025-05-16,HM25,0.49,ELEC
2025-05-16,HM30,0.719,PLANNED_PM
2025-05-16,HM36,1.29,MECH
2025-05-16,HM43,0.342,ELEC
2025-05-16,HM47,0.513,PLANNED_PM
2025-05-16,HM50,0.604,MATERIAL
2025-05-16,HM56,0.358,OPERATOR
2025-05-17,HM01,0.445,PLANNED_PM
2025-05-17,HM12,1.045,MECH
2025-05-17,HM13,0.825,MATERIAL
2025-05-17,HM14,1.823,MATERIAL
2025-05-17,HM16,0.961,MECH
2025-05-17,HM20,0.256,PLANNED_PM
2025-05-17,HM25,1.144,OPERATOR
2025-05-17,HM30,0.881,MATERIAL
2025-05-17,HM36,4.167,OPERATOR
2025-05-17,HM43,7.051,PLANNED_PM
2025-05-17,HM47,1.053,OPERATOR
2025-05-17,HM50,1.072,MECH
2025-05-17,HM56,0.979,OPERATOR
2025-05-18,HM01,0.775,ELEC
2025-05-18,HM12,0.835,PLANNED_PM
2025-05-18,HM13,0.822,OPERATOR
2025-05-18,HM14,0.969,MATERIAL
2025-05-18,HM16,1.26,OPERATOR
2025-05-18,HM20,0.388,PLANNED_PM
2025-05-18,HM25,0.333,MATERIAL
2025-05-18,HM30,0.483,OPERATOR
2025-05-18,HM36,0.707,ELEC
2025-05-18,HM43,1.191,MECH
2025-05-18,HM47,4.813,MATERIAL
2025-05-18,HM50,1.04,ELEC
2025-05-18,HM56,0.319,ELEC
2025-05-19,HM01,0.305,OPERATOR
2025-05-19,HM12,2.694,MECH
2025-05-19,HM13,1.568,ELEC
2025-05-19,HM14,5.761,MATERIAL
2025-05-19,HM16,0.487,PLANNED_PM
2025-05-19,HM20,1.502,OPERATOR
2025-05-19,HM25,0.531,MATERIAL
2025-05-19,HM30,0.552,OPERATOR
2025-05-19,HM36,0.605,OPERATOR
2025-05-19,HM43,1.436,MATERIAL
2025-05-19,HM47,1.265,OPERATOR
2025-05-19,HM50,1.913,MECH
2025-05-19,HM56,2.15,PLANNED_PM
2025-05-20,HM01,0.981,MATERIAL
2025-05-20,HM12,1.442,OPERATOR
2025-05-20,HM13,3.555,MECH
2025-05-20,HM14,6.554,MATERIAL
2025-05-20,HM16,0.706,MATERIAL
2025-05-20,HM20,0.844,OPERATOR
2025-05-20,HM25,0.578,ELEC
2025-05-20,HM30,0.351,OPERATOR
2025-05-20,HM36,1.311,OPERATOR
2025-05-20,HM43,0.639,MECH
2025-05-20,HM47,0.826,ELEC
2025-05-20,HM50,0.608,MECH
2025-05-20,HM56,0.711,MECH
2025-05-21,HM01,4.91,MATERIAL
2025-05-21,HM12,1.648,MECH
2025-05-21,HM13,0.8,ELEC
2025-05-21,HM14,0.46,PLANNED_PM
2025-05-21,HM16,0.848,OPERATOR
2025-05-21,HM20,2.051,ELEC
2025-05-21,HM25,0.613,OPERATOR
2025-05-21,HM30,1.419,ELEC
2025-05-21,HM36,0.941,MECH
2025-05-21,HM43,1.763,PLANNED_PM
2025-05-21,HM47,1.136,MATERIAL
2025-05-21,HM50,5.873,MECH
2025-05-21,HM56,0.458,PLANNED_PM
2025-05-22,HM01,1.185,PLANNED_PM
2025-05-22,HM12,0.951,ELEC
2025-05-22,HM13,0.781,PLANNED_PM
2025-05-22,HM14,1.228,MATERIAL
2025-05-22,HM16,0.437,OPERATOR
2025-05-22,HM20,2.066,MECH
2025-05-22,HM25,1.034,ELEC
2025-05-22,HM30,1.25,ELEC
2025-05-22,HM36,1.826,MECH
2025-05-22,HM43,0.504,ELEC
2025-05-22,HM47,1.134,MECH
2025-05-22,HM50,0.302,OPERATOR
2025-05-22,HM56,0.617,OPERATOR
2025-05-23,HM01,0.441,MATERIAL
2025-05-23,HM12,0.854,MECH
2025-05-23,HM13,1.253,ELEC
2025-05-23,HM14,1.031,ELEC
2025-05-23,HM16,0.626,MATERIAL
2025-05-23,HM20,2.892,MATERIAL
2025-05-23,HM25,0.713,PLANNED_PM
2025-05-23,HM30,0.661,MATERIAL
2025-05-23,HM36,2.848,MECH
2025-05-23,HM43,0.34,MATERIAL
2025-05-23,HM47,0.571,OPERATOR
2025-05-23,HM50,1.191,MECH
2025-05-23,HM56,1.054,PLANNED_PM
2025-05-24,HM01,0.808,PLANNED_PM
2025-05-24,HM12,4.899,MATERIAL
2025-05-24,HM13,0.996,MATERIAL
2025-05-24,HM14,0.335,OPERATOR
2025-05-24,HM16,0.649,MATERIAL
2025-05-24,HM20,0.701,PLANNED_PM
2025-05-24,HM25,0.844,PLANNED_PM
2025-05-24,HM30,0.911,MECH
2025-05-24,HM36,1.97,MATERIAL
2025-05-24,HM43,1.786,MATERIAL
2025-05-24,HM47,0.466,OPERATOR
2025-05-24,HM50,1.465,MATERIAL
2025-05-24,HM56,1.259,ELEC
2025-05-25,HM01,3.567,OPERATOR
2025-05-25,HM12,1.392,OPERATOR
2025-05-25,HM13,0.763,ELEC
2025-05-25,HM14,0.479,MECH
2025-05-25,HM16,0.565,MECH
2025-05-25,HM20,0.894,OPERATOR
2025-05-25,HM25,0.979,PLANNED_PM
2025-05-25,HM30,0.265,MECH
2025-05-25,HM36,1.418,OPERATOR
2025-05-25,HM43,1.461,MATERIAL
2025-05-25,HM47,0.695,MECH
2025-05-25,HM50,2.85,MATERIAL
2025-05-25,HM56,1.389,MATERIAL
2025-05-26,HM01,1.203,MECH
2025-05-26,HM12,0.542,PLANNED_PM
2025-05-26,HM13,0.745,ELEC
2025-05-26,HM14,1.459,ELEC
2025-05-26,HM16,0.536,MECH
2025-05-26,HM20,0.471,OPERATOR
2025-05-26,HM25,0.895,OPERATOR
2025-05-26,HM30,1.4,ELEC
2025-05-26,HM36,0.377,PLANNED_PM
2025-05-26,HM43,1.044,MATERIAL
2025-05-26,HM47,0.609,OPERATOR
2025-05-26,HM50,1.301,PLANNED_PM
2025-05-26,HM56,0.669,ELEC
2025-05-27,HM01,1.145,ELEC
2025-05-27,HM12,1.527,MECH
2025-05-27,HM13,1.955,MATERIAL
2025-05-27,HM14,0.791,MATERIAL
2025-05-27,HM16,0.688,MECH
2025-05-27,HM20,0.447,MATERIAL
2025-05-27,HM25,0.211,ELEC
2025-05-27,HM30,0.351,OPERATOR
2025-05-27,HM36,0.584,PLANNED_PM
2025-05-27,HM43,1.213,OPERATOR
2025-05-27,HM47,0.353,ELEC
2025-05-27,HM50,1.107,OPERATOR
2025-05-27,HM56,0.606,MATERIAL
2025-05-28,HM01,0.296,ELEC
2025-05-28,HM12,1.494,PLANNED_PM
2025-05-28,HM13,0.379,MECH
2025-05-28,HM14,0.742,ELEC
2025-05-28,HM16,1.041,ELEC
2025-05-28,HM20,6.979,MECH
2025-05-28,HM25,1.868,MECH
2025-05-28,HM30,1.613,PLANNED_PM
2025-05-28,HM36,0.906,MECH
2025-05-28,HM43,0.659,MATERIAL
2025-05-28,HM47,0.517,OPERATOR
2025-05-28,HM50,1.14,MATERIAL
2025-05-28,HM56,1.405,PLANNED_PM
2025-05-29,HM01,0.302,OPERATOR
2025-05-29,HM12,0.841,MATERIAL
2025-05-29,HM13,1.432,OPERATOR
2025-05-29,HM14,0.843,PLANNED_PM
2025-05-29,HM16,1.231,MECH
2025-05-29,HM20,0.736,ELEC
2025-05-29,HM25,0.64,OPERATOR
2025-05-29,HM30,0.752,MECH
2025-05-29,HM36,0.466,MECH
2025-05-29,HM43,0.727,PLANNED_PM
2025-05-29,HM47,0.897,PLANNED_PM
2025-05-29,HM50,0.473,PLANNED_PM
2025-05-29,HM56,0.286,MATERIAL
2025-05-30,HM01,6.708,MATERIAL
2025-05-30,HM12,0.702,MECH
2025-05-30,HM13,0.379,ELEC
2025-05-30,HM14,1.267,OPERATOR
2025-05-30,HM16,1.327,ELEC
2025-05-30,HM20,0.254,MATERIAL
2025-05-30,HM25,1.925,OPERATOR
2025-05-30,HM30,0.404,MATERIAL
2025-05-30,HM36,3.146,MECH
2025-05-30,HM43,1.89,OPERATOR
2025-05-30,HM47,0.641,MECH
2025-05-30,HM50,0.546,OPERATOR
2025-05-30,HM56,1.899,MECH
2025-05-31,HM01,1.758,ELEC
2025-05-31,HM12,0.713,MECH
2025-05-31,HM13,0.799,ELEC
2025-05-31,HM14,0.904,MECH
2025-05-31,HM16,1.448,MECH
2025-05-31,HM20,0.985,PLANNED_PM
2025-05-31,HM25,0.894,MATERIAL
2025-05-31,HM30,0.792,MECH
2025-05-31,HM36,0.45,MATERIAL
2025-05-31,HM43,0.33,OPERATOR
2025-05-31,HM47,0.558,OPERATOR
2025-05-31,HM50,1.339,MATERIAL
2025-05-31,HM56,0.764,MATERIAL
2025-06-01,HM01,0.731,MATERIAL
2025-06-01,HM12,0.691,MATERIAL
2025-06-01,HM13,6.779,PLANNED_PM
2025-06-01,HM14,0.845,MATERIAL
2025-06-01,HM16,0.768,MECH
2025-06-01,HM20,1.014,ELEC
2025-06-01,HM25,1.347,OPERATOR
2025-06-01,HM30,0.917,OPERATOR
2025-06-01,HM36,1.192,OPERATOR
2025-06-01,HM43,1.114,ELEC
2025-06-01,HM47,1.22,OPERATOR
2025-06-01,HM50,4.611,MECH
2025-06-01,HM56,1.178,ELEC
2025-06-02,HM01,0.354,MATERIAL
2025-06-02,HM12,0.917,OPERATOR
2025-06-02,HM13,0.69,MATERIAL
2025-06-02,HM14,1.242,MATERIAL
2025-06-02,HM16,0.329,MECH
2025-06-02,HM20,0.956,MATERIAL
2025-06-02,HM25,6.153,OPERATOR
2025-06-02,HM30,0.417,MATERIAL
2025-06-02,HM36,0.26,PLANNED_PM
2025-06-02,HM43,1.258,OPERATOR
2025-06-02,HM47,1.653,ELEC
2025-06-02,HM50,0.529,MATERIAL
2025-06-02,HM56,0.787,OPERATOR
2025-06-03,HM01,0.433,OPERATOR
2025-06-03,HM12,1.377,ELEC
2025-06-03,HM13,0.7,MECH
2025-06-03,HM14,0.426,PLANNED_PM
2025-06-03,HM16,0.418,PLANNED_PM
2025-06-03,HM20,3.704,PLANNED_PM
2025-06-03,HM25,3.951,OPERATOR
2025-06-03,HM30,0.244,ELEC
2025-06-03,HM36,0.154,MATERIAL
2025-06-03,HM43,0.558,MATERIAL
2025-06-03,HM47,0.764,OPERATOR
2025-06-03,HM50,0.552,ELEC
2025-06-03,HM56,0.522,ELEC
2025-06-04,HM01,0.578,PLANNED_PM
2025-06-04,HM12,1.107,PLANNED_PM
2025-06-04,HM13,1.045,MECH
2025-06-04,HM14,0.74,PLANNED_PM
2025-06-04,HM16,0.613,MATERIAL
2025-06-04,HM20,0.548,PLANNED_PM
2025-06-04,HM25,1.271,MATERIAL
2025-06-04,HM30,0.927,ELEC
2025-06-04,HM36,1.57,OPERATOR
2025-06-04,HM43,4.574,MATERIAL
2025-06-04,HM47,0.727,MECH
2025-06-04,HM50,5.272,MATERIAL
2025-06-04,HM56,4.352,MATERIAL
2025-06-05,HM01,0.376,PLANNED_PM
2025-06-05,HM12,0.517,OPERATOR
2025-06-05,HM13,1.414,MATERIAL
2025-06-05,HM14,1.429,MECH
2025-06-05,HM16,5.028,ELEC
2025-06-05,HM20,0.478,ELEC
2025-06-05,HM25,0.333,MECH
2025-06-05,HM30,0.96,PLANNED_PM
2025-06-05,HM36,1.064,MECH
2025-06-05,HM43,2.876,MECH
2025-06-05,HM47,0.413,OPERATOR
2025-06-05,HM50,0.655,MECH
2025-06-05,HM56,0.916,OPERATOR
2025-06-06,HM01,0.99,OPERATOR
2025-06-06,HM12,0.56,PLANNED_PM
2025-06-06,HM13,0.762,ELEC
2025-06-06,HM14,0.711,ELEC
2025-06-06,HM16,0.646,PLANNED_PM
2025-06-06,HM20,0.528,OPERATOR
2025-06-06,HM25,0.403,MECH
2025-06-06,HM30,0.839,OPERATOR
2025-06-06,HM36,0.286,MATERIAL
2025-06-06,HM43,0.721,MECH
2025-06-06,HM47,1.686,MECH
2025-06-06,HM50,1.328,ELEC
2025-06-06,HM56,0.806,PLANNED_PM
2025-06-07,HM01,0.371,ELEC
2025-06-07,HM12,0.64,MATERIAL
2025-06-07,HM13,0.854,MECH
2025-06-07,HM14,1.042,MECH
2025-06-07,HM16,1.121,MATERIAL
2025-06-07,HM20,2.78,ELEC
2025-06-07,HM25,1.275,OPERATOR
2025-06-07,HM30,0.501,OPERATOR
2025-06-07,HM36,0.654,PLANNED_PM
2025-06-07,HM43,0.218,ELEC
2025-06-07,HM47,3.669,OPERATOR
2025-06-07,HM50,0.999,MATERIAL
2025-06-07,HM56,4.463,MATERIAL
2025-06-08,HM01,0.258,ELEC
2025-06-08,HM12,1.612,ELEC
2025-06-08,HM13,1.587,ELEC
2025-06-08,HM14,6.035,OPERATOR
2025-06-08,HM16,0.822,PLANNED_PM
2025-06-08,HM20,1.224,MECH
2025-06-08,HM25,1.14,MATERIAL
2025-06-08,HM30,0.566,MATERIAL
2025-06-08,HM36,0.683,PLANNED_PM
2025-06-08,HM43,0.601,PLANNED_PM
2025-06-08,HM47,0.808,PLANNED_PM
2025-06-08,HM50,1.617,ELEC
2025-06-08,HM56,1.081,PLANNED_PM
2025-06-09,HM01,0.98,PLANNED_PM
2025-06-09,HM12,0.256,ELEC
2025-06-09,HM13,0.578,ELEC
2025-06-09,HM14,0.535,ELEC
2025-06-09,HM16,0.52,PLANNED_PM
2025-06-09,HM20,5.426,OPERATOR
2025-06-09,HM25,0.578,MATERIAL
2025-06-09,HM30,0.458,OPERATOR
2025-06-09,HM36,1.521,PLANNED_PM
2025-06-09,HM43,0.512,MATERIAL
2025-06-09,HM47,0.836,MATERIAL
2025-06-09,HM50,0.426,PLANNED_PM
2025-06-09,HM56,3.266,MECH
2025-06-10,HM01,0.887,OPERATOR
2025-06-10,HM12,2.962,OPERATOR
2025-06-10,HM13,1.107,MATERIAL
2025-06-10,HM14,0.559,PLANNED_PM
2025-06-10,HM16,1.383,OPERATOR
2025-06-10,HM20,0.416,MATERIAL
2025-06-10,HM25,1.331,OPERATOR
2025-06-10,HM30,0.354,PLANNED_PM
2025-06-10,HM36,0.585,PLANNED_PM
2025-06-10,HM43,1.632,OPERATOR
2025-06-10,HM47,0.521,OPERATOR
2025-06-10,HM50,0.905,OPERATOR
2025-06-10,HM56,0.363,MATERIAL
2025-06-11,HM01,0.943,MATERIAL
2025-06-11,HM12,3.081,MATERIAL
2025-06-11,HM13,0.696,PLANNED_PM
2025-06-11,HM14,0.304,PLANNED_PM
2025-06-11,HM16,0.627,PLANNED_PM
2025-06-11,HM20,1.323,PLANNED_PM
2025-06-11,HM25,0.613,PLANNED_PM
2025-06-11,HM30,1.252,MATERIAL
2025-06-11,HM36,0.916,MECH
2025-06-11,HM43,0.805,MECH
2025-06-11,HM47,1.326,MATERIAL
2025-06-11,HM50,0.798,PLANNED_PM
2025-06-11,HM56,5.817,ELEC
2025-06-12,HM01,2.718,OPERATOR
2025-06-12,HM12,1.173,PLANNED_PM
2025-06-12,HM13,1.2,PLANNED_PM
2025-06-12,HM14,1.197,OPERATOR
2025-06-12,HM16,0.692,ELEC
2025-06-12,HM20,0.324,ELEC
2025-06-12,HM25,0.996,MECH
2025-06-12,HM30,0.614,MATERIAL
2025-06-12,HM36,0.644,MATERIAL
2025-06-12,HM43,1.111,MATERIAL
2025-06-12,HM47,1.558,PLANNED_PM
2025-06-12,HM50,0.625,MATERIAL
2025-06-12,HM56,0.228,MATERIAL
2025-06-13,HM01,0.573,MECH
2025-06-13,HM12,0.608,OPERATOR
2025-06-13,HM13,1.806,OPERATOR
2025-06-13,HM14,0.671,PLANNED_PM
2025-06-13,HM16,0.745,PLANNED_PM
2025-06-13,HM20,0.895,MATERIAL
2025-06-13,HM25,0.467,PLANNED_PM
2025-06-13,HM30,1.176,MECH
2025-06-13,HM36,1.124,MECH
2025-06-13,HM43,4.059,PLANNED_PM
2025-06-13,HM47,2.33,PLANNED_PM
2025-06-13,HM50,1.068,ELEC
2025-06-13,HM56,1.651,MECH
2025-06-14,HM01,1.714,MECH
2025-06-14,HM12,0.39,MECH
2025-06-14,HM13,1.43,ELEC
2025-06-14,HM14,1.115,MATERIAL
2025-06-14,HM16,1.161,ELEC
2025-06-14,HM20,1.831,MECH
2025-06-14,HM25,0.976,PLANNED_PM
2025-06-14,HM30,1.137,MATERIAL
2025-06-14,HM36,0.186,OPERATOR
2025-06-14,HM43,0.613,ELEC
2025-06-14,HM47,1.261,MECH
2025-06-14,HM50,0.393,ELEC
2025-06-14,HM56,0.623,ELEC
2025-06-15,HM01,1.241,MATERIAL
2025-06-15,HM12,1.198,MATERIAL
2025-06-15,HM13,4.312,MATERIAL
2025-06-15,HM14,0.578,ELEC
2025-06-15,HM16,0.654,OPERATOR
2025-06-15,HM20,0.425,OPERATOR
2025-06-15,HM25,1.158,PLANNED_PM
2025-06-15,HM30,1.005,MECH
2025-06-15,HM36,0.834,MATERIAL
2025-06-15,HM43,0.559,OPERATOR
2025-06-15,HM47,0.48,MECH
2025-06-15,HM50,0.319,MECH
2025-06-15,HM56,2.036,ELEC
2025-06-16,HM01,2.121,PLANNED_PM
2025-06-16,HM12,0.472,PLANNED_PM
2025-06-16,HM13,0.454,ELEC
2025-06-16,HM14,0.723,PLANNED_PM
2025-06-16,HM16,0.364,ELEC
2025-06-16,HM20,0.805,PLANNED_PM
2025-06-16,HM25,1.239,PLANNED_PM
2025-06-16,HM30,1.371,MATERIAL
2025-06-16,HM36,0.682,MATERIAL
2025-06-16,HM43,1.265,OPERATOR
2025-06-16,HM47,0.398,PLANNED_PM
2025-06-16,HM50,0.332,MECH
2025-06-16,HM56,1.589,MECH
2025-06-17,HM01,1.24,OPERATOR
2025-06-17,HM12,0.958,MATERIAL
2025-06-17,HM13,0.785,MATERIAL
2025-06-17,HM14,0.276,MECH
2025-06-17,HM16,0.435,ELEC
2025-06-17,HM20,0.603,PLANNED_PM
2025-06-17,HM25,1.207,OPERATOR
2025-06-17,HM30,1.621,ELEC
2025-06-17,HM36,1.804,MATERIAL
2025-06-17,HM43,3.019,OPERATOR
2025-06-17,HM47,0.421,MECH
2025-06-17,HM50,2.124,PLANNED_PM
2025-06-17,HM56,0.661,PLANNED_PM
2025-06-18,HM01,1.641,ELEC
2025-06-18,HM12,0.355,PLANNED_PM
2025-06-18,HM13,1.625,MECH
2025-06-18,HM14,1.753,OPERATOR
2025-06-18,HM16,0.927,PLANNED_PM
2025-06-18,HM20,0.801,ELEC
2025-06-18,HM25,0.709,ELEC
2025-06-18,HM30,0.784,MECH
2025-06-18,HM36,0.946,OPERATOR
2025-06-18,HM43,1.156,ELEC
2025-06-18,HM47,1.363,ELEC
2025-06-18,HM50,1.056,PLANNED_PM
2025-06-18,HM56,0.835,OPERATOR
2025-06-19,HM01,0.946,OPERATOR
2025-06-19,HM12,0.631,PLANNED_PM
2025-06-19,HM13,1.798,MATERIAL
2025-06-19,HM14,0.51,MECH
2025-06-19,HM16,2.092,PLANNED_PM
2025-06-19,HM20,0.556,PLANNED_PM
2025-06-19,HM25,4.293,MECH
2025-06-19,HM30,0.45,MATERIAL
2025-06-19,HM36,0.245,PLANNED_PM
2025-06-19,HM43,5.057,MATERIAL
2025-06-19,HM47,0.544,OPERATOR
2025-06-19,HM50,1.427,MATERIAL
2025-06-19,HM56,1.388,OPERATOR
2025-06-20,HM01,0.766,OPERATOR
2025-06-20,HM12,1.477,PLANNED_PM
2025-06-20,HM13,0.961,MATERIAL
2025-06-20,HM14,1.523,PLANNED_PM
2025-06-20,HM16,0.666,MATERIAL
2025-06-20,HM20,0.567,MECH
2025-06-20,HM25,0.862,ELEC
2025-06-20,HM30,2.736,OPERATOR
2025-06-20,HM36,1.097,MATERIAL
2025-06-20,HM43,1.279,ELEC
2025-06-20,HM47,0.908,MATERIAL
2025-06-20,HM50,0.633,OPERATOR
2025-06-20,HM56,0.996,OPERATOR
2025-06-21,HM01,0.983,OPERATOR
2025-06-21,HM12,0.54,ELEC
2025-06-21,HM13,0.667,MECH
2025-06-21,HM14,0.993,MECH
2025-06-21,HM16,0.405,OPERATOR
2025-06-21,HM20,0.368,PLANNED_PM
2025-06-21,HM25,6.229,MATERIAL
2025-06-21,HM30,0.469,MATERIAL
2025-06-21,HM36,1.317,PLANNED_PM
2025-06-21,HM43,0.475,MECH
2025-06-21,HM47,0.696,ELEC
2025-06-21,HM50,0.547,MATERIAL
2025-06-21,HM56,0.723,MECH
2025-06-22,HM01,1.503,OPERATOR
2025-06-22,HM12,0.877,MATERIAL
2025-06-22,HM13,1.835,OPERATOR
2025-06-22,HM14,0.709,OPERATOR
2025-06-22,HM16,0.771,OPERATOR
2025-06-22,HM20,0.721,MECH
2025-06-22,HM25,0.392,ELEC
2025-06-22,HM30,0.386,MECH
2025-06-22,HM36,0.976,ELEC
2025-06-22,HM43,1.02,MECH
2025-06-22,HM47,0.753,MECH
2025-06-22,HM50,0.559,PLANNED_PM
2025-06-22,HM56,0.446,ELEC
2025-06-23,HM01,0.512,PLANNED_PM
2025-06-23,HM12,0.435,MECH
2025-06-23,HM13,0.444,OPERATOR
2025-06-23,HM14,0.871,MECH
2025-06-23,HM16,0.221,ELEC
2025-06-23,HM20,0.979,PLANNED_PM
2025-06-23,HM25,0.666,MECH
2025-06-23,HM30,2.225,MECH
2025-06-23,HM36,1.044,MATERIAL
2025-06-23,HM43,1.464,MECH
2025-06-23,HM47,0.993,MATERIAL
2025-06-23,HM50,0.658,PLANNED_PM
2025-06-23,HM56,0.493,MECH
2025-06-24,HM01,0.931,PLANNED_PM
2025-06-24,HM12,0.861,OPERATOR
2025-06-24,HM13,2.408,ELEC
2025-06-24,HM14,1.181,ELEC
2025-06-24,HM16,0.519,MECH
2025-06-24,HM20,0.545,ELEC
2025-06-24,HM25,0.798,OPERATOR
2025-06-24,HM30,1.367,PLANNED_PM
2025-06-24,HM36,5.682,ELEC
2025-06-24,HM43,0.611,OPERATOR
2025-06-24,HM47,5.876,OPERATOR
2025-06-24,HM50,3.26,OPERATOR
2025-06-24,HM56,0.916,MECH
2025-06-25,HM01,0.975,MATERIAL
2025-06-25,HM12,1.655,MECH
2025-06-25,HM13,0.563,PLANNED_PM
2025-06-25,HM14,0.534,OPERATOR
2025-06-25,HM16,0.916,MECH
2025-06-25,HM20,0.325,PLANNED_PM
2025-06-25,HM25,5.449,MECH
2025-06-25,HM30,0.486,MATERIAL
2025-06-25,HM36,1.269,OPERATOR
2025-06-25,HM43,0.874,ELEC
2025-06-25,HM47,5.207,MATERIAL
2025-06-25,HM50,1.41,ELEC
2025-06-25,HM56,0.887,ELEC
2025-06-26,HM01,2.471,PLANNED_PM
2025-06-26,HM12,1.345,PLANNED_PM
2025-06-26,HM13,1.981,PLANNED_PM
2025-06-26,HM14,0.521,MECH
2025-06-26,HM16,1.372,MATERIAL
2025-06-26,HM20,1.481,PLANNED_PM
2025-06-26,HM25,0.869,MATERIAL
2025-06-26,HM30,5.869,PLANNED_PM
2025-06-26,HM36,1.162,PLANNED_PM
2025-06-26,HM43,1.38,ELEC
2025-06-26,HM47,0.617,MECH
2025-06-26,HM50,0.472,MATERIAL
2025-06-26,HM56,0.91,ELEC
2025-06-27,HM01,1.315,ELEC
2025-06-27,HM12,0.935,MECH
2025-06-27,HM13,3.945,MECH
2025-06-27,HM14,0.516,PLANNED_PM
2025-06-27,HM16,0.438,OPERATOR
2025-06-27,HM20,0.98,MATERIAL
2025-06-27,HM25,5.009,OPERATOR
2025-06-27,HM30,2.547,MECH
2025-06-27,HM36,1.236,PLANNED_PM
2025-06-27,HM43,0.324,PLANNED_PM
2025-06-27,HM47,0.774,PLANNED_PM
2025-06-27,HM50,0.393,MATERIAL
2025-06-27,HM56,0.717,OPERATOR
2025-06-28,HM01,0.832,MECH
2025-06-28,HM12,1.427,OPERATOR
2025-06-28,HM13,0.706,PLANNED_PM
2025-06-28,HM14,0.334,ELEC
2025-06-28,HM16,1.369,ELEC
2025-06-28,HM20,1.107,ELEC
2025-06-28,HM25,0.715,MATERIAL
2025-06-28,HM30,0.963,MATERIAL
2025-06-28,HM36,1.36,ELEC
2025-06-28,HM43,0.313,MATERIAL
2025-06-28,HM47,0.538,PLANNED_PM
2025-06-28,HM50,0.602,MATERIAL
2025-06-28,HM56,0.705,PLANNED_PM
2025-06-29,HM01,1.326,ELEC
2025-06-29,HM12,0.801,OPERATOR
2025-06-29,HM13,1.481,MECH
2025-06-29,HM14,0.659,ELEC
2025-06-29,HM16,1.693,ELEC
2025-06-29,HM20,1.131,PLANNED_PM
2025-06-29,HM25,1.655,ELEC
2025-06-29,HM30,0.747,MATERIAL
2025-06-29,HM36,0.449,PLANNED_PM
2025-06-29,HM43,0.969,MATERIAL
2025-06-29,HM47,1.439,MATERIAL
2025-06-29,HM50,5.194,OPERATOR
2025-06-29,HM56,1.285,ELEC
2025-06-30,HM01,0.732,PLANNED_PM
2025-06-30,HM12,0.526,MECH
2025-06-30,HM13,0.976,ELEC
2025-06-30,HM14,0.795,MATERIAL
2025-06-30,HM16,1.525,MATERIAL
2025-06-30,HM20,1.008,MECH
2025-06-30,HM25,0.362,OPERATOR
2025-06-30,HM30,0.664,MATERIAL
2025-06-30,HM36,0.668,ELEC
2025-06-30,HM43,0.675,MATERIAL
2025-06-30,HM47,0.478,ELEC
2025-06-30,HM50,0.889,MATERIAL
2025-06-30,HM56,0.758,MATERIAL
2025-07-01,HM01,0.357,MECH
2025-07-01,HM12,0.704,OPERATOR
2025-07-01,HM13,0.828,MECH
2025-07-01,HM14,0.518,PLANNED_PM
2025-07-01,HM16,0.576,PLANNED_PM
2025-07-01,HM20,1.361,MECH
2025-07-01,HM25,3.804,MECH
2025-07-01,HM30,0.641,PLANNED_PM
2025-07-01,HM36,0.45,OPERATOR
2025-07-01,HM43,2.769,PLANNED_PM
2025-07-01,HM47,0.792,PLANNED_PM
2025-07-01,HM50,2.2,MATERIAL
2025-07-01,HM56,0.761,ELEC
2025-07-02,HM01,1.612,OPERATOR
2025-07-02,HM12,0.601,ELEC
2025-07-02,HM13,1.369,PLANNED_PM
2025-07-02,HM14,0.501,ELEC
2025-07-02,HM16,1.793,PLANNED_PM
2025-07-02,HM20,0.774,PLANNED_PM
2025-07-02,HM25,2.945,OPERATOR
2025-07-02,HM30,0.983,MATERIAL
2025-07-02,HM36,0.939,ELEC
2025-07-02,HM43,0.684,MATERIAL
2025-07-02,HM47,0.739,OPERATOR
2025-07-02,HM50,1.936,ELEC
2025-07-02,HM56,0.863,ELEC
2025-07-03,HM01,1.486,PLANNED_PM
2025-07-03,HM12,0.886,MATERIAL
2025-07-03,HM13,1.156,PLANNED_PM
2025-07-03,HM14,3.26,OPERATOR
2025-07-03,HM16,1.235,ELEC
2025-07-03,HM20,5.481,ELEC
2025-07-03,HM25,0.827,OPERATOR
2025-07-03,HM30,0.36,ELEC
2025-07-03,HM36,1.69,MECH
2025-07-03,HM43,0.743,MECH
2025-07-03,HM47,0.676,MECH
2025-07-03,HM50,0.325,MECH
2025-07-03,HM56,1.048,PLANNED_PM
2025-07-04,HM01,0.959,MECH
2025-07-04,HM12,1.248,MECH
2025-07-04,HM13,1.199,OPERATOR
2025-07-04,HM14,1.694,OPERATOR
2025-07-04,HM16,0.887,PLANNED_PM
2025-07-04,HM20,0.83,ELEC
2025-07-04,HM25,0.845,MATERIAL
2025-07-04,HM30,1.625,OPERATOR
2025-07-04,HM36,0.521,PLANNED_PM
2025-07-04,HM43,0.627,OPERATOR
2025-07-04,HM47,0.454,ELEC
2025-07-04,HM50,5.502,MECH
2025-07-04,HM56,0.807,OPERATOR
2025-07-05,HM01,1.019,MATERIAL
2025-07-05,HM12,0.609,PLANNED_PM
2025-07-05,HM13,1.095,OPERATOR
2025-07-05,HM14,1.442,OPERATOR
2025-07-05,HM16,0.739,MECH
2025-07-05,HM20,0.658,ELEC
2025-07-05,HM25,0.802,OPERATOR
2025-07-05,HM30,0.449,ELEC
2025-07-05,HM36,2.093,MATERIAL
2025-07-05,HM43,0.919,MATERIAL
2025-07-05,HM47,0.76,PLANNED_PM
2025-07-05,HM50,0.581,PLANNED_PM
2025-07-05,HM56,1.091,PLANNED_PM
2025-07-06,HM01,0.667,MATERIAL
2025-07-06,HM12,0.67,MATERIAL
2025-07-06,HM13,1.135,MATERIAL
2025-07-06,HM14,1.366,MATERIAL
2025-07-06,HM16,0.781,PLANNED_PM
2025-07-06,HM20,0.661,PLANNED_PM
2025-07-06,HM25,1.048,ELEC
2025-07-06,HM30,4.664,MECH
2025-07-06,HM36,0.754,PLANNED_PM
2025-07-06,HM43,0.412,MATERIAL
2025-07-06,HM47,1.528,MECH
2025-07-06,HM50,0.698,ELEC
2025-07-06,HM56,1.25,MECH
2025-07-07,HM01,1.168,OPERATOR
2025-07-07,HM12,5.532,OPERATOR
2025-07-07,HM13,0.762,MECH
2025-07-07,HM14,0.973,ELEC
2025-07-07,HM16,1.716,ELEC
2025-07-07,HM20,0.305,PLANNED_PM
2025-07-07,HM25,1.14,MECH
2025-07-07,HM30,0.731,ELEC
2025-07-07,HM36,0.393,PLANNED_PM
2025-07-07,HM43,1.643,OPERATOR
2025-07-07,HM47,0.957,OPERATOR
2025-07-07,HM50,0.446,MATERIAL
2025-07-07,HM56,1.177,ELEC
2025-07-08,HM01,0.624,OPERATOR
2025-07-08,HM12,1.056,MATERIAL
2025-07-08,HM13,1.939,MECH
2025-07-08,HM14,1.317,MECH
2025-07-08,HM16,1.257,OPERATOR
2025-07-08,HM20,0.648,ELEC
2025-07-08,HM25,0.249,PLANNED_PM
2025-07-08,HM30,0.259,ELEC
2025-07-08,HM36,0.464,MATERIAL
2025-07-08,HM43,1.492,MECH
2025-07-08,HM47,0.496,OPERATOR
2025-07-08,HM50,0.278,MATERIAL
2025-07-08,HM56,0.678,OPERATOR
2025-07-09,HM01,0.556,MATERIAL
2025-07-09,HM12,1.547,MECH
2025-07-09,HM13,1.111,OPERATOR
2025-07-09,HM14,1.009,PLANNED_PM
2025-07-09,HM16,1.41,MATERIAL
2025-07-09,HM20,1.572,PLANNED_PM
2025-07-09,HM25,1.276,OPERATOR
2025-07-09,HM30,6.745,ELEC
2025-07-09,HM36,0.725,MATERIAL
2025-07-09,HM43,1.762,ELEC
2025-07-09,HM47,0.676,ELEC
2025-07-09,HM50,0.538,MATERIAL
2025-07-09,HM56,1.197,PLANNED_PM
2025-07-10,HM01,1.019,PLANNED_PM
2025-07-10,HM12,4.745,PLANNED_PM
2025-07-10,HM13,6.112,ELEC
2025-07-10,HM14,1.615,OPERATOR
2025-07-10,HM16,0.554,PLANNED_PM
2025-07-10,HM20,1.813,OPERATOR
2025-07-10,HM25,2.199,MECH
2025-07-10,HM30,0.847,OPERATOR
2025-07-10,HM36,0.573,MECH
2025-07-10,HM43,0.338,MATERIAL
2025-07-10,HM47,0.882,OPERATOR
2025-07-10,HM50,0.669,PLANNED_PM
2025-07-10,HM56,2.028,MATERIAL
2025-07-11,HM01,1.341,MECH
2025-07-11,HM12,1.181,MATERIAL
2025-07-11,HM13,0.375,OPERATOR
2025-07-11,HM14,0.713,OPERATOR
2025-07-11,HM16,0.641,MECH
2025-07-11,HM20,3.638,MATERIAL
2025-07-11,HM25,1.446,OPERATOR
2025-07-11,HM30,0.802,ELEC
2025-07-11,HM36,2.828,OPERATOR
2025-07-11,HM43,0.441,OPERATOR
2025-07-11,HM47,0.289,PLANNED_PM
2025-07-11,HM50,0.983,PLANNED_PM
2025-07-11,HM56,0.474,MECH
2025-07-12,HM01,2.122,OPERATOR
2025-07-12,HM12,1.005,OPERATOR
2025-07-12,HM13,0.354,MATERIAL
2025-07-12,HM14,0.576,PLANNED_PM
2025-07-12,HM16,0.557,MATERIAL
2025-07-12,HM20,1.175,PLANNED_PM
2025-07-12,HM25,0.945,MATERIAL
2025-07-12,HM30,3.482,MECH
2025-07-12,HM36,1.335,MATERIAL
2025-07-12,HM43,0.626,PLANNED_PM
2025-07-12,HM47,0.981,PLANNED_PM
2025-07-12,HM50,1.619,MECH
2025-07-12,HM56,0.951,OPERATOR
2025-07-13,HM01,1.332,MECH
2025-07-13,HM12,0.531,MATERIAL
2025-07-13,HM13,0.964,ELEC
2025-07-13,HM14,0.931,MATERIAL
2025-07-13,HM16,1.502,MATERIAL
2025-07-13,HM20,0.868,MECH
2025-07-13,HM25,1.428,PLANNED_PM
2025-07-13,HM30,0.456,MECH
2025-07-13,HM36,1.063,OPERATOR
2025-07-13,HM43,0.903,PLANNED_PM
2025-07-13,HM47,1.198,ELEC
2025-07-13,HM50,0.489,OPERATOR
2025-07-13,HM56,1.063,OPERATOR
2025-07-14,HM01,0.266,PLANNED_PM
2025-07-14,HM12,1.345,MATERIAL
2025-07-14,HM13,1.012,PLANNED_PM
2025-07-14,HM14,1.367,OPERATOR
2025-07-14,HM16,0.331,OPERATOR
2025-07-14,HM20,0.547,PLANNED_PM
2025-07-14,HM25,7.479,MATERIAL
2025-07-14,HM30,1.037,PLANNED_PM
2025-07-14,HM36,0.648,MATERIAL
2025-07-14,HM43,1.182,MECH
2025-07-14,HM47,0.774,MECH
2025-07-14,HM50,1.23,OPERATOR
2025-07-14,HM56,1.423,PLANNED_PM
2025-07-15,HM01,0.449,MECH
2025-07-15,HM12,1.441,MATERIAL
2025-07-15,HM13,0.717,ELEC
2025-07-15,HM14,6.78,OPERATOR
2025-07-15,HM16,0.605,PLANNED_PM
2025-07-15,HM20,0.892,PLANNED_PM
2025-07-15,HM25,0.595,MATERIAL
2025-07-15,HM30,1.283,MECH
2025-07-15,HM36,0.705,MECH
2025-07-15,HM43,1.244,PLANNED_PM
2025-07-15,HM47,0.354,OPERATOR
2025-07-15,HM50,2.289,OPERATOR
2025-07-15,HM56,0.955,MECH
2025-07-16,HM01,0.49,ELEC
2025-07-16,HM12,0.631,MECH
2025-07-16,HM13,0.72,ELEC
2025-07-16,HM14,0.649,MECH
2025-07-16,HM16,0.616,OPERATOR
2025-07-16,HM20,0.648,PLANNED_PM
2025-07-16,HM25,1.415,MECH
2025-07-16,HM30,0.841,PLANNED_PM
2025-07-16,HM36,0.594,MATERIAL
2025-07-16,HM43,0.8,PLANNED_PM
2025-07-16,HM47,1.009,PLANNED_PM
2025-07-16,HM50,1.745,ELEC
2025-07-16,HM56,1.002,PLANNED_PM
2025-07-17,HM01,0.513,MECH
2025-07-17,HM12,1.106,PLANNED_PM
2025-07-17,HM13,1.016,ELEC
2025-07-17,HM14,0.607,MECH
2025-07-17,HM16,0.548,MECH
2025-07-17,HM20,2.712,MATERIAL
2025-07-17,HM25,0.921,MECH
2025-07-17,HM30,6.378,ELEC
2025-07-17,HM36,6.231,MATERIAL
2025-07-17,HM43,0.923,MECH
2025-07-17,HM47,0.337,PLANNED_PM
2025-07-17,HM50,1.16,ELEC
2025-07-17,HM56,0.871,MATERIAL
2025-07-18,HM01,0.234,OPERATOR
2025-07-18,HM12,1.087,OPERATOR
2025-07-18,HM13,0.762,OPERATOR
2025-07-18,HM14,4.124,OPERATOR
2025-07-18,HM16,0.44,ELEC
2025-07-18,HM20,0.536,PLANNED_PM
2025-07-18,HM25,1.395,ELEC
2025-07-18,HM30,1.3,MATERIAL
2025-07-18,HM36,1.195,OPERATOR
2025-07-18,HM43,0.853,PLANNED_PM
2025-07-18,HM47,2.284,ELEC
2025-07-18,HM50,0.644,OPERATOR
2025-07-18,HM56,6.319,PLANNED_PM
2025-07-19,HM01,0.511,MECH
2025-07-19,HM12,0.657,OPERATOR
2025-07-19,HM13,1.518,PLANNED_PM
2025-07-19,HM14,0.737,MATERIAL
2025-07-19,HM16,0.288,MATERIAL
2025-07-19,HM20,0.622,OPERATOR
2025-07-19,HM25,1.08,MECH
2025-07-19,HM30,0.747,MATERIAL
2025-07-19,HM36,0.591,PLANNED_PM
2025-07-19,HM43,1.146,ELEC
2025-07-19,HM47,6.217,MATERIAL
2025-07-19,HM50,0.871,ELEC
2025-07-19,HM56,1.542,OPERATOR
2025-07-20,HM01,1.992,MATERIAL
2025-07-20,HM12,0.965,MATERIAL
2025-07-20,HM13,1.141,MECH
2025-07-20,HM14,1.257,ELEC
2025-07-20,HM16,0.83,OPERATOR
2025-07-20,HM20,0.963,MECH
2025-07-20,HM25,1.207,MECH
2025-07-20,HM30,0.473,MECH
2025-07-20,HM36,0.656,PLANNED_PM
2025-07-20,HM43,0.289,MATERIAL
2025-07-20,HM47,0.706,MECH
2025-07-20,HM50,6.108,OPERATOR
2025-07-20,HM56,4.019,PLANNED_PM
2025-07-21,HM01,0.753,ELEC
2025-07-21,HM12,0.458,MECH
2025-07-21,HM13,0.972,OPERATOR
2025-07-21,HM14,1.083,ELEC
2025-07-21,HM16,0.872,PLANNED_PM
2025-07-21,HM20,0.595,MECH
2025-07-21,HM25,0.904,ELEC
2025-07-21,HM30,1.109,PLANNED_PM
2025-07-21,HM36,1.154,ELEC
2025-07-21,HM43,1.923,MATERIAL
2025-07-21,HM47,0.536,ELEC
2025-07-21,HM50,1.071,MATERIAL
2025-07-21,HM56,0.457,OPERATOR
2025-07-22,HM01,1.207,MECH
2025-07-22,HM12,1.266,ELEC
2025-07-22,HM13,7.323,MATERIAL
2025-07-22,HM14,1.758,MECH
2025-07-22,HM16,1.234,OPERATOR
2025-07-22,HM20,0.883,ELEC
2025-07-22,HM25,0.9,MECH
2025-07-22,HM30,0.383,OPERATOR
2025-07-22,HM36,0.702,MATERIAL
2025-07-22,HM43,1.201,OPERATOR
2025-07-22,HM47,1.536,MATERIAL
2025-07-22,HM50,1.15,PLANNED_PM
2025-07-22,HM56,1.086,PLANNED_PM
2025-07-23,HM01,0.848,PLANNED_PM
2025-07-23,HM12,1.433,OPERATOR
2025-07-23,HM13,1.013,OPERATOR
2025-07-23,HM14,0.6,MATERIAL
2025-07-23,HM16,0.887,ELEC
2025-07-23,HM20,0.737,MECH
2025-07-23,HM25,0.973,MECH
2025-07-23,HM30,1.277,MATERIAL
2025-07-23,HM36,0.715,MATERIAL
2025-07-23,HM43,0.411,MATERIAL
2025-07-23,HM47,2.859,PLANNED_PM
2025-07-23,HM50,1.211,MATERIAL
2025-07-23,HM56,0.5,MECH
2025-07-24,HM01,0.539,MECH
2025-07-24,HM12,2.876,MATERIAL
2025-07-24,HM13,1.43,MECH
2025-07-24,HM14,1.819,OPERATOR
2025-07-24,HM16,0.607,ELEC
2025-07-24,HM20,0.911,PLANNED_PM
2025-07-24,HM25,1.595,MECH
2025-07-24,HM30,1.052,ELEC
2025-07-24,HM36,1.196,ELEC
2025-07-24,HM43,0.428,MATERIAL
2025-07-24,HM47,0.774,OPERATOR
2025-07-24,HM50,0.342,OPERATOR
2025-07-24,HM56,1.023,ELEC
2025-07-25,HM01,0.346,OPERATOR
2025-07-25,HM12,0.628,MATERIAL
2025-07-25,HM13,0.48,PLANNED_PM
2025-07-25,HM14,0.913,ELEC
2025-07-25,HM16,1.153,MATERIAL
2025-07-25,HM20,3.431,ELEC
2025-07-25,HM25,1.307,PLANNED_PM
2025-07-25,HM30,0.278,PLANNED_PM
2025-07-25,HM36,0.31,MATERIAL
2025-07-25,HM43,0.694,PLANNED_PM
2025-07-25,HM47,2.949,OPERATOR
2025-07-25,HM50,0.609,OPERATOR
2025-07-25,HM56,1.47,MATERIAL
2025-07-26,HM01,0.781,OPERATOR
2025-07-26,HM12,0.729,MATERIAL
2025-07-26,HM13,0.723,MATERIAL
2025-07-26,HM14,0.242,PLANNED_PM
2025-07-26,HM16,0.834,ELEC
2025-07-26,HM20,0.99,OPERATOR
2025-07-26,HM25,0.768,MECH
2025-07-26,HM30,2.302,MATERIAL
2025-07-26,HM36,1.457,MECH
2025-07-26,HM43,1.012,PLANNED_PM
2025-07-26,HM47,0.958,PLANNED_PM
2025-07-26,HM50,1.107,MECH
2025-07-26,HM56,0.371,ELEC
2025-07-27,HM01,1.315,PLANNED_PM
2025-07-27,HM12,0.449,MATERIAL
2025-07-27,HM13,0.491,ELEC
2025-07-27,HM14,6.005,PLANNED_PM
2025-07-27,HM16,0.592,MATERIAL
2025-07-27,HM20,0.629,PLANNED_PM
2025-07-27,HM25,0.728,OPERATOR
2025-07-27,HM30,0.983,PLANNED_PM
2025-07-27,HM36,1.513,MECH
2025-07-27,HM43,0.925,ELEC
2025-07-27,HM47,0.554,PLANNED_PM
2025-07-27,HM50,0.31,OPERATOR
2025-07-27,HM56,0.724,PLANNED_PM
2025-07-28,HM01,4.722,ELEC
2025-07-28,HM12,0.748,MATERIAL
2025-07-28,HM13,1.543,MATERIAL
2025-07-28,HM14,0.597,ELEC
2025-07-28,HM16,0.658,OPERATOR
2025-07-28,HM20,0.415,OPERATOR
2025-07-28,HM25,0.998,ELEC
2025-07-28,HM30,0.88,MECH
2025-07-28,HM36,0.394,MATERIAL
2025-07-28,HM43,0.786,PLANNED_PM
2025-07-28,HM47,1.752,MATERIAL
2025-07-28,HM50,1.326,OPERATOR
2025-07-28,HM56,1.053,MECH
2025-07-29,HM01,0.847,OPERATOR
2025-07-29,HM12,1.166,MECH
2025-07-29,HM13,0.228,ELEC
2025-07-29,HM14,1.366,MATERIAL
2025-07-29,HM16,1.123,MATERIAL
2025-07-29,HM20,0.358,MATERIAL
2025-07-29,HM25,0.445,ELEC
2025-07-29,HM30,0.238,ELEC
2025-07-29,HM36,0.521,PLANNED_PM
2025-07-29,HM43,4.072,MATERIAL
2025-07-29,HM47,2.008,PLANNED_PM
2025-07-29,HM50,3.264,PLANNED_PM
2025-07-29,HM56,0.683,OPERATOR
2025-07-30,HM01,7.276,MATERIAL
2025-07-30,HM12,0.895,OPERATOR
2025-07-30,HM13,0.907,ELEC
2025-07-30,HM14,0.787,PLANNED_PM
2025-07-30,HM16,0.906,MECH
2025-07-30,HM20,0.464,MECH
2025-07-30,HM25,0.496,MECH
2025-07-30,HM30,1.131,MECH
2025-07-30,HM36,2.392,MATERIAL
2025-07-30,HM43,0.98,OPERATOR
2025-07-30,HM47,2.52,OPERATOR
2025-07-30,HM50,0.639,ELEC
2025-07-30,HM56,0.214,MECH
2025-07-31,HM01,1.37,MATERIAL
2025-07-31,HM12,1.078,PLANNED_PM
2025-07-31,HM13,0.937,MECH
2025-07-31,HM14,1.409,ELEC
2025-07-31,HM16,0.49,PLANNED_PM
2025-07-31,HM20,0.733,OPERATOR
2025-07-31,HM25,6.42,MECH
2025-07-31,HM30,0.538,ELEC
2025-07-31,HM36,5.888,ELEC
2025-07-31,HM43,1.068,PLANNED_PM
2025-07-31,HM47,0.697,OPERATOR
2025-07-31,HM50,0.867,OPERATOR
2025-07-31,HM56,0.697,MATERIAL
2025-08-01,HM01,0.627,MATERIAL
2025-08-01,HM12,0.697,ELEC
2025-08-01,HM13,1.558,MECH
2025-08-01,HM14,0.641,PLANNED_PM
2025-08-01,HM16,2.405,PLANNED_PM
2025-08-01,HM20,0.377,OPERATOR
2025-08-01,HM25,0.476,ELEC
2025-08-01,HM30,0.791,MECH
2025-08-01,HM36,0.824,ELEC
2025-08-01,HM43,0.434,OPERATOR
2025-08-01,HM47,0.847,MATERIAL
2025-08-01,HM50,0.381,PLANNED_PM
2025-08-01,HM56,1.266,OPERATOR
2025-08-02,HM01,6.278,MATERIAL
2025-08-02,HM12,3.656,MECH
2025-08-02,HM13,1.089,OPERATOR
2025-08-02,HM14,0.254,MECH
2025-08-02,HM16,2.504,OPERATOR
2025-08-02,HM20,1.617,MECH
2025-08-02,HM25,1.009,ELEC
2025-08-02,HM30,0.798,MATERIAL
2025-08-02,HM36,1.677,MATERIAL
2025-08-02,HM43,0.931,PLANNED_PM
2025-08-02,HM47,3.958,OPERATOR
2025-08-02,HM50,0.509,MATERIAL
2025-08-02,HM56,1.037,OPERATOR
2025-08-03,HM01,0.457,MATERIAL
2025-08-03,HM12,0.43,OPERATOR
2025-08-03,HM13,1.095,MATERIAL
2025-08-03,HM14,1.994,PLANNED_PM
2025-08-03,HM16,0.8,OPERATOR
2025-08-03,HM20,0.92,PLANNED_PM
2025-08-03,HM25,0.25,MATERIAL
2025-08-03,HM30,3.76,PLANNED_PM
2025-08-03,HM36,0.485,OPERATOR
2025-08-03,HM43,1.037,PLANNED_PM
2025-08-03,HM47,0.98,MECH
2025-08-03,HM50,1.056,OPERATOR
2025-08-03,HM56,0.632,MATERIAL
2025-08-04,HM01,0.952,OPERATOR
2025-08-04,HM12,0.809,ELEC
2025-08-04,HM13,0.42,ELEC
2025-08-04,HM14,0.89,MATERIAL
2025-08-04,HM16,2.336,MECH
2025-08-04,HM20,1.061,MATERIAL
2025-08-04,HM25,0.528,MATERIAL
2025-08-04,HM30,0.538,ELEC
2025-08-04,HM36,0.523,MATERIAL
2025-08-04,HM43,0.641,MATERIAL
2025-08-04,HM47,2.217,ELEC
2025-08-04,HM50,1.163,ELEC
2025-08-04,HM56,0.8,MATERIAL
2025-08-05,HM01,1.684,OPERATOR
2025-08-05,HM12,1.008,PLANNED_PM
2025-08-05,HM13,5.734,MECH
2025-08-05,HM14,0.477,OPERATOR
2025-08-05,HM16,0.689,PLANNED_PM
2025-08-05,HM20,1.326,OPERATOR
2025-08-05,HM25,2.603,MECH
2025-08-05,HM30,0.454,OPERATOR
2025-08-05,HM36,0.979,PLANNED_PM
2025-08-05,HM43,3.301,PLANNED_PM
2025-08-05,HM47,1.481,OPERATOR
2025-08-05,HM50,0.856,OPERATOR
2025-08-05,HM56,0.674,MECH
2025-08-06,HM01,0.736,PLANNED_PM
2025-08-06,HM12,0.798,PLANNED_PM
2025-08-06,HM13,0.977,PLANNED_PM
2025-08-06,HM14,2.054,MATERIAL
2025-08-06,HM16,0.785,PLANNED_PM
2025-08-06,HM20,1.021,PLANNED_PM
2025-08-06,HM25,1.016,MATERIAL
2025-08-06,HM30,0.593,ELEC
2025-08-06,HM36,2.125,MECH
2025-08-06,HM43,0.66,OPERATOR
2025-08-06,HM47,0.872,MECH
2025-08-06,HM50,0.559,ELEC
2025-08-06,HM56,0.612,ELEC
2025-08-07,HM01,1.503,MECH
2025-08-07,HM12,0.557,MATERIAL
2025-08-07,HM13,1.212,PLANNED_PM
2025-08-07,HM14,1.239,PLANNED_PM
2025-08-07,HM16,1.226,PLANNED_PM
2025-08-07,HM20,1.137,MECH
2025-08-07,HM25,0.274,ELEC
2025-08-07,HM30,1.2,ELEC
2025-08-07,HM36,1.49,MATERIAL
2025-08-07,HM43,1.198,MECH
2025-08-07,HM47,0.44,PLANNED_PM
2025-08-07,HM50,2.915,ELEC
2025-08-07,HM56,0.794,MECH
2025-08-08,HM01,0.696,ELEC
2025-08-08,HM12,0.609,ELEC
2025-08-08,HM13,0.454,MECH
2025-08-08,HM14,0.264,OPERATOR
2025-08-08,HM16,0.575,OPERATOR
2025-08-08,HM20,0.992,PLANNED_PM
2025-08-08,HM25,1.236,OPERATOR
2025-08-08,HM30,0.789,MECH
2025-08-08,HM36,1.594,MECH
2025-08-08,HM43,0.488,PLANNED_PM
2025-08-08,HM47,1.693,MATERIAL
2025-08-08,HM50,1.044,ELEC
2025-08-08,HM56,1.875,OPERATOR
2025-08-09,HM01,0.222,MECH
2025-08-09,HM12,0.724,MECH
2025-08-09,HM13,0.645,MECH
2025-08-09,HM14,0.773,MECH
2025-08-09,HM16,1.098,ELEC
2025-08-09,HM20,0.597,OPERATOR
2025-08-09,HM25,1.154,ELEC
2025-08-09,HM30,0.447,ELEC
2025-08-09,HM36,1.077,MECH
2025-08-09,HM43,0.632,PLANNED_PM
2025-08-09,HM47,5.589,OPERATOR
2025-08-09,HM50,0.654,MATERIAL
2025-08-09,HM56,0.74,PLANNED_PM
2025-08-10,HM01,1.637,MECH
2025-08-10,HM12,1.661,MATERIAL
2025-08-10,HM13,0.442,MATERIAL
2025-08-10,HM14,1.177,PLANNED_PM
2025-08-10,HM16,2.464,PLANNED_PM
2025-08-10,HM20,1.239,MATERIAL
2025-08-10,HM25,0.755,OPERATOR
2025-08-10,HM30,0.825,PLANNED_PM
2025-08-10,HM36,0.593,PLANNED_PM
2025-08-10,HM43,6.179,MATERIAL
2025-08-10,HM47,1.368,PLANNED_PM
2025-08-10,HM50,0.658,MATERIAL
2025-08-10,HM56,0.287,OPERATOR
2025-08-11,HM01,0.814,MATERIAL
2025-08-11,HM12,4.15,ELEC
2025-08-11,HM13,1.004,MECH
2025-08-11,HM14,0.561,ELEC
2025-08-11,HM16,0.806,OPERATOR
2025-08-11,HM20,0.897,PLANNED_PM
2025-08-11,HM25,0.263,OPERATOR
2025-08-11,HM30,1.493,MATERIAL
2025-08-11,HM36,0.75,MATERIAL
2025-08-11,HM43,6.896,MATERIAL
2025-08-11,HM47,0.831,PLANNED_PM
2025-08-11,HM50,1.097,PLANNED_PM
2025-08-11,HM56,0.891,PLANNED_PM
2025-08-12,HM01,0.647,ELEC
2025-08-12,HM12,0.988,MATERIAL
2025-08-12,HM13,1.029,ELEC
2025-08-12,HM14,2.38,PLANNED_PM
2025-08-12,HM16,1.059,MECH
2025-08-12,HM20,0.643,MECH
2025-08-12,HM25,5.14,PLANNED_PM
2025-08-12,HM30,0.432,PLANNED_PM
2025-08-12,HM36,0.905,PLANNED_PM
2025-08-12,HM43,0.858,ELEC
2025-08-12,HM47,0.746,MATERIAL
2025-08-12,HM50,0.499,OPERATOR
2025-08-12,HM56,0.876,MATERIAL
2025-08-13,HM01,1.114,MATERIAL
2025-08-13,HM12,0.64,MECH
2025-08-13,HM13,0.42,ELEC
2025-08-13,HM14,1.96,PLANNED_PM
2025-08-13,HM16,0.737,MATERIAL
2025-08-13,HM20,0.864,MECH
2025-08-13,HM25,0.672,PLANNED_PM
2025-08-13,HM30,3.553,MECH
2025-08-13,HM36,0.537,MECH
2025-08-13,HM43,1.842,PLANNED_PM
2025-08-13,HM47,0.432,PLANNED_PM
2025-08-13,HM50,5.133,ELEC
2025-08-13,HM56,2.097,OPERATOR
2025-08-14,HM01,1.762,MECH
2025-08-14,HM12,0.627,MECH
2025-08-14,HM13,2.019,ELEC
2025-08-14,HM14,1.465,OPERATOR
2025-08-14,HM16,1.062,MECH
2025-08-14,HM20,0.85,MECH
2025-08-14,HM25,0.712,MATERIAL
2025-08-14,HM30,1.15,PLANNED_PM
2025-08-14,HM36,0.288,OPERATOR
2025-08-14,HM43,1.832,OPERATOR
2025-08-14,HM47,1.743,PLANNED_PM
2025-08-14,HM50,4.242,PLANNED_PM
2025-08-14,HM56,1.489,MECH
2025-08-15,HM01,0.554,PLANNED_PM
2025-08-15,HM12,2.855,ELEC
2025-08-15,HM13,0.978,ELEC
2025-08-15,HM14,0.474,MECH
2025-08-15,HM16,1.848,MATERIAL
2025-08-15,HM20,2.119,OPERATOR
2025-08-15,HM25,0.435,PLANNED_PM
2025-08-15,HM30,0.53,OPERATOR
2025-08-15,HM36,1.557,MECH
2025-08-15,HM43,6.501,MATERIAL
2025-08-15,HM47,3.942,MATERIAL
2025-08-15,HM50,0.541,MATERIAL
2025-08-15,HM56,0.827,PLANNED_PM
2025-08-16,HM01,1.197,PLANNED_PM
2025-08-16,HM12,0.624,ELEC
2025-08-16,HM13,0.24,ELEC
2025-08-16,HM14,1.404,MECH
2025-08-16,HM16,1.519,PLANNED_PM
2025-08-16,HM20,0.508,ELEC
2025-08-16,HM25,0.623,OPERATOR
2025-08-16,HM30,0.672,OPERATOR
2025-08-16,HM36,0.643,MECH
2025-08-16,HM43,0.338,MATERIAL
2025-08-16,HM47,2.56,ELEC
2025-08-16,HM50,0.483,PLANNED_PM
2025-08-16,HM56,0.565,OPERATOR
2025-08-17,HM01,2.849,OPERATOR
2025-08-17,HM12,0.779,MECH
2025-08-17,HM13,0.697,MECH
2025-08-17,HM14,0.935,MECH
2025-08-17,HM16,0.611,MECH
2025-08-17,HM20,0.581,ELEC
2025-08-17,HM25,6.071,MATERIAL
2025-08-17,HM30,0.792,OPERATOR
2025-08-17,HM36,0.702,MATERIAL
2025-08-17,HM43,0.718,ELEC
2025-08-17,HM47,0.841,MECH
2025-08-17,HM50,0.986,ELEC
2025-08-17,HM56,0.331,OPERATOR
2025-08-18,HM01,5.041,MATERIAL
2025-08-18,HM12,5.705,ELEC
2025-08-18,HM13,1.169,MECH
2025-08-18,HM14,1.715,MATERIAL
2025-08-18,HM16,0.524,ELEC
2025-08-18,HM20,6.178,MATERIAL
2025-08-18,HM25,0.703,MATERIAL
2025-08-18,HM30,0.376,OPERATOR
2025-08-18,HM36,4.942,ELEC
2025-08-18,HM43,1.754,PLANNED_PM
2025-08-18,HM47,0.433,MATERIAL
2025-08-18,HM50,2.417,MECH
2025-08-18,HM56,0.349,MATERIAL
2025-08-19,HM01,0.689,PLANNED_PM
2025-08-19,HM12,0.983,PLANNED_PM
2025-08-19,HM13,0.633,OPERATOR
2025-08-19,HM14,0.628,MATERIAL
2025-08-19,HM16,1.07,PLANNED_PM
2025-08-19,HM20,3.396,PLANNED_PM
2025-08-19,HM25,4.997,MECH
2025-08-19,HM30,0.769,ELEC
2025-08-19,HM36,5.499,OPERATOR
2025-08-19,HM43,0.635,PLANNED_PM
2025-08-19,HM47,1.103,PLANNED_PM
2025-08-19,HM50,1.175,ELEC
2025-08-19,HM56,0.694,MATERIAL
2025-08-20,HM01,0.649,PLANNED_PM
2025-08-20,HM12,0.797,MATERIAL
2025-08-20,HM13,0.572,ELEC
2025-08-20,HM14,0.612,OPERATOR
2025-08-20,HM16,0.453,MATERIAL
2025-08-20,HM20,0.404,PLANNED_PM
2025-08-20,HM25,0.955,MATERIAL
2025-08-20,HM30,0.197,MATERIAL
2025-08-20,HM36,0.845,MECH
2025-08-20,HM43,2.676,MATERIAL
2025-08-20,HM47,1.177,OPERATOR
2025-08-20,HM50,1.232,ELEC
2025-08-20,HM56,0.586,PLANNED_PM
2025-08-21,HM01,1.433,OPERATOR
2025-08-21,HM12,1.921,ELEC
2025-08-21,HM13,0.631,MATERIAL
2025-08-21,HM14,0.722,PLANNED_PM
2025-08-21,HM16,6.711,MATERIAL
2025-08-21,HM20,0.574,MATERIAL
2025-08-21,HM25,7.241,MECH
2025-08-21,HM30,0.699,MECH
2025-08-21,HM36,0.819,OPERATOR
2025-08-21,HM43,0.879,MECH
2025-08-21,HM47,0.683,MECH
2025-08-21,HM50,0.605,ELEC
2025-08-21,HM56,0.759,MECH
2025-08-22,HM01,0.585,MATERIAL
2025-08-22,HM12,0.667,MECH
2025-08-22,HM13,1.023,PLANNED_PM
2025-08-22,HM14,1.544,MECH
2025-08-22,HM16,0.828,MATERIAL
2025-08-22,HM20,1.357,MATERIAL
2025-08-22,HM25,2.576,MATERIAL
2025-08-22,HM30,1.442,PLANNED_PM
2025-08-22,HM36,1.029,PLANNED_PM
2025-08-22,HM43,1.656,MATERIAL
2025-08-22,HM47,1.43,OPERATOR
2025-08-22,HM50,1.326,PLANNED_PM
2025-08-22,HM56,0.826,MECH
2025-08-23,HM01,0.462,OPERATOR
2025-08-23,HM12,1.739,MATERIAL
2025-08-23,HM13,1.818,OPERATOR
2025-08-23,HM14,1.329,OPERATOR
2025-08-23,HM16,0.299,MECH
2025-08-23,HM20,0.605,ELEC
2025-08-23,HM25,0.896,ELEC
2025-08-23,HM30,0.705,ELEC
2025-08-23,HM36,0.872,ELEC
2025-08-23,HM43,0.806,ELEC
2025-08-23,HM47,0.75,OPERATOR
2025-08-23,HM50,1.116,OPERATOR
2025-08-23,HM56,0.753,MATERIAL
2025-08-24,HM01,0.302,MATERIAL
2025-08-24,HM12,1.927,MECH
2025-08-24,HM13,0.772,ELEC
2025-08-24,HM14,1.46,MECH
2025-08-24,HM16,1.748,MECH
2025-08-24,HM20,0.983,PLANNED_PM
2025-08-24,HM25,0.641,ELEC
2025-08-24,HM30,0.97,PLANNED_PM
2025-08-24,HM36,0.884,MATERIAL
2025-08-24,HM43,1.111,PLANNED_PM
2025-08-24,HM47,0.188,OPERATOR
2025-08-24,HM50,1.339,MATERIAL
2025-08-24,HM56,0.793,MECH
2025-08-25,HM01,0.558,MECH
2025-08-25,HM12,1.042,MATERIAL
2025-08-25,HM13,0.708,MECH
2025-08-25,HM14,1.301,ELEC
2025-08-25,HM16,0.861,ELEC
2025-08-25,HM20,1.089,PLANNED_PM
2025-08-25,HM25,0.986,MECH
2025-08-25,HM30,0.722,MECH
2025-08-25,HM36,0.407,ELEC
2025-08-25,HM43,0.684,MECH
2025-08-25,HM47,0.938,MECH
2025-08-25,HM50,1.484,ELEC
2025-08-25,HM56,0.905,PLANNED_PM
2025-08-26,HM01,0.466,MATERIAL
2025-08-26,HM12,0.788,OPERATOR
2025-08-26,HM13,1.978,OPERATOR
2025-08-26,HM14,1.029,MECH
2025-08-26,HM16,1.771,MECH
2025-08-26,HM20,1.146,PLANNED_PM
2025-08-26,HM25,1.686,MECH
2025-08-26,HM30,1.85,MATERIAL
2025-08-26,HM36,0.663,MATERIAL
2025-08-26,HM43,1.141,MATERIAL
2025-08-26,HM47,0.355,ELEC
2025-08-26,HM50,1.827,MECH
2025-08-26,HM56,0.439,OPERATOR
2025-08-27,HM01,0.964,MECH
2025-08-27,HM12,0.778,OPERATOR
2025-08-27,HM13,0.845,MECH
2025-08-27,HM14,1.049,MECH
2025-08-27,HM16,1.012,ELEC
2025-08-27,HM20,1.516,ELEC
2025-08-27,HM25,0.784,PLANNED_PM
2025-08-27,HM30,0.8,PLANNED_PM
2025-08-27,HM36,0.549,MECH
2025-08-27,HM43,0.994,ELEC
2025-08-27,HM47,1.62,MECH
2025-08-27,HM50,0.509,MATERIAL
2025-08-27,HM56,1.34,OPERATOR
2025-08-28,HM01,1.349,ELEC
2025-08-28,HM12,1.52,MATERIAL
2025-08-28,HM13,0.695,PLANNED_PM
2025-08-28,HM14,0.467,PLANNED_PM
2025-08-28,HM16,0.934,MATERIAL
2025-08-28,HM20,0.717,MATERIAL
2025-08-28,HM25,0.985,PLANNED_PM
2025-08-28,HM30,1.694,OPERATOR
2025-08-28,HM36,0.665,MATERIAL
2025-08-28,HM43,1.334,MECH
2025-08-28,HM47,0.339,MATERIAL
2025-08-28,HM50,0.902,MECH
2025-08-28,HM56,0.864,ELEC
2025-08-29,HM01,0.458,MATERIAL
2025-08-29,HM12,0.845,ELEC
2025-08-29,HM13,0.526,MECH
2025-08-29,HM14,0.624,MATERIAL
2025-08-29,HM16,0.761,PLANNED_PM
2025-08-29,HM20,0.633,MATERIAL
2025-08-29,HM25,0.841,MATERIAL
2025-08-29,HM30,0.728,MATERIAL
2025-08-29,HM36,0.619,MECH
2025-08-29,HM43,2.133,OPERATOR
2025-08-29,HM47,0.942,PLANNED_PM
2025-08-29,HM50,1.501,ELEC
2025-08-29,HM56,1.025,OPERATOR
2025-08-30,HM01,0.864,ELEC
2025-08-30,HM12,1.183,MECH
2025-08-30,HM13,1.033,PLANNED_PM
2025-08-30,HM14,1.112,MECH
2025-08-30,HM16,1.157,OPERATOR
2025-08-30,HM20,0.354,ELEC
2025-08-30,HM25,0.857,OPERATOR
2025-08-30,HM30,1.032,OPERATOR
2025-08-30,HM36,0.796,ELEC
2025-08-30,HM43,0.777,MATERIAL
2025-08-30,HM47,2.202,MATERIAL
2025-08-30,HM50,0.803,OPERATOR
2025-08-30,HM56,1.313,MECH
2025-08-31,HM01,1.478,OPERATOR
2025-08-31,HM12,2.648,PLANNED_PM
2025-08-31,HM13,0.865,ELEC
2025-08-31,HM14,0.728,ELEC
2025-08-31,HM16,0.701,OPERATOR
2025-08-31,HM20,0.625,MATERIAL
2025-08-31,HM25,0.737,PLANNED_PM
2025-08-31,HM30,0.785,OPERATOR
2025-08-31,HM36,0.345,ELEC
2025-08-31,HM43,1.084,ELEC
2025-08-31,HM47,1.629,OPERATOR
2025-08-31,HM50,0.469,PLANNED_PM
2025-08-31,HM56,0.431,MECH
2025-09-01,HM01,0.658,OPERATOR
2025-09-01,HM12,0.489,ELEC
2025-09-01,HM13,1.567,PLANNED_PM
2025-09-01,HM14,1.605,PLANNED_PM
2025-09-01,HM16,0.303,OPERATOR
2025-09-01,HM20,0.798,MECH
2025-09-01,HM25,0.317,PLANNED_PM
2025-09-01,HM30,2.024,PLANNED_PM
2025-09-01,HM36,1.105,MECH
2025-09-01,HM43,0.437,MECH
2025-09-01,HM47,0.476,PLANNED_PM
2025-09-01,HM50,0.996,MECH
2025-09-01,HM56,0.438,MECH
2025-09-02,HM01,0.227,PLANNED_PM
2025-09-02,HM12,0.649,MATERIAL
2025-09-02,HM13,0.648,ELEC
2025-09-02,HM14,1.509,PLANNED_PM
2025-09-02,HM16,1.131,OPERATOR
2025-09-02,HM20,0.496,MATERIAL
2025-09-02,HM25,0.869,MATERIAL
2025-09-02,HM30,0.812,ELEC
2025-09-02,HM36,0.524,MECH
2025-09-02,HM43,1.852,OPERATOR
2025-09-02,HM47,0.961,PLANNED_PM
2025-09-02,HM50,4.012,OPERATOR
2025-09-02,HM56,0.922,MATERIAL
2025-09-03,HM01,1.239,ELEC
2025-09-03,HM12,0.409,MECH
2025-09-03,HM13,0.638,ELEC
2025-09-03,HM14,0.917,OPERATOR
2025-09-03,HM16,0.656,ELEC
2025-09-03,HM20,0.683,MECH
2025-09-03,HM25,0.664,MECH
2025-09-03,HM30,0.795,ELEC
2025-09-03,HM36,1.723,MECH
2025-09-03,HM43,1.163,OPERATOR
2025-09-03,HM47,1.136,OPERATOR
2025-09-03,HM50,0.982,MECH
2025-09-03,HM56,0.933,MECH
2025-09-04,HM01,0.608,MECH
2025-09-04,HM12,0.441,OPERATOR
2025-09-04,HM13,0.746,ELEC
2025-09-04,HM14,2.545,OPERATOR
2025-09-04,HM16,0.559,MATERIAL
2025-09-04,HM20,1.479,PLANNED_PM
2025-09-04,HM25,2.195,ELEC
2025-09-04,HM30,0.563,ELEC
2025-09-04,HM36,0.397,MATERIAL
2025-09-04,HM43,0.806,MECH
2025-09-04,HM47,0.477,OPERATOR
2025-09-04,HM50,0.843,MECH
2025-09-04,HM56,0.492,OPERATOR
2025-09-05,HM01,0.746,PLANNED_PM
2025-09-05,HM12,6.14,OPERATOR
2025-09-05,HM13,2.85,MECH
2025-09-05,HM14,1.411,ELEC
2025-09-05,HM16,0.507,ELEC
2025-09-05,HM20,0.565,OPERATOR
2025-09-05,HM25,0.267,PLANNED_PM
2025-09-05,HM30,0.832,MECH
2025-09-05,HM36,0.997,MATERIAL
2025-09-05,HM43,0.811,PLANNED_PM
2025-09-05,HM47,0.643,MATERIAL
2025-09-05,HM50,0.769,OPERATOR
2025-09-05,HM56,0.528,OPERATOR
2025-09-06,HM01,0.257,PLANNED_PM
2025-09-06,HM12,0.711,MECH
2025-09-06,HM13,1.399,MATERIAL
2025-09-06,HM14,0.761,MATERIAL
2025-09-06,HM16,1.46,MECH
2025-09-06,HM20,0.498,OPERATOR
2025-09-06,HM25,0.676,OPERATOR
2025-09-06,HM30,1.249,PLANNED_PM
2025-09-06,HM36,0.619,ELEC
2025-09-06,HM43,0.69,PLANNED_PM
2025-09-06,HM47,2.637,MATERIAL
2025-09-06,HM50,0.996,OPERATOR
2025-09-06,HM56,0.676,ELEC
2025-09-07,HM01,0.154,MECH
2025-09-07,HM12,1.153,MECH
2025-09-07,HM13,1.424,ELEC
2025-09-07,HM14,1.932,MECH
2025-09-07,HM16,0.541,OPERATOR
2025-09-07,HM20,2.172,PLANNED_PM
2025-09-07,HM25,1.75,MECH
2025-09-07,HM30,0.294,OPERATOR
2025-09-07,HM36,2.672,MECH
2025-09-07,HM43,1.812,MECH
2025-09-07,HM47,0.696,PLANNED_PM
2025-09-07,HM50,0.869,PLANNED_PM
2025-09-07,HM56,2.047,OPERATOR
2025-09-08,HM01,6.305,OPERATOR
2025-09-08,HM12,0.513,MECH
2025-09-08,HM13,1.673,OPERATOR
2025-09-08,HM14,0.794,ELEC
2025-09-08,HM16,1.419,MATERIAL
2025-09-08,HM20,1.367,ELEC
2025-09-08,HM25,1.081,ELEC
2025-09-08,HM30,0.343,PLANNED_PM
2025-09-08,HM36,0.326,PLANNED_PM
2025-09-08,HM43,1.988,PLANNED_PM
2025-09-08,HM47,0.755,MECH
2025-09-08,HM50,0.309,PLANNED_PM
2025-09-08,HM56,0.543,PLANNED_PM
2025-09-09,HM01,0.619,PLANNED_PM
2025-09-09,HM12,0.773,MECH
2025-09-09,HM13,0.659,MECH
2025-09-09,HM14,0.492,PLANNED_PM
2025-09-09,HM16,1.138,MATERIAL
2025-09-09,HM20,0.902,MECH
2025-09-09,HM25,0.183,MECH
2025-09-09,HM30,0.51,MATERIAL
2025-09-09,HM36,2.713,PLANNED_PM
2025-09-09,HM43,1.39,ELEC
2025-09-09,HM47,0.705,PLANNED_PM
2025-09-09,HM50,7.155,MATERIAL
2025-09-09,HM56,1.125,PLANNED_PM
2025-09-10,HM01,0.715,MATERIAL
2025-09-10,HM12,0.387,MATERIAL
2025-09-10,HM13,1.878,MECH
2025-09-10,HM14,1.406,MATERIAL
2025-09-10,HM16,4.42,MECH
2025-09-10,HM20,0.492,MECH
2025-09-10,HM25,0.76,OPERATOR
2025-09-10,HM30,0.857,PLANNED_PM
2025-09-10,HM36,7.045,MECH
2025-09-10,HM43,1.505,OPERATOR
2025-09-10,HM47,0.486,OPERATOR
2025-09-10,HM50,2.672,OPERATOR
2025-09-10,HM56,0.79,MECH
2025-09-11,HM01,0.346,PLANNED_PM
2025-09-11,HM12,2.345,PLANNED_PM
2025-09-11,HM13,1.063,PLANNED_PM
2025-09-11,HM14,1.38,PLANNED_PM
2025-09-11,HM16,0.865,PLANNED_PM
2025-09-11,HM20,0.474,OPERATOR
2025-09-11,HM25,5.436,MECH
2025-09-11,HM30,4.818,MATERIAL
2025-09-11,HM36,1.575,MECH
2025-09-11,HM43,0.719,PLANNED_PM
2025-09-11,HM47,0.483,MECH
2025-09-11,HM50,1.075,MECH
2025-09-11,HM56,0.696,PLANNED_PM
2025-09-12,HM01,1.395,MATERIAL
2025-09-12,HM12,1.344,ELEC
2025-09-12,HM13,0.205,MATERIAL
2025-09-12,HM14,0.594,ELEC
2025-09-12,HM16,3.746,PLANNED_PM
2025-09-12,HM20,6.448,ELEC
2025-09-12,HM25,0.534,OPERATOR
2025-09-12,HM30,1.14,MECH
2025-09-12,HM36,0.332,MECH
2025-09-12,HM43,1.04,PLANNED_PM
2025-09-12,HM47,0.708,PLANNED_PM
2025-09-12,HM50,1.577,MATERIAL
2025-09-12,HM56,4.303,MECH
2025-09-13,HM01,0.649,MATERIAL
2025-09-13,HM12,1.256,ELEC
2025-09-13,HM13,0.766,MATERIAL
2025-09-13,HM14,0.455,PLANNED_PM
2025-09-13,HM16,0.737,OPERATOR
2025-09-13,HM20,2.645,PLANNED_PM
2025-09-13,HM25,2.039,MATERIAL
2025-09-13,HM30,0.764,PLANNED_PM
2025-09-13,HM36,0.432,OPERATOR
2025-09-13,HM43,4.838,OPERATOR
2025-09-13,HM47,0.413,MATERIAL
2025-09-13,HM50,5.229,OPERATOR
2025-09-13,HM56,0.502,PLANNED_PM
2025-09-14,HM01,4.778,MECH
2025-09-14,HM12,1.412,OPERATOR
2025-09-14,HM13,1.059,ELEC
2025-09-14,HM14,0.987,OPERATOR
2025-09-14,HM16,0.489,PLANNED_PM
2025-09-14,HM20,0.969,OPERATOR
2025-09-14,HM25,0.781,OPERATOR
2025-09-14,HM30,0.651,OPERATOR
2025-09-14,HM36,1.138,ELEC
2025-09-14,HM43,1.039,MECH
2025-09-14,HM47,0.83,MECH
2025-09-14,HM50,1.653,ELEC
2025-09-14,HM56,0.236,MECH
2025-09-15,HM01,1.069,ELEC
2025-09-15,HM12,0.675,PLANNED_PM
2025-09-15,HM13,0.605,OPERATOR
2025-09-15,HM14,0.812,MECH
2025-09-15,HM16,0.742,OPERATOR
2025-09-15,HM20,2.076,OPERATOR
2025-09-15,HM25,0.434,MECH
2025-09-15,HM30,3.444,MECH
2025-09-15,HM36,0.934,ELEC
2025-09-15,HM43,1.527,MATERIAL
2025-09-15,HM47,0.667,PLANNED_PM
2025-09-15,HM50,0.871,OPERATOR
2025-09-15,HM56,0.856,MATERIAL
2025-09-16,HM01,0.687,OPERATOR
2025-09-16,HM12,1.931,PLANNED_PM
2025-09-16,HM13,1.652,MECH
2025-09-16,HM14,5.341,PLANNED_PM
2025-09-16,HM16,1.945,PLANNED_PM
2025-09-16,HM20,1.269,MATERIAL
2025-09-16,HM25,0.864,ELEC
2025-09-16,HM30,0.486,PLANNED_PM
2025-09-16,HM36,0.898,MATERIAL
2025-09-16,HM43,0.457,MECH
2025-09-16,HM47,1.404,ELEC
2025-09-16,HM50,0.727,MATERIAL
2025-09-16,HM56,1.165,MECH
2025-09-17,HM01,0.645,PLANNED_PM
2025-09-17,HM12,0.773,ELEC
2025-09-17,HM13,1.236,PLANNED_PM
2025-09-17,HM14,1.179,OPERATOR
2025-09-17,HM16,1.682,OPERATOR
2025-09-17,HM20,1.64,MECH
2025-09-17,HM25,1.133,ELEC
2025-09-17,HM30,1.001,MECH
2025-09-17,HM36,0.484,MATERIAL
2025-09-17,HM43,0.56,MATERIAL
2025-09-17,HM47,1.017,MECH
2025-09-17,HM50,0.567,ELEC
2025-09-17,HM56,0.776,MECH
2025-09-18,HM01,1.322,OPERATOR
2025-09-18,HM12,3.645,PLANNED_PM
2025-09-18,HM13,1.618,OPERATOR
2025-09-18,HM14,0.536,OPERATOR
2025-09-18,HM16,1.011,PLANNED_PM
2025-09-18,HM20,3.207,ELEC
2025-09-18,HM25,0.284,OPERATOR
2025-09-18,HM30,0.238,MECH
2025-09-18,HM36,0.681,MATERIAL
2025-09-18,HM43,1.394,ELEC
2025-09-18,HM47,2.401,ELEC
2025-09-18,HM50,0.728,OPERATOR
2025-09-18,HM56,0.702,PLANNED_PM
2025-09-19,HM01,1.857,MECH
2025-09-19,HM12,0.775,MATERIAL
2025-09-19,HM13,1.673,MATERIAL
2025-09-19,HM14,0.586,OPERATOR
2025-09-19,HM16,0.446,MECH
2025-09-19,HM20,1.357,PLANNED_PM
2025-09-19,HM25,0.78,PLANNED_PM
2025-09-19,HM30,0.88,MECH
2025-09-19,HM36,1.765,ELEC
2025-09-19,HM43,0.958,ELEC
2025-09-19,HM47,1.476,MATERIAL
2025-09-19,HM50,1.197,OPERATOR
2025-09-19,HM56,0.242,OPERATOR
2025-09-20,HM01,0.679,MATERIAL
2025-09-20,HM12,3.281,OPERATOR
2025-09-20,HM13,0.404,PLANNED_PM
2025-09-20,HM14,1.076,MATERIAL
2025-09-20,HM16,4.363,MECH
2025-09-20,HM20,0.495,OPERATOR
2025-09-20,HM25,0.86,MECH
2025-09-20,HM30,0.598,MECH
2025-09-20,HM36,0.894,ELEC
2025-09-20,HM43,0.364,PLANNED_PM
2025-09-20,HM47,1.503,PLANNED_PM
2025-09-20,HM50,0.854,MATERIAL
2025-09-20,HM56,1.408,ELEC
2025-09-21,HM01,0.355,MATERIAL
2025-09-21,HM12,5.778,MECH
2025-09-21,HM13,3.598,OPERATOR
2025-09-21,HM14,0.394,MECH
2025-09-21,HM16,1.346,MATERIAL
2025-09-21,HM20,0.398,ELEC
2025-09-21,HM25,1.417,MECH
2025-09-21,HM30,0.731,PLANNED_PM
2025-09-21,HM36,2.485,OPERATOR
2025-09-21,HM43,1.795,OPERATOR
2025-09-21,HM47,0.56,ELEC
2025-09-21,HM50,0.491,PLANNED_PM
2025-09-21,HM56,0.634,MATERIAL
2025-09-22,HM01,0.598,OPERATOR
2025-09-22,HM12,1.78,MECH
2025-09-22,HM13,1.106,MATERIAL
2025-09-22,HM14,3.81,MECH
2025-09-22,HM16,0.361,MATERIAL
2025-09-22,HM20,0.828,ELEC
2025-09-22,HM25,0.764,MATERIAL
2025-09-22,HM30,0.384,MATERIAL
2025-09-22,HM36,0.239,ELEC
2025-09-22,HM43,6.643,MATERIAL
2025-09-22,HM47,0.668,MECH
2025-09-22,HM50,4.439,MECH
2025-09-22,HM56,0.731,OPERATOR
2025-09-23,HM01,0.649,MECH
2025-09-23,HM12,0.837,PLANNED_PM
2025-09-23,HM13,0.859,ELEC
2025-09-23,HM14,1.414,PLANNED_PM
2025-09-23,HM16,2.026,MECH
2025-09-23,HM20,0.578,PLANNED_PM
2025-09-23,HM25,0.487,MATERIAL
2025-09-23,HM30,1.047,MATERIAL
2025-09-23,HM36,1.498,MATERIAL
2025-09-23,HM43,1.438,MECH
2025-09-23,HM47,0.338,MATERIAL
2025-09-23,HM50,0.723,OPERATOR
2025-09-23,HM56,0.852,PLANNED_PM
2025-09-24,HM01,5.824,OPERATOR
2025-09-24,HM12,0.95,ELEC
2025-09-24,HM13,0.262,MECH
2025-09-24,HM14,0.467,PLANNED_PM
2025-09-24,HM16,0.614,MECH
2025-09-24,HM20,0.981,OPERATOR
2025-09-24,HM25,2.314,ELEC
2025-09-24,HM30,0.716,OPERATOR
2025-09-24,HM36,0.832,OPERATOR
2025-09-24,HM43,0.848,OPERATOR
2025-09-24,HM47,6.541,MATERIAL
2025-09-24,HM50,0.524,ELEC
2025-09-24,HM56,0.535,MECH
2025-09-25,HM01,2.144,PLANNED_PM
2025-09-25,HM12,1.276,PLANNED_PM
2025-09-25,HM13,1.448,PLANNED_PM
2025-09-25,HM14,0.819,PLANNED_PM
2025-09-25,HM16,2.376,OPERATOR
2025-09-25,HM20,0.319,MECH
2025-09-25,HM25,1.521,MATERIAL
2025-09-25,HM30,1.293,MECH
2025-09-25,HM36,0.375,MATERIAL
2025-09-25,HM43,2.821,MATERIAL
2025-09-25,HM47,0.466,PLANNED_PM
2025-09-25,HM50,0.643,PLANNED_PM
2025-09-25,HM56,0.676,PLANNED_PM
2025-09-26,HM01,0.472,ELEC
2025-09-26,HM12,0.479,MATERIAL
2025-09-26,HM13,0.301,PLANNED_PM
2025-09-26,HM14,4.182,OPERATOR
2025-09-26,HM16,1.241,OPERATOR
2025-09-26,HM20,1.103,ELEC
2025-09-26,HM25,1.109,MATERIAL
2025-09-26,HM30,1.186,PLANNED_PM
2025-09-26,HM36,0.431,ELEC
2025-09-26,HM43,0.731,ELEC
2025-09-26,HM47,0.387,ELEC
2025-09-26,HM50,1.25,MECH
2025-09-26,HM56,0.74,MATERIAL
2025-09-27,HM01,1.284,PLANNED_PM
2025-09-27,HM12,0.756,ELEC
2025-09-27,HM13,1.465,OPERATOR
2025-09-27,HM14,0.28,ELEC
2025-09-27,HM16,0.835,PLANNED_PM
2025-09-27,HM20,0.551,MATERIAL
2025-09-27,HM25,0.996,PLANNED_PM
2025-09-27,HM30,0.826,MATERIAL
2025-09-27,HM36,2.221,ELEC
2025-09-27,HM43,0.541,MECH
2025-09-27,HM47,1.339,MECH
2025-09-27,HM50,2.008,MECH
2025-09-27,HM56,3.775,ELEC
2025-09-28,HM01,1.24,MECH
2025-09-28,HM12,0.839,ELEC
2025-09-28,HM13,1.337,PLANNED_PM
2025-09-28,HM14,0.907,MATERIAL
2025-09-28,HM16,0.636,MATERIAL
2025-09-28,HM20,4.067,OPERATOR
2025-09-28,HM25,1.04,PLANNED_PM
2025-09-28,HM30,0.619,PLANNED_PM
2025-09-28,HM36,0.839,PLANNED_PM
2025-09-28,HM43,1.169,PLANNED_PM
2025-09-28,HM47,0.605,OPERATOR
2025-09-28,HM50,0.504,ELEC
2025-09-28,HM56,0.634,MATERIAL
2025-09-29,HM01,1.022,OPERATOR
2025-09-29,HM12,0.825,MATERIAL
2025-09-29,HM13,1.163,MECH
2025-09-29,HM14,0.608,MATERIAL
2025-09-29,HM16,1.133,MATERIAL
2025-09-29,HM20,1.096,PLANNED_PM
2025-09-29,HM25,0.386,ELEC
2025-09-29,HM30,0.449,MECH
2025-09-29,HM36,0.811,PLANNED_PM
2025-09-29,HM43,0.314,ELEC
2025-09-29,HM47,0.887,MATERIAL
2025-09-29,HM50,0.535,MECH
2025-09-29,HM56,0.518,MATERIAL
2025-09-30,HM01,1.516,MECH
2025-09-30,HM12,0.68,PLANNED_PM
2025-09-30,HM13,0.791,MATERIAL
2025-09-30,HM14,2.509,ELEC
2025-09-30,HM16,1.179,ELEC
2025-09-30,HM20,0.461,MATERIAL
2025-09-30,HM25,1.081,ELEC
2025-09-30,HM30,1.884,MATERIAL
2025-09-30,HM36,0.83,MECH
2025-09-30,HM43,1.024,PLANNED_PM
2025-09-30,HM47,0.563,OPERATOR
2025-09-30,HM50,0.607,MECH
2025-09-30,HM56,0.623,MECH
2025-10-01,HM01,0.55,OPERATOR
2025-10-01,HM12,0.944,ELEC
2025-10-01,HM13,1.478,OPERATOR
2025-10-01,HM14,0.737,MECH
2025-10-01,HM16,0.565,PLANNED_PM
2025-10-01,HM20,0.494,MECH
2025-10-01,HM25,1.634,ELEC
2025-10-01,HM30,1.321,ELEC
2025-10-01,HM36,0.915,OPERATOR
2025-10-01,HM43,0.916,MECH
2025-10-01,HM47,0.396,MECH
2025-10-01,HM50,0.448,PLANNED_PM
2025-10-01,HM56,6.755,MATERIAL
2025-10-02,HM01,2.165,MECH
2025-10-02,HM12,0.765,OPERATOR
2025-10-02,HM13,0.83,PLANNED_PM
2025-10-02,HM14,0.889,PLANNED_PM
2025-10-02,HM16,1.889,MECH
2025-10-02,HM20,0.428,ELEC
2025-10-02,HM25,0.988,MATERIAL
2025-10-02,HM30,0.605,OPERATOR
2025-10-02,HM36,0.784,MATERIAL
2025-10-02,HM43,2.803,ELEC
2025-10-02,HM47,0.564,MECH
2025-10-02,HM50,0.681,MECH
2025-10-02,HM56,0.476,MATERIAL
2025-10-03,HM01,1.165,MECH
2025-10-03,HM12,1.336,ELEC
2025-10-03,HM13,2.138,ELEC
2025-10-03,HM14,0.661,MATERIAL
2025-10-03,HM16,0.413,PLANNED_PM
2025-10-03,HM20,0.633,OPERATOR
2025-10-03,HM25,1.1,ELEC
2025-10-03,HM30,0.839,ELEC
2025-10-03,HM36,0.831,OPERATOR
2025-10-03,HM43,1.742,ELEC
2025-10-03,HM47,1.43,OPERATOR
2025-10-03,HM50,0.573,MATERIAL
2025-10-03,HM56,0.99,ELEC
2025-10-04,HM01,0.728,OPERATOR
2025-10-04,HM12,0.54,MATERIAL
2025-10-04,HM13,1.048,OPERATOR
2025-10-04,HM14,1.511,MATERIAL
2025-10-04,HM16,6.299,MECH
2025-10-04,HM20,0.922,OPERATOR
2025-10-04,HM25,0.375,MECH
2025-10-04,HM30,0.587,MECH
2025-10-04,HM36,0.591,MATERIAL
2025-10-04,HM43,0.813,MECH
2025-10-04,HM47,1.281,OPERATOR
2025-10-04,HM50,0.415,MATERIAL
2025-10-04,HM56,0.645,MATERIAL
2025-10-05,HM01,0.508,OPERATOR
2025-10-05,HM12,1.24,ELEC
2025-10-05,HM13,0.911,MECH
2025-10-05,HM14,1.036,OPERATOR
2025-10-05,HM16,0.747,MECH
2025-10-05,HM20,0.362,OPERATOR
2025-10-05,HM25,0.413,PLANNED_PM
2025-10-05,HM30,7.085,MECH
2025-10-05,HM36,1.113,OPERATOR
2025-10-05,HM43,1.03,MATERIAL
2025-10-05,HM47,0.565,MECH
2025-10-05,HM50,1.144,OPERATOR
2025-10-05,HM56,0.972,ELEC
2025-10-06,HM01,0.566,ELEC
2025-10-06,HM12,5.915,MATERIAL
2025-10-06,HM13,1.486,MECH
2025-10-06,HM14,1.089,MATERIAL
2025-10-06,HM16,0.635,MATERIAL
2025-10-06,HM20,1.335,OPERATOR
2025-10-06,HM25,1.1,MATERIAL
2025-10-06,HM30,5.003,ELEC
2025-10-06,HM36,0.61,PLANNED_PM
2025-10-06,HM43,0.795,PLANNED_PM
2025-10-06,HM47,1.03,PLANNED_PM
2025-10-06,HM50,1.028,PLANNED_PM
2025-10-06,HM56,0.255,MATERIAL
2025-10-07,HM01,0.402,MECH
2025-10-07,HM12,1.001,PLANNED_PM
2025-10-07,HM13,4.467,ELEC
2025-10-07,HM14,0.941,ELEC
2025-10-07,HM16,1.205,OPERATOR
2025-10-07,HM20,6.089,PLANNED_PM
2025-10-07,HM25,0.588,MECH
2025-10-07,HM30,0.248,ELEC
2025-10-07,HM36,1.192,OPERATOR
2025-10-07,HM43,0.632,MECH
2025-10-07,HM47,1.019,PLANNED_PM
2025-10-07,HM50,0.642,MATERIAL
2025-10-07,HM56,1.585,OPERATOR
2025-10-08,HM01,0.576,MATERIAL
2025-10-08,HM12,0.867,ELEC
2025-10-08,HM13,1.334,ELEC
2025-10-08,HM14,1.859,MATERIAL
2025-10-08,HM16,0.401,OPERATOR
2025-10-08,HM20,1.467,ELEC
2025-10-08,HM25,1.359,ELEC
2025-10-08,HM30,1.36,MECH
2025-10-08,HM36,0.318,PLANNED_PM
2025-10-08,HM43,1.139,MECH
2025-10-08,HM47,1.03,MATERIAL
2025-10-08,HM50,0.867,MATERIAL
2025-10-08,HM56,0.974,PLANNED_PM
2025-10-09,HM01,0.526,MATERIAL
2025-10-09,HM12,0.876,OPERATOR
2025-10-09,HM13,1.92,PLANNED_PM
2025-10-09,HM14,0.496,MECH
2025-10-09,HM16,0.479,ELEC
2025-10-09,HM20,1.225,PLANNED_PM
2025-10-09,HM25,0.927,MECH
2025-10-09,HM30,5.783,MATERIAL
2025-10-09,HM36,2.988,ELEC
2025-10-09,HM43,1.934,OPERATOR
2025-10-09,HM47,1.734,PLANNED_PM
2025-10-09,HM50,1.091,OPERATOR
2025-10-09,HM56,1.385,ELEC
2025-10-10,HM01,1.2,PLANNED_PM
2025-10-10,HM12,1.165,ELEC
2025-10-10,HM13,2.623,ELEC
2025-10-10,HM14,0.384,MECH
2025-10-10,HM16,0.918,OPERATOR
2025-10-10,HM20,0.847,PLANNED_PM
2025-10-10,HM25,0.278,MECH
2025-10-10,HM30,0.675,PLANNED_PM
2025-10-10,HM36,0.755,PLANNED_PM
2025-10-10,HM43,1.045,MATERIAL
2025-10-10,HM47,0.603,PLANNED_PM
2025-10-10,HM50,2.128,OPERATOR
2025-10-10,HM56,0.815,ELEC
2025-10-11,HM01,1.439,MATERIAL
2025-10-11,HM12,0.167,MATERIAL
2025-10-11,HM13,0.428,ELEC
2025-10-11,HM14,0.944,ELEC
2025-10-11,HM16,0.756,MATERIAL
2025-10-11,HM20,0.347,OPERATOR
2025-10-11,HM25,0.504,OPERATOR
2025-10-11,HM30,1.801,MECH
2025-10-11,HM36,1.334,PLANNED_PM
2025-10-11,HM43,1.168,MATERIAL
2025-10-11,HM47,0.405,ELEC
2025-10-11,HM50,0.748,PLANNED_PM
2025-10-11,HM56,5.728,MECH
2025-10-12,HM01,0.747,OPERATOR
2025-10-12,HM12,0.58,OPERATOR
2025-10-12,HM13,0.837,MATERIAL
2025-10-12,HM14,0.98,MECH
2025-10-12,HM16,1.462,MATERIAL
2025-10-12,HM20,1.635,OPERATOR
2025-10-12,HM25,0.88,MATERIAL
2025-10-12,HM30,0.444,MATERIAL
2025-10-12,HM36,0.666,MECH
2025-10-12,HM43,1.133,MECH
2025-10-12,HM47,0.994,OPERATOR
2025-10-12,HM50,0.568,PLANNED_PM
2025-10-12,HM56,0.96,ELEC
2025-10-13,HM01,0.382,PLANNED_PM
2025-10-13,HM12,0.796,OPERATOR
2025-10-13,HM13,0.737,MECH
2025-10-13,HM14,0.343,PLANNED_PM
2025-10-13,HM16,0.734,MECH
2025-10-13,HM20,1.111,ELEC
2025-10-13,HM25,0.293,ELEC
2025-10-13,HM30,1.381,MATERIAL
2025-10-13,HM36,0.239,MATERIAL
2025-10-13,HM43,0.666,OPERATOR
2025-10-13,HM47,1.18,ELEC
2025-10-13,HM50,4.973,ELEC
2025-10-13,HM56,0.37,PLANNED_PM
2025-10-14,HM01,1.36,ELEC
2025-10-14,HM12,1.077,PLANNED_PM
2025-10-14,HM13,1.885,OPERATOR
2025-10-14,HM14,1.298,OPERATOR
2025-10-14,HM16,0.209,OPERATOR
2025-10-14,HM20,0.353,OPERATOR
2025-10-14,HM25,0.601,MECH
2025-10-14,HM30,2.782,OPERATOR
2025-10-14,HM36,0.718,MATERIAL
2025-10-14,HM43,1.794,MECH
2025-10-14,HM47,0.337,PLANNED_PM
2025-10-14,HM50,1.439,PLANNED_PM
2025-10-14,HM56,1.553,OPERATOR
2025-10-15,HM01,0.19,MECH
2025-10-15,HM12,0.376,MATERIAL
2025-10-15,HM13,1.093,MECH
2025-10-15,HM14,0.83,MECH
2025-10-15,HM16,0.411,OPERATOR
2025-10-15,HM20,1.39,ELEC
2025-10-15,HM25,0.917,MATERIAL
2025-10-15,HM30,1.148,ELEC
2025-10-15,HM36,0.168,OPERATOR
2025-10-15,HM43,0.95,MECH
2025-10-15,HM47,1.118,ELEC
2025-10-15,HM50,0.541,OPERATOR
2025-10-15,HM56,0.774,PLANNED_PM
2025-10-16,HM01,1.348,ELEC
2025-10-16,HM12,1.054,PLANNED_PM
2025-10-16,HM13,0.589,MATERIAL
2025-10-16,HM14,1.34,ELEC
2025-10-16,HM16,1.119,MATERIAL
2025-10-16,HM20,0.658,ELEC
2025-10-16,HM25,0.691,PLANNED_PM
2025-10-16,HM30,0.631,OPERATOR
2025-10-16,HM36,3.839,MECH
2025-10-16,HM43,1.522,PLANNED_PM
2025-10-16,HM47,1.479,PLANNED_PM
2025-10-16,HM50,0.924,PLANNED_PM
2025-10-16,HM56,0.687,MATERIAL
2025-10-17,HM01,1.345,PLANNED_PM
2025-10-17,HM12,0.464,OPERATOR
2025-10-17,HM13,0.926,MATERIAL
2025-10-17,HM14,0.733,OPERATOR
2025-10-17,HM16,0.85,MECH
2025-10-17,HM20,0.592,MATERIAL
2025-10-17,HM25,0.266,MECH
2025-10-17,HM30,1.241,PLANNED_PM
2025-10-17,HM36,0.812,MECH
2025-10-17,HM43,3.091,ELEC
2025-10-17,HM47,0.872,OPERATOR
2025-10-17,HM50,0.469,OPERATOR
2025-10-17,HM56,1.248,OPERATOR
2025-10-18,HM01,3.608,OPERATOR
2025-10-18,HM12,3.741,ELEC
2025-10-18,HM13,0.6,MECH
2025-10-18,HM14,1.787,ELEC
2025-10-18,HM16,0.674,PLANNED_PM
2025-10-18,HM20,1.046,MECH
2025-10-18,HM25,0.98,MECH
2025-10-18,HM30,0.37,ELEC
2025-10-18,HM36,0.969,MATERIAL
2025-10-18,HM43,7.63,MATERIAL
2025-10-18,HM47,0.808,ELEC
2025-10-18,HM50,0.76,OPERATOR
2025-10-18,HM56,0.821,MATERIAL
2025-10-19,HM01,1.365,MATERIAL
2025-10-19,HM12,1.666,OPERATOR
2025-10-19,HM13,2.511,MECH
2025-10-19,HM14,1.234,MECH
2025-10-19,HM16,1.254,PLANNED_PM
2025-10-19,HM20,0.452,ELEC
2025-10-19,HM25,0.387,OPERATOR
2025-10-19,HM30,0.718,MECH
2025-10-19,HM36,1.67,OPERATOR
2025-10-19,HM43,0.858,OPERATOR
2025-10-19,HM47,1.743,PLANNED_PM
2025-10-19,HM50,0.867,ELEC
2025-10-19,HM56,0.924,PLANNED_PM
2025-10-20,HM01,0.771,OPERATOR
2025-10-20,HM12,1.028,OPERATOR
2025-10-20,HM13,0.695,OPERATOR
2025-10-20,HM14,1.877,OPERATOR
2025-10-20,HM16,0.616,ELEC
2025-10-20,HM20,1.408,MECH
2025-10-20,HM25,0.651,PLANNED_PM
2025-10-20,HM30,0.738,MATERIAL
2025-10-20,HM36,0.914,PLANNED_PM
2025-10-20,HM43,1.355,ELEC
2025-10-20,HM47,0.98,OPERATOR
2025-10-20,HM50,0.682,MECH
2025-10-20,HM56,1.936,OPERATOR
2025-10-21,HM01,0.646,OPERATOR
2025-10-21,HM12,1.843,PLANNED_PM
2025-10-21,HM13,0.84,MATERIAL
2025-10-21,HM14,0.554,MATERIAL
2025-10-21,HM16,0.668,MATERIAL
2025-10-21,HM20,0.902,PLANNED_PM
2025-10-21,HM25,0.556,ELEC
2025-10-21,HM30,1.181,PLANNED_PM
2025-10-21,HM36,1.78,OPERATOR
2025-10-21,HM43,0.492,MATERIAL
2025-10-21,HM47,1.144,OPERATOR
2025-10-21,HM50,0.786,OPERATOR
2025-10-21,HM56,1.821,ELEC
2025-10-22,HM01,3.501,MATERIAL
2025-10-22,HM12,0.477,PLANNED_PM
2025-10-22,HM13,0.428,OPERATOR
2025-10-22,HM14,2.508,MATERIAL
2025-10-22,HM16,1.949,MATERIAL
2025-10-22,HM20,1.074,ELEC
2025-10-22,HM25,0.729,PLANNED_PM
2025-10-22,HM30,0.823,MATERIAL
2025-10-22,HM36,0.846,MATERIAL
2025-10-22,HM43,0.862,ELEC
2025-10-22,HM47,1.002,MECH
2025-10-22,HM50,3.616,MECH
2025-10-22,HM56,0.184,OPERATOR
2025-10-23,HM01,1.253,ELEC
2025-10-23,HM12,0.451,PLANNED_PM
2025-10-23,HM13,0.947,MATERIAL
2025-10-23,HM14,0.86,MECH
2025-10-23,HM16,1.784,MATERIAL
2025-10-23,HM20,1.633,PLANNED_PM
2025-10-23,HM25,1.251,MATERIAL
2025-10-23,HM30,2.672,MATERIAL
2025-10-23,HM36,0.515,OPERATOR
2025-10-23,HM43,0.785,OPERATOR
2025-10-23,HM47,1.038,MATERIAL
2025-10-23,HM50,1.3,OPERATOR
2025-10-23,HM56,0.828,MECH
2025-10-24,HM01,0.815,PLANNED_PM
2025-10-24,HM12,0.587,PLANNED_PM
2025-10-24,HM13,1.203,PLANNED_PM
2025-10-24,HM14,0.879,MECH
2025-10-24,HM16,0.714,OPERATOR
2025-10-24,HM20,4.085,MATERIAL
2025-10-24,HM25,1.318,MATERIAL
2025-10-24,HM30,1.492,OPERATOR
2025-10-24,HM36,0.735,MECH
2025-10-24,HM43,1.368,OPERATOR
2025-10-24,HM47,1.408,ELEC
2025-10-24,HM50,1.311,PLANNED_PM
2025-10-24,HM56,1.148,MATERIAL
2025-10-25,HM01,1.104,MATERIAL
2025-10-25,HM12,0.621,PLANNED_PM
2025-10-25,HM13,0.657,OPERATOR
2025-10-25,HM14,0.999,MATERIAL
2025-10-25,HM16,0.371,PLANNED_PM
2025-10-25,HM20,2.817,PLANNED_PM
2025-10-25,HM25,0.968,PLANNED_PM
2025-10-25,HM30,0.636,MECH
2025-10-25,HM36,5.905,MATERIAL
2025-10-25,HM43,0.847,PLANNED_PM
2025-10-25,HM47,1.03,OPERATOR
2025-10-25,HM50,1.189,PLANNED_PM
2025-10-25,HM56,0.447,MATERIAL
2025-10-26,HM01,0.905,PLANNED_PM
2025-10-26,HM12,0.331,OPERATOR
2025-10-26,HM13,0.802,PLANNED_PM
2025-10-26,HM14,0.435,OPERATOR
2025-10-26,HM16,1.742,MATERIAL
2025-10-26,HM20,0.696,ELEC
2025-10-26,HM25,1.381,MECH
2025-10-26,HM30,0.442,MECH
2025-10-26,HM36,0.921,PLANNED_PM
2025-10-26,HM43,0.813,OPERATOR
2025-10-26,HM47,0.993,ELEC
2025-10-26,HM50,0.621,ELEC
2025-10-26,HM56,0.589,MATERIAL
2025-10-27,HM01,1.399,MECH
2025-10-27,HM12,6.734,MATERIAL
2025-10-27,HM13,0.65,ELEC
2025-10-27,HM14,0.689,PLANNED_PM
2025-10-27,HM16,0.835,MATERIAL
2025-10-27,HM20,0.742,MATERIAL
2025-10-27,HM25,0.883,MECH
2025-10-27,HM30,0.455,PLANNED_PM
2025-10-27,HM36,0.217,PLANNED_PM
2025-10-27,HM43,0.613,OPERATOR
2025-10-27,HM47,1.68,MECH
2025-10-27,HM50,0.248,PLANNED_PM
2025-10-27,HM56,0.704,MATERIAL
2025-10-28,HM01,0.747,ELEC
2025-10-28,HM12,1.725,OPERATOR
2025-10-28,HM13,4.089,PLANNED_PM
2025-10-28,HM14,0.325,MECH
2025-10-28,HM16,0.413,OPERATOR
2025-10-28,HM20,0.734,MECH
2025-10-28,HM25,1.39,ELEC
2025-10-28,HM30,3.691,MECH
2025-10-28,HM36,0.448,OPERATOR
2025-10-28,HM43,3.792,MATERIAL
2025-10-28,HM47,4.582,MECH
2025-10-28,HM50,1.007,MATERIAL
2025-10-28,HM56,2.025,OPERATOR
2025-10-29,HM01,0.809,OPERATOR
2025-10-29,HM12,1.155,MECH
2025-10-29,HM13,0.96,OPERATOR
2025-10-29,HM14,0.907,OPERATOR
2025-10-29,HM16,0.423,PLANNED_PM
2025-10-29,HM20,0.755,ELEC
2025-10-29,HM25,0.658,ELEC
2025-10-29,HM30,2.969,MATERIAL
2025-10-29,HM36,1.358,OPERATOR
2025-10-29,HM43,2.603,OPERATOR
2025-10-29,HM47,6.048,PLANNED_PM
2025-10-29,HM50,0.836,OPERATOR
2025-10-29,HM56,0.613,PLANNED_PM
2025-10-30,HM01,1.184,MECH
2025-10-30,HM12,0.744,OPERATOR
2025-10-30,HM13,0.967,PLANNED_PM
2025-10-30,HM14,0.909,MECH
2025-10-30,HM16,1.359,ELEC
2025-10-30,HM20,1.321,MECH
2025-10-30,HM25,0.453,OPERATOR
2025-10-30,HM30,0.707,ELEC
2025-10-30,HM36,1.209,PLANNED_PM
2025-10-30,HM43,0.741,MATERIAL
2025-10-30,HM47,0.302,MATERIAL
2025-10-30,HM50,0.418,PLANNED_PM
2025-10-30,HM56,0.868,MECH
2025-10-31,HM01,1.399,ELEC
2025-10-31,HM12,0.611,MATERIAL
2025-10-31,HM13,3.426,PLANNED_PM
2025-10-31,HM14,1.835,MECH
2025-10-31,HM16,0.768,OPERATOR
2025-10-31,HM20,1.803,OPERATOR
2025-10-31,HM25,0.483,PLANNED_PM
2025-10-31,HM30,0.634,ELEC
2025-10-31,HM36,0.657,PLANNED_PM
2025-10-31,HM43,3.704,OPERATOR
2025-10-31,HM47,2.686,MATERIAL
2025-10-31,HM50,1.158,PLANNED_PM
2025-10-31,HM56,0.396,OPERATOR
2025-11-01,HM01,0.57,MATERIAL
2025-11-01,HM12,1.021,ELEC
2025-11-01,HM13,1.163,OPERATOR
2025-11-01,HM14,1.085,MECH
2025-11-01,HM16,0.557,MATERIAL
2025-11-01,HM20,0.242,PLANNED_PM
2025-11-01,HM25,0.582,MATERIAL
2025-11-01,HM30,1.196,MECH
2025-11-01,HM36,0.2,ELEC
2025-11-01,HM43,2.401,OPERATOR
2025-11-01,HM47,0.202,OPERATOR
2025-11-01,HM50,1.628,ELEC
2025-11-01,HM56,5.596,MECH
2025-11-02,HM01,0.576,MECH
2025-11-02,HM12,0.511,PLANNED_PM
2025-11-02,HM13,1.708,ELEC
2025-11-02,HM14,0.744,OPERATOR
2025-11-02,HM16,0.494,PLANNED_PM
2025-11-02,HM20,0.213,MECH
2025-11-02,HM25,0.301,OPERATOR
2025-11-02,HM30,0.465,OPERATOR
2025-11-02,HM36,2.216,OPERATOR
2025-11-02,HM43,0.736,ELEC
2025-11-02,HM47,0.808,ELEC
2025-11-02,HM50,1.027,MATERIAL
2025-11-02,HM56,0.835,OPERATOR
2025-11-03,HM01,1.19,PLANNED_PM
2025-11-03,HM12,1.924,MECH
2025-11-03,HM13,0.315,PLANNED_PM
2025-11-03,HM14,1.411,MECH
2025-11-03,HM16,1.802,MECH
2025-11-03,HM20,0.666,MATERIAL
2025-11-03,HM25,0.522,MECH
2025-11-03,HM30,0.776,ELEC
2025-11-03,HM36,0.691,MECH
2025-11-03,HM43,0.686,MECH
2025-11-03,HM47,0.819,PLANNED_PM
2025-11-03,HM50,0.521,OPERATOR
2025-11-03,HM56,2.031,PLANNED_PM
2025-11-04,HM01,1.451,MATERIAL
2025-11-04,HM12,0.953,ELEC
2025-11-04,HM13,1.68,PLANNED_PM
2025-11-04,HM14,1.87,PLANNED_PM
2025-11-04,HM16,0.534,MECH
2025-11-04,HM20,0.777,ELEC
2025-11-04,HM25,0.683,ELEC
2025-11-04,HM30,0.464,ELEC
2025-11-04,HM36,2.519,OPERATOR
2025-11-04,HM43,1.392,MECH
2025-11-04,HM47,0.473,PLANNED_PM
2025-11-04,HM50,0.369,MECH
2025-11-04,HM56,1.217,ELEC
2025-11-05,HM01,1.111,OPERATOR
2025-11-05,HM12,0.99,MATERIAL
2025-11-05,HM13,0.346,MECH
2025-11-05,HM14,1.381,ELEC
2025-11-05,HM16,3.308,MECH
2025-11-05,HM20,0.624,ELEC
2025-11-05,HM25,1.628,ELEC
2025-11-05,HM30,1.272,MATERIAL
2025-11-05,HM36,1.021,ELEC
2025-11-05,HM43,3.758,MATERIAL
2025-11-05,HM47,2.302,MECH
2025-11-05,HM50,0.453,MATERIAL
2025-11-05,HM56,0.445,OPERATOR
2025-11-06,HM01,0.248,MECH
2025-11-06,HM12,0.786,ELEC
2025-11-06,HM13,0.567,MECH
2025-11-06,HM14,7.034,PLANNED_PM
2025-11-06,HM16,0.862,MECH
2025-11-06,HM20,0.72,MECH
2025-11-06,HM25,0.815,PLANNED_PM
2025-11-06,HM30,0.657,MECH
2025-11-06,HM36,1.038,OPERATOR
2025-11-06,HM43,3.608,MATERIAL
2025-11-06,HM47,0.441,OPERATOR
2025-11-06,HM50,1.286,MATERIAL
2025-11-06,HM56,1.551,ELEC
2025-11-07,HM01,0.549,MATERIAL
2025-11-07,HM12,0.628,OPERATOR
2025-11-07,HM13,0.861,PLANNED_PM
2025-11-07,HM14,1.209,MATERIAL
2025-11-07,HM16,0.248,MECH
2025-11-07,HM20,0.46,MECH
2025-11-07,HM25,0.993,ELEC
2025-11-07,HM30,1.211,PLANNED_PM
2025-11-07,HM36,0.24,ELEC
2025-11-07,HM43,0.401,OPERATOR
2025-11-07,HM47,0.784,MATERIAL
2025-11-07,HM50,0.741,MATERIAL
2025-11-07,HM56,1.061,ELEC
2025-11-08,HM01,0.825,ELEC
2025-11-08,HM12,1.393,MATERIAL
2025-11-08,HM13,0.866,ELEC
2025-11-08,HM14,0.455,MECH
2025-11-08,HM16,1.633,MECH
2025-11-08,HM20,0.579,PLANNED_PM
2025-11-08,HM25,0.677,ELEC
2025-11-08,HM30,0.772,PLANNED_PM
2025-11-08,HM36,0.884,PLANNED_PM
2025-11-08,HM43,2.414,ELEC
2025-11-08,HM47,1.326,MATERIAL
2025-11-08,HM50,0.874,MATERIAL
2025-11-08,HM56,0.997,PLANNED_PM
2025-11-09,HM01,0.906,ELEC
2025-11-09,HM12,1.857,PLANNED_PM
2025-11-09,HM13,0.735,OPERATOR
2025-11-09,HM14,1.101,ELEC
2025-11-09,HM16,0.325,MATERIAL
2025-11-09,HM20,0.87,ELEC
2025-11-09,HM25,1.616,MECH
2025-11-09,HM30,0.716,MATERIAL
2025-11-09,HM36,0.913,OPERATOR
2025-11-09,HM43,1.736,MATERIAL
2025-11-09,HM47,4.085,ELEC
2025-11-09,HM50,0.311,MECH
2025-11-09,HM56,1.473,ELEC
2025-11-10,HM01,0.768,MATERIAL
2025-11-10,HM12,3.104,ELEC
2025-11-10,HM13,3.237,OPERATOR
2025-11-10,HM14,0.836,MATERIAL
2025-11-10,HM16,0.829,PLANNED_PM
2025-11-10,HM20,1.018,MATERIAL
2025-11-10,HM25,0.673,PLANNED_PM
2025-11-10,HM30,6.336,PLANNED_PM
2025-11-10,HM36,1.884,PLANNED_PM
2025-11-10,HM43,0.74,MECH
2025-11-10,HM47,0.578,OPERATOR
2025-11-10,HM50,0.95,MATERIAL
2025-11-10,HM56,0.525,MATERIAL
2025-11-11,HM01,1.208,PLANNED_PM
2025-11-11,HM12,0.247,PLANNED_PM
2025-11-11,HM13,3.467,MATERIAL
2025-11-11,HM14,0.709,OPERATOR
2025-11-11,HM16,0.671,OPERATOR
2025-11-11,HM20,1.065,PLANNED_PM
2025-11-11,HM25,0.857,MATERIAL
2025-11-11,HM30,0.386,PLANNED_PM
2025-11-11,HM36,0.658,MATERIAL
2025-11-11,HM43,0.739,ELEC
2025-11-11,HM47,0.603,MATERIAL
2025-11-11,HM50,0.974,MATERIAL
2025-11-11,HM56,4.101,MATERIAL
2025-11-12,HM01,0.953,ELEC
2025-11-12,HM12,0.938,OPERATOR
2025-11-12,HM13,5.848,MATERIAL
2025-11-12,HM14,0.498,MECH
2025-11-12,HM16,3.364,PLANNED_PM
2025-11-12,HM20,1.077,MATERIAL
2025-11-12,HM25,0.294,MECH
2025-11-12,HM30,0.819,ELEC
2025-11-12,HM36,6.123,MATERIAL
2025-11-12,HM43,0.718,MECH
2025-11-12,HM47,2.744,OPERATOR
2025-11-12,HM50,0.61,MATERIAL
2025-11-12,HM56,0.592,PLANNED_PM
2025-11-13,HM01,0.638,OPERATOR
2025-11-13,HM12,1.594,PLANNED_PM
2025-11-13,HM13,0.51,ELEC
2025-11-13,HM14,1.061,ELEC
2025-11-13,HM16,0.448,PLANNED_PM
2025-11-13,HM20,0.705,ELEC
2025-11-13,HM25,0.873,ELEC
2025-11-13,HM30,2.249,MECH
2025-11-13,HM36,0.941,OPERATOR
2025-11-13,HM43,1.303,MATERIAL
2025-11-13,HM47,1.074,MATERIAL
2025-11-13,HM50,0.609,MATERIAL
2025-11-13,HM56,1.271,MATERIAL
2025-11-14,HM01,0.678,OPERATOR
2025-11-14,HM12,0.751,MECH
2025-11-14,HM13,0.83,MATERIAL
2025-11-14,HM14,0.69,PLANNED_PM
2025-11-14,HM16,0.536,MECH
2025-11-14,HM20,0.454,MATERIAL
2025-11-14,HM25,1.237,OPERATOR
2025-11-14,HM30,0.323,MATERIAL
2025-11-14,HM36,0.343,MATERIAL
2025-11-14,HM43,0.937,OPERATOR
2025-11-14,HM47,1.324,MATERIAL
2025-11-14,HM50,0.533,MATERIAL
2025-11-14,HM56,0.649,OPERATOR
2025-11-15,HM01,0.361,OPERATOR
2025-11-15,HM12,0.687,PLANNED_PM
2025-11-15,HM13,1.762,MATERIAL
2025-11-15,HM14,1.063,ELEC
2025-11-15,HM16,0.639,PLANNED_PM
2025-11-15,HM20,0.663,MATERIAL
2025-11-15,HM25,1.652,OPERATOR
2025-11-15,HM30,0.68,MATERIAL
2025-11-15,HM36,4.747,ELEC
2025-11-15,HM43,0.774,OPERATOR
2025-11-15,HM47,1.556,PLANNED_PM
2025-11-15,HM50,0.439,ELEC
2025-11-15,HM56,1.774,MECH
2025-11-16,HM01,0.87,PLANNED_PM
2025-11-16,HM12,0.43,MATERIAL
2025-11-16,HM13,0.243,ELEC
2025-11-16,HM14,0.558,OPERATOR
2025-11-16,HM16,1.155,OPERATOR
2025-11-16,HM20,0.639,PLANNED_PM
2025-11-16,HM25,0.519,ELEC
2025-11-16,HM30,1.044,OPERATOR
2025-11-16,HM36,0.756,PLANNED_PM
2025-11-16,HM43,2.213,MATERIAL
2025-11-16,HM47,0.387,ELEC
2025-11-16,HM50,0.86,OPERATOR
2025-11-16,HM56,1.275,PLANNED_PM
2025-11-17,HM01,1.209,ELEC
2025-11-17,HM12,0.666,MATERIAL
2025-11-17,HM13,1.083,MATERIAL
2025-11-17,HM14,1.176,MECH
2025-11-17,HM16,5.678,PLANNED_PM
2025-11-17,HM20,7.098,PLANNED_PM
2025-11-17,HM25,1.212,PLANNED_PM
2025-11-17,HM30,0.596,MATERIAL
2025-11-17,HM36,2.919,MECH
2025-11-17,HM43,0.331,PLANNED_PM
2025-11-17,HM47,1.251,MATERIAL
2025-11-17,HM50,0.811,PLANNED_PM
2025-11-17,HM56,0.457,MECH
2025-11-18,HM01,0.609,MECH
2025-11-18,HM12,0.908,PLANNED_PM
2025-11-18,HM13,1.032,MATERIAL
2025-11-18,HM14,0.503,PLANNED_PM
2025-11-18,HM16,0.56,MECH
2025-11-18,HM20,0.634,MATERIAL
2025-11-18,HM25,0.694,ELEC
2025-11-18,HM30,0.581,MATERIAL
2025-11-18,HM36,1.168,MATERIAL
2025-11-18,HM43,1.443,MECH
2025-11-18,HM47,0.751,MECH
2025-11-18,HM50,0.337,ELEC
2025-11-18,HM56,2.111,OPERATOR
2025-11-19,HM01,0.339,OPERATOR
2025-11-19,HM12,0.53,MATERIAL
2025-11-19,HM13,1.552,MATERIAL
2025-11-19,HM14,0.285,MECH
2025-11-19,HM16,3.847,ELEC
2025-11-19,HM20,0.757,MECH
2025-11-19,HM25,1.043,MATERIAL
2025-11-19,HM30,0.557,MATERIAL
2025-11-19,HM36,0.737,OPERATOR
2025-11-19,HM43,0.544,PLANNED_PM
2025-11-19,HM47,1.064,ELEC
2025-11-19,HM50,2.256,MATERIAL
2025-11-19,HM56,0.417,PLANNED_PM
2025-11-20,HM01,0.813,MECH
2025-11-20,HM12,0.68,MATERIAL
2025-11-20,HM13,2.331,MATERIAL
2025-11-20,HM14,4.67,MECH
2025-11-20,HM16,1.291,ELEC
2025-11-20,HM20,0.51,OPERATOR
2025-11-20,HM25,0.893,MATERIAL
2025-11-20,HM30,0.782,PLANNED_PM
2025-11-20,HM36,0.769,MATERIAL
2025-11-20,HM43,0.897,ELEC
2025-11-20,HM47,0.476,PLANNED_PM
2025-11-20,HM50,1.752,ELEC
2025-11-20,HM56,3.161,PLANNED_PM
2025-11-21,HM01,5.811,ELEC
2025-11-21,HM12,1.735,MATERIAL
2025-11-21,HM13,3.207,ELEC
2025-11-21,HM14,0.692,ELEC
2025-11-21,HM16,2.019,PLANNED_PM
2025-11-21,HM20,1.37,PLANNED_PM
2025-11-21,HM25,2.447,OPERATOR
2025-11-21,HM30,0.91,MATERIAL
2025-11-21,HM36,1.558,PLANNED_PM
2025-11-21,HM43,0.369,OPERATOR
2025-11-21,HM47,0.572,ELEC
2025-11-21,HM50,0.806,PLANNED_PM
2025-11-21,HM56,0.393,ELEC
2025-11-22,HM01,0.998,ELEC
2025-11-22,HM12,0.759,MATERIAL
2025-11-22,HM13,0.989,MATERIAL
2025-11-22,HM14,1.478,MATERIAL
2025-11-22,HM16,0.699,MECH
2025-11-22,HM20,0.434,OPERATOR
2025-11-22,HM25,0.668,OPERATOR
2025-11-22,HM30,0.376,OPERATOR
2025-11-22,HM36,1.535,MECH
2025-11-22,HM43,1.106,MECH
2025-11-22,HM47,0.709,MECH
2025-11-22,HM50,1.141,ELEC
2025-11-22,HM56,0.755,PLANNED_PM
2025-11-23,HM01,0.359,MECH
2025-11-23,HM12,5.774,PLANNED_PM
2025-11-23,HM13,0.758,MECH
2025-11-23,HM14,1.64,PLANNED_PM
2025-11-23,HM16,0.749,ELEC
2025-11-23,HM20,0.214,ELEC
2025-11-23,HM25,2.591,OPERATOR
2025-11-23,HM30,1.031,OPERATOR
2025-11-23,HM36,0.762,MECH
2025-11-23,HM43,1.659,ELEC
2025-11-23,HM47,2.204,ELEC
2025-11-23,HM50,0.473,OPERATOR
2025-11-23,HM56,0.786,ELEC
2025-11-24,HM01,0.687,MECH
2025-11-24,HM12,1.194,PLANNED_PM
2025-11-24,HM13,0.846,OPERATOR
2025-11-24,HM14,2.502,OPERATOR
2025-11-24,HM16,0.999,ELEC
2025-11-24,HM20,1.632,MATERIAL
2025-11-24,HM25,0.814,PLANNED_PM
2025-11-24,HM30,2.829,OPERATOR
2025-11-24,HM36,0.536,OPERATOR
2025-11-24,HM43,1.621,MATERIAL
2025-11-24,HM47,0.827,MATERIAL
2025-11-24,HM50,2.03,OPERATOR
2025-11-24,HM56,0.686,ELEC
2025-11-25,HM01,1.122,OPERATOR
2025-11-25,HM12,0.307,ELEC
2025-11-25,HM13,1.409,OPERATOR
2025-11-25,HM14,0.56,MATERIAL
2025-11-25,HM16,0.711,ELEC
2025-11-25,HM20,1.761,PLANNED_PM
2025-11-25,HM25,6.797,OPERATOR
2025-11-25,HM30,0.799,OPERATOR
2025-11-25,HM36,0.382,PLANNED_PM
2025-11-25,HM43,1.317,OPERATOR
2025-11-25,HM47,5.607,OPERATOR
2025-11-25,HM50,1.348,ELEC
2025-11-25,HM56,2.35,ELEC
2025-11-26,HM01,0.408,MECH
2025-11-26,HM12,1.403,ELEC
2025-11-26,HM13,1.505,MECH
2025-11-26,HM14,1.142,MATERIAL
2025-11-26,HM16,0.968,OPERATOR
2025-11-26,HM20,4.317,MATERIAL
2025-11-26,HM25,0.295,PLANNED_PM
2025-11-26,HM30,1.218,MATERIAL
2025-11-26,HM36,0.799,ELEC
2025-11-26,HM43,1.058,MECH
2025-11-26,HM47,0.508,ELEC
2025-11-26,HM50,0.414,ELEC
2025-11-26,HM56,1.729,OPERATOR
2025-11-27,HM01,1.176,OPERATOR
2025-11-27,HM12,0.455,ELEC
2025-11-27,HM13,1.348,ELEC
2025-11-27,HM14,1.582,MECH
2025-11-27,HM16,0.77,MATERIAL
2025-11-27,HM20,3.442,MECH
2025-11-27,HM25,0.881,MECH
2025-11-27,HM30,0.663,ELEC
2025-11-27,HM36,0.788,ELEC
2025-11-27,HM43,3.562,OPERATOR
2025-11-27,HM47,0.309,ELEC
2025-11-27,HM50,0.857,OPERATOR
2025-11-27,HM56,0.894,MATERIAL
2025-11-28,HM01,1.116,MATERIAL
2025-11-28,HM12,0.579,MECH
2025-11-28,HM13,1.1,MECH
2025-11-28,HM14,0.683,MECH
2025-11-28,HM16,0.83,MECH
2025-11-28,HM20,0.755,PLANNED_PM
2025-11-28,HM25,0.642,MECH
2025-11-28,HM30,1.923,PLANNED_PM
2025-11-28,HM36,5.17,OPERATOR
2025-11-28,HM43,1.861,PLANNED_PM
2025-11-28,HM47,1.416,ELEC
2025-11-28,HM50,1.057,ELEC
2025-11-28,HM56,0.832,ELEC
2025-11-29,HM01,0.463,ELEC
2025-11-29,HM12,1.073,MATERIAL
2025-11-29,HM13,0.72,OPERATOR
2025-11-29,HM14,4.697,OPERATOR
2025-11-29,HM16,0.842,OPERATOR
2025-11-29,HM20,0.493,OPERATOR
2025-11-29,HM25,0.919,PLANNED_PM
2025-11-29,HM30,0.672,PLANNED_PM
2025-11-29,HM36,0.782,ELEC
2025-11-29,HM43,1.56,MECH
2025-11-29,HM47,0.565,ELEC
2025-11-29,HM50,1.123,MATERIAL
2025-11-29,HM56,0.601,ELEC
2025-11-30,HM01,1.271,ELEC
2025-11-30,HM12,1.748,PLANNED_PM
2025-11-30,HM13,0.375,MATERIAL
2025-11-30,HM14,0.971,OPERATOR
2025-11-30,HM16,0.408,ELEC
2025-11-30,HM20,0.828,MATERIAL
2025-11-30,HM25,0.531,MATERIAL
2025-11-30,HM30,1.117,PLANNED_PM
2025-11-30,HM36,0.789,PLANNED_PM
2025-11-30,HM43,1.083,PLANNED_PM
2025-11-30,HM47,1.391,MECH
2025-11-30,HM50,0.5,OPERATOR
2025-11-30,HM56,7.044,ELEC
2025-12-01,HM01,0.705,MATERIAL
2025-12-01,HM12,1.157,OPERATOR
2025-12-01,HM13,0.94,MECH
2025-12-01,HM14,1.781,PLANNED_PM
2025-12-01,HM16,0.856,OPERATOR
2025-12-01,HM20,0.418,PLANNED_PM
2025-12-01,HM25,0.518,PLANNED_PM
2025-12-01,HM30,0.711,OPERATOR
2025-12-01,HM36,0.549,MECH
2025-12-01,HM43,1.054,ELEC
2025-12-01,HM47,0.561,OPERATOR
2025-12-01,HM50,5.331,OPERATOR
2025-12-01,HM56,0.291,ELEC
2025-12-02,HM01,0.988,MATERIAL
2025-12-02,HM12,1.025,PLANNED_PM
2025-12-02,HM13,1.899,ELEC
2025-12-02,HM14,0.887,ELEC
2025-12-02,HM16,1.489,MATERIAL
2025-12-02,HM20,1.096,PLANNED_PM
2025-12-02,HM25,0.827,OPERATOR
2025-12-02,HM30,0.957,ELEC
2025-12-02,HM36,2.764,PLANNED_PM
2025-12-02,HM43,0.926,PLANNED_PM
2025-12-02,HM47,0.402,MATERIAL
2025-12-02,HM50,0.553,OPERATOR
2025-12-02,HM56,1.689,MATERIAL
2025-12-03,HM01,1.169,MATERIAL
2025-12-03,HM12,1.529,MATERIAL
2025-12-03,HM13,0.493,OPERATOR
2025-12-03,HM14,0.993,OPERATOR
2025-12-03,HM16,0.279,OPERATOR
2025-12-03,HM20,0.364,MATERIAL
2025-12-03,HM25,0.827,ELEC
2025-12-03,HM30,0.63,PLANNED_PM
2025-12-03,HM36,1.811,OPERATOR
2025-12-03,HM43,0.971,OPERATOR
2025-12-03,HM47,0.641,PLANNED_PM
2025-12-03,HM50,0.311,PLANNED_PM
2025-12-03,HM56,1.075,MECH
2025-12-04,HM01,1.41,MECH
2025-12-04,HM12,0.528,OPERATOR
2025-12-04,HM13,2.605,MATERIAL
2025-12-04,HM14,0.642,OPERATOR
2025-12-04,HM16,0.734,ELEC
2025-12-04,HM20,0.97,OPERATOR
2025-12-04,HM25,1.096,MECH
2025-12-04,HM30,1.112,MECH
2025-12-04,HM36,3.177,OPERATOR
2025-12-04,HM43,1.123,ELEC
2025-12-04,HM47,0.448,PLANNED_PM
2025-12-04,HM50,0.612,MATERIAL
2025-12-04,HM56,1.248,PLANNED_PM
2025-12-05,HM01,0.824,MATERIAL
2025-12-05,HM12,1.409,ELEC
2025-12-05,HM13,0.963,ELEC
2025-12-05,HM14,4.53,MATERIAL
2025-12-05,HM16,0.534,PLANNED_PM
2025-12-05,HM20,2.072,PLANNED_PM
2025-12-05,HM25,0.558,MECH
2025-12-05,HM30,1.533,ELEC
2025-12-05,HM36,2.542,PLANNED_PM
2025-12-05,HM43,1.594,MATERIAL
2025-12-05,HM47,0.537,MATERIAL
2025-12-05,HM50,1.197,MATERIAL
2025-12-05,HM56,5.229,MATERIAL
2025-12-06,HM01,0.159,PLANNED_PM
2025-12-06,HM12,0.655,MECH
2025-12-06,HM13,0.368,OPERATOR
2025-12-06,HM14,0.773,OPERATOR
2025-12-06,HM16,0.988,ELEC
2025-12-06,HM20,0.189,ELEC
2025-12-06,HM25,1.37,PLANNED_PM
2025-12-06,HM30,0.29,MATERIAL
2025-12-06,HM36,1.985,OPERATOR
2025-12-06,HM43,1.713,ELEC
2025-12-06,HM47,1.013,MECH
2025-12-06,HM50,1.27,ELEC
2025-12-06,HM56,1.164,OPERATOR
2025-12-07,HM01,1.018,OPERATOR
2025-12-07,HM12,0.861,OPERATOR
2025-12-07,HM13,4.485,MECH
2025-12-07,HM14,3.012,ELEC
2025-12-07,HM16,0.583,MATERIAL
2025-12-07,HM20,1.28,OPERATOR
2025-12-07,HM25,0.918,PLANNED_PM
2025-12-07,HM30,0.501,PLANNED_PM
2025-12-07,HM36,1.31,MECH
2025-12-07,HM43,1.445,MATERIAL
2025-12-07,HM47,1.535,MATERIAL
2025-12-07,HM50,2.548,PLANNED_PM
2025-12-07,HM56,1.12,ELEC
2025-12-08,HM01,0.585,MATERIAL
2025-12-08,HM12,1.362,OPERATOR
2025-12-08,HM13,0.523,OPERATOR
2025-12-08,HM14,3.933,ELEC
2025-12-08,HM16,1.221,OPERATOR
2025-12-08,HM20,2.071,PLANNED_PM
2025-12-08,HM25,0.433,PLANNED_PM
2025-12-08,HM30,1.302,PLANNED_PM
2025-12-08,HM36,0.416,MECH
2025-12-08,HM43,6.838,MATERIAL
2025-12-08,HM47,0.543,MECH
2025-12-08,HM50,1.67,MECH
2025-12-08,HM56,0.666,MATERIAL
2025-12-09,HM01,0.618,MATERIAL
2025-12-09,HM12,0.416,MECH
2025-12-09,HM13,0.589,PLANNED_PM
2025-12-09,HM14,0.358,OPERATOR
2025-12-09,HM16,0.781,PLANNED_PM
2025-12-09,HM20,0.698,OPERATOR
2025-12-09,HM25,1.161,ELEC
2025-12-09,HM30,1.146,MECH
2025-12-09,HM36,3.552,MECH
2025-12-09,HM43,4.935,ELEC
2025-12-09,HM47,3.121,MATERIAL
2025-12-09,HM50,0.602,MATERIAL
2025-12-09,HM56,0.484,MATERIAL
2025-12-10,HM01,0.642,ELEC
2025-12-10,HM12,0.96,MECH
2025-12-10,HM13,0.573,OPERATOR
2025-12-10,HM14,1.442,ELEC
2025-12-10,HM16,5.895,OPERATOR
2025-12-10,HM20,0.735,PLANNED_PM
2025-12-10,HM25,2.654,MATERIAL
2025-12-10,HM30,0.494,PLANNED_PM
2025-12-10,HM36,0.545,MECH
2025-12-10,HM43,0.868,MECH
2025-12-10,HM47,0.748,PLANNED_PM
2025-12-10,HM50,3.535,OPERATOR
2025-12-10,HM56,5.809,OPERATOR
2025-12-11,HM01,1.327,MATERIAL
2025-12-11,HM12,1.646,ELEC
2025-12-11,HM13,1.029,OPERATOR
2025-12-11,HM14,1.785,ELEC
2025-12-11,HM16,0.985,OPERATOR
2025-12-11,HM20,0.573,MATERIAL
2025-12-11,HM25,0.937,OPERATOR
2025-12-11,HM30,0.458,MECH
2025-12-11,HM36,0.377,PLANNED_PM
2025-12-11,HM43,0.502,OPERATOR
2025-12-11,HM47,0.703,MECH
2025-12-11,HM50,5.776,PLANNED_PM
2025-12-11,HM56,1.428,MATERIAL
2025-12-12,HM01,0.982,ELEC
2025-12-12,HM12,1.505,MECH
2025-12-12,HM13,0.868,OPERATOR
2025-12-12,HM14,0.75,PLANNED_PM
2025-12-12,HM16,0.585,OPERATOR
2025-12-12,HM20,2.528,ELEC
2025-12-12,HM25,1.67,PLANNED_PM
2025-12-12,HM30,0.952,PLANNED_PM
2025-12-12,HM36,0.717,MECH
2025-12-12,HM43,1.108,MECH
2025-12-12,HM47,0.425,MATERIAL
2025-12-12,HM50,1.02,OPERATOR
2025-12-12,HM56,0.548,PLANNED_PM
2025-12-13,HM01,0.635,ELEC
2025-12-13,HM12,0.773,MECH
2025-12-13,HM13,1.525,ELEC
2025-12-13,HM14,1.0,OPERATOR
2025-12-13,HM16,1.291,OPERATOR
2025-12-13,HM20,0.416,MECH
2025-12-13,HM25,0.624,PLANNED_PM
2025-12-13,HM30,0.561,ELEC
2025-12-13,HM36,2.307,MECH
2025-12-13,HM43,0.993,MECH
2025-12-13,HM47,0.987,MATERIAL
2025-12-13,HM50,1.037,MATERIAL
2025-12-13,HM56,0.391,ELEC
2025-12-14,HM01,0.459,MATERIAL
2025-12-14,HM12,1.013,MECH
2025-12-14,HM13,0.888,ELEC
2025-12-14,HM14,1.3,OPERATOR
2025-12-14,HM16,0.703,OPERATOR
2025-12-14,HM20,1.173,MATERIAL
2025-12-14,HM25,1.06,OPERATOR
2025-12-14,HM30,6.214,PLANNED_PM
2025-12-14,HM36,1.199,ELEC
2025-12-14,HM43,0.405,OPERATOR
2025-12-14,HM47,0.655,PLANNED_PM
2025-12-14,HM50,0.236,OPERATOR
2025-12-14,HM56,0.77,MECH
2025-12-15,HM01,0.636,MATERIAL
2025-12-15,HM12,2.886,OPERATOR
2025-12-15,HM13,0.809,MATERIAL
2025-12-15,HM14,0.487,OPERATOR
2025-12-15,HM16,0.783,ELEC
2025-12-15,HM20,0.903,PLANNED_PM
2025-12-15,HM25,1.838,MATERIAL
2025-12-15,HM30,0.733,OPERATOR
2025-12-15,HM36,0.798,OPERATOR
2025-12-15,HM43,1.562,OPERATOR
2025-12-15,HM47,1.29,PLANNED_PM
2025-12-15,HM50,0.658,PLANNED_PM
2025-12-15,HM56,0.812,PLANNED_PM
2025-12-16,HM01,1.529,OPERATOR
2025-12-16,HM12,2.13,OPERATOR
2025-12-16,HM13,0.507,MATERIAL
2025-12-16,HM14,2.402,MATERIAL
2025-12-16,HM16,0.72,PLANNED_PM
2025-12-16,HM20,2.112,MATERIAL
2025-12-16,HM25,0.637,PLANNED_PM
2025-12-16,HM30,0.506,PLANNED_PM
2025-12-16,HM36,0.424,OPERATOR
2025-12-16,HM43,0.443,MECH
2025-12-16,HM47,0.944,MATERIAL
2025-12-16,HM50,1.067,MATERIAL
2025-12-16,HM56,1.436,MECH
2025-12-17,HM01,0.497,PLANNED_PM
2025-12-17,HM12,0.899,MATERIAL
2025-12-17,HM13,0.529,MATERIAL
2025-12-17,HM14,0.945,ELEC
2025-12-17,HM16,1.136,PLANNED_PM
2025-12-17,HM20,0.322,PLANNED_PM
2025-12-17,HM25,1.746,PLANNED_PM
2025-12-17,HM30,1.113,ELEC
2025-12-17,HM36,1.432,ELEC
2025-12-17,HM43,0.228,MATERIAL
2025-12-17,HM47,1.005,PLANNED_PM
2025-12-17,HM50,0.925,ELEC
2025-12-17,HM56,1.494,OPERATOR
2025-12-18,HM01,0.608,MATERIAL
2025-12-18,HM12,3.423,MATERIAL
2025-12-18,HM13,0.605,ELEC
2025-12-18,HM14,0.784,MECH
2025-12-18,HM16,1.357,OPERATOR
2025-12-18,HM20,0.547,ELEC
2025-12-18,HM25,0.581,MECH
2025-12-18,HM30,0.885,MATERIAL
2025-12-18,HM36,1.541,OPERATOR
2025-12-18,HM43,1.796,MATERIAL
2025-12-18,HM47,0.885,PLANNED_PM
2025-12-18,HM50,0.517,ELEC
2025-12-18,HM56,0.548,OPERATOR
2025-12-19,HM01,0.554,ELEC
2025-12-19,HM12,2.0,OPERATOR
2025-12-19,HM13,1.139,OPERATOR
2025-12-19,HM14,0.559,PLANNED_PM
2025-12-19,HM16,6.177,MATERIAL
2025-12-19,HM20,0.411,OPERATOR
2025-12-19,HM25,0.707,PLANNED_PM
2025-12-19,HM30,1.242,ELEC
2025-12-19,HM36,0.588,ELEC
2025-12-19,HM43,0.701,MECH
2025-12-19,HM47,1.783,OPERATOR
2025-12-19,HM50,1.468,OPERATOR
2025-12-19,HM56,1.776,MECH
2025-12-20,HM01,0.707,MECH
2025-12-20,HM12,1.568,MATERIAL
2025-12-20,HM13,1.902,MATERIAL
2025-12-20,HM14,0.576,PLANNED_PM
2025-12-20,HM16,1.459,PLANNED_PM
2025-12-20,HM20,0.736,PLANNED_PM
2025-12-20,HM25,0.642,OPERATOR
2025-12-20,HM30,0.391,OPERATOR
2025-12-20,HM36,0.971,MATERIAL
2025-12-20,HM43,0.851,PLANNED_PM
2025-12-20,HM47,0.775,OPERATOR
2025-12-20,HM50,0.224,PLANNED_PM
2025-12-20,HM56,0.739,PLANNED_PM
2025-12-21,HM01,0.817,OPERATOR
2025-12-21,HM12,0.886,MATERIAL
2025-12-21,HM13,1.07,MECH
2025-12-21,HM14,1.245,OPERATOR
2025-12-21,HM16,0.552,OPERATOR
2025-12-21,HM20,1.348,PLANNED_PM
2025-12-21,HM25,2.527,PLANNED_PM
2025-12-21,HM30,1.987,MECH
2025-12-21,HM36,0.596,ELEC
2025-12-21,HM43,5.547,MECH
2025-12-21,HM47,0.829,MATERIAL
2025-12-21,HM50,0.218,MECH
2025-12-21,HM56,0.348,MATERIAL
2025-12-22,HM01,0.919,MATERIAL
2025-12-22,HM12,1.023,MECH
2025-12-22,HM13,0.899,MATERIAL
2025-12-22,HM14,0.826,MATERIAL
2025-12-22,HM16,0.778,MECH
2025-12-22,HM20,5.139,ELEC
2025-12-22,HM25,1.041,PLANNED_PM
2025-12-22,HM30,0.384,MECH
2025-12-22,HM36,0.841,PLANNED_PM
2025-12-22,HM43,1.044,PLANNED_PM
2025-12-22,HM47,1.183,MATERIAL
2025-12-22,HM50,0.789,PLANNED_PM
2025-12-22,HM56,0.77,MECH
2025-12-23,HM01,0.896,ELEC
2025-12-23,HM12,0.346,ELEC
2025-12-23,HM13,0.895,ELEC
2025-12-23,HM14,1.414,PLANNED_PM
2025-12-23,HM16,0.874,MATERIAL
2025-12-23,HM20,0.967,PLANNED_PM
2025-12-23,HM25,0.396,MECH
2025-12-23,HM30,1.014,OPERATOR
2025-12-23,HM36,0.604,PLANNED_PM
2025-12-23,HM43,0.708,ELEC
2025-12-23,HM47,0.974,MECH
2025-12-23,HM50,0.246,OPERATOR
2025-12-23,HM56,0.961,MATERIAL
2025-12-24,HM01,0.548,MECH
2025-12-24,HM12,0.425,ELEC
2025-12-24,HM13,0.343,OPERATOR
2025-12-24,HM14,0.863,OPERATOR
2025-12-24,HM16,0.593,MECH
2025-12-24,HM20,0.339,ELEC
2025-12-24,HM25,5.95,PLANNED_PM
2025-12-24,HM30,0.592,ELEC
2025-12-24,HM36,1.12,MATERIAL
2025-12-24,HM43,0.678,OPERATOR
2025-12-24,HM47,1.644,MATERIAL
2025-12-24,HM50,0.436,MECH
2025-12-24,HM56,0.653,ELEC
2025-12-25,HM01,0.641,ELEC
2025-12-25,HM12,1.633,OPERATOR
2025-12-25,HM13,0.595,OPERATOR
2025-12-25,HM14,0.788,PLANNED_PM
2025-12-25,HM16,0.589,PLANNED_PM
2025-12-25,HM20,4.76,MATERIAL
2025-12-25,HM25,1.464,MATERIAL
2025-12-25,HM30,1.355,OPERATOR
2025-12-25,HM36,0.702,PLANNED_PM
2025-12-25,HM43,0.772,MATERIAL
2025-12-25,HM47,0.809,MECH
2025-12-25,HM50,0.622,ELEC
2025-12-25,HM56,1.709,MECH
2025-12-26,HM01,0.341,ELEC
2025-12-26,HM12,0.675,MATERIAL
2025-12-26,HM13,1.359,MATERIAL
2025-12-26,HM14,0.285,PLANNED_PM
2025-12-26,HM16,0.564,MECH
2025-12-26,HM20,0.975,MATERIAL
2025-12-26,HM25,0.597,OPERATOR
2025-12-26,HM30,0.501,MECH
2025-12-26,HM36,0.889,PLANNED_PM
2025-12-26,HM43,0.536,ELEC
2025-12-26,HM47,0.636,MATERIAL
2025-12-26,HM50,0.36,PLANNED_PM
2025-12-26,HM56,1.427,OPERATOR
2025-12-27,HM01,1.237,OPERATOR
2025-12-27,HM12,1.604,ELEC
2025-12-27,HM13,0.618,MATERIAL
2025-12-27,HM14,0.356,MECH
2025-12-27,HM16,0.523,MECH
2025-12-27,HM20,0.588,ELEC
2025-12-27,HM25,1.037,MATERIAL
2025-12-27,HM30,0.427,MECH
2025-12-27,HM36,5.911,MATERIAL
2025-12-27,HM43,1.17,ELEC
2025-12-27,HM47,0.41,PLANNED_PM
2025-12-27,HM50,3.285,ELEC
2025-12-27,HM56,3.438,MECH
2025-12-28,HM01,0.342,OPERATOR
2025-12-28,HM12,0.549,MATERIAL
2025-12-28,HM13,0.77,ELEC
2025-12-28,HM14,0.586,PLANNED_PM
2025-12-28,HM16,0.435,PLANNED_PM
2025-12-28,HM20,1.847,MATERIAL
2025-12-28,HM25,4.341,ELEC
2025-12-28,HM30,1.217,ELEC
2025-12-28,HM36,1.919,ELEC
2025-12-28,HM43,0.893,ELEC
2025-12-28,HM47,0.361,ELEC
2025-12-28,HM50,1.202,PLANNED_PM
2025-12-28,HM56,0.954,MECH
2025-12-29,HM01,0.491,PLANNED_PM
2025-12-29,HM12,1.012,ELEC
2025-12-29,HM13,0.7,OPERATOR
2025-12-29,HM14,0.33,PLANNED_PM
2025-12-29,HM16,1.084,MATERIAL
2025-12-29,HM20,0.348,MECH
2025-12-29,HM25,0.574,ELEC
2025-12-29,HM30,1.75,MECH
2025-12-29,HM36,1.034,PLANNED_PM
2025-12-29,HM43,1.943,MECH
2025-12-29,HM47,1.324,OPERATOR
2025-12-29,HM50,0.895,MECH
2025-12-29,HM56,1.931,PLANNED_PM
2025-12-30,HM01,0.882,PLANNED_PM
2025-12-30,HM12,1.666,ELEC
2025-12-30,HM13,1.118,OPERATOR
2025-12-30,HM14,0.456,MECH
2025-12-30,HM16,0.837,MATERIAL
2025-12-30,HM20,0.661,OPERATOR
2025-12-30,HM25,1.242,ELEC
2025-12-30,HM30,0.703,OPERATOR
2025-12-30,HM36,0.439,MATERIAL
2025-12-30,HM43,1.217,MATERIAL
2025-12-30,HM47,2.052,MATERIAL
2025-12-30,HM50,0.304,OPERATOR
2025-12-30,HM56,0.653,OPERATOR
2025-12-31,HM01,1.884,OPERATOR
2025-12-31,HM12,0.727,MATERIAL
2025-12-31,HM13,0.402,MATERIAL
2025-12-31,HM14,0.556,MATERIAL
2025-12-31,HM16,0.614,PLANNED_PM
2025-12-31,HM20,0.529,ELEC
2025-12-31,HM25,3.269,MATERIAL
2025-12-31,HM30,1.031,PLANNED_PM
2025-12-31,HM36,1.291,PLANNED_PM
2025-12-31,HM43,0.64,MATERIAL
2025-12-31,HM47,1.561,PLANNED_PM
2025-12-31,HM50,0.804,PLANNED_PM
2025-12-31,HM56,1.375,ELEC
2026-01-01,HM01,1.384,ELEC
2026-01-01,HM12,0.576,MECH
2026-01-01,HM13,0.817,OPERATOR
2026-01-01,HM14,0.515,ELEC
2026-01-01,HM16,0.888,OPERATOR
2026-01-01,HM20,0.672,ELEC
2026-01-01,HM25,1.143,ELEC
2026-01-01,HM30,0.774,PLANNED_PM
2026-01-01,HM36,0.572,ELEC
2026-01-01,HM43,1.525,PLANNED_PM
2026-01-01,HM47,1.243,OPERATOR
2026-01-01,HM50,1.236,OPERATOR
2026-01-01,HM56,0.772,ELEC
2026-01-02,HM01,0.419,OPERATOR
2026-01-02,HM12,0.493,PLANNED_PM
2026-01-02,HM13,0.506,ELEC
2026-01-02,HM14,0.384,OPERATOR
2026-01-02,HM16,0.548,OPERATOR
2026-01-02,HM20,1.424,PLANNED_PM
2026-01-02,HM25,0.311,ELEC
2026-01-02,HM30,1.116,MECH
2026-01-02,HM36,2.27,ELEC
2026-01-02,HM43,0.747,OPERATOR
2026-01-02,HM47,1.387,MATERIAL
2026-01-02,HM50,0.821,ELEC
2026-01-02,HM56,0.739,PLANNED_PM
2026-01-03,HM01,0.736,MATERIAL
2026-01-03,HM12,2.153,ELEC
2026-01-03,HM13,1.064,OPERATOR
2026-01-03,HM14,0.871,MATERIAL
2026-01-03,HM16,2.545,PLANNED_PM
2026-01-03,HM20,6.741,PLANNED_PM
2026-01-03,HM25,0.64,OPERATOR
2026-01-03,HM30,0.298,OPERATOR
2026-01-03,HM36,1.832,PLANNED_PM
2026-01-03,HM43,0.672,MECH
2026-01-03,HM47,0.436,MECH
2026-01-03,HM50,0.897,ELEC
2026-01-03,HM56,0.64,MATERIAL
2026-01-04,HM01,1.281,OPERATOR
2026-01-04,HM12,0.798,ELEC
2026-01-04,HM13,0.68,MATERIAL
2026-01-04,HM14,1.116,MATERIAL
2026-01-04,HM16,0.726,OPERATOR
2026-01-04,HM20,0.446,PLANNED_PM
2026-01-04,HM25,0.688,PLANNED_PM
2026-01-04,HM30,0.531,PLANNED_PM
2026-01-04,HM36,6.207,ELEC
2026-01-04,HM43,0.39,MECH
2026-01-04,HM47,0.249,OPERATOR
2026-01-04,HM50,0.894,OPERATOR
2026-01-04,HM56,1.236,MECH
2026-01-05,HM01,0.981,PLANNED_PM
2026-01-05,HM12,0.418,ELEC
2026-01-05,HM13,0.725,PLANNED_PM
2026-01-05,HM14,2.759,PLANNED_PM
2026-01-05,HM16,1.657,OPERATOR
2026-01-05,HM20,7.775,MECH
2026-01-05,HM25,0.742,PLANNED_PM
2026-01-05,HM30,0.816,MECH
2026-01-05,HM36,0.958,PLANNED_PM
2026-01-05,HM43,0.458,ELEC
2026-01-05,HM47,0.507,ELEC
2026-01-05,HM50,1.17,MATERIAL
2026-01-05,HM56,0.812,ELEC
2026-01-06,HM01,1.841,MECH
2026-01-06,HM12,0.605,PLANNED_PM
2026-01-06,HM13,0.994,PLANNED_PM
2026-01-06,HM14,1.04,PLANNED_PM
2026-01-06,HM16,0.503,PLANNED_PM
2026-01-06,HM20,1.12,ELEC
2026-01-06,HM25,1.323,MECH
2026-01-06,HM30,0.938,ELEC
2026-01-06,HM36,1.353,PLANNED_PM
2026-01-06,HM43,4.663,OPERATOR
2026-01-06,HM47,0.514,MATERIAL
2026-01-06,HM50,4.446,MATERIAL
2026-01-06,HM56,4.898,ELEC
2026-01-07,HM01,0.839,ELEC
2026-01-07,HM12,1.694,OPERATOR
2026-01-07,HM13,0.97,PLANNED_PM
2026-01-07,HM14,0.64,OPERATOR
2026-01-07,HM16,0.653,MATERIAL
2026-01-07,HM20,0.878,OPERATOR
2026-01-07,HM25,0.987,OPERATOR
2026-01-07,HM30,0.284,OPERATOR
2026-01-07,HM36,1.3,MATERIAL
2026-01-07,HM43,2.13,OPERATOR
2026-01-07,HM47,3.108,MATERIAL
2026-01-07,HM50,1.437,MECH
2026-01-07,HM56,0.933,OPERATOR
2026-01-08,HM01,0.159,MATERIAL
2026-01-08,HM12,1.023,ELEC
2026-01-08,HM13,2.872,PLANNED_PM
2026-01-08,HM14,0.556,ELEC
2026-01-08,HM16,1.014,MECH
2026-01-08,HM20,0.753,MATERIAL
2026-01-08,HM25,1.091,PLANNED_PM
2026-01-08,HM30,0.474,OPERATOR
2026-01-08,HM36,0.526,PLANNED_PM
2026-01-08,HM43,0.823,PLANNED_PM
2026-01-08,HM47,0.418,MECH
2026-01-08,HM50,0.887,MATERIAL
2026-01-08,HM56,1.146,PLANNED_PM
2026-01-09,HM01,0.963,ELEC
2026-01-09,HM12,3.742,PLANNED_PM
2026-01-09,HM13,0.596,MATERIAL
2026-01-09,HM14,2.001,ELEC
2026-01-09,HM16,0.849,MECH
2026-01-09,HM20,0.698,OPERATOR
2026-01-09,HM25,0.23,OPERATOR
2026-01-09,HM30,0.833,OPERATOR
2026-01-09,HM36,1.987,PLANNED_PM
2026-01-09,HM43,1.878,MATERIAL
2026-01-09,HM47,0.773,OPERATOR
2026-01-09,HM50,0.611,OPERATOR
2026-01-09,HM56,0.316,PLANNED_PM
2026-01-10,HM01,1.066,ELEC
2026-01-10,HM12,0.735,OPERATOR
2026-01-10,HM13,0.618,MECH
2026-01-10,HM14,0.566,MECH
2026-01-10,HM16,0.645,MECH
2026-01-10,HM20,0.433,MECH
2026-01-10,HM25,1.063,MATERIAL
2026-01-10,HM30,0.3,MATERIAL
2026-01-10,HM36,1.126,MATERIAL
2026-01-10,HM43,3.86,ELEC
2026-01-10,HM47,1.173,OPERATOR
2026-01-10,HM50,0.188,ELEC
2026-01-10,HM56,0.438,MATERIAL
2026-01-11,HM01,1.342,ELEC
2026-01-11,HM12,0.866,PLANNED_PM
2026-01-11,HM13,1.182,ELEC
2026-01-11,HM14,0.739,ELEC
2026-01-11,HM16,0.56,OPERATOR
2026-01-11,HM20,0.505,PLANNED_PM
2026-01-11,HM25,0.874,MECH
2026-01-11,HM30,0.838,ELEC
2026-01-11,HM36,0.731,MECH
2026-01-11,HM43,1.652,ELEC
2026-01-11,HM47,0.35,PLANNED_PM
2026-01-11,HM50,3.973,OPERATOR
2026-01-11,HM56,1.733,MECH
2026-01-12,HM01,0.735,ELEC
2026-01-12,HM12,1.313,MATERIAL
2026-01-12,HM13,3.473,ELEC
2026-01-12,HM14,0.541,MATERIAL
2026-01-12,HM16,0.747,PLANNED_PM
2026-01-12,HM20,2.199,MATERIAL
2026-01-12,HM25,1.054,PLANNED_PM
2026-01-12,HM30,0.902,MATERIAL
2026-01-12,HM36,0.918,MATERIAL
2026-01-12,HM43,0.897,PLANNED_PM
2026-01-12,HM47,0.367,MECH
2026-01-12,HM50,0.624,ELEC
2026-01-12,HM56,1.74,MATERIAL
2026-01-13,HM01,0.814,ELEC
2026-01-13,HM12,0.421,MATERIAL
2026-01-13,HM13,0.837,PLANNED_PM
2026-01-13,HM14,0.685,PLANNED_PM
2026-01-13,HM16,0.976,MECH
2026-01-13,HM20,0.961,MECH
2026-01-13,HM25,0.922,MECH
2026-01-13,HM30,0.401,OPERATOR
2026-01-13,HM36,0.501,MATERIAL
2026-01-13,HM43,0.443,PLANNED_PM
2026-01-13,HM47,2.148,PLANNED_PM
2026-01-13,HM50,1.722,OPERATOR
2026-01-13,HM56,0.965,ELEC
2026-01-14,HM01,0.855,ELEC
2026-01-14,HM12,1.15,OPERATOR
2026-01-14,HM13,7.02,OPERATOR
2026-01-14,HM14,1.228,MATERIAL
2026-01-14,HM16,1.789,OPERATOR
2026-01-14,HM20,1.035,PLANNED_PM
2026-01-14,HM25,1.41,MATERIAL
2026-01-14,HM30,0.847,MECH
2026-01-14,HM36,0.448,MATERIAL
2026-01-14,HM43,0.827,OPERATOR
2026-01-14,HM47,0.916,MATERIAL
2026-01-14,HM50,0.349,OPERATOR
2026-01-14,HM56,0.792,MECH
2026-01-15,HM01,0.245,ELEC
2026-01-15,HM12,1.324,MECH
2026-01-15,HM13,1.95,PLANNED_PM
2026-01-15,HM14,0.7,ELEC
2026-01-15,HM16,2.235,MATERIAL
2026-01-15,HM20,0.989,MECH
2026-01-15,HM25,0.319,OPERATOR
2026-01-15,HM30,2.453,PLANNED_PM
2026-01-15,HM36,1.197,MATERIAL
2026-01-15,HM43,1.325,OPERATOR
2026-01-15,HM47,1.321,MATERIAL
2026-01-15,HM50,0.42,ELEC
2026-01-15,HM56,1.32,ELEC
2026-01-16,HM01,1.437,PLANNED_PM
2026-01-16,HM12,0.65,OPERATOR
2026-01-16,HM13,1.032,PLANNED_PM
2026-01-16,HM14,0.539,ELEC
2026-01-16,HM16,0.894,ELEC
2026-01-16,HM20,1.128,PLANNED_PM
2026-01-16,HM25,0.68,OPERATOR
2026-01-16,HM30,2.461,PLANNED_PM
2026-01-16,HM36,0.637,ELEC
2026-01-16,HM43,0.493,ELEC
2026-01-16,HM47,0.874,MATERIAL
2026-01-16,HM50,0.718,ELEC
2026-01-16,HM56,0.81,MATERIAL
2026-01-17,HM01,0.409,OPERATOR
2026-01-17,HM12,2.611,ELEC
2026-01-17,HM13,0.6,ELEC
2026-01-17,HM14,0.902,ELEC
2026-01-17,HM16,0.836,MATERIAL
2026-01-17,HM20,1.011,MATERIAL
2026-01-17,HM25,0.312,ELEC
2026-01-17,HM30,4.219,MECH
2026-01-17,HM36,0.888,OPERATOR
2026-01-17,HM43,0.358,MECH
2026-01-17,HM47,0.619,ELEC
2026-01-17,HM50,0.738,MECH
2026-01-17,HM56,1.04,ELEC
2026-01-18,HM01,1.454,MECH
2026-01-18,HM12,2.931,OPERATOR
2026-01-18,HM13,0.932,MATERIAL
2026-01-18,HM14,0.945,OPERATOR
2026-01-18,HM16,0.377,ELEC
2026-01-18,HM20,1.049,MECH
2026-01-18,HM25,0.387,ELEC
2026-01-18,HM30,0.603,MECH
2026-01-18,HM36,1.014,PLANNED_PM
2026-01-18,HM43,2.661,MATERIAL
2026-01-18,HM47,0.891,MECH
2026-01-18,HM50,1.483,PLANNED_PM
2026-01-18,HM56,0.411,MATERIAL
2026-01-19,HM01,0.846,OPERATOR
2026-01-19,HM12,2.415,OPERATOR
2026-01-19,HM13,1.682,PLANNED_PM
2026-01-19,HM14,5.508,PLANNED_PM
2026-01-19,HM16,1.182,OPERATOR
2026-01-19,HM20,1.015,MECH
2026-01-19,HM25,0.475,OPERATOR
2026-01-19,HM30,0.717,ELEC
2026-01-19,HM36,1.009,ELEC
2026-01-19,HM43,0.803,ELEC
2026-01-19,HM47,0.65,ELEC
2026-01-19,HM50,1.289,PLANNED_PM
2026-01-19,HM56,1.308,MECH
2026-01-20,HM01,0.915,MECH
2026-01-20,HM12,2.715,PLANNED_PM
2026-01-20,HM13,2.745,MATERIAL
2026-01-20,HM14,0.297,ELEC
2026-01-20,HM16,0.685,MECH
2026-01-20,HM20,4.692,MATERIAL
2026-01-20,HM25,1.58,OPERATOR
2026-01-20,HM30,2.524,ELEC
2026-01-20,HM36,0.651,MATERIAL
2026-01-20,HM43,0.408,MECH
2026-01-20,HM47,0.244,ELEC
2026-01-20,HM50,2.974,PLANNED_PM
2026-01-20,HM56,1.399,MATERIAL
2026-01-21,HM01,0.673,ELEC
2026-01-21,HM12,2.724,OPERATOR
2026-01-21,HM13,1.17,MATERIAL
2026-01-21,HM14,0.669,OPERATOR
2026-01-21,HM16,0.959,OPERATOR
2026-01-21,HM20,2.19,ELEC
2026-01-21,HM25,0.976,OPERATOR
2026-01-21,HM30,0.746,OPERATOR
2026-01-21,HM36,0.561,ELEC
2026-01-21,HM43,1.028,OPERATOR
2026-01-21,HM47,0.437,PLANNED_PM
2026-01-21,HM50,2.2,OPERATOR
2026-01-21,HM56,1.075,PLANNED_PM
2026-01-22,HM01,1.129,MECH
2026-01-22,HM12,1.195,PLANNED_PM
2026-01-22,HM13,0.557,OPERATOR
2026-01-22,HM14,1.701,OPERATOR
2026-01-22,HM16,0.598,MECH
2026-01-22,HM20,1.073,MATERIAL
2026-01-22,HM25,1.2,ELEC
2026-01-22,HM30,0.691,MECH
2026-01-22,HM36,1.05,ELEC
2026-01-22,HM43,1.589,OPERATOR
2026-01-22,HM47,1.366,PLANNED_PM
2026-01-22,HM50,9.013,ELEC
2026-01-22,HM56,0.538,MECH
2026-01-23,HM01,0.727,MECH
2026-01-23,HM12,0.988,MECH
2026-01-23,HM13,2.402,OPERATOR
2026-01-23,HM14,0.313,MECH
2026-01-23,HM16,0.752,PLANNED_PM
2026-01-23,HM20,9.6,MATERIAL
2026-01-23,HM25,0.787,OPERATOR
2026-01-23,HM30,0.987,OPERATOR
2026-01-23,HM36,0.939,OPERATOR
2026-01-23,HM43,0.634,OPERATOR
2026-01-23,HM47,1.238,OPERATOR
2026-01-23,HM50,0.81,PLANNED_PM
2026-01-23,HM56,0.631,OPERATOR
2026-01-24,HM01,0.641,PLANNED_PM
2026-01-24,HM12,0.876,OPERATOR
2026-01-24,HM13,1.351,OPERATOR
2026-01-24,HM14,0.431,MATERIAL
2026-01-24,HM16,0.229,ELEC
2026-01-24,HM20,0.838,ELEC
2026-01-24,HM25,0.561,OPERATOR
2026-01-24,HM30,0.614,MECH
2026-01-24,HM36,1.506,ELEC
2026-01-24,HM43,0.684,PLANNED_PM
2026-01-24,HM47,0.825,OPERATOR
2026-01-24,HM50,0.457,ELEC
2026-01-24,HM56,2.754,MECH
2026-01-25,HM01,0.737,OPERATOR
2026-01-25,HM12,0.781,ELEC
2026-01-25,HM13,2.055,MECH
2026-01-25,HM14,0.615,ELEC
2026-01-25,HM16,0.627,ELEC
2026-01-25,HM20,0.875,PLANNED_PM
2026-01-25,HM25,0.655,OPERATOR
2026-01-25,HM30,0.613,MECH
2026-01-25,HM36,1.689,ELEC
2026-01-25,HM43,0.753,PLANNED_PM
2026-01-25,HM47,0.208,OPERATOR
2026-01-25,HM50,0.6,PLANNED_PM
2026-01-25,HM56,4.896,PLANNED_PM
2026-01-26,HM01,1.277,PLANNED_PM
2026-01-26,HM12,0.344,MATERIAL
2026-01-26,HM13,0.577,PLANNED_PM
2026-01-26,HM14,1.232,OPERATOR
2026-01-26,HM16,0.873,PLANNED_PM
2026-01-26,HM20,0.238,MATERIAL
2026-01-26,HM25,0.755,OPERATOR
2026-01-26,HM30,5.196,MATERIAL
2026-01-26,HM36,0.968,ELEC
2026-01-26,HM43,1.001,OPERATOR
2026-01-26,HM47,1.088,PLANNED_PM
2026-01-26,HM50,1.245,MECH
2026-01-26,HM56,1.91,MATERIAL
2026-01-27,HM01,1.275,PLANNED_PM
2026-01-27,HM12,1.826,PLANNED_PM
2026-01-27,HM13,0.625,MATERIAL
2026-01-27,HM14,0.49,PLANNED_PM
2026-01-27,HM16,3.575,MATERIAL
2026-01-27,HM20,0.592,ELEC
2026-01-27,HM25,4.154,OPERATOR
2026-01-27,HM30,0.819,PLANNED_PM
2026-01-27,HM36,2.659,ELEC
2026-01-27,HM43,1.227,PLANNED_PM
2026-01-27,HM47,1.361,MECH
2026-01-27,HM50,0.604,MECH
2026-01-27,HM56,1.37,MATERIAL
2026-01-28,HM01,1.069,MECH
2026-01-28,HM12,0.948,ELEC
2026-01-28,HM13,0.878,ELEC
2026-01-28,HM14,0.917,MATERIAL
2026-01-28,HM16,1.821,MATERIAL
2026-01-28,HM20,0.527,OPERATOR
2026-01-28,HM25,0.915,MECH
2026-01-28,HM30,0.617,OPERATOR
2026-01-28,HM36,0.599,MATERIAL
2026-01-28,HM43,6.125,PLANNED_PM
2026-01-28,HM47,0.488,PLANNED_PM
2026-01-28,HM50,1.165,MECH
2026-01-28,HM56,0.985,ELEC
2026-01-29,HM01,0.843,MATERIAL
2026-01-29,HM12,0.464,MECH
2026-01-29,HM13,0.705,MATERIAL
2026-01-29,HM14,0.418,ELEC
2026-01-29,HM16,0.875,PLANNED_PM
2026-01-29,HM20,0.285,ELEC
2026-01-29,HM25,1.714,PLANNED_PM
2026-01-29,HM30,0.619,MATERIAL
2026-01-29,HM36,0.67,PLANNED_PM
2026-01-29,HM43,0.516,ELEC
2026-01-29,HM47,1.605,ELEC
2026-01-29,HM50,0.407,MATERIAL
2026-01-29,HM56,5.517,OPERATOR
2026-01-30,HM01,0.475,PLANNED_PM
2026-01-30,HM12,0.633,MATERIAL
2026-01-30,HM13,0.734,MECH
2026-01-30,HM14,0.894,MATERIAL
2026-01-30,HM16,0.861,MECH
2026-01-30,HM20,0.822,PLANNED_PM
2026-01-30,HM25,0.369,OPERATOR
2026-01-30,HM30,0.421,MECH
2026-01-30,HM36,1.949,ELEC
2026-01-30,HM43,4.138,ELEC
2026-01-30,HM47,0.711,ELEC
2026-01-30,HM50,1.019,MECH
2026-01-30,HM56,1.264,ELEC
2026-01-31,HM01,0.426,PLANNED_PM
2026-01-31,HM12,1.423,MECH
2026-01-31,HM13,1.691,ELEC
2026-01-31,HM14,0.628,PLANNED_PM
2026-01-31,HM16,3.421,PLANNED_PM
2026-01-31,HM20,1.274,MECH
2026-01-31,HM25,0.808,OPERATOR
2026-01-31,HM30,0.729,OPERATOR
2026-01-31,HM36,0.869,MATERIAL
2026-01-31,HM43,1.21,MATERIAL
2026-01-31,HM47,1.277,MATERIAL
2026-01-31,HM50,0.492,MATERIAL
2026-01-31,HM56,0.877,OPERATOR
2026-02-01,HM01,0.447,MECH
2026-02-01,HM12,0.627,MECH
2026-02-01,HM13,0.803,MECH
2026-02-01,HM14,0.318,PLANNED_PM
2026-02-01,HM16,0.825,ELEC
2026-02-01,HM20,0.451,MATERIAL
2026-02-01,HM25,0.474,PLANNED_PM
2026-02-01,HM30,0.912,MECH
2026-02-01,HM36,1.383,PLANNED_PM
2026-02-01,HM43,0.649,OPERATOR
2026-02-01,HM47,1.45,OPERATOR
2026-02-01,HM50,0.253,PLANNED_PM
2026-02-01,HM56,1.674,PLANNED_PM
2026-02-02,HM01,5.32,OPERATOR
2026-02-02,HM12,0.928,PLANNED_PM
2026-02-02,HM13,1.329,ELEC
2026-02-02,HM14,0.907,MECH
2026-02-02,HM16,0.786,PLANNED_PM
2026-02-02,HM20,2.67,OPERATOR
2026-02-02,HM25,0.631,MATERIAL
2026-02-02,HM30,0.455,PLANNED_PM
2026-02-02,HM36,1.107,ELEC
2026-02-02,HM43,1.486,MECH
2026-02-02,HM47,0.956,MECH
2026-02-02,HM50,0.465,OPERATOR
2026-02-02,HM56,0.445,ELEC
2026-02-03,HM01,0.619,PLANNED_PM
2026-02-03,HM12,0.437,OPERATOR
2026-02-03,HM13,0.392,MECH
2026-02-03,HM14,0.426,PLANNED_PM
2026-02-03,HM16,1.051,OPERATOR
2026-02-03,HM20,1.746,MATERIAL
2026-02-03,HM25,1.026,PLANNED_PM
2026-02-03,HM30,0.855,PLANNED_PM
2026-02-03,HM36,0.361,MECH
2026-02-03,HM43,0.574,PLANNED_PM
2026-02-03,HM47,1.872,MATERIAL
2026-02-03,HM50,6.437,MATERIAL
2026-02-03,HM56,0.452,MECH
2026-02-04,HM01,0.875,MATERIAL
2026-02-04,HM12,1.357,ELEC
2026-02-04,HM13,1.134,ELEC
2026-02-04,HM14,0.791,PLANNED_PM
2026-02-04,HM16,0.844,MATERIAL
2026-02-04,HM20,0.416,OPERATOR
2026-02-04,HM25,3.269,MATERIAL
2026-02-04,HM30,3.492,OPERATOR
2026-02-04,HM36,1.392,PLANNED_PM
2026-02-04,HM43,1.405,PLANNED_PM
2026-02-04,HM47,2.787,ELEC
2026-02-04,HM50,0.708,MECH
2026-02-04,HM56,1.085,OPERATOR
2026-02-05,HM01,0.586,ELEC
2026-02-05,HM12,0.533,MECH
2026-02-05,HM13,0.949,MECH
2026-02-05,HM14,2.683,PLANNED_PM
2026-02-05,HM16,0.539,MECH
2026-02-05,HM20,0.718,MATERIAL
2026-02-05,HM25,0.932,PLANNED_PM
2026-02-05,HM30,1.605,OPERATOR
2026-02-05,HM36,5.559,PLANNED_PM
2026-02-05,HM43,0.791,MATERIAL
2026-02-05,HM47,0.567,ELEC
2026-02-05,HM50,0.595,MECH
2026-02-05,HM56,1.215,MECH
2026-02-06,HM01,0.96,PLANNED_PM
2026-02-06,HM12,1.176,OPERATOR
2026-02-06,HM13,1.767,ELEC
2026-02-06,HM14,1.559,PLANNED_PM
2026-02-06,HM16,0.736,PLANNED_PM
2026-02-06,HM20,0.942,MATERIAL
2026-02-06,HM25,1.29,PLANNED_PM
2026-02-06,HM30,0.647,MECH
2026-02-06,HM36,0.341,MECH
2026-02-06,HM43,3.183,ELEC
2026-02-06,HM47,0.388,ELEC
2026-02-06,HM50,2.435,MATERIAL
2026-02-06,HM56,0.563,OPERATOR
2026-02-07,HM01,0.899,PLANNED_PM
2026-02-07,HM12,0.888,MATERIAL
2026-02-07,HM13,1.593,MECH
2026-02-07,HM14,1.808,MATERIAL
2026-02-07,HM16,1.179,ELEC
2026-02-07,HM20,0.712,MECH
2026-02-07,HM25,0.7,OPERATOR
2026-02-07,HM30,0.707,MECH
2026-02-07,HM36,1.501,PLANNED_PM
2026-02-07,HM43,1.309,MATERIAL
2026-02-07,HM47,0.429,ELEC
2026-02-07,HM50,1.326,MATERIAL
2026-02-07,HM56,0.508,OPERATOR
2026-02-08,HM01,0.487,MATERIAL
2026-02-08,HM12,1.521,OPERATOR
2026-02-08,HM13,0.679,MATERIAL
2026-02-08,HM14,0.635,OPERATOR
2026-02-08,HM16,0.417,PLANNED_PM
2026-02-08,HM20,1.702,PLANNED_PM
2026-02-08,HM25,0.991,OPERATOR
2026-02-08,HM30,0.507,ELEC
2026-02-08,HM36,0.517,OPERATOR
2026-02-08,HM43,1.792,PLANNED_PM
2026-02-08,HM47,2.834,MATERIAL
2026-02-08,HM50,0.536,ELEC
2026-02-08,HM56,0.612,PLANNED_PM
2026-02-09,HM01,0.554,PLANNED_PM
2026-02-09,HM12,0.58,MATERIAL
2026-02-09,HM13,1.019,OPERATOR
2026-02-09,HM14,0.413,PLANNED_PM
2026-02-09,HM16,0.777,OPERATOR
2026-02-09,HM20,0.872,PLANNED_PM
2026-02-09,HM25,1.104,ELEC
2026-02-09,HM30,1.025,OPERATOR
2026-02-09,HM36,0.842,MATERIAL
2026-02-09,HM43,0.804,PLANNED_PM
2026-02-09,HM47,1.697,ELEC
2026-02-09,HM50,0.695,OPERATOR
2026-02-09,HM56,0.545,ELEC
2026-02-10,HM01,0.998,PLANNED_PM
2026-02-10,HM12,1.184,ELEC
2026-02-10,HM13,1.197,OPERATOR
2026-02-10,HM14,0.831,MECH
2026-02-10,HM16,1.077,MATERIAL
2026-02-10,HM20,0.716,MATERIAL
2026-02-10,HM25,0.461,ELEC
2026-02-10,HM30,1.002,OPERATOR
2026-02-10,HM36,1.518,MECH
2026-02-10,HM43,1.193,ELEC
2026-02-10,HM47,1.163,MATERIAL
2026-02-10,HM50,0.326,PLANNED_PM
2026-02-10,HM56,0.45,OPERATOR
2026-02-11,HM01,0.459,OPERATOR
2026-02-11,HM12,1.635,MATERIAL
2026-02-11,HM13,1.213,PLANNED_PM
2026-02-11,HM14,1.62,OPERATOR
2026-02-11,HM16,0.952,PLANNED_PM
2026-02-11,HM20,1.196,MATERIAL
2026-02-11,HM25,0.805,MATERIAL
2026-02-11,HM30,0.786,PLANNED_PM
2026-02-11,HM36,0.726,OPERATOR
2026-02-11,HM43,1.373,MATERIAL
2026-02-11,HM47,1.523,MATERIAL
2026-02-11,HM50,6.031,OPERATOR
2026-02-11,HM56,0.456,PLANNED_PM
2026-02-12,HM01,0.888,MECH
2026-02-12,HM12,0.384,MECH
2026-02-12,HM13,1.041,OPERATOR
2026-02-12,HM14,0.897,MATERIAL
2026-02-12,HM16,1.211,ELEC
2026-02-12,HM20,1.203,OPERATOR
2026-02-12,HM25,0.854,ELEC
2026-02-12,HM30,0.363,OPERATOR
2026-02-12,HM36,0.775,ELEC
2026-02-12,HM43,0.306,PLANNED_PM
2026-02-12,HM47,1.565,OPERATOR
2026-02-12,HM50,1.615,ELEC
2026-02-12,HM56,0.819,PLANNED_PM
2026-02-13,HM01,5.439,OPERATOR
2026-02-13,HM12,1.147,MATERIAL
2026-02-13,HM13,0.99,OPERATOR
2026-02-13,HM14,2.83,MATERIAL
2026-02-13,HM16,1.355,OPERATOR
2026-02-13,HM20,1.014,MECH
2026-02-13,HM25,0.614,ELEC
2026-02-13,HM30,1.61,MATERIAL
2026-02-13,HM36,1.501,OPERATOR
2026-02-13,HM43,0.623,MECH
2026-02-13,HM47,0.48,PLANNED_PM
2026-02-13,HM50,1.107,OPERATOR
2026-02-13,HM56,1.681,PLANNED_PM
2026-02-14,HM01,0.319,ELEC
2026-02-14,HM12,0.984,OPERATOR
2026-02-14,HM13,1.149,ELEC
2026-02-14,HM14,0.95,ELEC
2026-02-14,HM16,1.422,MECH
2026-02-14,HM20,0.93,MATERIAL
2026-02-14,HM25,0.983,MATERIAL
2026-02-14,HM30,2.998,ELEC
2026-02-14,HM36,0.642,MECH
2026-02-14,HM43,0.677,ELEC
2026-02-14,HM47,0.519,ELEC
2026-02-14,HM50,0.77,MECH
2026-02-14,HM56,3.467,MECH
2026-02-15,HM01,1.186,ELEC
2026-02-15,HM12,0.531,MATERIAL
2026-02-15,HM13,0.455,MATERIAL
2026-02-15,HM14,2.472,ELEC
2026-02-15,HM16,0.996,PLANNED_PM
2026-02-15,HM20,0.461,ELEC
2026-02-15,HM25,0.89,PLANNED_PM
2026-02-15,HM30,0.994,MECH
2026-02-15,HM36,0.744,MATERIAL
2026-02-15,HM43,0.286,MECH
2026-02-15,HM47,1.063,MATERIAL
2026-02-15,HM50,0.788,MECH
2026-02-15,HM56,2.657,MECH
2026-02-16,HM01,0.539,ELEC
2026-02-16,HM12,1.476,ELEC
2026-02-16,HM13,1.308,ELEC
2026-02-16,HM14,1.793,OPERATOR
2026-02-16,HM16,2.183,ELEC
2026-02-16,HM20,0.664,MECH
2026-02-16,HM25,0.623,MECH
2026-02-16,HM30,0.832,OPERATOR
2026-02-16,HM36,0.388,ELEC
2026-02-16,HM43,1.463,MATERIAL
2026-02-16,HM47,2.662,OPERATOR
2026-02-16,HM50,0.539,PLANNED_PM
2026-02-16,HM56,1.23,ELEC
2026-02-17,HM01,0.767,ELEC
2026-02-17,HM12,0.724,MATERIAL
2026-02-17,HM13,1.174,MATERIAL
2026-02-17,HM14,0.945,PLANNED_PM
2026-02-17,HM16,1.037,MECH
2026-02-17,HM20,1.272,MATERIAL
2026-02-17,HM25,3.578,ELEC
2026-02-17,HM30,1.257,MATERIAL
2026-02-17,HM36,0.433,PLANNED_PM
2026-02-17,HM43,1.832,ELEC
2026-02-17,HM47,7.955,MECH
2026-02-17,HM50,0.299,PLANNED_PM
2026-02-17,HM56,0.816,MECH
2026-02-18,HM01,0.959,ELEC
2026-02-18,HM12,1.397,MATERIAL
2026-02-18,HM13,3.549,OPERATOR
2026-02-18,HM14,0.811,MATERIAL
2026-02-18,HM16,0.543,MECH
2026-02-18,HM20,0.787,PLANNED_PM
2026-02-18,HM25,0.438,OPERATOR
2026-02-18,HM30,1.318,MATERIAL
2026-02-18,HM36,2.069,ELEC
2026-02-18,HM43,1.176,MATERIAL
2026-02-18,HM47,1.65,MECH
2026-02-18,HM50,0.569,PLANNED_PM
2026-02-18,HM56,0.846,OPERATOR
2026-02-19,HM01,0.42,MATERIAL
2026-02-19,HM12,0.989,PLANNED_PM
2026-02-19,HM13,1.328,MECH
2026-02-19,HM14,1.157,PLANNED_PM
2026-02-19,HM16,0.506,MECH
2026-02-19,HM20,1.184,MATERIAL
2026-02-19,HM25,0.477,MATERIAL
2026-02-19,HM30,4.626,MECH
2026-02-19,HM36,1.15,MECH
2026-02-19,HM43,5.473,MECH
2026-02-19,HM47,0.608,MECH
2026-02-19,HM50,0.659,ELEC
2026-02-19,HM56,0.797,ELEC
2026-02-20,HM01,0.942,OPERATOR
2026-02-20,HM12,0.582,OPERATOR
2026-02-20,HM13,0.478,ELEC
2026-02-20,HM14,0.904,PLANNED_PM
2026-02-20,HM16,1.001,PLANNED_PM
2026-02-20,HM20,0.984,MATERIAL
2026-02-20,HM25,0.7,ELEC
2026-02-20,HM30,3.927,ELEC
2026-02-20,HM36,2.774,MATERIAL
2026-02-20,HM43,0.401,MECH
2026-02-20,HM47,0.181,OPERATOR
2026-02-20,HM50,0.811,MATERIAL
2026-02-20,HM56,0.42,MECH
2026-02-21,HM01,0.898,MECH
2026-02-21,HM12,0.65,ELEC
2026-02-21,HM13,4.343,ELEC
2026-02-21,HM14,2.294,ELEC
2026-02-21,HM16,0.711,PLANNED_PM
2026-02-21,HM20,0.641,PLANNED_PM
2026-02-21,HM25,2.688,MECH
2026-02-21,HM30,1.336,OPERATOR
2026-02-21,HM36,0.561,ELEC
2026-02-21,HM43,1.821,MECH
2026-02-21,HM47,0.63,MECH
2026-02-21,HM50,0.679,MATERIAL
2026-02-21,HM56,0.298,MATERIAL
2026-02-22,HM01,0.268,PLANNED_PM
2026-02-22,HM12,0.952,ELEC
2026-02-22,HM13,0.857,OPERATOR
2026-02-22,HM14,0.745,OPERATOR
2026-02-22,HM16,0.815,MATERIAL
2026-02-22,HM20,0.58,ELEC
2026-02-22,HM25,0.766,MATERIAL
2026-02-22,HM30,1.057,ELEC
2026-02-22,HM36,1.281,MATERIAL
2026-02-22,HM43,0.733,PLANNED_PM
2026-02-22,HM47,0.582,MECH
2026-02-22,HM50,0.697,MECH
2026-02-22,HM56,2.126,ELEC
2026-02-23,HM01,0.509,OPERATOR
2026-02-23,HM12,0.772,PLANNED_PM
2026-02-23,HM13,0.752,MECH
2026-02-23,HM14,0.531,MECH
2026-02-23,HM16,1.963,MECH
2026-02-23,HM20,0.701,MECH
2026-02-23,HM25,0.943,MATERIAL
2026-02-23,HM30,2.027,ELEC
2026-02-23,HM36,5.884,MATERIAL
2026-02-23,HM43,4.964,MATERIAL
2026-02-23,HM47,0.891,ELEC
2026-02-23,HM50,0.553,MATERIAL
2026-02-23,HM56,0.858,PLANNED_PM
2026-02-24,HM01,1.377,PLANNED_PM
2026-02-24,HM12,0.667,MECH
2026-02-24,HM13,0.717,MECH
2026-02-24,HM14,0.551,MECH
2026-02-24,HM16,0.769,MATERIAL
2026-02-24,HM20,0.84,ELEC
2026-02-24,HM25,0.902,MECH
2026-02-24,HM30,1.156,OPERATOR
2026-02-24,HM36,0.748,ELEC
2026-02-24,HM43,6.048,PLANNED_PM
2026-02-24,HM47,0.745,MATERIAL
2026-02-24,HM50,0.46,PLANNED_PM
2026-02-24,HM56,1.095,OPERATOR
2026-02-25,HM01,0.877,ELEC
2026-02-25,HM12,0.559,MATERIAL
2026-02-25,HM13,3.655,ELEC
2026-02-25,HM14,2.851,OPERATOR
2026-02-25,HM16,0.561,ELEC
2026-02-25,HM20,0.875,MECH
2026-02-25,HM25,4.894,OPERATOR
2026-02-25,HM30,1.055,MATERIAL
2026-02-25,HM36,0.535,ELEC
2026-02-25,HM43,3.506,MECH
2026-02-25,HM47,0.849,MECH
2026-02-25,HM50,0.868,MECH
2026-02-25,HM56,0.468,ELEC
2026-02-26,HM01,0.627,OPERATOR
2026-02-26,HM12,0.263,ELEC
2026-02-26,HM13,1.66,MECH
2026-02-26,HM14,0.307,MECH
2026-02-26,HM16,0.811,MATERIAL
2026-02-26,HM20,0.907,OPERATOR
2026-02-26,HM25,0.361,MATERIAL
2026-02-26,HM30,0.406,MECH
2026-02-26,HM36,0.414,MECH
2026-02-26,HM43,1.237,MECH
2026-02-26,HM47,1.361,OPERATOR
2026-02-26,HM50,0.627,PLANNED_PM
2026-02-26,HM56,0.504,MATERIAL
2026-02-27,HM01,1.044,ELEC
2026-02-27,HM12,1.476,OPERATOR
2026-02-27,HM13,0.601,PLANNED_PM
2026-02-27,HM14,1.832,PLANNED_PM
2026-02-27,HM16,4.452,ELEC
2026-02-27,HM20,0.97,MECH
2026-02-27,HM25,1.737,PLANNED_PM
2026-02-27,HM30,0.338,MECH
2026-02-27,HM36,0.796,MECH
2026-02-27,HM43,1.022,MECH
2026-02-27,HM47,1.485,ELEC
2026-02-27,HM50,0.572,ELEC
2026-02-27,HM56,0.79,ELEC
2026-02-28,HM01,1.029,PLANNED_PM
2026-02-28,HM12,0.738,PLANNED_PM
2026-02-28,HM13,0.97,MATERIAL
2026-02-28,HM14,1.125,MECH
2026-02-28,HM16,0.716,ELEC
2026-02-28,HM20,1.007,OPERATOR
2026-02-28,HM25,1.549,MATERIAL
2026-02-28,HM30,0.717,MATERIAL
2026-02-28,HM36,1.311,ELEC
2026-02-28,HM43,0.671,ELEC
2026-02-28,HM47,0.479,OPERATOR
2026-02-28,HM50,2.682,ELEC
2026-02-28,HM56,0.461,MECH
2026-03-01,HM01,1.06,PLANNED_PM
2026-03-01,HM12,0.446,MECH
2026-03-01,HM13,0.423,OPERATOR
2026-03-01,HM14,1.218,PLANNED_PM
2026-03-01,HM16,0.248,PLANNED_PM
2026-03-01,HM20,0.822,OPERATOR
2026-03-01,HM25,1.001,OPERATOR
2026-03-01,HM30,1.193,ELEC
2026-03-01,HM36,0.587,PLANNED_PM
2026-03-01,HM43,0.941,OPERATOR
2026-03-01,HM47,4.582,OPERATOR
2026-03-01,HM50,0.905,MECH
2026-03-01,HM56,2.11,OPERATOR
2026-03-02,HM01,0.524,OPERATOR
2026-03-02,HM12,1.085,MATERIAL
2026-03-02,HM13,0.663,MECH
2026-03-02,HM14,1.142,PLANNED_PM
2026-03-02,HM16,0.175,MECH
2026-03-02,HM20,0.445,MECH
2026-03-02,HM25,1.05,PLANNED_PM
2026-03-02,HM30,2.54,MATERIAL
2026-03-02,HM36,1.338,MATERIAL
2026-03-02,HM43,0.505,MATERIAL
2026-03-02,HM47,1.508,PLANNED_PM
2026-03-02,HM50,0.495,PLANNED_PM
2026-03-02,HM56,0.906,OPERATOR
2026-03-03,HM01,4.485,OPERATOR
2026-03-03,HM12,1.457,MATERIAL
2026-03-03,HM13,1.243,MECH
2026-03-03,HM14,0.3,PLANNED_PM
2026-03-03,HM16,1.383,MECH
2026-03-03,HM20,0.96,MATERIAL
2026-03-03,HM25,1.09,OPERATOR
2026-03-03,HM30,0.698,OPERATOR
2026-03-03,HM36,1.634,MATERIAL
2026-03-03,HM43,0.307,ELEC
2026-03-03,HM47,0.78,ELEC
2026-03-03,HM50,0.826,MATERIAL
2026-03-03,HM56,1.86,OPERATOR
2026-03-04,HM01,0.683,ELEC
2026-03-04,HM12,1.271,PLANNED_PM
2026-03-04,HM13,0.383,MECH
2026-03-04,HM14,1.053,ELEC
2026-03-04,HM16,1.439,MECH
2026-03-04,HM20,0.252,OPERATOR
2026-03-04,HM25,0.55,OPERATOR
2026-03-04,HM30,0.153,ELEC
2026-03-04,HM36,0.607,MECH
2026-03-04,HM43,0.494,MECH
2026-03-04,HM47,1.59,OPERATOR
2026-03-04,HM50,0.489,MATERIAL
2026-03-04,HM56,0.475,MECH
2026-03-05,HM01,0.431,MATERIAL
2026-03-05,HM12,0.848,OPERATOR
2026-03-05,HM13,0.746,MECH
2026-03-05,HM14,1.483,ELEC
2026-03-05,HM16,2.895,ELEC
2026-03-05,HM20,0.514,PLANNED_PM
2026-03-05,HM25,0.851,OPERATOR
2026-03-05,HM30,0.974,ELEC
2026-03-05,HM36,0.596,ELEC
2026-03-05,HM43,1.372,MATERIAL
2026-03-05,HM47,1.242,MATERIAL
2026-03-05,HM50,0.344,OPERATOR
2026-03-05,HM56,0.976,MATERIAL
2026-03-06,HM01,2.661,PLANNED_PM
2026-03-06,HM12,0.74,MATERIAL
2026-03-06,HM13,0.273,MATERIAL
2026-03-06,HM14,0.526,OPERATOR
2026-03-06,HM16,0.956,MATERIAL
2026-03-06,HM20,1.841,OPERATOR
2026-03-06,HM25,0.929,ELEC
2026-03-06,HM30,0.417,OPERATOR
2026-03-06,HM36,0.933,MATERIAL
2026-03-06,HM43,0.71,PLANNED_PM
2026-03-06,HM47,1.364,OPERATOR
2026-03-06,HM50,0.616,OPERATOR
2026-03-06,HM56,1.034,ELEC
2026-03-07,HM01,6.064,OPERATOR
2026-03-07,HM12,0.9,OPERATOR
2026-03-07,HM13,0.387,MECH
2026-03-07,HM14,1.104,MATERIAL
2026-03-07,HM16,0.485,MATERIAL
2026-03-07,HM20,0.238,ELEC
2026-03-07,HM25,0.672,PLANNED_PM
2026-03-07,HM30,0.529,ELEC
2026-03-07,HM36,0.918,MECH
2026-03-07,HM43,1.511,MECH
2026-03-07,HM47,0.735,MATERIAL
2026-03-07,HM50,1.866,MECH
2026-03-07,HM56,0.579,OPERATOR
2026-03-08,HM01,1.048,ELEC
2026-03-08,HM12,0.702,OPERATOR
2026-03-08,HM13,0.451,ELEC
2026-03-08,HM14,1.407,OPERATOR
2026-03-08,HM16,1.709,MECH
2026-03-08,HM20,1.056,ELEC
2026-03-08,HM25,0.906,MECH
2026-03-08,HM30,0.771,MATERIAL
2026-03-08,HM36,0.798,OPERATOR
2026-03-08,HM43,0.221,MATERIAL
2026-03-08,HM47,6.327,MATERIAL
2026-03-08,HM50,0.999,MATERIAL
2026-03-08,HM56,0.566,MECH
2026-03-09,HM01,1.161,OPERATOR
2026-03-09,HM12,1.895,MECH
2026-03-09,HM13,0.736,MATERIAL
2026-03-09,HM14,0.884,PLANNED_PM
2026-03-09,HM16,0.756,ELEC
2026-03-09,HM20,0.71,MECH
2026-03-09,HM25,0.938,MECH
2026-03-09,HM30,1.997,OPERATOR
2026-03-09,HM36,2.232,ELEC
2026-03-09,HM43,0.778,PLANNED_PM
2026-03-09,HM47,1.118,OPERATOR
2026-03-09,HM50,0.685,MATERIAL
2026-03-09,HM56,1.273,ELEC
2026-03-10,HM01,0.491,ELEC
2026-03-10,HM12,0.457,OPERATOR
2026-03-10,HM13,0.624,PLANNED_PM
2026-03-10,HM14,0.549,OPERATOR
2026-03-10,HM16,0.748,OPERATOR
2026-03-10,HM20,1.102,MATERIAL
2026-03-10,HM25,2.532,ELEC
2026-03-10,HM30,1.034,MECH
2026-03-10,HM36,3.834,OPERATOR
2026-03-10,HM43,0.794,PLANNED_PM
2026-03-10,HM47,1.175,MATERIAL
2026-03-10,HM50,0.445,MATERIAL
2026-03-10,HM56,5.486,ELEC
2026-03-11,HM01,1.223,ELEC
2026-03-11,HM12,0.418,PLANNED_PM
2026-03-11,HM13,2.192,OPERATOR
2026-03-11,HM14,2.261,PLANNED_PM
2026-03-11,HM16,0.746,MECH
2026-03-11,HM20,0.852,MECH
2026-03-11,HM25,0.494,OPERATOR
2026-03-11,HM30,0.382,ELEC
2026-03-11,HM36,0.89,ELEC
2026-03-11,HM43,0.86,ELEC
2026-03-11,HM47,0.381,OPERATOR
2026-03-11,HM50,2.212,MECH
2026-03-11,HM56,0.419,ELEC
2026-03-12,HM01,0.76,PLANNED_PM
2026-03-12,HM12,5.941,MATERIAL
2026-03-12,HM13,0.761,OPERATOR
2026-03-12,HM14,0.884,ELEC
2026-03-12,HM16,0.903,MATERIAL
2026-03-12,HM20,0.853,MATERIAL
2026-03-12,HM25,0.423,PLANNED_PM
2026-03-12,HM30,0.782,OPERATOR
2026-03-12,HM36,1.377,PLANNED_PM
2026-03-12,HM43,3.256,MECH
2026-03-12,HM47,0.432,ELEC
2026-03-12,HM50,0.233,MECH
2026-03-12,HM56,0.763,PLANNED_PM
2026-03-13,HM01,4.466,MATERIAL
2026-03-13,HM12,0.598,MATERIAL
2026-03-13,HM13,0.798,OPERATOR
2026-03-13,HM14,2.323,ELEC
2026-03-13,HM16,0.272,PLANNED_PM
2026-03-13,HM20,0.801,MECH
2026-03-13,HM25,0.844,MECH
2026-03-13,HM30,0.645,OPERATOR
2026-03-13,HM36,1.298,MATERIAL
2026-03-13,HM43,0.451,PLANNED_PM
2026-03-13,HM47,0.984,MATERIAL
2026-03-13,HM50,0.981,OPERATOR
2026-03-13,HM56,0.583,PLANNED_PM
2026-03-14,HM01,6.343,PLANNED_PM
2026-03-14,HM12,0.554,OPERATOR
2026-03-14,HM13,0.655,ELEC
2026-03-14,HM14,1.153,OPERATOR
2026-03-14,HM16,0.597,ELEC
2026-03-14,HM20,6.49,MATERIAL
2026-03-14,HM25,0.543,ELEC
2026-03-14,HM30,0.642,MATERIAL
2026-03-14,HM36,0.418,PLANNED_PM
2026-03-14,HM43,0.773,MATERIAL
2026-03-14,HM47,0.762,MATERIAL
2026-03-14,HM50,6.152,ELEC
2026-03-14,HM56,0.6,PLANNED_PM
2026-03-15,HM01,1.271,ELEC
2026-03-15,HM12,0.877,MECH
2026-03-15,HM13,1.375,MATERIAL
2026-03-15,HM14,0.432,MATERIAL
2026-03-15,HM16,0.585,MECH
2026-03-15,HM20,3.427,MATERIAL
2026-03-15,HM25,0.476,MATERIAL
2026-03-15,HM30,0.998,MATERIAL
2026-03-15,HM36,1.367,MECH
2026-03-15,HM43,0.577,PLANNED_PM
2026-03-15,HM47,0.955,OPERATOR
2026-03-15,HM50,0.852,MATERIAL
2026-03-15,HM56,0.637,ELEC
2026-03-16,HM01,0.966,MATERIAL
2026-03-16,HM12,0.482,ELEC
2026-03-16,HM13,0.608,MECH
2026-03-16,HM14,1.034,MATERIAL
2026-03-16,HM16,0.352,PLANNED_PM
2026-03-16,HM20,3.48,PLANNED_PM
2026-03-16,HM25,0.513,MATERIAL
2026-03-16,HM30,2.207,PLANNED_PM
2026-03-16,HM36,0.675,MATERIAL
2026-03-16,HM43,1.262,ELEC
2026-03-16,HM47,2.068,MECH
2026-03-16,HM50,0.581,PLANNED_PM
2026-03-16,HM56,0.684,MATERIAL
2026-03-17,HM01,0.671,ELEC
2026-03-17,HM12,0.809,PLANNED_PM
2026-03-17,HM13,4.027,MECH
2026-03-17,HM14,1.183,MATERIAL
2026-03-17,HM16,3.945,MATERIAL
2026-03-17,HM20,0.488,ELEC
2026-03-17,HM25,0.814,PLANNED_PM
2026-03-17,HM30,1.031,MATERIAL
2026-03-17,HM36,0.687,MECH
2026-03-17,HM43,0.402,ELEC
2026-03-17,HM47,1.019,OPERATOR
2026-03-17,HM50,0.762,OPERATOR
2026-03-17,HM56,2.144,MECH
2026-03-18,HM01,0.733,PLANNED_PM
2026-03-18,HM12,0.889,OPERATOR
2026-03-18,HM13,2.685,MECH
2026-03-18,HM14,0.473,PLANNED_PM
2026-03-18,HM16,2.242,ELEC
2026-03-18,HM20,0.855,MATERIAL
2026-03-18,HM25,0.885,OPERATOR
2026-03-18,HM30,0.893,OPERATOR
2026-03-18,HM36,1.083,MECH
2026-03-18,HM43,0.94,MECH
2026-03-18,HM47,0.799,PLANNED_PM
2026-03-18,HM50,1.308,PLANNED_PM
2026-03-18,HM56,5.393,PLANNED_PM
2026-03-19,HM01,0.694,MECH
2026-03-19,HM12,0.701,MECH
2026-03-19,HM13,0.922,MECH
2026-03-19,HM14,0.637,MECH
2026-03-19,HM16,1.12,OPERATOR
2026-03-19,HM20,1.621,PLANNED_PM
2026-03-19,HM25,0.157,ELEC
2026-03-19,HM30,1.487,PLANNED_PM
2026-03-19,HM36,1.067,OPERATOR
2026-03-19,HM43,1.594,MECH
2026-03-19,HM47,0.664,OPERATOR
2026-03-19,HM50,1.008,PLANNED_PM
2026-03-19,HM56,0.605,PLANNED_PM
2026-03-20,HM01,1.203,ELEC
2026-03-20,HM12,0.306,OPERATOR
2026-03-20,HM13,1.681,MATERIAL
2026-03-20,HM14,0.766,PLANNED_PM
2026-03-20,HM16,0.432,MECH
2026-03-20,HM20,1.515,OPERATOR
2026-03-20,HM25,3.029,OPERATOR
2026-03-20,HM30,0.712,PLANNED_PM
2026-03-20,HM36,1.056,MATERIAL
2026-03-20,HM43,0.69,OPERATOR
2026-03-20,HM47,0.669,OPERATOR
2026-03-20,HM50,1.584,PLANNED_PM
2026-03-20,HM56,0.52,OPERATOR
2026-03-21,HM01,0.258,ELEC
2026-03-21,HM12,0.758,MECH
2026-03-21,HM13,3.958,MATERIAL
2026-03-21,HM14,0.583,MECH
2026-03-21,HM16,1.323,OPERATOR
2026-03-21,HM20,2.016,ELEC
2026-03-21,HM25,0.563,ELEC
2026-03-21,HM30,0.478,PLANNED_PM
2026-03-21,HM36,0.704,OPERATOR
2026-03-21,HM43,0.705,ELEC
2026-03-21,HM47,1.243,PLANNED_PM
2026-03-21,HM50,0.704,MATERIAL
2026-03-21,HM56,0.91,MECH
2026-03-22,HM01,2.559,MECH
2026-03-22,HM12,3.139,ELEC
2026-03-22,HM13,1.246,ELEC
2026-03-22,HM14,1.433,PLANNED_PM
2026-03-22,HM16,1.034,MATERIAL
2026-03-22,HM20,0.562,ELEC
2026-03-22,HM25,0.429,MATERIAL
2026-03-22,HM30,1.162,PLANNED_PM
2026-03-22,HM36,2.301,MECH
2026-03-22,HM43,3.785,MECH
2026-03-22,HM47,0.868,PLANNED_PM
2026-03-22,HM50,1.439,MATERIAL
2026-03-22,HM56,4.564,PLANNED_PM
2026-03-23,HM01,0.361,MATERIAL
2026-03-23,HM12,0.74,MECH
2026-03-23,HM13,1.178,PLANNED_PM
2026-03-23,HM14,0.772,PLANNED_PM
2026-03-23,HM16,0.779,ELEC
2026-03-23,HM20,1.131,PLANNED_PM
2026-03-23,HM25,1.123,MECH
2026-03-23,HM30,0.732,ELEC
2026-03-23,HM36,2.627,OPERATOR
2026-03-23,HM43,0.691,PLANNED_PM
2026-03-23,HM47,3.754,ELEC
2026-03-23,HM50,0.584,OPERATOR
2026-03-23,HM56,1.173,OPERATOR
2026-03-24,HM01,1.663,PLANNED_PM
2026-03-24,HM12,0.892,MATERIAL
2026-03-24,HM13,1.278,PLANNED_PM
2026-03-24,HM14,0.624,MECH
2026-03-24,HM16,3.583,ELEC
2026-03-24,HM20,0.703,PLANNED_PM
2026-03-24,HM25,0.382,ELEC
2026-03-24,HM30,0.873,MATERIAL
2026-03-24,HM36,1.39,ELEC
2026-03-24,HM43,1.083,ELEC
2026-03-24,HM47,0.743,OPERATOR
2026-03-24,HM50,1.341,PLANNED_PM
2026-03-24,HM56,0.792,OPERATOR
2026-03-25,HM01,0.352,PLANNED_PM
2026-03-25,HM12,0.917,OPERATOR
2026-03-25,HM13,1.545,MECH
2026-03-25,HM14,0.756,PLANNED_PM
2026-03-25,HM16,0.996,OPERATOR
2026-03-25,HM20,5.037,PLANNED_PM
2026-03-25,HM25,1.697,OPERATOR
2026-03-25,HM30,1.077,PLANNED_PM
2026-03-25,HM36,0.712,PLANNED_PM
2026-03-25,HM43,1.087,PLANNED_PM
2026-03-25,HM47,2.075,ELEC
2026-03-25,HM50,0.593,PLANNED_PM
2026-03-25,HM56,1.652,MATERIAL
2026-03-26,HM01,1.101,PLANNED_PM
2026-03-26,HM12,0.845,MATERIAL
2026-03-26,HM13,2.317,MECH
2026-03-26,HM14,2.063,MATERIAL
2026-03-26,HM16,0.834,MECH
2026-03-26,HM20,1.006,OPERATOR
2026-03-26,HM25,0.984,MATERIAL
2026-03-26,HM30,3.478,OPERATOR
2026-03-26,HM36,0.491,PLANNED_PM
2026-03-26,HM43,1.233,OPERATOR
2026-03-26,HM47,0.681,MATERIAL
2026-03-26,HM50,2.476,OPERATOR
2026-03-26,HM56,0.951,MATERIAL
2026-03-27,HM01,1.378,MATERIAL
2026-03-27,HM12,0.75,OPERATOR
2026-03-27,HM13,1.329,MECH
2026-03-27,HM14,1.22,ELEC
2026-03-27,HM16,0.942,MECH
2026-03-27,HM20,1.77,ELEC
2026-03-27,HM25,2.38,MATERIAL
2026-03-27,HM30,1.006,ELEC
2026-03-27,HM36,0.719,ELEC
2026-03-27,HM43,1.33,PLANNED_PM
2026-03-27,HM47,0.402,ELEC
2026-03-27,HM50,1.098,MECH
2026-03-27,HM56,2.161,MATERIAL
2026-03-28,HM01,1.189,ELEC
2026-03-28,HM12,0.952,OPERATOR
2026-03-28,HM13,0.686,MECH
2026-03-28,HM14,5.87,PLANNED_PM
2026-03-28,HM16,1.061,PLANNED_PM
2026-03-28,HM20,0.493,OPERATOR
2026-03-28,HM25,0.743,PLANNED_PM
2026-03-28,HM30,0.66,OPERATOR
2026-03-28,HM36,1.131,ELEC
2026-03-28,HM43,1.069,MATERIAL
2026-03-28,HM47,1.351,ELEC
2026-03-28,HM50,0.649,OPERATOR
2026-03-28,HM56,0.505,OPERATOR
2026-03-29,HM01,5.793,MATERIAL
2026-03-29,HM12,0.716,ELEC
2026-03-29,HM13,0.972,OPERATOR
2026-03-29,HM14,0.604,OPERATOR
2026-03-29,HM16,0.471,MATERIAL
2026-03-29,HM20,0.897,MATERIAL
2026-03-29,HM25,0.762,MATERIAL
2026-03-29,HM30,1.001,PLANNED_PM
2026-03-29,HM36,0.57,MECH
2026-03-29,HM43,3.348,PLANNED_PM
2026-03-29,HM47,0.927,MECH
2026-03-29,HM50,0.415,MECH
2026-03-29,HM56,1.283,MECH
2026-03-30,HM01,3.269,ELEC
2026-03-30,HM12,1.514,OPERATOR
2026-03-30,HM13,0.64,PLANNED_PM
2026-03-30,HM14,0.585,MATERIAL
2026-03-30,HM16,0.466,PLANNED_PM
2026-03-30,HM20,0.285,PLANNED_PM
2026-03-30,HM25,0.332,PLANNED_PM
2026-03-30,HM30,0.383,MATERIAL
2026-03-30,HM36,0.626,MECH
2026-03-30,HM43,1.486,ELEC
2026-03-30,HM47,0.388,OPERATOR
2026-03-30,HM50,1.35,PLANNED_PM
2026-03-30,HM56,1.836,MECH
2026-03-31,HM01,0.404,OPERATOR
2026-03-31,HM12,0.57,MECH
2026-03-31,HM13,1.11,PLANNED_PM
2026-03-31,HM14,0.323,MATERIAL
2026-03-31,HM16,0.461,PLANNED_PM
2026-03-31,HM20,1.456,OPERATOR
2026-03-31,HM25,1.019,MECH
2026-03-31,HM30,0.752,OPERATOR
2026-03-31,HM36,0.464,OPERATOR
2026-03-31,HM43,1.24,OPERATOR
2026-03-31,HM47,0.708,PLANNED_PM
2026-03-31,HM50,4.013,MECH
2026-03-31,HM56,0.86,OPERATOR
2026-04-01,HM01,1.859,ELEC
2026-04-01,HM12,0.884,MATERIAL
2026-04-01,HM13,0.445,MATERIAL
2026-04-01,HM14,0.761,PLANNED_PM
2026-04-01,HM16,1.248,PLANNED_PM
2026-04-01,HM20,0.725,ELEC
2026-04-01,HM25,0.606,ELEC
2026-04-01,HM30,1.347,MECH
2026-04-01,HM36,1.118,MATERIAL
2026-04-01,HM43,1.113,PLANNED_PM
2026-04-01,HM47,2.864,MATERIAL
2026-04-01,HM50,3.862,PLANNED_PM
2026-04-01,HM56,0.733,ELEC
2026-04-02,HM01,1.226,PLANNED_PM
2026-04-02,HM12,0.559,OPERATOR
2026-04-02,HM13,2.417,OPERATOR
2026-04-02,HM14,3.568,PLANNED_PM
2026-04-02,HM16,0.737,MECH
2026-04-02,HM20,0.663,PLANNED_PM
2026-04-02,HM25,2.305,ELEC
2026-04-02,HM30,0.709,PLANNED_PM
2026-04-02,HM36,1.197,PLANNED_PM
2026-04-02,HM43,1.296,MECH
2026-04-02,HM47,0.734,PLANNED_PM
2026-04-02,HM50,0.423,OPERATOR
2026-04-02,HM56,1.067,MATERIAL
2026-04-03,HM01,0.937,OPERATOR
2026-04-03,HM12,0.654,OPERATOR
2026-04-03,HM13,1.262,MECH
2026-04-03,HM14,0.538,OPERATOR
2026-04-03,HM16,0.462,ELEC
2026-04-03,HM20,1.684,ELEC
2026-04-03,HM25,0.725,PLANNED_PM
2026-04-03,HM30,0.621,OPERATOR
2026-04-03,HM36,0.171,OPERATOR
2026-04-03,HM43,0.618,MATERIAL
2026-04-03,HM47,0.536,ELEC
2026-04-03,HM50,1.115,PLANNED_PM
2026-04-03,HM56,1.751,PLANNED_PM
2026-04-04,HM01,3.682,MATERIAL
2026-04-04,HM12,0.515,MECH
2026-04-04,HM13,1.026,PLANNED_PM
2026-04-04,HM14,1.836,PLANNED_PM
2026-04-04,HM16,1.216,MECH
2026-04-04,HM20,0.247,PLANNED_PM
2026-04-04,HM25,0.537,OPERATOR
2026-04-04,HM30,0.607,OPERATOR
2026-04-04,HM36,0.403,PLANNED_PM
2026-04-04,HM43,1.104,MATERIAL
2026-04-04,HM47,1.164,OPERATOR
2026-04-04,HM50,0.691,PLANNED_PM
2026-04-04,HM56,0.355,PLANNED_PM
2026-04-05,HM01,2.076,MATERIAL
2026-04-05,HM12,0.961,ELEC
2026-04-05,HM13,0.796,PLANNED_PM
2026-04-05,HM14,0.52,MECH
2026-04-05,HM16,0.93,OPERATOR
2026-04-05,HM20,0.302,MECH
2026-04-05,HM25,0.803,ELEC
2026-04-05,HM30,1.389,OPERATOR
2026-04-05,HM36,1.433,OPERATOR
2026-04-05,HM43,1.16,MATERIAL
2026-04-05,HM47,0.933,OPERATOR
2026-04-05,HM50,1.648,PLANNED_PM
2026-04-05,HM56,0.605,MECH
2026-04-06,HM01,0.852,OPERATOR
2026-04-06,HM12,0.869,MECH
2026-04-06,HM13,1.436,OPERATOR
2026-04-06,HM14,0.965,MECH
2026-04-06,HM16,0.489,MECH
2026-04-06,HM20,0.329,ELEC
2026-04-06,HM25,0.881,MECH
2026-04-06,HM30,2.107,ELEC
2026-04-06,HM36,1.236,ELEC
2026-04-06,HM43,1.121,ELEC
2026-04-06,HM47,1.223,ELEC
2026-04-06,HM50,0.665,MECH
2026-04-06,HM56,0.575,PLANNED_PM
2026-04-07,HM01,2.027,OPERATOR
2026-04-07,HM12,1.707,MATERIAL
2026-04-07,HM13,0.968,MECH
2026-04-07,HM14,1.693,MATERIAL
2026-04-07,HM16,0.384,MATERIAL
2026-04-07,HM20,0.745,MATERIAL
2026-04-07,HM25,1.414,MATERIAL
2026-04-07,HM30,0.989,MATERIAL
2026-04-07,HM36,0.423,ELEC
2026-04-07,HM43,0.499,OPERATOR
2026-04-07,HM47,0.737,MATERIAL
2026-04-07,HM50,1.069,OPERATOR
2026-04-07,HM56,1.604,OPERATOR
2026-04-08,HM01,1.172,OPERATOR
2026-04-08,HM12,1.104,OPERATOR
2026-04-08,HM13,0.659,MECH
2026-04-08,HM14,0.437,MATERIAL
2026-04-08,HM16,1.471,OPERATOR
2026-04-08,HM20,1.323,MECH
2026-04-08,HM25,0.475,OPERATOR
2026-04-08,HM30,1.368,MATERIAL
2026-04-08,HM36,0.905,OPERATOR
2026-04-08,HM43,0.787,MECH
2026-04-08,HM47,0.565,OPERATOR
2026-04-08,HM50,0.531,MECH
2026-04-08,HM56,7.198,MECH
2026-04-09,HM01,0.685,ELEC
2026-04-09,HM12,0.734,MECH
2026-04-09,HM13,0.867,MATERIAL
2026-04-09,HM14,0.621,ELEC
2026-04-09,HM16,0.881,MECH
2026-04-09,HM20,1.03,MECH
2026-04-09,HM25,1.042,MECH
2026-04-09,HM30,0.923,MATERIAL
2026-04-09,HM36,0.37,PLANNED_PM
2026-04-09,HM43,0.826,OPERATOR
2026-04-09,HM47,0.675,MATERIAL
2026-04-09,HM50,0.811,PLANNED_PM
2026-04-09,HM56,0.736,OPERATOR
2026-04-10,HM01,1.237,ELEC
2026-04-10,HM12,1.224,MECH
2026-04-10,HM13,0.474,OPERATOR
2026-04-10,HM14,0.699,MATERIAL
2026-04-10,HM16,0.245,MECH
2026-04-10,HM20,0.592,MATERIAL
2026-04-10,HM25,5.391,ELEC
2026-04-10,HM30,1.07,PLANNED_PM
2026-04-10,HM36,1.136,OPERATOR
2026-04-10,HM43,0.878,OPERATOR
2026-04-10,HM47,0.81,OPERATOR
2026-04-10,HM50,0.575,OPERATOR
2026-04-10,HM56,0.393,MECH
2026-04-11,HM01,0.611,OPERATOR
2026-04-11,HM12,4.509,PLANNED_PM
2026-04-11,HM13,0.453,MECH
2026-04-11,HM14,1.559,OPERATOR
2026-04-11,HM16,1.088,MECH
2026-04-11,HM20,0.888,MECH
2026-04-11,HM25,0.549,ELEC
2026-04-11,HM30,0.338,OPERATOR
2026-04-11,HM36,1.556,OPERATOR
2026-04-11,HM43,0.727,MATERIAL
2026-04-11,HM47,1.657,MATERIAL
2026-04-11,HM50,3.89,OPERATOR
2026-04-11,HM56,1.494,OPERATOR
2026-04-12,HM01,0.528,PLANNED_PM
2026-04-12,HM12,1.05,OPERATOR
2026-04-12,HM13,2.389,MATERIAL
2026-04-12,HM14,0.557,OPERATOR
2026-04-12,HM16,0.903,ELEC
2026-04-12,HM20,1.08,PLANNED_PM
2026-04-12,HM25,0.436,OPERATOR
2026-04-12,HM30,1.982,OPERATOR
2026-04-12,HM36,2.059,OPERATOR
2026-04-12,HM43,2.682,PLANNED_PM
2026-04-12,HM47,0.977,OPERATOR
2026-04-12,HM50,1.719,MATERIAL
2026-04-12,HM56,0.969,MATERIAL
2026-04-13,HM01,1.07,PLANNED_PM
2026-04-13,HM12,6.355,MATERIAL
2026-04-13,HM13,0.527,OPERATOR
2026-04-13,HM14,1.569,OPERATOR
2026-04-13,HM16,0.7,PLANNED_PM
2026-04-13,HM20,0.532,ELEC
2026-04-13,HM25,0.443,MATERIAL
2026-04-13,HM30,1.191,MECH
2026-04-13,HM36,0.559,PLANNED_PM
2026-04-13,HM43,1.161,PLANNED_PM
2026-04-13,HM47,1.266,MECH
2026-04-13,HM50,0.665,OPERATOR
2026-04-13,HM56,2.233,ELEC
2026-04-14,HM01,1.402,ELEC
2026-04-14,HM12,0.22,OPERATOR
2026-04-14,HM13,0.548,MECH
2026-04-14,HM14,0.381,ELEC
2026-04-14,HM16,2.346,MATERIAL
2026-04-14,HM20,0.352,MECH
2026-04-14,HM25,2.471,ELEC
2026-04-14,HM30,2.542,MATERIAL
2026-04-14,HM36,0.577,MATERIAL
2026-04-14,HM43,0.632,OPERATOR
2026-04-14,HM47,1.904,MECH
2026-04-14,HM50,1.091,MATERIAL
2026-04-14,HM56,0.636,MATERIAL
2026-04-15,HM01,1.097,ELEC
2026-04-15,HM12,0.677,ELEC
2026-04-15,HM13,1.549,MECH
2026-04-15,HM14,0.666,ELEC
2026-04-15,HM16,0.402,MECH
2026-04-15,HM20,0.417,MATERIAL
2026-04-15,HM25,0.569,PLANNED_PM
2026-04-15,HM30,4.917,MECH
2026-04-15,HM36,6.466,MATERIAL
2026-04-15,HM43,0.663,MECH
2026-04-15,HM47,0.774,MECH
2026-04-15,HM50,0.814,PLANNED_PM
2026-04-15,HM56,4.751,ELEC
2026-04-16,HM01,0.511,MATERIAL
2026-04-16,HM12,0.729,ELEC
2026-04-16,HM13,0.786,ELEC
2026-04-16,HM14,0.642,OPERATOR
2026-04-16,HM16,0.801,PLANNED_PM
2026-04-16,HM20,0.789,OPERATOR
2026-04-16,HM25,1.288,ELEC
2026-04-16,HM30,0.958,ELEC
2026-04-16,HM36,0.298,PLANNED_PM
2026-04-16,HM43,1.316,MECH
2026-04-16,HM47,0.723,OPERATOR
2026-04-16,HM50,1.0,OPERATOR
2026-04-16,HM56,0.812,MATERIAL
2026-04-17,HM01,0.952,MECH
2026-04-17,HM12,0.513,PLANNED_PM
2026-04-17,HM13,1.498,PLANNED_PM
2026-04-17,HM14,0.71,OPERATOR
2026-04-17,HM16,0.854,PLANNED_PM
2026-04-17,HM20,1.381,MECH
2026-04-17,HM25,0.495,MATERIAL
2026-04-17,HM30,1.3,MECH
2026-04-17,HM36,0.702,MATERIAL
2026-04-17,HM43,4.383,PLANNED_PM
2026-04-17,HM47,0.679,MATERIAL
2026-04-17,HM50,5.741,MATERIAL
2026-04-17,HM56,0.334,PLANNED_PM
2026-04-18,HM01,0.899,MECH
2026-04-18,HM12,4.856,MATERIAL
2026-04-18,HM13,0.528,MECH
2026-04-18,HM14,0.831,ELEC
2026-04-18,HM16,1.107,ELEC
2026-04-18,HM20,1.39,MATERIAL
2026-04-18,HM25,0.609,OPERATOR
2026-04-18,HM30,0.867,PLANNED_PM
2026-04-18,HM36,0.612,MECH
2026-04-18,HM43,0.767,PLANNED_PM
2026-04-18,HM47,0.354,ELEC
2026-04-18,HM50,0.804,ELEC
2026-04-18,HM56,1.208,PLANNED_PM
2026-04-19,HM01,0.992,MECH
2026-04-19,HM12,0.47,MECH
2026-04-19,HM13,3.384,OPERATOR
2026-04-19,HM14,6.933,MATERIAL
2026-04-19,HM16,0.464,OPERATOR
2026-04-19,HM20,0.368,OPERATOR
2026-04-19,HM25,0.386,ELEC
2026-04-19,HM30,1.085,MECH
2026-04-19,HM36,0.785,OPERATOR
2026-04-19,HM43,0.516,PLANNED_PM
2026-04-19,HM47,2.145,PLANNED_PM
2026-04-19,HM50,1.692,MECH
2026-04-19,HM56,0.781,MATERIAL
2026-04-20,HM01,1.402,PLANNED_PM
2026-04-20,HM12,0.966,MATERIAL
2026-04-20,HM13,1.665,MATERIAL
2026-04-20,HM14,1.059,PLANNED_PM
2026-04-20,HM16,1.102,OPERATOR
2026-04-20,HM20,0.522,PLANNED_PM
2026-04-20,HM25,0.364,PLANNED_PM
2026-04-20,HM30,0.453,MECH
2026-04-20,HM36,1.124,PLANNED_PM
2026-04-20,HM43,0.457,MATERIAL
2026-04-20,HM47,1.428,MATERIAL
2026-04-20,HM50,1.633,OPERATOR
2026-04-20,HM56,0.558,PLANNED_PM
2026-04-21,HM01,0.293,ELEC
2026-04-21,HM12,1.075,MATERIAL
2026-04-21,HM13,0.823,PLANNED_PM
2026-04-21,HM14,0.745,MECH
2026-04-21,HM16,0.39,ELEC
2026-04-21,HM20,1.211,OPERATOR
2026-04-21,HM25,0.504,MECH
2026-04-21,HM30,0.433,MATERIAL
2026-04-21,HM36,0.95,MATERIAL
2026-04-21,HM43,0.99,MATERIAL
2026-04-21,HM47,1.265,ELEC
2026-04-21,HM50,0.756,OPERATOR
2026-04-21,HM56,0.704,ELEC
2026-04-22,HM01,0.769,ELEC
2026-04-22,HM12,1.138,ELEC
2026-04-22,HM13,1.794,MECH
2026-04-22,HM14,1.205,MECH
2026-04-22,HM16,0.527,MATERIAL
2026-04-22,HM20,1.559,ELEC
2026-04-22,HM25,2.272,MATERIAL
2026-04-22,HM30,0.442,PLANNED_PM
2026-04-22,HM36,0.536,MATERIAL
2026-04-22,HM43,1.132,ELEC
2026-04-22,HM47,0.882,ELEC
2026-04-22,HM50,0.895,OPERATOR
2026-04-22,HM56,0.701,MECH
2026-04-23,HM01,5.24,ELEC
2026-04-23,HM12,4.118,MATERIAL
2026-04-23,HM13,1.364,OPERATOR
2026-04-23,HM14,0.701,PLANNED_PM
2026-04-23,HM16,0.91,MECH
2026-04-23,HM20,1.557,MATERIAL
2026-04-23,HM25,0.715,PLANNED_PM
2026-04-23,HM30,1.449,PLANNED_PM
2026-04-23,HM36,0.497,OPERATOR
2026-04-23,HM43,0.499,MECH
2026-04-23,HM47,1.768,PLANNED_PM
2026-04-23,HM50,0.733,ELEC
2026-04-23,HM56,0.374,PLANNED_PM
2026-04-24,HM01,0.591,ELEC
2026-04-24,HM12,1.482,OPERATOR
2026-04-24,HM13,0.506,ELEC
2026-04-24,HM14,0.612,PLANNED_PM
2026-04-24,HM16,1.038,MECH
2026-04-24,HM20,1.085,OPERATOR
2026-04-24,HM25,0.526,MECH
2026-04-24,HM30,0.668,MECH
2026-04-24,HM36,1.31,OPERATOR
2026-04-24,HM43,0.999,PLANNED_PM
2026-04-24,HM47,0.368,OPERATOR
2026-04-24,HM50,0.979,MATERIAL
2026-04-24,HM56,1.027,ELEC
2026-04-25,HM01,0.394,OPERATOR
2026-04-25,HM12,2.031,ELEC
2026-04-25,HM13,0.538,OPERATOR
2026-04-25,HM14,0.617,OPERATOR
2026-04-25,HM16,1.147,PLANNED_PM
2026-04-25,HM20,1.074,OPERATOR
2026-04-25,HM25,0.72,OPERATOR
2026-04-25,HM30,0.884,ELEC
2026-04-25,HM36,0.46,MECH
2026-04-25,HM43,0.775,OPERATOR
2026-04-25,HM47,0.749,MATERIAL
2026-04-25,HM50,0.497,MECH
2026-04-25,HM56,0.906,PLANNED_PM
2026-04-26,HM01,0.383,PLANNED_PM
2026-04-26,HM12,0.423,MECH
2026-04-26,HM13,2.931,PLANNED_PM
2026-04-26,HM14,0.984,MATERIAL
2026-04-26,HM16,1.013,ELEC
2026-04-26,HM20,0.638,PLANNED_PM
2026-04-26,HM25,0.78,ELEC
2026-04-26,HM30,0.693,MECH
2026-04-26,HM36,0.462,OPERATOR
2026-04-26,HM43,0.228,MECH
2026-04-26,HM47,0.544,OPERATOR
2026-04-26,HM50,0.641,PLANNED_PM
2026-04-26,HM56,0.755,PLANNED_PM
2026-04-27,HM01,0.472,PLANNED_PM
2026-04-27,HM12,5.227,ELEC
2026-04-27,HM13,1.681,PLANNED_PM
2026-04-27,HM14,0.138,OPERATOR
2026-04-27,HM16,2.564,OPERATOR
2026-04-27,HM20,0.675,MATERIAL
2026-04-27,HM25,0.371,ELEC
2026-04-27,HM30,0.528,PLANNED_PM
2026-04-27,HM36,1.164,ELEC
2026-04-27,HM43,1.96,ELEC
2026-04-27,HM47,0.729,OPERATOR
2026-04-27,HM50,1.158,ELEC
2026-04-27,HM56,0.379,ELEC
2026-04-28,HM01,1.379,ELEC
2026-04-28,HM12,0.23,PLANNED_PM
2026-04-28,HM13,1.336,ELEC
2026-04-28,HM14,1.114,PLANNED_PM
2026-04-28,HM16,0.638,PLANNED_PM
2026-04-28,HM20,0.46,OPERATOR
2026-04-28,HM25,0.879,PLANNED_PM
2026-04-28,HM30,0.911,OPERATOR
2026-04-28,HM36,1.149,PLANNED_PM
2026-04-28,HM43,1.693,PLANNED_PM
2026-04-28,HM47,1.152,OPERATOR
2026-04-28,HM50,1.787,MATERIAL
2026-04-28,HM56,1.538,OPERATOR
2026-04-29,HM01,1.642,OPERATOR
2026-04-29,HM12,0.403,PLANNED_PM
2026-04-29,HM13,0.889,ELEC
2026-04-29,HM14,0.711,OPERATOR
2026-04-29,HM16,0.594,MECH
2026-04-29,HM20,0.367,MECH
2026-04-29,HM25,0.36,PLANNED_PM
2026-04-29,HM30,0.836,MECH
2026-04-29,HM36,0.558,PLANNED_PM
2026-04-29,HM43,0.58,MATERIAL
2026-04-29,HM47,1.997,MATERIAL
2026-04-29,HM50,0.482,ELEC
2026-04-29,HM56,0.815,MATERIAL
2026-04-30,HM01,0.667,PLANNED_PM
2026-04-30,HM12,1.118,ELEC
2026-04-30,HM13,2.125,MECH
2026-04-30,HM14,0.379,PLANNED_PM
2026-04-30,HM16,0.926,ELEC
2026-04-30,HM20,0.375,MECH
2026-04-30,HM25,0.836,MATERIAL
2026-04-30,HM30,1.095,OPERATOR
2026-04-30,HM36,0.383,OPERATOR
2026-04-30,HM43,2.881,ELEC
2026-04-30,HM47,1.288,MECH
2026-04-30,HM50,0.596,MATERIAL
2026-04-30,HM56,1.205,MECH
2026-05-01,HM01,0.579,MECH
2026-05-01,HM12,1.044,OPERATOR
2026-05-01,HM13,0.599,PLANNED_PM
2026-05-01,HM14,0.609,MATERIAL
2026-05-01,HM16,0.807,OPERATOR
2026-05-01,HM20,1.283,MATERIAL
2026-05-01,HM25,0.833,ELEC
2026-05-01,HM30,1.095,MECH
2026-05-01,HM36,0.542,OPERATOR
2026-05-01,HM43,0.583,MATERIAL
2026-05-01,HM47,1.09,MATERIAL
2026-05-01,HM50,0.444,MECH
2026-05-01,HM56,1.84,PLANNED_PM
2026-05-02,HM01,0.721,OPERATOR
2026-05-02,HM12,0.439,MATERIAL
2026-05-02,HM13,0.292,MATERIAL
2026-05-02,HM14,0.719,MATERIAL
2026-05-02,HM16,0.464,PLANNED_PM
2026-05-02,HM20,0.561,ELEC
2026-05-02,HM25,0.832,MECH
2026-05-02,HM30,1.416,PLANNED_PM
2026-05-02,HM36,0.635,ELEC
2026-05-02,HM43,0.434,MECH
2026-05-02,HM47,0.713,PLANNED_PM
2026-05-02,HM50,0.826,OPERATOR
2026-05-02,HM56,4.389,MATERIAL
2026-05-03,HM01,1.65,ELEC
2026-05-03,HM12,0.941,MATERIAL
2026-05-03,HM13,3.0,MECH
2026-05-03,HM14,0.567,MECH
2026-05-03,HM16,0.407,MATERIAL
2026-05-03,HM20,1.748,MATERIAL
2026-05-03,HM25,1.121,PLANNED_PM
2026-05-03,HM30,1.189,OPERATOR
2026-05-03,HM36,0.536,ELEC
2026-05-03,HM43,1.164,ELEC
2026-05-03,HM47,0.596,MATERIAL
2026-05-03,HM50,1.567,MATERIAL
2026-05-03,HM56,1.968,MECH
2026-05-04,HM01,0.606,MECH
2026-05-04,HM12,1.347,PLANNED_PM
2026-05-04,HM13,0.734,PLANNED_PM
2026-05-04,HM14,1.242,ELEC
2026-05-04,HM16,0.595,MATERIAL
2026-05-04,HM20,2.715,MECH
2026-05-04,HM25,0.156,MECH
2026-05-04,HM30,0.669,OPERATOR
2026-05-04,HM36,0.488,MECH
2026-05-04,HM43,0.525,MECH
2026-05-04,HM47,1.718,MECH
2026-05-04,HM50,1.106,OPERATOR
2026-05-04,HM56,0.839,OPERATOR
2026-05-05,HM01,0.745,OPERATOR
2026-05-05,HM12,1.015,MECH
2026-05-05,HM13,1.165,PLANNED_PM
2026-05-05,HM14,0.809,PLANNED_PM
2026-05-05,HM16,1.081,ELEC
2026-05-05,HM20,0.712,OPERATOR
2026-05-05,HM25,0.396,PLANNED_PM
2026-05-05,HM30,0.871,ELEC
2026-05-05,HM36,1.312,PLANNED_PM
2026-05-05,HM43,0.529,OPERATOR
2026-05-05,HM47,1.476,MATERIAL
2026-05-05,HM50,0.714,OPERATOR
2026-05-05,HM56,0.472,OPERATOR
2026-05-06,HM01,1.107,OPERATOR
2026-05-06,HM12,1.073,ELEC
2026-05-06,HM13,0.587,ELEC
2026-05-06,HM14,1.612,OPERATOR
2026-05-06,HM16,0.95,OPERATOR
2026-05-06,HM20,3.176,MECH
2026-05-06,HM25,0.298,MECH
2026-05-06,HM30,0.889,MATERIAL
2026-05-06,HM36,0.815,PLANNED_PM
2026-05-06,HM43,1.352,MATERIAL
2026-05-06,HM47,4.795,OPERATOR
2026-05-06,HM50,0.748,MATERIAL
2026-05-06,HM56,1.49,MATERIAL
2026-05-07,HM01,0.564,PLANNED_PM
2026-05-07,HM12,1.581,ELEC
2026-05-07,HM13,0.899,ELEC
2026-05-07,HM14,0.715,ELEC
2026-05-07,HM16,0.543,MECH
2026-05-07,HM20,0.45,MATERIAL
2026-05-07,HM25,0.385,MATERIAL
2026-05-07,HM30,0.294,PLANNED_PM
2026-05-07,HM36,1.803,PLANNED_PM
2026-05-07,HM43,0.587,PLANNED_PM
2026-05-07,HM47,0.527,PLANNED_PM
2026-05-07,HM50,3.692,PLANNED_PM
2026-05-07,HM56,0.41,ELEC
2026-05-08,HM01,1.117,MATERIAL
2026-05-08,HM12,1.793,OPERATOR
2026-05-08,HM13,0.451,ELEC
2026-05-08,HM14,1.326,PLANNED_PM
2026-05-08,HM16,5.557,MECH
2026-05-08,HM20,1.434,OPERATOR
2026-05-08,HM25,1.924,OPERATOR
2026-05-08,HM30,0.339,MECH
2026-05-08,HM36,0.499,ELEC
2026-05-08,HM43,1.111,MECH
2026-05-08,HM47,1.329,MECH
2026-05-08,HM50,1.506,ELEC
2026-05-08,HM56,0.616,OPERATOR
2026-05-09,HM01,0.775,ELEC
2026-05-09,HM12,1.522,MATERIAL
2026-05-09,HM13,0.878,OPERATOR
2026-05-09,HM14,1.007,ELEC
2026-05-09,HM16,0.841,PLANNED_PM
2026-05-09,HM20,0.356,PLANNED_PM
2026-05-09,HM25,1.325,MECH
2026-05-09,HM30,1.244,OPERATOR
2026-05-09,HM36,0.672,MATERIAL
2026-05-09,HM43,2.505,ELEC
2026-05-09,HM47,1.28,MATERIAL
2026-05-09,HM50,0.555,MECH
2026-05-09,HM56,0.984,PLANNED_PM
2026-05-10,HM01,1.491,PLANNED_PM
2026-05-10,HM12,0.728,MECH
2026-05-10,HM13,0.517,PLANNED_PM
2026-05-10,HM14,0.664,PLANNED_PM
2026-05-10,HM16,0.327,OPERATOR
2026-05-10,HM20,0.28,MATERIAL
2026-05-10,HM25,0.251,MATERIAL
2026-05-10,HM30,0.64,MATERIAL
2026-05-10,HM36,0.729,PLANNED_PM
2026-05-10,HM43,0.643,PLANNED_PM
2026-05-10,HM47,1.492,OPERATOR
2026-05-10,HM50,1.508,OPERATOR
2026-05-10,HM56,1.656,OPERATOR
2026-05-11,HM01,0.476,ELEC
2026-05-11,HM12,5.983,OPERATOR
2026-05-11,HM13,0.625,OPERATOR
2026-05-11,HM14,1.188,MECH
2026-05-11,HM16,0.968,MATERIAL
2026-05-11,HM20,2.046,MECH
2026-05-11,HM25,0.573,MECH
2026-05-11,HM30,1.86,MATERIAL
2026-05-11,HM36,1.547,MECH
2026-05-11,HM43,0.657,ELEC
2026-05-11,HM47,0.702,OPERATOR
2026-05-11,HM50,4.991,MATERIAL
2026-05-11,HM56,0.698,PLANNED_PM
2026-05-12,HM01,1.299,MECH
2026-05-12,HM12,0.54,PLANNED_PM
2026-05-12,HM13,0.68,PLANNED_PM
2026-05-12,HM14,0.891,OPERATOR
2026-05-12,HM16,0.806,OPERATOR
2026-05-12,HM20,0.535,PLANNED_PM
2026-05-12,HM25,1.005,ELEC
2026-05-12,HM30,0.73,OPERATOR
2026-05-12,HM36,1.708,OPERATOR
2026-05-12,HM43,1.201,MECH
2026-05-12,HM47,1.731,MATERIAL
2026-05-12,HM50,0.623,MATERIAL
2026-05-12,HM56,0.576,PLANNED_PM
2026-05-13,HM01,1.409,MATERIAL
2026-05-13,HM12,0.569,OPERATOR
2026-05-13,HM13,0.373,MATERIAL
2026-05-13,HM14,2.051,MATERIAL
2026-05-13,HM16,0.274,MATERIAL
2026-05-13,HM20,0.98,PLANNED_PM
2026-05-13,HM25,1.645,MATERIAL
2026-05-13,HM30,0.55,MECH
2026-05-13,HM36,0.983,PLANNED_PM
2026-05-13,HM43,1.194,MECH
2026-05-13,HM47,1.195,OPERATOR
2026-05-13,HM50,0.329,ELEC
2026-05-13,HM56,7.766,MATERIAL
2026-05-14,HM01,0.86,MECH
2026-05-14,HM12,0.938,MECH
2026-05-14,HM13,1.36,OPERATOR
2026-05-14,HM14,0.995,MECH
2026-05-14,HM16,1.164,PLANNED_PM
2026-05-14,HM20,0.222,PLANNED_PM
2026-05-14,HM25,1.195,OPERATOR
2026-05-14,HM30,1.936,OPERATOR
2026-05-14,HM36,1.67,MECH
2026-05-14,HM43,0.312,MATERIAL
2026-05-14,HM47,0.85,MECH
2026-05-14,HM50,0.576,MATERIAL
2026-05-14,HM56,1.239,ELEC
