order_id,order_date,due_date,hsd_code,color_family,container_type,sku,units_ordered,gallons_ordered
1,2024-11-14,2024-11-22,HM01,White,pail_5gal,Duration-White-Pail,1,5.0
2,2024-11-14,2024-11-15,HM01,White,quart,Duration-White-Quart,169,42.25
3,2024-11-14,2024-11-16,HM01,White,gallon,Duration-White-Gallon,55,55.0
4,2024-11-14,2024-11-15,HM01,White,gallon,ProMar200-White-Gallon,58,58.0
5,2024-11-14,2024-11-16,HM01,White,quart,ProMar200-White-Quart,106,26.5
6,2024-11-14,2024-11-16,HM01,White,quart,Duration-White-Quart,141,35.25
7,2024-11-14,2024-11-15,HM13,Blue/Green,quart,SuperPaint-Blue/Green-Quart,121,30.25
8,2024-11-14,2024-11-20,HM13,Blue/Green,quart,SuperPaint-Blue/Green-Quart,57,14.25
9,2024-11-14,2024-11-16,HM13,Blue/Green,quart,Emerald-Blue/Green-Quart,59,14.75
10,2024-11-14,2024-11-16,HM13,Blue/Green,quart,SuperPaint-Blue/Green-Quart,30,7.5
11,2024-11-14,2024-11-17,HM13,Blue/Green,quart,Emerald-Blue/Green-Quart,110,27.5
12,2024-11-14,2024-11-16,HM14,Blue/Green,gallon,SuperPaint-Blue/Green-Gallon,111,111.0
13,2024-11-14,2024-11-18,HM14,Blue/Green,gallon,SuperPaint-Blue/Green-Gallon,12,12.0
14,2024-11-14,2024-11-16,HM14,Blue/Green,quart,SuperPaint-Blue/Green-Quart,71,17.75
15,2024-11-14,2024-11-25,HM14,Blue/Green,quart,Emerald-Blue/Green-Quart,196,49.0
16,2024-11-14,2024-11-21,HM14,Blue/Green,gallon,SuperPaint-Blue/Green-Gallon,27,27.0
17,2024-11-14,2024-11-15,HM16,Red,pail_5gal,Duration-Red-Pail,3,15.0
18,2024-11-14,2024-11-18,HM16,Red,quart,Duration-Red-Quart,85,21.25
19,2024-11-14,2024-11-16,HM16,Red,quart,Duration-Red-Quart,30,7.5
20,2024-11-14,2024-11-18,HM16,Red,pail_5gal,Emerald-Red-Pail,9,45.0
21,2024-11-14,2024-11-16,HM20,Black,gallon,PrepRite-Black-Gallon,28,28.0
22,2024-11-14,2024-11-20,HM25,Black,quart,ProMar200-Black-Quart,462,115.5
23,2024-11-14,2024-11-17,HM25,Black,pail_5gal,ProMar200-Black-Pail,7,35.0
24,2024-11-14,2024-11-16,HM25,Black,pail_5gal,ProMar200-Black-Pail,5,25.0
25,2024-11-14,2024-11-15,HM25,Black,gallon,ProMar200-Black-Gallon,68,68.0
26,2024-11-14,2024-11-19,HM36,White,pail_5gal,Duration-White-Pail,3,15.0
27,2024-11-14,2024-11-19,HM36,White,pail_5gal,Duration-White-Pail,10,50.0
28,2024-11-14,2024-11-16,HM50,Clear,quart,ProMar200-Clear-Quart,68,17.0
29,2024-11-14,2024-11-25,HM50,Clear,gallon,SuperPaint-Clear-Gallon,12,12.0
30,2024-11-14,2024-11-17,HM56,White,quart,Duration-White-Quart,127,31.75
31,2024-11-15,2024-11-18,HM01,White,quart,ProMar200-White-Quart,94,23.5
32,2024-11-15,2024-11-18,HM01,White,quart,SuperPaint-White-Quart,131,32.75
33,2024-11-15,2024-11-16,HM13,Blue/Green,gallon,SuperPaint-Blue/Green-Gallon,34,34.0
34,2024-11-15,2024-11-18,HM14,Blue/Green,pail_5gal,SuperPaint-Blue/Green-Pail,12,60.0
35,2024-11-15,2024-11-19,HM14,Blue/Green,gallon,Emerald-Blue/Green-Gallon,50,50.0
36,2024-11-15,2024-11-18,HM16,Red,pail_5gal,Emerald-Red-Pail,4,20.0
37,2024-11-15,2024-11-16,HM20,Black,quart,PrepRite-Black-Quart,47,11.75
38,2024-11-15,2024-11-19,HM20,Black,quart,ProMar200-Black-Quart,60,15.0
39,2024-11-15,2024-11-17,HM25,Black,gallon,PrepRite-Black-Gallon,33,33.0
40,2024-11-15,2024-11-16,HM25,Black,quart,ProMar200-Black-Quart,84,21.0
41,2024-11-15,2024-11-20,HM25,Black,quart,ProMar200-Black-Quart,110,27.5
42,2024-11-15,2024-11-21,HM30,Black,pail_5gal,ProMar200-Black-Pail,7,35.0
43,2024-11-15,2024-11-16,HM36,White,quart,Duration-White-Quart,197,49.25
44,2024-11-15,2024-11-19,HM43,Red,pail_5gal,Emerald-Red-Pail,9,45.0
45,2024-11-15,2024-11-17,HM47,Red,pail_5gal,Duration-Red-Pail,7,35.0
46,2024-11-15,2024-11-20,HM50,Clear,quart,ProMar200-Clear-Quart,164,41.0
47,2024-11-15,2024-11-21,HM56,White,quart,SuperPaint-White-Quart,268,67.0
48,2024-11-15,2024-11-18,HM56,White,quart,SuperPaint-White-Quart,167,41.75
49,2024-11-15,2024-11-16,HM56,White,quart,SuperPaint-White-Quart,58,14.5
50,2024-11-15,2024-11-18,HM56,White,gallon,ProMar200-White-Gallon,27,27.0
51,2024-11-15,2024-11-16,HM56,White,pail_5gal,Duration-White-Pail,4,20.0
52,2024-11-16,2024-11-17,HM01,White,quart,ProMar200-White-Quart,168,42.0
53,2024-11-16,2024-11-19,HM01,White,quart,ProMar200-White-Quart,313,78.25
54,2024-11-16,2024-11-19,HM14,Blue/Green,gallon,Emerald-Blue/Green-Gallon,43,43.0
55,2024-11-16,2024-11-23,HM16,Red,pail_5gal,Emerald-Red-Pail,14,70.0
56,2024-11-16,2024-11-21,HM16,Red,gallon,Emerald-Red-Gallon,26,26.0
57,2024-11-16,2024-11-19,HM20,Black,quart,ProMar200-Black-Quart,76,19.0
58,2024-11-16,2024-11-19,HM20,Black,quart,ProMar200-Black-Quart,110,27.5
59,2024-11-16,2024-11-22,HM20,Black,gallon,ProMar200-Black-Gallon,36,36.0
60,2024-11-16,2024-11-19,HM25,Black,gallon,PrepRite-Black-Gallon,107,107.0
61,2024-11-16,2024-11-18,HM25,Black,gallon,PrepRite-Black-Gallon,141,141.0
62,2024-11-16,2024-11-19,HM47,Red,pail_5gal,Emerald-Red-Pail,10,50.0
63,2024-11-16,2024-11-20,HM47,Red,pail_5gal,Duration-Red-Pail,8,40.0
64,2024-11-16,2024-11-17,HM50,Clear,quart,ProMar200-Clear-Quart,66,16.5
65,2024-11-17,2024-11-20,HM01,White,quart,Duration-White-Quart,56,14.0
66,2024-11-17,2024-11-20,HM01,White,quart,Duration-White-Quart,163,40.75
67,2024-11-17,2024-11-19,HM14,Blue/Green,gallon,SuperPaint-Blue/Green-Gallon,14,14.0
68,2024-11-17,2024-11-22,HM16,Red,gallon,Duration-Red-Gallon,34,34.0
69,2024-11-17,2024-11-21,HM16,Red,pail_5gal,Emerald-Red-Pail,4,20.0
70,2024-11-17,2024-11-19,HM20,Black,gallon,ProMar200-Black-Gallon,48,48.0
71,2024-11-17,2024-11-21,HM20,Black,quart,PrepRite-Black-Quart,27,6.75
72,2024-11-17,2024-11-18,HM25,Black,quart,ProMar200-Black-Quart,233,58.25
73,2024-11-17,2024-11-18,HM25,Black,quart,ProMar200-Black-Quart,132,33.0
74,2024-11-17,2024-11-21,HM25,Black,gallon,ProMar200-Black-Gallon,33,33.0
75,2024-11-17,2024-11-18,HM25,Black,quart,PrepRite-Black-Quart,159,39.75
76,2024-11-17,2024-11-20,HM30,Black,pail_5gal,ProMar200-Black-Pail,11,55.0
77,2024-11-17,2024-11-18,HM36,White,gallon,SuperPaint-White-Gallon,11,11.0
78,2024-11-17,2024-11-18,HM43,Red,gallon,Duration-Red-Gallon,90,90.0
79,2024-11-17,2024-11-19,HM47,Red,quart,Duration-Red-Quart,36,9.0
80,2024-11-17,2024-11-18,HM47,Red,gallon,Emerald-Red-Gallon,25,25.0
81,2024-11-17,2024-11-20,HM50,Clear,quart,ProMar200-Clear-Quart,80,20.0
82,2024-11-17,2024-11-23,HM56,White,gallon,SuperPaint-White-Gallon,40,40.0
83,2024-11-17,2024-11-18,HM56,White,gallon,SuperPaint-White-Gallon,92,92.0
84,2024-11-17,2024-11-18,HM56,White,pail_5gal,Duration-White-Pail,10,50.0
85,2024-11-18,2024-11-19,HM01,White,quart,ProMar200-White-Quart,100,25.0
86,2024-11-18,2024-11-19,HM01,White,quart,ProMar200-White-Quart,105,26.25
87,2024-11-18,2024-11-20,HM01,White,quart,Duration-White-Quart,50,12.5
88,2024-11-18,2024-11-21,HM13,Blue/Green,gallon,SuperPaint-Blue/Green-Gallon,67,67.0
89,2024-11-18,2024-11-20,HM20,Black,gallon,PrepRite-Black-Gallon,27,27.0
90,2024-11-18,2024-11-22,HM20,Black,gallon,ProMar200-Black-Gallon,85,85.0
91,2024-11-18,2024-11-29,HM25,Black,quart,ProMar200-Black-Quart,109,27.25
92,2024-11-18,2024-11-22,HM25,Black,pail_5gal,ProMar200-Black-Pail,3,15.0
93,2024-11-18,2024-11-23,HM43,Red,gallon,Emerald-Red-Gallon,13,13.0
94,2024-11-18,2024-11-27,HM43,Red,quart,Duration-Red-Quart,60,15.0
95,2024-11-18,2024-11-22,HM43,Red,pail_5gal,Duration-Red-Pail,6,30.0
96,2024-11-18,2024-11-25,HM47,Red,gallon,Duration-Red-Gallon,57,57.0
97,2024-11-18,2024-11-26,HM47,Red,gallon,Duration-Red-Gallon,9,9.0
98,2024-11-18,2024-11-22,HM56,White,pail_5gal,SuperPaint-White-Pail,9,45.0
99,2024-11-19,2024-11-24,HM12,Blue/Green,quart,Emerald-Blue/Green-Quart,247,61.75
100,2024-11-19,2024-11-21,HM12,Blue/Green,gallon,SuperPaint-Blue/Green-Gallon,70,70.0
101,2024-11-19,2024-11-20,HM13,Blue/Green,pail_5gal,Emerald-Blue/Green-Pail,13,65.0
102,2024-11-19,2024-11-22,HM14,Blue/Green,gallon,SuperPaint-Blue/Green-Gallon,19,19.0
103,2024-11-19,2024-11-20,HM14,Blue/Green,quart,SuperPaint-Blue/Green-Quart,78,19.5
104,2024-11-19,2024-11-20,HM14,Blue/Green,quart,Emerald-Blue/Green-Quart,158,39.5
105,2024-11-19,2024-11-20,HM14,Blue/Green,quart,SuperPaint-Blue/Green-Quart,150,37.5
106,2024-11-19,2024-11-21,HM20,Black,quart,ProMar200-Black-Quart,82,20.5
107,2024-11-19,2024-11-21,HM25,Black,gallon,PrepRite-Black-Gallon,34,34.0
108,2024-11-19,2024-11-23,HM25,Black,pail_5gal,ProMar200-Black-Pail,3,15.0
109,2024-11-19,2024-11-20,HM30,Black,quart,PrepRite-Black-Quart,134,33.5
110,2024-11-19,2024-11-23,HM36,White,quart,SuperPaint-White-Quart,146,36.5
111,2024-11-19,2024-11-23,HM36,White,quart,ProMar200-White-Quart,154,38.5
112,2024-11-19,2024-11-20,HM43,Red,gallon,Emerald-Red-Gallon,51,51.0
113,2024-11-19,2024-11-22,HM43,Red,pail_5gal,Emerald-Red-Pail,3,15.0
114,2024-11-19,2024-11-25,HM43,Red,gallon,Duration-Red-Gallon,32,32.0
115,2024-11-19,2024-11-20,HM47,Red,pail_5gal,Duration-Red-Pail,23,115.0
116,2024-11-19,2024-11-22,HM50,Clear,pail_5gal,ProMar200-Clear-Pail,9,45.0
117,2024-11-19,2024-11-23,HM50,Clear,gallon,ProMar200-Clear-Gallon,40,40.0
118,2024-11-19,2024-11-20,HM56,White,quart,SuperPaint-White-Quart,54,13.5
119,2024-11-19,2024-11-24,HM56,White,gallon,ProMar200-White-Gallon,41,41.0
120,2024-11-20,2024-11-22,HM12,Blue/Green,quart,SuperPaint-Blue/Green-Quart,151,37.75
121,2024-11-20,2024-11-23,HM12,Blue/Green,gallon,SuperPaint-Blue/Green-Gallon,37,37.0
122,2024-11-20,2024-11-23,HM13,Blue/Green,quart,SuperPaint-Blue/Green-Quart,127,31.75
123,2024-11-20,2024-11-21,HM13,Blue/Green,quart,Emerald-Blue/Green-Quart,203,50.75
124,2024-11-20,2024-11-22,HM14,Blue/Green,quart,Emerald-Blue/Green-Quart,95,23.75
125,2024-11-20,2024-11-23,HM14,Blue/Green,pail_5gal,Emerald-Blue/Green-Pail,2,10.0
126,2024-11-20,2024-11-23,HM20,Black,gallon,ProMar200-Black-Gallon,35,35.0
127,2024-11-20,2024-11-23,HM25,Black,quart,PrepRite-Black-Quart,92,23.0
128,2024-11-20,2024-11-22,HM25,Black,gallon,PrepRite-Black-Gallon,41,41.0
129,2024-11-20,2024-11-22,HM30,Black,gallon,PrepRite-Black-Gallon,25,25.0
130,2024-11-20,2024-11-22,HM30,Black,pail_5gal,ProMar200-Black-Pail,18,90.0
131,2024-11-20,2024-11-22,HM36,White,quart,Duration-White-Quart,60,15.0
132,2024-11-20,2024-11-22,HM36,White,quart,Duration-White-Quart,32,8.0
133,2024-11-20,2024-11-27,HM36,White,gallon,ProMar200-White-Gallon,68,68.0
134,2024-11-20,2024-11-23,HM36,White,quart,SuperPaint-White-Quart,123,30.75
135,2024-11-20,2024-11-23,HM43,Red,pail_5gal,Duration-Red-Pail,3,15.0
136,2024-11-20,2024-11-23,HM43,Red,gallon,Duration-Red-Gallon,26,26.0
137,2024-11-20,2024-11-23,HM47,Red,quart,Duration-Red-Quart,29,7.25
138,2024-11-20,2024-11-23,HM47,Red,quart,Duration-Red-Quart,86,21.5
139,2024-11-20,2024-11-21,HM50,Clear,gallon,ProMar200-Clear-Gallon,64,64.0
140,2024-11-20,2024-11-23,HM50,Clear,quart,SuperPaint-Clear-Quart,137,34.25
141,2024-11-20,2024-11-23,HM50,Clear,gallon,SuperPaint-Clear-Gallon,31,31.0
142,2024-11-20,2024-11-23,HM56,White,pail_5gal,SuperPaint-White-Pail,20,100.0
143,2024-11-20,2024-11-22,HM56,White,pail_5gal,ProMar200-White-Pail,8,40.0
144,2024-11-20,2024-11-21,HM56,White,quart,ProMar200-White-Quart,193,48.25
145,2024-11-21,2024-11-24,HM01,White,quart,SuperPaint-White-Quart,148,37.0
146,2024-11-21,2024-11-23,HM13,Blue/Green,gallon,Emerald-Blue/Green-Gallon,21,21.0
147,2024-11-21,2024-11-22,HM13,Blue/Green,quart,Emerald-Blue/Green-Quart,107,26.75
148,2024-11-21,2024-11-23,HM14,Blue/Green,gallon,Emerald-Blue/Green-Gallon,40,40.0
149,2024-11-21,2024-11-22,HM14,Blue/Green,quart,SuperPaint-Blue/Green-Quart,103,25.75
150,2024-11-21,2024-11-26,HM14,Blue/Green,gallon,Emerald-Blue/Green-Gallon,34,34.0
151,2024-11-21,2024-11-23,HM14,Blue/Green,quart,Emerald-Blue/Green-Quart,352,88.0
152,2024-11-21,2024-11-22,HM16,Red,gallon,Duration-Red-Gallon,17,17.0
153,2024-11-21,2024-11-24,HM16,Red,gallon,Duration-Red-Gallon,42,42.0
154,2024-11-21,2024-11-26,HM16,Red,pail_5gal,Duration-Red-Pail,9,45.0
155,2024-11-21,2024-11-26,HM20,Black,quart,PrepRite-Black-Quart,53,13.25
156,2024-11-21,2024-11-26,HM25,Black,gallon,ProMar200-Black-Gallon,54,54.0
157,2024-11-21,2024-11-22,HM25,Black,gallon,PrepRite-Black-Gallon,25,25.0
158,2024-11-21,2024-11-25,HM25,Black,quart,PrepRite-Black-Quart,133,33.25
159,2024-11-21,2024-11-22,HM25,Black,gallon,ProMar200-Black-Gallon,57,57.0
160,2024-11-21,2024-11-22,HM36,White,quart,ProMar200-White-Quart,134,33.5
161,2024-11-21,2024-11-23,HM43,Red,gallon,Emerald-Red-Gallon,14,14.0
162,2024-11-21,2024-11-22,HM43,Red,pail_5gal,Emerald-Red-Pail,2,10.0
163,2024-11-21,2024-11-22,HM47,Red,gallon,Emerald-Red-Gallon,17,17.0
164,2024-11-21,2024-11-23,HM56,White,quart,SuperPaint-White-Quart,290,72.5
165,2024-11-21,2024-11-23,HM56,White,gallon,Duration-White-Gallon,32,32.0
166,2024-11-22,2024-11-26,HM01,White,quart,Duration-White-Quart,415,103.75
167,2024-11-22,2024-11-26,HM01,White,gallon,ProMar200-White-Gallon,34,34.0
168,2024-11-22,2024-11-24,HM12,Blue/Green,gallon,SuperPaint-Blue/Green-Gallon,45,45.0
169,2024-11-22,2024-11-23,HM12,Blue/Green,pail_5gal,SuperPaint-Blue/Green-Pail,9,45.0
170,2024-11-22,2024-11-24,HM13,Blue/Green,gallon,Emerald-Blue/Green-Gallon,59,59.0
171,2024-11-22,2024-11-25,HM13,Blue/Green,quart,Emerald-Blue/Green-Quart,325,81.25
172,2024-11-22,2024-11-25,HM14,Blue/Green,quart,Emerald-Blue/Green-Quart,111,27.75
173,2024-11-22,2024-11-25,HM16,Red,pail_5gal,Duration-Red-Pail,9,45.0
174,2024-11-22,2024-12-03,HM16,Red,pail_5gal,Emerald-Red-Pail,9,45.0
175,2024-11-22,2024-11-23,HM20,Black,pail_5gal,PrepRite-Black-Pail,3,15.0
176,2024-11-22,2024-11-24,HM25,Black,gallon,PrepRite-Black-Gallon,15,15.0
177,2024-11-22,2024-11-24,HM36,White,gallon,SuperPaint-White-Gallon,15,15.0
178,2024-11-22,2024-11-24,HM43,Red,pail_5gal,Emerald-Red-Pail,8,40.0
179,2024-11-22,2024-11-27,HM43,Red,gallon,Emerald-Red-Gallon,20,20.0
180,2024-11-22,2024-11-25,HM43,Red,gallon,Duration-Red-Gallon,31,31.0
181,2024-11-22,2024-11-26,HM43,Red,gallon,Duration-Red-Gallon,68,68.0
182,2024-11-22,2024-11-25,HM43,Red,pail_5gal,Emerald-Red-Pail,5,25.0
183,2024-11-22,2024-11-23,HM50,Clear,quart,SuperPaint-Clear-Quart,82,20.5
184,2024-11-22,2024-11-28,HM50,Clear,quart,SuperPaint-Clear-Quart,197,49.25
185,2024-11-22,2024-11-23,HM50,Clear,gallon,SuperPaint-Clear-Gallon,17,17.0
186,2024-11-23,2024-11-24,HM01,White,quart,Duration-White-Quart,41,10.25
187,2024-11-23,2024-11-26,HM01,White,gallon,Duration-White-Gallon,34,34.0
188,2024-11-23,2024-11-27,HM12,Blue/Green,quart,Emerald-Blue/Green-Quart,90,22.5
189,2024-11-23,2024-12-02,HM12,Blue/Green,quart,Emerald-Blue/Green-Quart,116,29.0
190,2024-11-23,2024-11-24,HM13,Blue/Green,quart,Emerald-Blue/Green-Quart,388,97.0
191,2024-11-23,2024-11-25,HM14,Blue/Green,quart,Emerald-Blue/Green-Quart,107,26.75
192,2024-11-23,2024-11-25,HM16,Red,gallon,Emerald-Red-Gallon,42,42.0
193,2024-11-23,2024-11-26,HM20,Black,gallon,PrepRite-Black-Gallon,16,16.0
194,2024-11-23,2024-11-25,HM20,Black,gallon,PrepRite-Black-Gallon,22,22.0
195,2024-11-23,2024-11-26,HM25,Black,pail_5gal,ProMar200-Black-Pail,2,10.0
196,2024-11-23,2024-11-27,HM30,Black,gallon,ProMar200-Black-Gallon,72,72.0
197,2024-11-23,2024-11-24,HM36,White,gallon,SuperPaint-White-Gallon,48,48.0
198,2024-11-23,2024-11-27,HM47,Red,quart,Emerald-Red-Quart,106,26.5
199,2024-11-23,2024-11-26,HM47,Red,quart,Duration-Red-Quart,65,16.25
200,2024-11-23,2024-11-28,HM50,Clear,gallon,ProMar200-Clear-Gallon,26,26.0
201,2024-11-24,2024-11-27,HM01,White,quart,Duration-White-Quart,116,29.0
202,2024-11-24,2024-11-27,HM12,Blue/Green,quart,SuperPaint-Blue/Green-Quart,156,39.0
203,2024-11-24,2024-12-03,HM13,Blue/Green,quart,Emerald-Blue/Green-Quart,105,26.25
204,2024-11-24,2024-11-25,HM13,Blue/Green,gallon,SuperPaint-Blue/Green-Gallon,28,28.0
205,2024-11-24,2024-11-28,HM14,Blue/Green,pail_5gal,SuperPaint-Blue/Green-Pail,19,95.0
206,2024-11-24,2024-11-28,HM16,Red,gallon,Emerald-Red-Gallon,25,25.0
207,2024-11-24,2024-11-25,HM20,Black,quart,PrepRite-Black-Quart,137,34.25
208,2024-11-24,2024-11-25,HM30,Black,pail_5gal,ProMar200-Black-Pail,6,30.0
209,2024-11-24,2024-11-26,HM36,White,gallon,ProMar200-White-Gallon,10,10.0
210,2024-11-24,2024-11-26,HM50,Clear,gallon,ProMar200-Clear-Gallon,30,30.0
211,2024-11-25,2024-11-28,HM01,White,gallon,ProMar200-White-Gallon,107,107.0
212,2024-11-25,2024-11-30,HM01,White,pail_5gal,Duration-White-Pail,7,35.0
213,2024-11-25,2024-11-27,HM12,Blue/Green,gallon,SuperPaint-Blue/Green-Gallon,68,68.0
214,2024-11-25,2024-11-28,HM12,Blue/Green,quart,SuperPaint-Blue/Green-Quart,251,62.75
215,2024-11-25,2024-11-28,HM13,Blue/Green,quart,SuperPaint-Blue/Green-Quart,150,37.5
216,2024-11-25,2024-12-08,HM13,Blue/Green,quart,SuperPaint-Blue/Green-Quart,140,35.0
217,2024-11-25,2024-11-26,HM13,Blue/Green,quart,Emerald-Blue/Green-Quart,28,7.0
218,2024-11-25,2024-11-28,HM14,Blue/Green,quart,SuperPaint-Blue/Green-Quart,208,52.0
219,2024-11-25,2024-11-27,HM14,Blue/Green,gallon,Emerald-Blue/Green-Gallon,45,45.0
220,2024-11-25,2024-11-28,HM16,Red,quart,Emerald-Red-Quart,222,55.5
221,2024-11-25,2024-11-28,HM16,Red,pail_5gal,Emerald-Red-Pail,25,125.0
222,2024-11-25,2024-11-28,HM20,Black,quart,PrepRite-Black-Quart,132,33.0
223,2024-11-25,2024-12-04,HM20,Black,gallon,PrepRite-Black-Gallon,13,13.0
224,2024-11-25,2024-11-27,HM20,Black,pail_5gal,ProMar200-Black-Pail,7,35.0
225,2024-11-25,2024-11-26,HM25,Black,gallon,PrepRite-Black-Gallon,33,33.0
226,2024-11-25,2024-12-02,HM36,White,pail_5gal,Duration-White-Pail,7,35.0
227,2024-11-25,2024-11-27,HM36,White,quart,Duration-White-Quart,22,5.5
228,2024-11-25,2024-11-29,HM36,White,gallon,Duration-White-Gallon,17,17.0
229,2024-11-25,2024-11-28,HM36,White,gallon,SuperPaint-White-Gallon,70,70.0
230,2024-11-25,2024-12-01,HM43,Red,gallon,Emerald-Red-Gallon,26,26.0
231,2024-11-25,2024-11-29,HM47,Red,quart,Duration-Red-Quart,201,50.25
232,2024-11-25,2024-11-29,HM56,White,quart,ProMar200-White-Quart,88,22.0
233,2024-11-25,2024-11-27,HM56,White,quart,ProMar200-White-Quart,183,45.75
234,2024-11-26,2024-11-28,HM01,White,pail_5gal,SuperPaint-White-Pail,2,10.0
235,2024-11-26,2024-11-27,HM12,Blue/Green,quart,Emerald-Blue/Green-Quart,118,29.5
236,2024-11-26,2024-11-27,HM12,Blue/Green,quart,SuperPaint-Blue/Green-Quart,114,28.5
237,2024-11-26,2024-11-30,HM12,Blue/Green,quart,SuperPaint-Blue/Green-Quart,203,50.75
238,2024-11-26,2024-11-28,HM13,Blue/Green,quart,SuperPaint-Blue/Green-Quart,112,28.0
239,2024-11-26,2024-11-30,HM13,Blue/Green,gallon,SuperPaint-Blue/Green-Gallon,44,44.0
240,2024-11-26,2024-11-29,HM14,Blue/Green,quart,SuperPaint-Blue/Green-Quart,125,31.25
241,2024-11-26,2024-11-29,HM14,Blue/Green,quart,Emerald-Blue/Green-Quart,63,15.75
242,2024-11-26,2024-11-29,HM14,Blue/Green,gallon,SuperPaint-Blue/Green-Gallon,33,33.0
243,2024-11-26,2024-12-02,HM16,Red,pail_5gal,Duration-Red-Pail,8,40.0
244,2024-11-26,2024-11-29,HM20,Black,pail_5gal,ProMar200-Black-Pail,14,70.0
245,2024-11-26,2024-11-27,HM20,Black,quart,PrepRite-Black-Quart,98,24.5
246,2024-11-26,2024-11-29,HM20,Black,gallon,ProMar200-Black-Gallon,44,44.0
247,2024-11-26,2024-11-27,HM20,Black,quart,ProMar200-Black-Quart,137,34.25
248,2024-11-26,2024-11-29,HM20,Black,pail_5gal,PrepRite-Black-Pail,3,15.0
249,2024-11-26,2024-11-28,HM36,White,gallon,ProMar200-White-Gallon,47,47.0
250,2024-11-26,2024-11-28,HM36,White,gallon,Duration-White-Gallon,32,32.0
251,2024-11-26,2024-11-28,HM43,Red,gallon,Emerald-Red-Gallon,74,74.0
252,2024-11-26,2024-11-28,HM43,Red,gallon,Duration-Red-Gallon,87,87.0
253,2024-11-26,2024-11-28,HM43,Red,gallon,Emerald-Red-Gallon,63,63.0
254,2024-11-26,2024-11-29,HM47,Red,gallon,Duration-Red-Gallon,41,41.0
255,2024-11-26,2024-11-28,HM50,Clear,gallon,ProMar200-Clear-Gallon,38,38.0
256,2024-11-26,2024-11-30,HM50,Clear,quart,SuperPaint-Clear-Quart,281,70.25
257,2024-11-26,2024-11-29,HM56,White,quart,SuperPaint-White-Quart,101,25.25
258,2024-11-27,2024-11-29,HM01,White,gallon,ProMar200-White-Gallon,120,120.0
259,2024-11-27,2024-11-29,HM12,Blue/Green,gallon,Emerald-Blue/Green-Gallon,43,43.0
260,2024-11-27,2024-11-30,HM12,Blue/Green,gallon,SuperPaint-Blue/Green-Gallon,40,40.0
261,2024-11-27,2024-11-28,HM12,Blue/Green,quart,Emerald-Blue/Green-Quart,96,24.0
262,2024-11-27,2024-11-30,HM12,Blue/Green,gallon,Emerald-Blue/Green-Gallon,51,51.0
263,2024-11-27,2024-11-28,HM13,Blue/Green,quart,Emerald-Blue/Green-Quart,90,22.5
264,2024-11-27,2024-12-08,HM14,Blue/Green,gallon,Emerald-Blue/Green-Gallon,34,34.0
265,2024-11-27,2024-11-30,HM14,Blue/Green,pail_5gal,Emerald-Blue/Green-Pail,13,65.0
266,2024-11-27,2024-11-28,HM14,Blue/Green,quart,Emerald-Blue/Green-Quart,124,31.0
267,2024-11-27,2024-11-30,HM14,Blue/Green,gallon,SuperPaint-Blue/Green-Gallon,32,32.0
268,2024-11-27,2024-12-11,HM16,Red,gallon,Emerald-Red-Gallon,40,40.0
269,2024-11-27,2024-11-29,HM16,Red,gallon,Duration-Red-Gallon,21,21.0
270,2024-11-27,2024-11-30,HM16,Red,gallon,Duration-Red-Gallon,27,27.0
271,2024-11-27,2024-12-06,HM16,Red,gallon,Duration-Red-Gallon,17,17.0
272,2024-11-27,2024-12-02,HM20,Black,gallon,PrepRite-Black-Gallon,43,43.0
273,2024-11-27,2024-11-30,HM20,Black,quart,PrepRite-Black-Quart,62,15.5
274,2024-11-27,2024-12-01,HM25,Black,gallon,PrepRite-Black-Gallon,16,16.0
275,2024-11-27,2024-12-02,HM25,Black,quart,PrepRite-Black-Quart,33,8.25
276,2024-11-27,2024-11-30,HM30,Black,pail_5gal,ProMar200-Black-Pail,12,60.0
277,2024-11-27,2024-12-04,HM30,Black,gallon,PrepRite-Black-Gallon,33,33.0
278,2024-11-27,2024-11-29,HM36,White,quart,ProMar200-White-Quart,53,13.25
279,2024-11-27,2024-12-01,HM43,Red,gallon,Emerald-Red-Gallon,17,17.0
280,2024-11-27,2024-12-03,HM47,Red,gallon,Emerald-Red-Gallon,17,17.0
281,2024-11-27,2024-11-30,HM47,Red,quart,Duration-Red-Quart,197,49.25
282,2024-11-27,2024-12-07,HM50,Clear,gallon,SuperPaint-Clear-Gallon,25,25.0
283,2024-11-28,2024-12-01,HM01,White,quart,SuperPaint-White-Quart,43,10.75
284,2024-11-28,2024-11-29,HM12,Blue/Green,gallon,Emerald-Blue/Green-Gallon,12,12.0
285,2024-11-28,2024-12-01,HM12,Blue/Green,gallon,SuperPaint-Blue/Green-Gallon,22,22.0
286,2024-11-28,2024-11-29,HM12,Blue/Green,gallon,SuperPaint-Blue/Green-Gallon,27,27.0
287,2024-11-28,2024-11-29,HM12,Blue/Green,quart,SuperPaint-Blue/Green-Quart,63,15.75
288,2024-11-28,2024-11-29,HM14,Blue/Green,gallon,Emerald-Blue/Green-Gallon,138,138.0
289,2024-11-28,2024-11-30,HM16,Red,quart,Emerald-Red-Quart,84,21.0
290,2024-11-28,2024-12-01,HM16,Red,quart,Emerald-Red-Quart,81,20.25
291,2024-11-28,2024-11-30,HM20,Black,gallon,PrepRite-Black-Gallon,17,17.0
292,2024-11-28,2024-12-03,HM20,Black,gallon,ProMar200-Black-Gallon,54,54.0
293,2024-11-28,2024-11-29,HM20,Black,gallon,PrepRite-Black-Gallon,21,21.0
294,2024-11-28,2024-12-01,HM20,Black,quart,ProMar200-Black-Quart,102,25.5
295,2024-11-28,2024-11-30,HM30,Black,pail_5gal,PrepRite-Black-Pail,4,20.0
296,2024-11-28,2024-11-29,HM36,White,quart,Duration-White-Quart,140,35.0
297,2024-11-28,2024-11-30,HM43,Red,quart,Duration-Red-Quart,237,59.25
298,2024-11-28,2024-11-29,HM56,White,gallon,Duration-White-Gallon,14,14.0
299,2024-11-28,2024-12-01,HM56,White,gallon,Duration-White-Gallon,27,27.0
300,2024-11-28,2024-12-01,HM56,White,pail_5gal,Duration-White-Pail,2,10.0
301,2024-11-29,2024-11-30,HM01,White,quart,ProMar200-White-Quart,433,108.25
302,2024-11-29,2024-11-30,HM01,White,gallon,ProMar200-White-Gallon,28,28.0
303,2024-11-29,2024-11-30,HM01,White,quart,ProMar200-White-Quart,43,10.75
304,2024-11-29,2024-11-30,HM01,White,quart,ProMar200-White-Quart,222,55.5
305,2024-11-29,2024-12-02,HM12,Blue/Green,gallon,SuperPaint-Blue/Green-Gallon,35,35.0
306,2024-11-29,2024-12-01,HM12,Blue/Green,quart,Emerald-Blue/Green-Quart,37,9.25
307,2024-11-29,2024-12-02,HM12,Blue/Green,gallon,Emerald-Blue/Green-Gallon,21,21.0
308,2024-11-29,2024-12-02,HM14,Blue/Green,quart,Emerald-Blue/Green-Quart,54,13.5
309,2024-11-29,2024-11-30,HM14,Blue/Green,pail_5gal,SuperPaint-Blue/Green-Pail,6,30.0
310,2024-11-29,2024-12-02,HM14,Blue/Green,quart,Emerald-Blue/Green-Quart,67,16.75
311,2024-11-29,2024-11-30,HM14,Blue/Green,gallon,Emerald-Blue/Green-Gallon,25,25.0
312,2024-11-29,2024-12-04,HM16,Red,pail_5gal,Emerald-Red-Pail,18,90.0
313,2024-11-29,2024-11-30,HM20,Black,quart,ProMar200-Black-Quart,166,41.5
314,2024-11-29,2024-12-06,HM25,Black,pail_5gal,PrepRite-Black-Pail,4,20.0
315,2024-11-29,2024-12-02,HM25,Black,quart,PrepRite-Black-Quart,37,9.25
316,2024-11-29,2024-12-02,HM30,Black,quart,ProMar200-Black-Quart,135,33.75
317,2024-11-29,2024-12-03,HM36,White,quart,Duration-White-Quart,68,17.0
318,2024-11-29,2024-12-04,HM43,Red,quart,Emerald-Red-Quart,276,69.0
319,2024-11-29,2024-12-01,HM43,Red,quart,Emerald-Red-Quart,93,23.25
320,2024-11-29,2024-12-01,HM47,Red,quart,Duration-Red-Quart,106,26.5
321,2024-11-29,2024-12-01,HM47,Red,quart,Emerald-Red-Quart,111,27.75
322,2024-11-29,2024-11-30,HM50,Clear,gallon,SuperPaint-Clear-Gallon,69,69.0
323,2024-11-29,2024-12-02,HM56,White,gallon,SuperPaint-White-Gallon,45,45.0
324,2024-11-29,2024-12-03,HM56,White,gallon,Duration-White-Gallon,26,26.0
325,2024-11-30,2024-12-02,HM01,White,gallon,ProMar200-White-Gallon,18,18.0
326,2024-11-30,2024-12-02,HM01,White,quart,Duration-White-Quart,105,26.25
327,2024-11-30,2024-12-03,HM12,Blue/Green,quart,Emerald-Blue/Green-Quart,294,73.5
328,2024-11-30,2024-12-05,HM12,Blue/Green,pail_5gal,SuperPaint-Blue/Green-Pail,6,30.0
329,2024-11-30,2024-12-01,HM13,Blue/Green,quart,Emerald-Blue/Green-Quart,79,19.75
330,2024-11-30,2024-12-05,HM13,Blue/Green,gallon,SuperPaint-Blue/Green-Gallon,26,26.0
331,2024-11-30,2024-12-02,HM16,Red,gallon,Emerald-Red-Gallon,16,16.0
332,2024-11-30,2024-12-01,HM16,Red,gallon,Emerald-Red-Gallon,39,39.0
333,2024-11-30,2024-12-03,HM16,Red,gallon,Emerald-Red-Gallon,18,18.0
334,2024-11-30,2024-12-01,HM20,Black,quart,PrepRite-Black-Quart,167,41.75
335,2024-11-30,2024-12-03,HM20,Black,gallon,ProMar200-Black-Gallon,15,15.0
336,2024-11-30,2024-12-02,HM30,Black,gallon,ProMar200-Black-Gallon,9,9.0
337,2024-11-30,2024-12-02,HM36,White,quart,SuperPaint-White-Quart,177,44.25
338,2024-11-30,2024-12-03,HM43,Red,gallon,Emerald-Red-Gallon,19,19.0
339,2024-11-30,2024-12-03,HM47,Red,pail_5gal,Emerald-Red-Pail,4,20.0
340,2024-11-30,2024-12-04,HM56,White,pail_5gal,Duration-White-Pail,8,40.0
341,2024-12-01,2024-12-07,HM12,Blue/Green,quart,Emerald-Blue/Green-Quart,61,15.25
342,2024-12-01,2024-12-04,HM12,Blue/Green,quart,SuperPaint-Blue/Green-Quart,21,5.25
343,2024-12-01,2024-12-03,HM12,Blue/Green,quart,Emerald-Blue/Green-Quart,134,33.5
344,2024-12-01,2024-12-02,HM13,Blue/Green,gallon,Emerald-Blue/Green-Gallon,103,103.0
345,2024-12-01,2024-12-05,HM13,Blue/Green,gallon,Emerald-Blue/Green-Gallon,31,31.0
346,2024-12-01,2024-12-03,HM20,Black,pail_5gal,PrepRite-Black-Pail,6,30.0
347,2024-12-01,2024-12-02,HM30,Black,gallon,ProMar200-Black-Gallon,90,90.0
348,2024-12-01,2024-12-05,HM36,White,gallon,SuperPaint-White-Gallon,33,33.0
349,2024-12-01,2024-12-06,HM36,White,quart,Duration-White-Quart,104,26.0
350,2024-12-01,2024-12-04,HM43,Red,gallon,Duration-Red-Gallon,25,25.0
351,2024-12-01,2024-12-04,HM50,Clear,quart,SuperPaint-Clear-Quart,161,40.25
352,2024-12-01,2024-12-04,HM50,Clear,quart,ProMar200-Clear-Quart,220,55.0
353,2024-12-01,2024-12-04,HM50,Clear,gallon,ProMar200-Clear-Gallon,35,35.0
354,2024-12-01,2024-12-04,HM50,Clear,gallon,ProMar200-Clear-Gallon,53,53.0
355,2024-12-01,2024-12-08,HM50,Clear,quart,ProMar200-Clear-Quart,99,24.75
356,2024-12-01,2024-12-04,HM56,White,quart,SuperPaint-White-Quart,151,37.75
357,2024-12-01,2024-12-02,HM56,White,quart,SuperPaint-White-Quart,32,8.0
358,2024-12-02,2024-12-04,HM01,White,pail_5gal,SuperPaint-White-Pail,5,25.0
359,2024-12-02,2024-12-06,HM01,White,quart,ProMar200-White-Quart,51,12.75
360,2024-12-02,2024-12-08,HM01,White,gallon,ProMar200-White-Gallon,26,26.0
361,2024-12-02,2024-12-03,HM13,Blue/Green,gallon,SuperPaint-Blue/Green-Gallon,44,44.0
362,2024-12-02,2024-12-05,HM13,Blue/Green,quart,SuperPaint-Blue/Green-Quart,109,27.25
363,2024-12-02,2024-12-06,HM13,Blue/Green,quart,Emerald-Blue/Green-Quart,115,28.75
364,2024-12-02,2024-12-06,HM13,Blue/Green,pail_5gal,SuperPaint-Blue/Green-Pail,4,20.0
365,2024-12-02,2024-12-03,HM13,Blue/Green,pail_5gal,Emerald-Blue/Green-Pail,5,25.0
366,2024-12-02,2024-12-05,HM14,Blue/Green,gallon,Emerald-Blue/Green-Gallon,15,15.0
367,2024-12-02,2024-12-06,HM16,Red,pail_5gal,Duration-Red-Pail,8,40.0
368,2024-12-02,2024-12-04,HM16,Red,quart,Duration-Red-Quart,296,74.0
369,2024-12-02,2024-12-03,HM16,Red,quart,Duration-Red-Quart,87,21.75
370,2024-12-02,2024-12-04,HM20,Black,gallon,ProMar200-Black-Gallon,56,56.0
371,2024-12-02,2024-12-04,HM30,Black,pail_5gal,ProMar200-Black-Pail,4,20.0
372,2024-12-02,2024-12-05,HM43,Red,quart,Duration-Red-Quart,225,56.25
373,2024-12-02,2024-12-04,HM47,Red,gallon,Duration-Red-Gallon,56,56.0
374,2024-12-02,2024-12-03,HM50,Clear,quart,ProMar200-Clear-Quart,113,28.25
375,2024-12-02,2024-12-03,HM50,Clear,quart,ProMar200-Clear-Quart,126,31.5
376,2024-12-02,2024-12-05,HM50,Clear,gallon,SuperPaint-Clear-Gallon,36,36.0
377,2024-12-02,2024-12-07,HM56,White,quart,ProMar200-White-Quart,103,25.75
378,2024-12-02,2024-12-06,HM56,White,gallon,ProMar200-White-Gallon,70,70.0
379,2024-12-03,2024-12-04,HM01,White,pail_5gal,ProMar200-White-Pail,9,45.0
380,2024-12-03,2024-12-05,HM12,Blue/Green,quart,SuperPaint-Blue/Green-Quart,58,14.5
381,2024-12-03,2024-12-04,HM13,Blue/Green,pail_5gal,SuperPaint-Blue/Green-Pail,1,5.0
382,2024-12-03,2024-12-05,HM13,Blue/Green,quart,Emerald-Blue/Green-Quart,57,14.25
383,2024-12-03,2024-12-05,HM14,Blue/Green,quart,SuperPaint-Blue/Green-Quart,67,16.75
384,2024-12-03,2024-12-04,HM14,Blue/Green,quart,SuperPaint-Blue/Green-Quart,155,38.75
385,2024-12-03,2024-12-05,HM14,Blue/Green,pail_5gal,SuperPaint-Blue/Green-Pail,15,75.0
386,2024-12-03,2024-12-04,HM16,Red,quart,Duration-Red-Quart,81,20.25
387,2024-12-03,2024-12-06,HM20,Black,quart,ProMar200-Black-Quart,90,22.5
388,2024-12-03,2024-12-06,HM25,Black,gallon,ProMar200-Black-Gallon,22,22.0
389,2024-12-03,2024-12-06,HM30,Black,gallon,PrepRite-Black-Gallon,19,19.0
390,2024-12-03,2024-12-06,HM36,White,gallon,ProMar200-White-Gallon,145,145.0
391,2024-12-03,2024-12-04,HM36,White,quart,SuperPaint-White-Quart,78,19.5
392,2024-12-03,2024-12-05,HM43,Red,pail_5gal,Emerald-Red-Pail,4,20.0
393,2024-12-03,2024-12-07,HM43,Red,gallon,Duration-Red-Gallon,23,23.0
394,2024-12-03,2024-12-06,HM43,Red,quart,Emerald-Red-Quart,102,25.5
395,2024-12-03,2024-12-04,HM43,Red,gallon,Emerald-Red-Gallon,26,26.0
396,2024-12-03,2024-12-11,HM47,Red,quart,Duration-Red-Quart,170,42.5
397,2024-12-03,2024-12-05,HM50,Clear,pail_5gal,SuperPaint-Clear-Pail,9,45.0
398,2024-12-03,2024-12-07,HM50,Clear,quart,SuperPaint-Clear-Quart,56,14.0
399,2024-12-03,2024-12-05,HM50,Clear,quart,ProMar200-Clear-Quart,235,58.75
400,2024-12-03,2024-12-08,HM56,White,quart,SuperPaint-White-Quart,53,13.25
401,2024-12-03,2024-12-06,HM56,White,gallon,ProMar200-White-Gallon,55,55.0
402,2024-12-04,2024-12-07,HM01,White,gallon,ProMar200-White-Gallon,41,41.0
403,2024-12-04,2024-12-10,HM01,White,quart,SuperPaint-White-Quart,160,40.0
404,2024-12-04,2024-12-05,HM01,White,gallon,Duration-White-Gallon,54,54.0
405,2024-12-04,2024-12-05,HM12,Blue/Green,gallon,SuperPaint-Blue/Green-Gallon,28,28.0
406,2024-12-04,2024-12-06,HM12,Blue/Green,quart,Emerald-Blue/Green-Quart,281,70.25
407,2024-12-04,2024-12-09,HM13,Blue/Green,quart,SuperPaint-Blue/Green-Quart,211,52.75
408,2024-12-04,2024-12-07,HM13,Blue/Green,quart,Emerald-Blue/Green-Quart,74,18.5
409,2024-12-04,2024-12-08,HM13,Blue/Green,gallon,SuperPaint-Blue/Green-Gallon,80,80.0
410,2024-12-04,2024-12-05,HM13,Blue/Green,quart,Emerald-Blue/Green-Quart,181,45.25
411,2024-12-04,2024-12-09,HM14,Blue/Green,quart,Emerald-Blue/Green-Quart,118,29.5
412,2024-12-04,2024-12-06,HM14,Blue/Green,quart,SuperPaint-Blue/Green-Quart,100,25.0
413,2024-12-04,2024-12-05,HM14,Blue/Green,quart,SuperPaint-Blue/Green-Quart,41,10.25
414,2024-12-04,2024-12-05,HM14,Blue/Green,gallon,Emerald-Blue/Green-Gallon,15,15.0
415,2024-12-04,2024-12-10,HM14,Blue/Green,quart,Emerald-Blue/Green-Quart,60,15.0
416,2024-12-04,2024-12-05,HM14,Blue/Green,quart,SuperPaint-Blue/Green-Quart,75,18.75
417,2024-12-04,2024-12-07,HM16,Red,gallon,Emerald-Red-Gallon,28,28.0
418,2024-12-04,2024-12-07,HM20,Black,gallon,ProMar200-Black-Gallon,7,7.0
419,2024-12-04,2024-12-07,HM20,Black,gallon,ProMar200-Black-Gallon,26,26.0
420,2024-12-04,2024-12-07,HM25,Black,pail_5gal,ProMar200-Black-Pail,2,10.0
421,2024-12-04,2024-12-05,HM30,Black,quart,PrepRite-Black-Quart,46,11.5
422,2024-12-04,2024-12-05,HM30,Black,gallon,PrepRite-Black-Gallon,29,29.0
423,2024-12-04,2024-12-10,HM43,Red,gallon,Duration-Red-Gallon,37,37.0
424,2024-12-04,2024-12-05,HM43,Red,quart,Duration-Red-Quart,416,104.0
425,2024-12-04,2024-12-07,HM50,Clear,gallon,SuperPaint-Clear-Gallon,46,46.0
426,2024-12-04,2024-12-05,HM50,Clear,quart,SuperPaint-Clear-Quart,148,37.0
427,2024-12-05,2024-12-11,HM12,Blue/Green,quart,Emerald-Blue/Green-Quart,47,11.75
428,2024-12-05,2024-12-09,HM12,Blue/Green,quart,Emerald-Blue/Green-Quart,472,118.0
429,2024-12-05,2024-12-07,HM12,Blue/Green,gallon,Emerald-Blue/Green-Gallon,30,30.0
430,2024-12-05,2024-12-07,HM13,Blue/Green,quart,Emerald-Blue/Green-Quart,194,48.5
431,2024-12-05,2024-12-07,HM14,Blue/Green,quart,SuperPaint-Blue/Green-Quart,139,34.75
432,2024-12-05,2024-12-14,HM14,Blue/Green,quart,SuperPaint-Blue/Green-Quart,372,93.0
433,2024-12-05,2024-12-10,HM14,Blue/Green,gallon,SuperPaint-Blue/Green-Gallon,103,103.0
434,2024-12-05,2024-12-10,HM16,Red,gallon,Duration-Red-Gallon,12,12.0
435,2024-12-05,2024-12-06,HM16,Red,gallon,Emerald-Red-Gallon,29,29.0
436,2024-12-05,2024-12-06,HM20,Black,gallon,PrepRite-Black-Gallon,56,56.0
437,2024-12-05,2024-12-08,HM20,Black,quart,PrepRite-Black-Quart,75,18.75
438,2024-12-05,2024-12-08,HM25,Black,quart,PrepRite-Black-Quart,77,19.25
439,2024-12-05,2024-12-07,HM30,Black,pail_5gal,ProMar200-Black-Pail,7,35.0
440,2024-12-05,2024-12-08,HM30,Black,gallon,ProMar200-Black-Gallon,45,45.0
441,2024-12-05,2024-12-08,HM36,White,quart,SuperPaint-White-Quart,24,6.0
442,2024-12-05,2024-12-06,HM36,White,quart,SuperPaint-White-Quart,105,26.25
443,2024-12-05,2024-12-07,HM43,Red,gallon,Duration-Red-Gallon,40,40.0
444,2024-12-05,2024-12-07,HM43,Red,gallon,Duration-Red-Gallon,103,103.0
445,2024-12-05,2024-12-06,HM43,Red,gallon,Emerald-Red-Gallon,14,14.0
446,2024-12-05,2024-12-06,HM43,Red,pail_5gal,Emerald-Red-Pail,15,75.0
447,2024-12-05,2024-12-06,HM47,Red,gallon,Emerald-Red-Gallon,74,74.0
448,2024-12-05,2024-12-06,HM47,Red,gallon,Duration-Red-Gallon,11,11.0
449,2024-12-05,2024-12-06,HM56,White,quart,SuperPaint-White-Quart,39,9.75
450,2024-12-05,2024-12-11,HM56,White,quart,SuperPaint-White-Quart,77,19.25
451,2024-12-05,2024-12-07,HM56,White,quart,ProMar200-White-Quart,202,50.5
452,2024-12-06,2024-12-11,HM01,White,gallon,SuperPaint-White-Gallon,28,28.0
453,2024-12-06,2024-12-09,HM01,White,gallon,ProMar200-White-Gallon,12,12.0
454,2024-12-06,2024-12-07,HM12,Blue/Green,quart,SuperPaint-Blue/Green-Quart,46,11.5
455,2024-12-06,2024-12-15,HM13,Blue/Green,gallon,Emerald-Blue/Green-Gallon,24,24.0
456,2024-12-06,2024-12-10,HM14,Blue/Green,quart,SuperPaint-Blue/Green-Quart,78,19.5
457,2024-12-06,2024-12-09,HM14,Blue/Green,quart,SuperPaint-Blue/Green-Quart,125,31.25
458,2024-12-06,2024-12-07,HM14,Blue/Green,gallon,SuperPaint-Blue/Green-Gallon,33,33.0
459,2024-12-06,2024-12-08,HM16,Red,quart,Emerald-Red-Quart,107,26.75
460,2024-12-06,2024-12-09,HM16,Red,gallon,Duration-Red-Gallon,53,53.0
461,2024-12-06,2024-12-17,HM30,Black,pail_5gal,PrepRite-Black-Pail,7,35.0
462,2024-12-06,2024-12-09,HM36,White,gallon,Duration-White-Gallon,21,21.0
463,2024-12-06,2024-12-10,HM36,White,quart,SuperPaint-White-Quart,90,22.5
464,2024-12-06,2024-12-11,HM36,White,pail_5gal,SuperPaint-White-Pail,8,40.0
465,2024-12-06,2024-12-09,HM36,White,quart,Duration-White-Quart,111,27.75
466,2024-12-06,2024-12-09,HM43,Red,gallon,Emerald-Red-Gallon,59,59.0
467,2024-12-06,2024-12-08,HM47,Red,quart,Duration-Red-Quart,104,26.0
468,2024-12-06,2024-12-09,HM47,Red,pail_5gal,Emerald-Red-Pail,4,20.0
469,2024-12-06,2024-12-10,HM50,Clear,quart,ProMar200-Clear-Quart,143,35.75
470,2024-12-06,2024-12-14,HM50,Clear,gallon,SuperPaint-Clear-Gallon,28,28.0
471,2024-12-06,2024-12-09,HM50,Clear,pail_5gal,SuperPaint-Clear-Pail,15,75.0
472,2024-12-06,2024-12-07,HM50,Clear,quart,ProMar200-Clear-Quart,78,19.5
473,2024-12-06,2024-12-09,HM50,Clear,gallon,ProMar200-Clear-Gallon,43,43.0
474,2024-12-06,2024-12-08,HM50,Clear,pail_5gal,SuperPaint-Clear-Pail,1,5.0
475,2024-12-06,2024-12-09,HM56,White,pail_5gal,Duration-White-Pail,4,20.0
476,2024-12-06,2024-12-09,HM56,White,gallon,SuperPaint-White-Gallon,47,47.0
477,2024-12-07,2024-12-08,HM01,White,gallon,Duration-White-Gallon,37,37.0
478,2024-12-07,2024-12-08,HM14,Blue/Green,quart,SuperPaint-Blue/Green-Quart,109,27.25
479,2024-12-07,2024-12-11,HM16,Red,quart,Duration-Red-Quart,87,21.75
480,2024-12-07,2024-12-13,HM16,Red,gallon,Duration-Red-Gallon,5,5.0
481,2024-12-07,2024-12-11,HM20,Black,quart,ProMar200-Black-Quart,62,15.5
482,2024-12-07,2024-12-13,HM20,Black,pail_5gal,PrepRite-Black-Pail,5,25.0
483,2024-12-07,2024-12-12,HM25,Black,gallon,ProMar200-Black-Gallon,16,16.0
484,2024-12-07,2024-12-13,HM30,Black,quart,PrepRite-Black-Quart,105,26.25
485,2024-12-07,2024-12-12,HM43,Red,gallon,Emerald-Red-Gallon,31,31.0
486,2024-12-07,2024-12-08,HM43,Red,quart,Emerald-Red-Quart,87,21.75
487,2024-12-07,2024-12-11,HM43,Red,pail_5gal,Emerald-Red-Pail,9,45.0
488,2024-12-07,2024-12-09,HM43,Red,quart,Emerald-Red-Quart,244,61.0
489,2024-12-07,2024-12-08,HM47,Red,quart,Emerald-Red-Quart,38,9.5
490,2024-12-07,2024-12-08,HM47,Red,pail_5gal,Emerald-Red-Pail,5,25.0
491,2024-12-07,2024-12-08,HM50,Clear,quart,ProMar200-Clear-Quart,65,16.25
492,2024-12-07,2024-12-11,HM50,Clear,pail_5gal,SuperPaint-Clear-Pail,5,25.0
493,2024-12-07,2024-12-08,HM50,Clear,quart,ProMar200-Clear-Quart,42,10.5
494,2024-12-07,2024-12-19,HM50,Clear,gallon,ProMar200-Clear-Gallon,42,42.0
495,2024-12-07,2024-12-12,HM50,Clear,quart,ProMar200-Clear-Quart,74,18.5
496,2024-12-08,2024-12-10,HM01,White,quart,ProMar200-White-Quart,73,18.25
497,2024-12-08,2024-12-12,HM12,Blue/Green,quart,SuperPaint-Blue/Green-Quart,203,50.75
498,2024-12-08,2024-12-10,HM13,Blue/Green,quart,Emerald-Blue/Green-Quart,106,26.5
499,2024-12-08,2024-12-11,HM14,Blue/Green,gallon,SuperPaint-Blue/Green-Gallon,43,43.0
500,2024-12-08,2024-12-10,HM14,Blue/Green,quart,SuperPaint-Blue/Green-Quart,56,14.0
501,2024-12-08,2024-12-09,HM14,Blue/Green,gallon,SuperPaint-Blue/Green-Gallon,56,56.0
502,2024-12-08,2024-12-09,HM16,Red,gallon,Emerald-Red-Gallon,25,25.0
503,2024-12-08,2024-12-11,HM20,Black,gallon,ProMar200-Black-Gallon,73,73.0
504,2024-12-08,2024-12-09,HM20,Black,pail_5gal,ProMar200-Black-Pail,15,75.0
505,2024-12-08,2024-12-13,HM36,White,gallon,ProMar200-White-Gallon,33,33.0
506,2024-12-08,2024-12-10,HM50,Clear,pail_5gal,SuperPaint-Clear-Pail,4,20.0
507,2024-12-08,2024-12-09,HM50,Clear,quart,SuperPaint-Clear-Quart,224,56.0
508,2024-12-08,2024-12-11,HM56,White,quart,Duration-White-Quart,48,12.0
509,2024-12-08,2024-12-13,HM56,White,gallon,Duration-White-Gallon,15,15.0
510,2024-12-08,2024-12-10,HM56,White,gallon,Duration-White-Gallon,28,28.0
511,2024-12-09,2024-12-13,HM13,Blue/Green,quart,SuperPaint-Blue/Green-Quart,177,44.25
512,2024-12-09,2024-12-11,HM16,Red,quart,Duration-Red-Quart,51,12.75
513,2024-12-09,2024-12-15,HM16,Red,pail_5gal,Duration-Red-Pail,5,25.0
514,2024-12-09,2024-12-15,HM16,Red,gallon,Duration-Red-Gallon,31,31.0
515,2024-12-09,2024-12-12,HM20,Black,gallon,PrepRite-Black-Gallon,30,30.0
516,2024-12-09,2024-12-11,HM30,Black,gallon,PrepRite-Black-Gallon,60,60.0
517,2024-12-09,2024-12-13,HM30,Black,quart,ProMar200-Black-Quart,126,31.5
518,2024-12-09,2024-12-10,HM30,Black,pail_5gal,ProMar200-Black-Pail,18,90.0
519,2024-12-09,2024-12-13,HM50,Clear,quart,SuperPaint-Clear-Quart,78,19.5
520,2024-12-09,2024-12-10,HM56,White,gallon,Duration-White-Gallon,47,47.0
521,2024-12-09,2024-12-13,HM56,White,gallon,Duration-White-Gallon,15,15.0
522,2024-12-09,2024-12-11,HM56,White,gallon,ProMar200-White-Gallon,102,102.0
523,2024-12-09,2024-12-11,HM56,White,quart,Duration-White-Quart,45,11.25
524,2024-12-09,2024-12-11,HM56,White,gallon,SuperPaint-White-Gallon,42,42.0
525,2024-12-10,2024-12-12,HM01,White,gallon,ProMar200-White-Gallon,29,29.0
526,2024-12-10,2024-12-13,HM01,White,quart,Duration-White-Quart,85,21.25
527,2024-12-10,2024-12-13,HM01,White,pail_5gal,Duration-White-Pail,11,55.0
528,2024-12-10,2024-12-15,HM12,Blue/Green,quart,Emerald-Blue/Green-Quart,48,12.0
529,2024-12-10,2024-12-15,HM12,Blue/Green,quart,Emerald-Blue/Green-Quart,60,15.0
530,2024-12-10,2024-12-12,HM12,Blue/Green,quart,Emerald-Blue/Green-Quart,61,15.25
531,2024-12-10,2024-12-11,HM12,Blue/Green,quart,Emerald-Blue/Green-Quart,150,37.5
532,2024-12-10,2024-12-12,HM13,Blue/Green,gallon,Emerald-Blue/Green-Gallon,34,34.0
533,2024-12-10,2024-12-11,HM13,Blue/Green,quart,SuperPaint-Blue/Green-Quart,50,12.5
534,2024-12-10,2024-12-11,HM14,Blue/Green,gallon,SuperPaint-Blue/Green-Gallon,25,25.0
535,2024-12-10,2024-12-11,HM20,Black,gallon,PrepRite-Black-Gallon,42,42.0
536,2024-12-10,2024-12-14,HM20,Black,quart,PrepRite-Black-Quart,45,11.25
537,2024-12-10,2024-12-11,HM20,Black,gallon,PrepRite-Black-Gallon,91,91.0
538,2024-12-10,2024-12-11,HM25,Black,pail_5gal,PrepRite-Black-Pail,18,90.0
539,2024-12-10,2024-12-11,HM30,Black,gallon,PrepRite-Black-Gallon,34,34.0
540,2024-12-10,2024-12-11,HM36,White,gallon,Duration-White-Gallon,21,21.0
541,2024-12-10,2024-12-11,HM47,Red,gallon,Emerald-Red-Gallon,45,45.0
542,2024-12-10,2024-12-13,HM50,Clear,pail_5gal,SuperPaint-Clear-Pail,3,15.0
543,2024-12-10,2024-12-15,HM50,Clear,quart,SuperPaint-Clear-Quart,95,23.75
544,2024-12-10,2024-12-15,HM56,White,gallon,ProMar200-White-Gallon,54,54.0
545,2024-12-11,2024-12-22,HM01,White,quart,SuperPaint-White-Quart,153,38.25
546,2024-12-11,2024-12-12,HM01,White,quart,ProMar200-White-Quart,65,16.25
547,2024-12-11,2024-12-16,HM01,White,gallon,ProMar200-White-Gallon,37,37.0
548,2024-12-11,2024-12-16,HM12,Blue/Green,quart,Emerald-Blue/Green-Quart,77,19.25
549,2024-12-11,2024-12-12,HM13,Blue/Green,pail_5gal,Emerald-Blue/Green-Pail,4,20.0
550,2024-12-11,2024-12-12,HM14,Blue/Green,quart,Emerald-Blue/Green-Quart,121,30.25
551,2024-12-11,2024-12-13,HM14,Blue/Green,quart,SuperPaint-Blue/Green-Quart,48,12.0
552,2024-12-11,2024-12-12,HM14,Blue/Green,quart,SuperPaint-Blue/Green-Quart,109,27.25
553,2024-12-11,2024-12-13,HM14,Blue/Green,gallon,SuperPaint-Blue/Green-Gallon,28,28.0
554,2024-12-11,2024-12-13,HM16,Red,gallon,Duration-Red-Gallon,49,49.0
555,2024-12-11,2024-12-13,HM20,Black,pail_5gal,PrepRite-Black-Pail,13,65.0
556,2024-12-11,2024-12-12,HM20,Black,gallon,ProMar200-Black-Gallon,33,33.0
557,2024-12-11,2024-12-17,HM20,Black,gallon,PrepRite-Black-Gallon,14,14.0
558,2024-12-11,2024-12-13,HM20,Black,gallon,ProMar200-Black-Gallon,15,15.0
559,2024-12-11,2024-12-13,HM25,Black,gallon,PrepRite-Black-Gallon,35,35.0
560,2024-12-11,2024-12-15,HM30,Black,gallon,ProMar200-Black-Gallon,39,39.0
561,2024-12-11,2024-12-15,HM36,White,quart,SuperPaint-White-Quart,158,39.5
562,2024-12-11,2024-12-13,HM43,Red,gallon,Duration-Red-Gallon,28,28.0
563,2024-12-11,2024-12-13,HM43,Red,quart,Emerald-Red-Quart,76,19.0
564,2024-12-11,2024-12-14,HM47,Red,gallon,Duration-Red-Gallon,47,47.0
565,2024-12-11,2024-12-14,HM47,Red,quart,Emerald-Red-Quart,146,36.5
566,2024-12-11,2024-12-13,HM50,Clear,gallon,ProMar200-Clear-Gallon,30,30.0
567,2024-12-11,2024-12-14,HM56,White,quart,Duration-White-Quart,95,23.75
568,2024-12-11,2024-12-13,HM56,White,gallon,ProMar200-White-Gallon,42,42.0
569,2024-12-12,2024-12-14,HM01,White,quart,Duration-White-Quart,215,53.75
570,2024-12-12,2024-12-16,HM12,Blue/Green,pail_5gal,SuperPaint-Blue/Green-Pail,12,60.0
571,2024-12-12,2024-12-22,HM12,Blue/Green,quart,Emerald-Blue/Green-Quart,241,60.25
572,2024-12-12,2024-12-14,HM13,Blue/Green,quart,SuperPaint-Blue/Green-Quart,96,24.0
573,2024-12-12,2024-12-13,HM14,Blue/Green,quart,Emerald-Blue/Green-Quart,117,29.25
574,2024-12-12,2024-12-13,HM16,Red,pail_5gal,Emerald-Red-Pail,7,35.0
575,2024-12-12,2024-12-13,HM16,Red,gallon,Duration-Red-Gallon,82,82.0
576,2024-12-12,2024-12-13,HM16,Red,pail_5gal,Emerald-Red-Pail,7,35.0
577,2024-12-12,2024-12-16,HM20,Black,gallon,PrepRite-Black-Gallon,17,17.0
578,2024-12-12,2024-12-13,HM20,Black,quart,ProMar200-Black-Quart,89,22.25
579,2024-12-12,2024-12-18,HM20,Black,pail_5gal,PrepRite-Black-Pail,6,30.0
580,2024-12-12,2024-12-15,HM20,Black,pail_5gal,PrepRite-Black-Pail,4,20.0
581,2024-12-12,2024-12-15,HM20,Black,gallon,ProMar200-Black-Gallon,49,49.0
582,2024-12-12,2024-12-13,HM25,Black,pail_5gal,PrepRite-Black-Pail,4,20.0
583,2024-12-12,2024-12-14,HM30,Black,pail_5gal,ProMar200-Black-Pail,6,30.0
584,2024-12-12,2024-12-15,HM30,Black,gallon,ProMar200-Black-Gallon,24,24.0
585,2024-12-12,2024-12-13,HM36,White,pail_5gal,SuperPaint-White-Pail,11,55.0
586,2024-12-12,2024-12-17,HM36,White,gallon,SuperPaint-White-Gallon,16,16.0
587,2024-12-12,2024-12-18,HM43,Red,gallon,Emerald-Red-Gallon,33,33.0
588,2024-12-12,2024-12-15,HM47,Red,gallon,Duration-Red-Gallon,25,25.0
589,2024-12-12,2024-12-13,HM50,Clear,quart,ProMar200-Clear-Quart,75,18.75
590,2024-12-12,2024-12-15,HM50,Clear,gallon,ProMar200-Clear-Gallon,46,46.0
591,2024-12-13,2024-12-18,HM12,Blue/Green,quart,SuperPaint-Blue/Green-Quart,500,125.0
592,2024-12-13,2024-12-14,HM12,Blue/Green,gallon,Emerald-Blue/Green-Gallon,39,39.0
593,2024-12-13,2024-12-14,HM13,Blue/Green,quart,SuperPaint-Blue/Green-Quart,55,13.75
594,2024-12-13,2024-12-14,HM13,Blue/Green,gallon,SuperPaint-Blue/Green-Gallon,45,45.0
595,2024-12-13,2024-12-19,HM14,Blue/Green,gallon,SuperPaint-Blue/Green-Gallon,17,17.0
596,2024-12-13,2024-12-19,HM14,Blue/Green,quart,SuperPaint-Blue/Green-Quart,61,15.25
597,2024-12-13,2024-12-14,HM14,Blue/Green,quart,Emerald-Blue/Green-Quart,111,27.75
598,2024-12-13,2024-12-17,HM14,Blue/Green,quart,Emerald-Blue/Green-Quart,270,67.5
599,2024-12-13,2024-12-19,HM16,Red,pail_5gal,Emerald-Red-Pail,5,25.0
600,2024-12-13,2024-12-15,HM16,Red,gallon,Emerald-Red-Gallon,73,73.0
601,2024-12-13,2024-12-14,HM16,Red,gallon,Emerald-Red-Gallon,42,42.0
602,2024-12-13,2024-12-15,HM16,Red,gallon,Emerald-Red-Gallon,78,78.0
603,2024-12-13,2024-12-18,HM16,Red,pail_5gal,Duration-Red-Pail,2,10.0
604,2024-12-13,2024-12-16,HM20,Black,gallon,PrepRite-Black-Gallon,48,48.0
605,2024-12-13,2024-12-14,HM20,Black,gallon,PrepRite-Black-Gallon,18,18.0
606,2024-12-13,2024-12-14,HM20,Black,gallon,PrepRite-Black-Gallon,150,150.0
607,2024-12-13,2024-12-16,HM20,Black,gallon,PrepRite-Black-Gallon,17,17.0
608,2024-12-13,2024-12-15,HM25,Black,pail_5gal,ProMar200-Black-Pail,3,15.0
609,2024-12-13,2024-12-14,HM25,Black,gallon,ProMar200-Black-Gallon,13,13.0
610,2024-12-13,2024-12-18,HM25,Black,quart,PrepRite-Black-Quart,121,30.25
611,2024-12-13,2024-12-16,HM30,Black,quart,ProMar200-Black-Quart,112,28.0
612,2024-12-13,2024-12-16,HM30,Black,gallon,PrepRite-Black-Gallon,20,20.0
613,2024-12-13,2024-12-15,HM30,Black,quart,ProMar200-Black-Quart,128,32.0
614,2024-12-13,2024-12-14,HM30,Black,quart,PrepRite-Black-Quart,97,24.25
615,2024-12-13,2024-12-16,HM36,White,quart,ProMar200-White-Quart,72,18.0
616,2024-12-13,2024-12-14,HM36,White,quart,ProMar200-White-Quart,56,14.0
617,2024-12-13,2024-12-15,HM43,Red,gallon,Emerald-Red-Gallon,33,33.0
618,2024-12-13,2024-12-18,HM47,Red,gallon,Emerald-Red-Gallon,73,73.0
619,2024-12-13,2024-12-15,HM47,Red,gallon,Emerald-Red-Gallon,47,47.0
620,2024-12-13,2024-12-14,HM47,Red,gallon,Emerald-Red-Gallon,28,28.0
621,2024-12-13,2024-12-16,HM50,Clear,gallon,ProMar200-Clear-Gallon,60,60.0
622,2024-12-13,2024-12-15,HM50,Clear,pail_5gal,ProMar200-Clear-Pail,7,35.0
623,2024-12-13,2024-12-15,HM56,White,gallon,SuperPaint-White-Gallon,86,86.0
624,2024-12-14,2024-12-17,HM01,White,quart,SuperPaint-White-Quart,104,26.0
625,2024-12-14,2024-12-18,HM01,White,quart,ProMar200-White-Quart,164,41.0
626,2024-12-14,2024-12-17,HM13,Blue/Green,gallon,Emerald-Blue/Green-Gallon,37,37.0
627,2024-12-14,2024-12-15,HM13,Blue/Green,quart,SuperPaint-Blue/Green-Quart,32,8.0
628,2024-12-14,2024-12-18,HM16,Red,gallon,Emerald-Red-Gallon,108,108.0
629,2024-12-14,2024-12-15,HM20,Black,gallon,PrepRite-Black-Gallon,22,22.0
630,2024-12-14,2024-12-15,HM30,Black,gallon,PrepRite-Black-Gallon,47,47.0
631,2024-12-14,2024-12-15,HM36,White,pail_5gal,SuperPaint-White-Pail,4,20.0
632,2024-12-14,2024-12-16,HM43,Red,pail_5gal,Duration-Red-Pail,3,15.0
633,2024-12-14,2024-12-24,HM50,Clear,quart,ProMar200-Clear-Quart,52,13.0
634,2024-12-15,2024-12-21,HM01,White,pail_5gal,Duration-White-Pail,8,40.0
635,2024-12-15,2024-12-17,HM12,Blue/Green,pail_5gal,SuperPaint-Blue/Green-Pail,8,40.0
636,2024-12-15,2024-12-18,HM12,Blue/Green,gallon,Emerald-Blue/Green-Gallon,16,16.0
637,2024-12-15,2024-12-20,HM13,Blue/Green,quart,SuperPaint-Blue/Green-Quart,94,23.5
638,2024-12-15,2024-12-16,HM13,Blue/Green,quart,Emerald-Blue/Green-Quart,78,19.5
639,2024-12-15,2024-12-20,HM13,Blue/Green,pail_5gal,Emerald-Blue/Green-Pail,5,25.0
640,2024-12-15,2024-12-17,HM14,Blue/Green,gallon,Emerald-Blue/Green-Gallon,63,63.0
641,2024-12-15,2024-12-19,HM14,Blue/Green,quart,SuperPaint-Blue/Green-Quart,190,47.5
642,2024-12-15,2024-12-18,HM16,Red,quart,Duration-Red-Quart,118,29.5
643,2024-12-15,2024-12-17,HM16,Red,gallon,Duration-Red-Gallon,51,51.0
644,2024-12-15,2024-12-17,HM16,Red,quart,Emerald-Red-Quart,288,72.0
645,2024-12-15,2024-12-16,HM16,Red,gallon,Emerald-Red-Gallon,30,30.0
646,2024-12-15,2024-12-20,HM16,Red,gallon,Duration-Red-Gallon,21,21.0
647,2024-12-15,2024-12-16,HM20,Black,gallon,PrepRite-Black-Gallon,23,23.0
648,2024-12-15,2024-12-18,HM30,Black,gallon,PrepRite-Black-Gallon,20,20.0
649,2024-12-15,2024-12-17,HM30,Black,gallon,PrepRite-Black-Gallon,29,29.0
650,2024-12-15,2024-12-16,HM30,Black,gallon,PrepRite-Black-Gallon,10,10.0
651,2024-12-15,2024-12-17,HM36,White,quart,Duration-White-Quart,51,12.75
652,2024-12-15,2024-12-16,HM43,Red,quart,Duration-Red-Quart,176,44.0
653,2024-12-15,2024-12-18,HM47,Red,gallon,Emerald-Red-Gallon,21,21.0
654,2024-12-15,2024-12-16,HM47,Red,quart,Emerald-Red-Quart,67,16.75
655,2024-12-15,2024-12-16,HM56,White,quart,SuperPaint-White-Quart,56,14.0
656,2024-12-15,2024-12-17,HM56,White,quart,SuperPaint-White-Quart,66,16.5
657,2024-12-16,2024-12-20,HM01,White,pail_5gal,Duration-White-Pail,4,20.0
658,2024-12-16,2024-12-17,HM01,White,gallon,ProMar200-White-Gallon,18,18.0
659,2024-12-16,2024-12-18,HM01,White,gallon,Duration-White-Gallon,50,50.0
660,2024-12-16,2024-12-18,HM12,Blue/Green,quart,Emerald-Blue/Green-Quart,44,11.0
661,2024-12-16,2024-12-30,HM12,Blue/Green,quart,SuperPaint-Blue/Green-Quart,87,21.75
662,2024-12-16,2024-12-17,HM14,Blue/Green,pail_5gal,SuperPaint-Blue/Green-Pail,4,20.0
663,2024-12-16,2024-12-18,HM14,Blue/Green,quart,SuperPaint-Blue/Green-Quart,310,77.5
664,2024-12-16,2024-12-19,HM16,Red,gallon,Duration-Red-Gallon,12,12.0
665,2024-12-16,2024-12-23,HM20,Black,gallon,ProMar200-Black-Gallon,20,20.0
666,2024-12-16,2024-12-18,HM25,Black,quart,ProMar200-Black-Quart,187,46.75
667,2024-12-16,2024-12-23,HM36,White,quart,ProMar200-White-Quart,203,50.75
668,2024-12-16,2024-12-17,HM36,White,gallon,ProMar200-White-Gallon,14,14.0
669,2024-12-16,2024-12-17,HM36,White,quart,SuperPaint-White-Quart,94,23.5
670,2024-12-16,2024-12-18,HM47,Red,pail_5gal,Emerald-Red-Pail,10,50.0
671,2024-12-16,2024-12-18,HM47,Red,quart,Emerald-Red-Quart,98,24.5
672,2024-12-16,2024-12-19,HM47,Red,quart,Duration-Red-Quart,83,20.75
673,2024-12-17,2024-12-22,HM01,White,quart,ProMar200-White-Quart,107,26.75
674,2024-12-17,2024-12-19,HM12,Blue/Green,gallon,Emerald-Blue/Green-Gallon,16,16.0
675,2024-12-17,2024-12-19,HM14,Blue/Green,quart,SuperPaint-Blue/Green-Quart,216,54.0
676,2024-12-17,2024-12-18,HM16,Red,pail_5gal,Emerald-Red-Pail,10,50.0
677,2024-12-17,2024-12-20,HM20,Black,pail_5gal,ProMar200-Black-Pail,14,70.0
678,2024-12-17,2024-12-24,HM20,Black,quart,ProMar200-Black-Quart,92,23.0
679,2024-12-17,2024-12-20,HM30,Black,quart,ProMar200-Black-Quart,86,21.5
680,2024-12-17,2024-12-20,HM30,Black,pail_5gal,ProMar200-Black-Pail,11,55.0
681,2024-12-17,2024-12-23,HM36,White,quart,SuperPaint-White-Quart,62,15.5
682,2024-12-17,2024-12-18,HM36,White,pail_5gal,ProMar200-White-Pail,2,10.0
683,2024-12-17,2024-12-18,HM43,Red,gallon,Emerald-Red-Gallon,130,130.0
684,2024-12-17,2024-12-18,HM43,Red,quart,Duration-Red-Quart,94,23.5
685,2024-12-17,2024-12-24,HM43,Red,quart,Duration-Red-Quart,174,43.5
686,2024-12-17,2024-12-19,HM56,White,quart,ProMar200-White-Quart,50,12.5
687,2024-12-17,2024-12-20,HM56,White,quart,Duration-White-Quart,30,7.5
688,2024-12-17,2024-12-22,HM56,White,quart,Duration-White-Quart,106,26.5
689,2024-12-17,2024-12-19,HM56,White,quart,ProMar200-White-Quart,236,59.0
690,2024-12-17,2024-12-19,HM56,White,quart,SuperPaint-White-Quart,47,11.75
691,2024-12-18,2024-12-19,HM12,Blue/Green,gallon,SuperPaint-Blue/Green-Gallon,16,16.0
692,2024-12-18,2024-12-20,HM12,Blue/Green,quart,Emerald-Blue/Green-Quart,57,14.25
693,2024-12-18,2024-12-20,HM12,Blue/Green,gallon,Emerald-Blue/Green-Gallon,31,31.0
694,2024-12-18,2024-12-22,HM12,Blue/Green,quart,SuperPaint-Blue/Green-Quart,95,23.75
695,2024-12-18,2024-12-21,HM12,Blue/Green,gallon,SuperPaint-Blue/Green-Gallon,17,17.0
696,2024-12-18,2024-12-23,HM13,Blue/Green,gallon,SuperPaint-Blue/Green-Gallon,29,29.0
697,2024-12-18,2024-12-20,HM13,Blue/Green,gallon,Emerald-Blue/Green-Gallon,31,31.0
698,2024-12-18,2024-12-20,HM16,Red,quart,Emerald-Red-Quart,36,9.0
699,2024-12-18,2024-12-19,HM16,Red,gallon,Duration-Red-Gallon,14,14.0
700,2024-12-18,2024-12-21,HM16,Red,gallon,Emerald-Red-Gallon,28,28.0
701,2024-12-18,2024-12-22,HM30,Black,pail_5gal,PrepRite-Black-Pail,8,40.0
702,2024-12-18,2024-12-19,HM50,Clear,gallon,SuperPaint-Clear-Gallon,76,76.0
703,2024-12-18,2024-12-19,HM50,Clear,quart,SuperPaint-Clear-Quart,48,12.0
704,2024-12-18,2024-12-19,HM56,White,gallon,SuperPaint-White-Gallon,88,88.0
705,2024-12-18,2024-12-19,HM56,White,quart,Duration-White-Quart,180,45.0
706,2024-12-19,2024-12-20,HM01,White,gallon,ProMar200-White-Gallon,21,21.0
707,2024-12-19,2024-12-27,HM12,Blue/Green,gallon,SuperPaint-Blue/Green-Gallon,32,32.0
708,2024-12-19,2024-12-24,HM12,Blue/Green,pail_5gal,SuperPaint-Blue/Green-Pail,14,70.0
709,2024-12-19,2024-12-20,HM13,Blue/Green,quart,Emerald-Blue/Green-Quart,209,52.25
710,2024-12-19,2024-12-23,HM16,Red,quart,Duration-Red-Quart,118,29.5
711,2024-12-19,2024-12-20,HM20,Black,gallon,PrepRite-Black-Gallon,8,8.0
712,2024-12-19,2024-12-24,HM25,Black,gallon,PrepRite-Black-Gallon,33,33.0
713,2024-12-19,2024-12-20,HM36,White,quart,SuperPaint-White-Quart,139,34.75
714,2024-12-19,2024-12-21,HM36,White,quart,SuperPaint-White-Quart,153,38.25
715,2024-12-19,2024-12-21,HM36,White,pail_5gal,ProMar200-White-Pail,9,45.0
716,2024-12-19,2024-12-21,HM47,Red,quart,Duration-Red-Quart,74,18.5
717,2024-12-19,2024-12-21,HM47,Red,gallon,Duration-Red-Gallon,16,16.0
718,2024-12-19,2024-12-21,HM47,Red,pail_5gal,Duration-Red-Pail,6,30.0
719,2024-12-19,2024-12-20,HM47,Red,quart,Duration-Red-Quart,97,24.25
720,2024-12-19,2024-12-23,HM47,Red,gallon,Duration-Red-Gallon,22,22.0
721,2024-12-19,2024-12-23,HM50,Clear,gallon,ProMar200-Clear-Gallon,36,36.0
722,2024-12-19,2024-12-22,HM50,Clear,quart,ProMar200-Clear-Quart,63,15.75
723,2024-12-19,2024-12-23,HM56,White,gallon,ProMar200-White-Gallon,74,74.0
724,2024-12-19,2024-12-23,HM56,White,gallon,Duration-White-Gallon,36,36.0
725,2024-12-20,2024-12-27,HM01,White,gallon,SuperPaint-White-Gallon,40,40.0
726,2024-12-20,2024-12-22,HM12,Blue/Green,gallon,SuperPaint-Blue/Green-Gallon,59,59.0
727,2024-12-20,2024-12-22,HM12,Blue/Green,quart,Emerald-Blue/Green-Quart,94,23.5
728,2024-12-20,2024-12-21,HM13,Blue/Green,quart,Emerald-Blue/Green-Quart,222,55.5
729,2024-12-20,2024-12-22,HM13,Blue/Green,quart,SuperPaint-Blue/Green-Quart,131,32.75
730,2024-12-20,2024-12-23,HM13,Blue/Green,quart,Emerald-Blue/Green-Quart,159,39.75
731,2024-12-20,2024-12-23,HM14,Blue/Green,gallon,Emerald-Blue/Green-Gallon,140,140.0
732,2024-12-20,2024-12-24,HM14,Blue/Green,quart,SuperPaint-Blue/Green-Quart,97,24.25
733,2024-12-20,2024-12-22,HM16,Red,gallon,Emerald-Red-Gallon,14,14.0
734,2024-12-20,2024-12-23,HM20,Black,gallon,PrepRite-Black-Gallon,36,36.0
735,2024-12-20,2024-12-21,HM25,Black,gallon,PrepRite-Black-Gallon,29,29.0
736,2024-12-20,2024-12-28,HM25,Black,gallon,PrepRite-Black-Gallon,18,18.0
737,2024-12-20,2024-12-22,HM30,Black,pail_5gal,PrepRite-Black-Pail,12,60.0
738,2024-12-20,2024-12-22,HM30,Black,gallon,PrepRite-Black-Gallon,63,63.0
739,2024-12-20,2024-12-25,HM36,White,quart,ProMar200-White-Quart,64,16.0
740,2024-12-20,2024-12-23,HM36,White,quart,Duration-White-Quart,147,36.75
741,2024-12-20,2024-12-23,HM36,White,pail_5gal,SuperPaint-White-Pail,7,35.0
742,2024-12-20,2024-12-21,HM36,White,gallon,Duration-White-Gallon,41,41.0
743,2024-12-20,2024-12-26,HM36,White,quart,ProMar200-White-Quart,167,41.75
744,2024-12-20,2024-12-23,HM43,Red,gallon,Emerald-Red-Gallon,30,30.0
745,2024-12-20,2024-12-25,HM47,Red,gallon,Duration-Red-Gallon,20,20.0
746,2024-12-20,2024-12-23,HM50,Clear,gallon,ProMar200-Clear-Gallon,62,62.0
747,2024-12-20,2024-12-21,HM56,White,quart,ProMar200-White-Quart,197,49.25
748,2024-12-21,2024-12-24,HM01,White,gallon,SuperPaint-White-Gallon,90,90.0
749,2024-12-21,2024-12-22,HM01,White,gallon,SuperPaint-White-Gallon,33,33.0
750,2024-12-21,2024-12-26,HM01,White,quart,ProMar200-White-Quart,75,18.75
751,2024-12-21,2024-12-22,HM12,Blue/Green,quart,Emerald-Blue/Green-Quart,56,14.0
752,2024-12-21,2024-12-26,HM12,Blue/Green,gallon,Emerald-Blue/Green-Gallon,43,43.0
753,2024-12-21,2024-12-27,HM14,Blue/Green,quart,SuperPaint-Blue/Green-Quart,150,37.5
754,2024-12-21,2024-12-27,HM14,Blue/Green,quart,Emerald-Blue/Green-Quart,151,37.75
755,2024-12-21,2024-12-23,HM16,Red,gallon,Emerald-Red-Gallon,27,27.0
756,2024-12-21,2024-12-26,HM25,Black,gallon,PrepRite-Black-Gallon,35,35.0
757,2024-12-21,2024-12-29,HM25,Black,pail_5gal,ProMar200-Black-Pail,7,35.0
758,2024-12-21,2024-12-24,HM30,Black,quart,PrepRite-Black-Quart,99,24.75
759,2024-12-21,2024-12-23,HM36,White,gallon,ProMar200-White-Gallon,16,16.0
760,2024-12-21,2024-12-23,HM36,White,quart,Duration-White-Quart,46,11.5
761,2024-12-21,2024-12-24,HM50,Clear,gallon,ProMar200-Clear-Gallon,67,67.0
762,2024-12-21,2024-12-27,HM56,White,gallon,SuperPaint-White-Gallon,38,38.0
763,2024-12-22,2024-12-26,HM12,Blue/Green,gallon,Emerald-Blue/Green-Gallon,30,30.0
764,2024-12-22,2024-12-24,HM13,Blue/Green,quart,Emerald-Blue/Green-Quart,123,30.75
765,2024-12-22,2024-12-27,HM14,Blue/Green,gallon,Emerald-Blue/Green-Gallon,39,39.0
766,2024-12-22,2024-12-23,HM14,Blue/Green,gallon,Emerald-Blue/Green-Gallon,55,55.0
767,2024-12-22,2024-12-24,HM20,Black,quart,PrepRite-Black-Quart,171,42.75
768,2024-12-22,2024-12-24,HM25,Black,gallon,ProMar200-Black-Gallon,44,44.0
769,2024-12-22,2024-12-26,HM43,Red,quart,Duration-Red-Quart,168,42.0
770,2024-12-22,2024-12-26,HM50,Clear,pail_5gal,SuperPaint-Clear-Pail,2,10.0
771,2024-12-22,2024-12-25,HM50,Clear,quart,ProMar200-Clear-Quart,37,9.25
772,2024-12-22,2024-12-24,HM56,White,pail_5gal,SuperPaint-White-Pail,9,45.0
773,2024-12-23,2024-12-27,HM01,White,gallon,ProMar200-White-Gallon,23,23.0
774,2024-12-23,2024-12-27,HM01,White,quart,Duration-White-Quart,263,65.75
775,2024-12-23,2024-12-25,HM12,Blue/Green,gallon,SuperPaint-Blue/Green-Gallon,24,24.0
776,2024-12-23,2024-12-26,HM13,Blue/Green,gallon,Emerald-Blue/Green-Gallon,23,23.0
777,2024-12-23,2024-12-27,HM13,Blue/Green,quart,SuperPaint-Blue/Green-Quart,130,32.5
778,2024-12-23,2024-12-28,HM13,Blue/Green,quart,Emerald-Blue/Green-Quart,98,24.5
779,2024-12-23,2024-12-30,HM13,Blue/Green,pail_5gal,SuperPaint-Blue/Green-Pail,4,20.0
780,2024-12-23,2024-12-26,HM13,Blue/Green,quart,Emerald-Blue/Green-Quart,119,29.75
781,2024-12-23,2024-12-28,HM14,Blue/Green,quart,Emerald-Blue/Green-Quart,103,25.75
782,2024-12-23,2024-12-25,HM14,Blue/Green,gallon,Emerald-Blue/Green-Gallon,20,20.0
783,2024-12-23,2024-12-24,HM20,Black,gallon,PrepRite-Black-Gallon,31,31.0
784,2024-12-23,2024-12-29,HM20,Black,gallon,PrepRite-Black-Gallon,63,63.0
785,2024-12-23,2024-12-24,HM25,Black,quart,ProMar200-Black-Quart,67,16.75
786,2024-12-23,2024-12-25,HM25,Black,pail_5gal,ProMar200-Black-Pail,7,35.0
787,2024-12-23,2024-12-27,HM25,Black,pail_5gal,PrepRite-Black-Pail,7,35.0
788,2024-12-23,2024-12-25,HM30,Black,gallon,ProMar200-Black-Gallon,42,42.0
789,2024-12-23,2024-12-28,HM30,Black,quart,PrepRite-Black-Quart,76,19.0
790,2024-12-23,2024-12-24,HM30,Black,gallon,ProMar200-Black-Gallon,11,11.0
791,2024-12-23,2024-12-26,HM36,White,quart,SuperPaint-White-Quart,29,7.25
792,2024-12-23,2024-12-24,HM43,Red,gallon,Emerald-Red-Gallon,16,16.0
793,2024-12-23,2024-12-27,HM47,Red,gallon,Emerald-Red-Gallon,48,48.0
794,2024-12-23,2024-12-27,HM47,Red,quart,Duration-Red-Quart,289,72.25
795,2024-12-23,2024-12-27,HM50,Clear,pail_5gal,ProMar200-Clear-Pail,7,35.0
796,2024-12-23,2024-12-26,HM50,Clear,quart,ProMar200-Clear-Quart,93,23.25
797,2024-12-24,2024-12-25,HM01,White,quart,SuperPaint-White-Quart,166,41.5
798,2024-12-24,2024-12-26,HM01,White,pail_5gal,ProMar200-White-Pail,15,75.0
799,2024-12-24,2024-12-26,HM12,Blue/Green,gallon,SuperPaint-Blue/Green-Gallon,150,150.0
800,2024-12-24,2024-12-25,HM13,Blue/Green,gallon,SuperPaint-Blue/Green-Gallon,60,60.0
801,2024-12-24,2024-12-27,HM13,Blue/Green,quart,SuperPaint-Blue/Green-Quart,81,20.25
802,2024-12-24,2024-12-25,HM13,Blue/Green,pail_5gal,Emerald-Blue/Green-Pail,8,40.0
803,2024-12-24,2024-12-28,HM14,Blue/Green,pail_5gal,SuperPaint-Blue/Green-Pail,4,20.0
804,2024-12-24,2024-12-27,HM14,Blue/Green,quart,SuperPaint-Blue/Green-Quart,169,42.25
805,2024-12-24,2024-12-25,HM14,Blue/Green,quart,Emerald-Blue/Green-Quart,136,34.0
806,2024-12-24,2024-12-25,HM20,Black,gallon,PrepRite-Black-Gallon,16,16.0
807,2024-12-24,2024-12-26,HM20,Black,quart,PrepRite-Black-Quart,156,39.0
808,2024-12-24,2024-12-26,HM20,Black,quart,ProMar200-Black-Quart,48,12.0
809,2024-12-24,2024-12-29,HM25,Black,gallon,PrepRite-Black-Gallon,21,21.0
810,2024-12-24,2024-12-28,HM30,Black,pail_5gal,PrepRite-Black-Pail,2,10.0
811,2024-12-24,2024-12-27,HM30,Black,quart,PrepRite-Black-Quart,48,12.0
812,2024-12-24,2024-12-25,HM36,White,quart,ProMar200-White-Quart,82,20.5
813,2024-12-24,2024-12-27,HM36,White,gallon,Duration-White-Gallon,52,52.0
814,2024-12-24,2024-12-26,HM36,White,quart,Duration-White-Quart,41,10.25
815,2024-12-24,2024-12-25,HM43,Red,gallon,Emerald-Red-Gallon,27,27.0
816,2024-12-24,2024-12-29,HM47,Red,pail_5gal,Emerald-Red-Pail,7,35.0
817,2024-12-24,2024-12-26,HM47,Red,quart,Duration-Red-Quart,185,46.25
818,2024-12-24,2024-12-27,HM47,Red,pail_5gal,Emerald-Red-Pail,7,35.0
819,2024-12-24,2024-12-27,HM50,Clear,gallon,ProMar200-Clear-Gallon,51,51.0
820,2024-12-24,2024-12-29,HM50,Clear,gallon,ProMar200-Clear-Gallon,25,25.0
821,2024-12-24,2024-12-27,HM56,White,quart,ProMar200-White-Quart,138,34.5
822,2024-12-24,2024-12-26,HM56,White,quart,ProMar200-White-Quart,65,16.25
823,2024-12-24,2024-12-25,HM56,White,quart,SuperPaint-White-Quart,47,11.75
824,2024-12-25,2024-12-28,HM01,White,gallon,SuperPaint-White-Gallon,104,104.0
825,2024-12-25,2024-12-27,HM12,Blue/Green,pail_5gal,SuperPaint-Blue/Green-Pail,9,45.0
826,2024-12-25,2025-01-01,HM12,Blue/Green,quart,Emerald-Blue/Green-Quart,94,23.5
827,2024-12-25,2025-01-01,HM13,Blue/Green,gallon,Emerald-Blue/Green-Gallon,37,37.0
828,2024-12-25,2024-12-27,HM14,Blue/Green,quart,Emerald-Blue/Green-Quart,122,30.5
829,2024-12-25,2024-12-26,HM14,Blue/Green,gallon,SuperPaint-Blue/Green-Gallon,32,32.0
830,2024-12-25,2024-12-28,HM14,Blue/Green,quart,SuperPaint-Blue/Green-Quart,246,61.5
831,2024-12-25,2024-12-26,HM14,Blue/Green,quart,SuperPaint-Blue/Green-Quart,161,40.25
832,2024-12-25,2024-12-26,HM20,Black,gallon,PrepRite-Black-Gallon,21,21.0
833,2024-12-25,2024-12-26,HM20,Black,gallon,PrepRite-Black-Gallon,22,22.0
834,2024-12-25,2024-12-29,HM25,Black,quart,PrepRite-Black-Quart,44,11.0
835,2024-12-25,2024-12-27,HM30,Black,gallon,PrepRite-Black-Gallon,56,56.0
836,2024-12-25,2024-12-26,HM30,Black,quart,ProMar200-Black-Quart,66,16.5
837,2024-12-25,2024-12-28,HM36,White,gallon,SuperPaint-White-Gallon,42,42.0
838,2024-12-25,2024-12-30,HM36,White,pail_5gal,SuperPaint-White-Pail,5,25.0
839,2024-12-25,2024-12-28,HM43,Red,gallon,Emerald-Red-Gallon,27,27.0
840,2024-12-25,2024-12-29,HM43,Red,quart,Emerald-Red-Quart,159,39.75
841,2024-12-25,2024-12-27,HM47,Red,gallon,Duration-Red-Gallon,50,50.0
842,2024-12-25,2024-12-31,HM47,Red,quart,Duration-Red-Quart,67,16.75
843,2024-12-25,2024-12-26,HM47,Red,quart,Duration-Red-Quart,500,125.0
844,2024-12-25,2024-12-28,HM47,Red,pail_5gal,Duration-Red-Pail,11,55.0
845,2024-12-25,2024-12-29,HM47,Red,pail_5gal,Emerald-Red-Pail,16,80.0
846,2024-12-25,2024-12-31,HM56,White,quart,ProMar200-White-Quart,84,21.0
847,2024-12-26,2024-12-31,HM01,White,quart,ProMar200-White-Quart,99,24.75
848,2024-12-26,2024-12-30,HM01,White,quart,Duration-White-Quart,56,14.0
849,2024-12-26,2024-12-31,HM01,White,quart,SuperPaint-White-Quart,80,20.0
850,2024-12-26,2024-12-27,HM01,White,gallon,ProMar200-White-Gallon,68,68.0
851,2024-12-26,2024-12-30,HM12,Blue/Green,quart,Emerald-Blue/Green-Quart,134,33.5
852,2024-12-26,2024-12-28,HM12,Blue/Green,quart,SuperPaint-Blue/Green-Quart,130,32.5
853,2024-12-26,2024-12-30,HM13,Blue/Green,gallon,SuperPaint-Blue/Green-Gallon,54,54.0
854,2024-12-26,2024-12-27,HM16,Red,quart,Emerald-Red-Quart,312,78.0
855,2024-12-26,2024-12-30,HM16,Red,quart,Emerald-Red-Quart,165,41.25
856,2024-12-26,2024-12-29,HM20,Black,gallon,PrepRite-Black-Gallon,44,44.0
857,2024-12-26,2024-12-27,HM25,Black,pail_5gal,ProMar200-Black-Pail,3,15.0
858,2024-12-26,2024-12-28,HM25,Black,gallon,PrepRite-Black-Gallon,39,39.0
859,2024-12-26,2024-12-28,HM25,Black,quart,ProMar200-Black-Quart,221,55.25
860,2024-12-26,2024-12-27,HM25,Black,pail_5gal,PrepRite-Black-Pail,8,40.0
861,2024-12-26,2024-12-30,HM25,Black,quart,ProMar200-Black-Quart,113,28.25
862,2024-12-26,2024-12-29,HM25,Black,pail_5gal,PrepRite-Black-Pail,9,45.0
863,2024-12-26,2024-12-29,HM30,Black,quart,ProMar200-Black-Quart,124,31.0
864,2024-12-26,2024-12-29,HM43,Red,quart,Emerald-Red-Quart,108,27.0
865,2024-12-26,2025-01-03,HM43,Red,quart,Duration-Red-Quart,90,22.5
866,2024-12-26,2024-12-31,HM47,Red,gallon,Duration-Red-Gallon,23,23.0
867,2024-12-26,2025-01-03,HM47,Red,quart,Emerald-Red-Quart,113,28.25
868,2024-12-26,2025-01-01,HM50,Clear,quart,ProMar200-Clear-Quart,222,55.5
869,2024-12-26,2024-12-27,HM50,Clear,quart,SuperPaint-Clear-Quart,335,83.75
870,2024-12-26,2024-12-31,HM56,White,gallon,ProMar200-White-Gallon,42,42.0
871,2024-12-26,2025-01-04,HM56,White,gallon,Duration-White-Gallon,18,18.0
872,2024-12-26,2024-12-28,HM56,White,gallon,Duration-White-Gallon,38,38.0
873,2024-12-26,2024-12-27,HM56,White,quart,Duration-White-Quart,166,41.5
874,2024-12-26,2025-01-03,HM56,White,quart,SuperPaint-White-Quart,42,10.5
875,2024-12-26,2024-12-27,HM56,White,gallon,SuperPaint-White-Gallon,39,39.0
876,2024-12-27,2024-12-28,HM12,Blue/Green,quart,SuperPaint-Blue/Green-Quart,136,34.0
877,2024-12-27,2024-12-28,HM12,Blue/Green,quart,Emerald-Blue/Green-Quart,90,22.5
878,2024-12-27,2024-12-31,HM12,Blue/Green,quart,Emerald-Blue/Green-Quart,264,66.0
879,2024-12-27,2024-12-28,HM12,Blue/Green,gallon,SuperPaint-Blue/Green-Gallon,42,42.0
880,2024-12-27,2024-12-29,HM13,Blue/Green,pail_5gal,Emerald-Blue/Green-Pail,3,15.0
881,2024-12-27,2024-12-28,HM13,Blue/Green,gallon,Emerald-Blue/Green-Gallon,28,28.0
882,2024-12-27,2024-12-28,HM14,Blue/Green,gallon,SuperPaint-Blue/Green-Gallon,32,32.0
883,2024-12-27,2024-12-29,HM20,Black,gallon,PrepRite-Black-Gallon,18,18.0
884,2024-12-27,2024-12-28,HM20,Black,gallon,PrepRite-Black-Gallon,15,15.0
885,2024-12-27,2024-12-29,HM30,Black,gallon,ProMar200-Black-Gallon,23,23.0
886,2024-12-27,2024-12-30,HM36,White,quart,Duration-White-Quart,78,19.5
887,2024-12-27,2024-12-29,HM36,White,pail_5gal,Duration-White-Pail,12,60.0
888,2024-12-27,2024-12-29,HM43,Red,quart,Emerald-Red-Quart,166,41.5
889,2024-12-27,2024-12-28,HM43,Red,pail_5gal,Duration-Red-Pail,1,5.0
890,2024-12-27,2024-12-30,HM47,Red,pail_5gal,Emerald-Red-Pail,14,70.0
891,2024-12-27,2024-12-28,HM47,Red,gallon,Emerald-Red-Gallon,60,60.0
892,2024-12-27,2024-12-30,HM56,White,quart,SuperPaint-White-Quart,148,37.0
893,2024-12-27,2025-01-01,HM56,White,gallon,SuperPaint-White-Gallon,59,59.0
894,2024-12-28,2024-12-30,HM01,White,quart,Duration-White-Quart,165,41.25
895,2024-12-28,2024-12-29,HM01,White,quart,ProMar200-White-Quart,66,16.5
896,2024-12-28,2024-12-30,HM01,White,pail_5gal,ProMar200-White-Pail,3,15.0
897,2024-12-28,2024-12-29,HM13,Blue/Green,gallon,SuperPaint-Blue/Green-Gallon,33,33.0
898,2024-12-28,2024-12-31,HM13,Blue/Green,quart,SuperPaint-Blue/Green-Quart,173,43.25
899,2024-12-28,2025-01-02,HM16,Red,quart,Duration-Red-Quart,254,63.5
900,2024-12-28,2024-12-29,HM20,Black,gallon,ProMar200-Black-Gallon,32,32.0
901,2024-12-28,2024-12-30,HM43,Red,gallon,Emerald-Red-Gallon,150,150.0
902,2024-12-28,2025-01-02,HM43,Red,gallon,Duration-Red-Gallon,27,27.0
903,2024-12-28,2024-12-30,HM50,Clear,pail_5gal,SuperPaint-Clear-Pail,3,15.0
904,2024-12-28,2024-12-29,HM50,Clear,gallon,ProMar200-Clear-Gallon,133,133.0
905,2024-12-28,2024-12-30,HM56,White,gallon,ProMar200-White-Gallon,20,20.0
906,2024-12-28,2024-12-29,HM56,White,quart,ProMar200-White-Quart,72,18.0
907,2024-12-28,2024-12-31,HM56,White,quart,Duration-White-Quart,40,10.0
908,2024-12-29,2025-01-03,HM01,White,quart,Duration-White-Quart,58,14.5
909,2024-12-29,2025-01-06,HM12,Blue/Green,pail_5gal,SuperPaint-Blue/Green-Pail,8,40.0
910,2024-12-29,2025-01-02,HM12,Blue/Green,gallon,SuperPaint-Blue/Green-Gallon,11,11.0
911,2024-12-29,2024-12-30,HM13,Blue/Green,quart,Emerald-Blue/Green-Quart,87,21.75
912,2024-12-29,2025-01-01,HM13,Blue/Green,quart,Emerald-Blue/Green-Quart,118,29.5
913,2024-12-29,2025-01-01,HM13,Blue/Green,quart,SuperPaint-Blue/Green-Quart,45,11.25
914,2024-12-29,2025-01-07,HM25,Black,gallon,ProMar200-Black-Gallon,56,56.0
915,2024-12-29,2024-12-31,HM30,Black,quart,ProMar200-Black-Quart,110,27.5
916,2024-12-29,2024-12-30,HM36,White,quart,SuperPaint-White-Quart,46,11.5
917,2024-12-29,2024-12-30,HM36,White,quart,Duration-White-Quart,214,53.5
918,2024-12-29,2024-12-30,HM36,White,quart,Duration-White-Quart,197,49.25
919,2024-12-29,2024-12-31,HM43,Red,gallon,Duration-Red-Gallon,27,27.0
920,2024-12-29,2025-01-01,HM47,Red,pail_5gal,Emerald-Red-Pail,17,85.0
921,2024-12-29,2024-12-30,HM47,Red,quart,Duration-Red-Quart,87,21.75
922,2024-12-29,2024-12-31,HM50,Clear,quart,ProMar200-Clear-Quart,85,21.25
923,2024-12-29,2025-01-03,HM50,Clear,pail_5gal,ProMar200-Clear-Pail,19,95.0
924,2024-12-29,2025-01-02,HM56,White,gallon,ProMar200-White-Gallon,42,42.0
925,2024-12-29,2024-12-30,HM56,White,quart,SuperPaint-White-Quart,133,33.25
926,2024-12-29,2024-12-30,HM56,White,pail_5gal,SuperPaint-White-Pail,15,75.0
927,2024-12-29,2024-12-31,HM56,White,gallon,ProMar200-White-Gallon,11,11.0
928,2024-12-30,2025-01-01,HM01,White,gallon,SuperPaint-White-Gallon,16,16.0
929,2024-12-30,2024-12-31,HM01,White,gallon,Duration-White-Gallon,14,14.0
930,2024-12-30,2025-01-01,HM01,White,pail_5gal,SuperPaint-White-Pail,5,25.0
931,2024-12-30,2025-01-01,HM01,White,gallon,ProMar200-White-Gallon,14,14.0
932,2024-12-30,2025-01-06,HM12,Blue/Green,pail_5gal,SuperPaint-Blue/Green-Pail,5,25.0
933,2024-12-30,2025-01-02,HM12,Blue/Green,pail_5gal,SuperPaint-Blue/Green-Pail,9,45.0
934,2024-12-30,2024-12-31,HM13,Blue/Green,pail_5gal,Emerald-Blue/Green-Pail,8,40.0
935,2024-12-30,2025-01-05,HM13,Blue/Green,gallon,Emerald-Blue/Green-Gallon,34,34.0
936,2024-12-30,2024-12-31,HM14,Blue/Green,pail_5gal,SuperPaint-Blue/Green-Pail,7,35.0
937,2024-12-30,2025-01-01,HM14,Blue/Green,gallon,Emerald-Blue/Green-Gallon,67,67.0
938,2024-12-30,2025-01-01,HM16,Red,gallon,Duration-Red-Gallon,57,57.0
939,2024-12-30,2025-01-05,HM20,Black,quart,PrepRite-Black-Quart,73,18.25
940,2024-12-30,2024-12-31,HM25,Black,gallon,ProMar200-Black-Gallon,26,26.0
941,2024-12-30,2025-01-01,HM30,Black,pail_5gal,PrepRite-Black-Pail,5,25.0
942,2024-12-30,2025-01-01,HM30,Black,quart,PrepRite-Black-Quart,94,23.5
943,2024-12-30,2024-12-31,HM30,Black,gallon,ProMar200-Black-Gallon,10,10.0
944,2024-12-30,2025-01-02,HM36,White,quart,ProMar200-White-Quart,107,26.75
945,2024-12-30,2025-01-01,HM47,Red,gallon,Emerald-Red-Gallon,26,26.0
946,2024-12-30,2025-01-01,HM50,Clear,gallon,ProMar200-Clear-Gallon,44,44.0
947,2024-12-30,2025-01-03,HM50,Clear,gallon,ProMar200-Clear-Gallon,30,30.0
948,2024-12-31,2025-01-10,HM01,White,gallon,ProMar200-White-Gallon,22,22.0
949,2024-12-31,2025-01-01,HM12,Blue/Green,quart,Emerald-Blue/Green-Quart,98,24.5
950,2024-12-31,2025-01-02,HM13,Blue/Green,quart,Emerald-Blue/Green-Quart,98,24.5
951,2024-12-31,2025-01-08,HM13,Blue/Green,gallon,Emerald-Blue/Green-Gallon,24,24.0
952,2024-12-31,2025-01-02,HM16,Red,pail_5gal,Emerald-Red-Pail,3,15.0
953,2024-12-31,2025-01-03,HM25,Black,quart,PrepRite-Black-Quart,96,24.0
954,2024-12-31,2025-01-03,HM25,Black,gallon,PrepRite-Black-Gallon,70,70.0
955,2024-12-31,2025-01-05,HM30,Black,gallon,ProMar200-Black-Gallon,61,61.0
956,2024-12-31,2025-01-02,HM30,Black,gallon,ProMar200-Black-Gallon,48,48.0
957,2024-12-31,2025-01-09,HM43,Red,gallon,Emerald-Red-Gallon,51,51.0
958,2024-12-31,2025-01-02,HM43,Red,pail_5gal,Duration-Red-Pail,3,15.0
959,2024-12-31,2025-01-01,HM43,Red,pail_5gal,Emerald-Red-Pail,3,15.0
960,2024-12-31,2025-01-08,HM43,Red,quart,Duration-Red-Quart,100,25.0
961,2024-12-31,2025-01-01,HM43,Red,pail_5gal,Emerald-Red-Pail,12,60.0
962,2024-12-31,2025-01-12,HM50,Clear,quart,ProMar200-Clear-Quart,86,21.5
963,2025-01-01,2025-01-09,HM01,White,quart,Duration-White-Quart,225,56.25
964,2025-01-01,2025-01-04,HM01,White,quart,Duration-White-Quart,202,50.5
965,2025-01-01,2025-01-03,HM12,Blue/Green,gallon,Emerald-Blue/Green-Gallon,65,65.0
966,2025-01-01,2025-01-04,HM12,Blue/Green,gallon,Emerald-Blue/Green-Gallon,36,36.0
967,2025-01-01,2025-01-04,HM12,Blue/Green,quart,Emerald-Blue/Green-Quart,53,13.25
968,2025-01-01,2025-01-02,HM13,Blue/Green,quart,SuperPaint-Blue/Green-Quart,407,101.75
969,2025-01-01,2025-01-07,HM13,Blue/Green,gallon,Emerald-Blue/Green-Gallon,53,53.0
970,2025-01-01,2025-01-02,HM13,Blue/Green,quart,Emerald-Blue/Green-Quart,163,40.75
971,2025-01-01,2025-01-11,HM14,Blue/Green,pail_5gal,Emerald-Blue/Green-Pail,5,25.0
972,2025-01-01,2025-01-03,HM14,Blue/Green,gallon,Emerald-Blue/Green-Gallon,18,18.0
973,2025-01-01,2025-01-05,HM16,Red,gallon,Emerald-Red-Gallon,39,39.0
974,2025-01-01,2025-01-10,HM16,Red,quart,Duration-Red-Quart,92,23.0
975,2025-01-01,2025-01-07,HM16,Red,gallon,Emerald-Red-Gallon,52,52.0
976,2025-01-01,2025-01-09,HM20,Black,pail_5gal,PrepRite-Black-Pail,9,45.0
977,2025-01-01,2025-01-02,HM20,Black,quart,ProMar200-Black-Quart,228,57.0
978,2025-01-01,2025-01-06,HM25,Black,pail_5gal,PrepRite-Black-Pail,13,65.0
979,2025-01-01,2025-01-02,HM30,Black,quart,ProMar200-Black-Quart,93,23.25
980,2025-01-01,2025-01-03,HM30,Black,gallon,PrepRite-Black-Gallon,32,32.0
981,2025-01-01,2025-01-02,HM43,Red,quart,Duration-Red-Quart,41,10.25
982,2025-01-01,2025-01-05,HM47,Red,gallon,Emerald-Red-Gallon,63,63.0
983,2025-01-01,2025-01-04,HM47,Red,pail_5gal,Duration-Red-Pail,7,35.0
984,2025-01-01,2025-01-05,HM56,White,gallon,SuperPaint-White-Gallon,45,45.0
985,2025-01-02,2025-01-05,HM01,White,quart,ProMar200-White-Quart,156,39.0
986,2025-01-02,2025-01-04,HM12,Blue/Green,quart,SuperPaint-Blue/Green-Quart,179,44.75
987,2025-01-02,2025-01-03,HM12,Blue/Green,quart,SuperPaint-Blue/Green-Quart,343,85.75
988,2025-01-02,2025-01-06,HM13,Blue/Green,quart,Emerald-Blue/Green-Quart,145,36.25
989,2025-01-02,2025-01-03,HM13,Blue/Green,quart,Emerald-Blue/Green-Quart,142,35.5
990,2025-01-02,2025-01-09,HM13,Blue/Green,quart,SuperPaint-Blue/Green-Quart,77,19.25
991,2025-01-02,2025-01-06,HM13,Blue/Green,quart,SuperPaint-Blue/Green-Quart,121,30.25
992,2025-01-02,2025-01-06,HM14,Blue/Green,gallon,SuperPaint-Blue/Green-Gallon,23,23.0
993,2025-01-02,2025-01-07,HM14,Blue/Green,gallon,Emerald-Blue/Green-Gallon,24,24.0
994,2025-01-02,2025-01-03,HM14,Blue/Green,quart,Emerald-Blue/Green-Quart,186,46.5
995,2025-01-02,2025-01-04,HM14,Blue/Green,quart,Emerald-Blue/Green-Quart,223,55.75
996,2025-01-02,2025-01-03,HM14,Blue/Green,gallon,SuperPaint-Blue/Green-Gallon,28,28.0
997,2025-01-02,2025-01-06,HM16,Red,gallon,Emerald-Red-Gallon,29,29.0
998,2025-01-02,2025-01-04,HM20,Black,gallon,PrepRite-Black-Gallon,51,51.0
999,2025-01-02,2025-01-04,HM25,Black,quart,PrepRite-Black-Quart,119,29.75
1000,2025-01-02,2025-01-08,HM25,Black,pail_5gal,ProMar200-Black-Pail,7,35.0
1001,2025-01-02,2025-01-04,HM25,Black,quart,PrepRite-Black-Quart,66,16.5
1002,2025-01-02,2025-01-04,HM30,Black,gallon,PrepRite-Black-Gallon,33,33.0
1003,2025-01-02,2025-01-07,HM30,Black,gallon,ProMar200-Black-Gallon,36,36.0
1004,2025-01-02,2025-01-04,HM43,Red,gallon,Duration-Red-Gallon,15,15.0
1005,2025-01-02,2025-01-05,HM43,Red,pail_5gal,Emerald-Red-Pail,9,45.0
1006,2025-01-02,2025-01-07,HM47,Red,pail_5gal,Emerald-Red-Pail,4,20.0
1007,2025-01-02,2025-01-05,HM47,Red,gallon,Emerald-Red-Gallon,130,130.0
1008,2025-01-02,2025-01-06,HM47,Red,quart,Emerald-Red-Quart,253,63.25
1009,2025-01-02,2025-01-04,HM50,Clear,pail_5gal,SuperPaint-Clear-Pail,16,80.0
1010,2025-01-02,2025-01-04,HM50,Clear,pail_5gal,ProMar200-Clear-Pail,2,10.0
1011,2025-01-02,2025-01-03,HM56,White,gallon,ProMar200-White-Gallon,15,15.0
1012,2025-01-03,2025-01-05,HM01,White,pail_5gal,ProMar200-White-Pail,2,10.0
1013,2025-01-03,2025-01-06,HM12,Blue/Green,gallon,SuperPaint-Blue/Green-Gallon,38,38.0
1014,2025-01-03,2025-01-06,HM13,Blue/Green,quart,SuperPaint-Blue/Green-Quart,49,12.25
1015,2025-01-03,2025-01-06,HM14,Blue/Green,quart,Emerald-Blue/Green-Quart,57,14.25
1016,2025-01-03,2025-01-17,HM16,Red,gallon,Duration-Red-Gallon,25,25.0
1017,2025-01-03,2025-01-08,HM20,Black,gallon,ProMar200-Black-Gallon,69,69.0
1018,2025-01-03,2025-01-09,HM20,Black,gallon,PrepRite-Black-Gallon,33,33.0
1019,2025-01-03,2025-01-04,HM20,Black,quart,PrepRite-Black-Quart,131,32.75
1020,2025-01-03,2025-01-08,HM20,Black,pail_5gal,PrepRite-Black-Pail,6,30.0
1021,2025-01-03,2025-01-04,HM20,Black,quart,ProMar200-Black-Quart,109,27.25
1022,2025-01-03,2025-01-06,HM25,Black,gallon,PrepRite-Black-Gallon,38,38.0
1023,2025-01-03,2025-01-04,HM25,Black,gallon,PrepRite-Black-Gallon,33,33.0
1024,2025-01-03,2025-01-06,HM25,Black,gallon,ProMar200-Black-Gallon,36,36.0
1025,2025-01-03,2025-01-05,HM25,Black,pail_5gal,ProMar200-Black-Pail,2,10.0
1026,2025-01-03,2025-01-07,HM25,Black,gallon,PrepRite-Black-Gallon,47,47.0
1027,2025-01-03,2025-01-13,HM30,Black,pail_5gal,PrepRite-Black-Pail,14,70.0
1028,2025-01-03,2025-01-08,HM30,Black,quart,PrepRite-Black-Quart,71,17.75
1029,2025-01-03,2025-01-04,HM50,Clear,quart,ProMar200-Clear-Quart,74,18.5
1030,2025-01-04,2025-01-09,HM12,Blue/Green,quart,SuperPaint-Blue/Green-Quart,254,63.5
1031,2025-01-04,2025-01-06,HM12,Blue/Green,quart,SuperPaint-Blue/Green-Quart,179,44.75
1032,2025-01-04,2025-01-06,HM13,Blue/Green,gallon,Emerald-Blue/Green-Gallon,21,21.0
1033,2025-01-04,2025-01-05,HM14,Blue/Green,quart,Emerald-Blue/Green-Quart,118,29.5
1034,2025-01-04,2025-01-06,HM25,Black,quart,ProMar200-Black-Quart,129,32.25
1035,2025-01-04,2025-01-10,HM30,Black,gallon,PrepRite-Black-Gallon,13,13.0
1036,2025-01-04,2025-01-05,HM36,White,gallon,SuperPaint-White-Gallon,12,12.0
1037,2025-01-04,2025-01-07,HM47,Red,gallon,Emerald-Red-Gallon,28,28.0
1038,2025-01-04,2025-01-05,HM50,Clear,gallon,ProMar200-Clear-Gallon,28,28.0
1039,2025-01-04,2025-01-05,HM50,Clear,quart,ProMar200-Clear-Quart,161,40.25
1040,2025-01-04,2025-01-06,HM56,White,quart,ProMar200-White-Quart,227,56.75
1041,2025-01-05,2025-01-06,HM12,Blue/Green,quart,Emerald-Blue/Green-Quart,137,34.25
1042,2025-01-05,2025-01-09,HM12,Blue/Green,quart,SuperPaint-Blue/Green-Quart,69,17.25
1043,2025-01-05,2025-01-06,HM14,Blue/Green,gallon,Emerald-Blue/Green-Gallon,49,49.0
1044,2025-01-05,2025-01-07,HM16,Red,gallon,Emerald-Red-Gallon,33,33.0
1045,2025-01-05,2025-01-06,HM20,Black,quart,ProMar200-Black-Quart,172,43.0
1046,2025-01-05,2025-01-06,HM25,Black,gallon,PrepRite-Black-Gallon,116,116.0
1047,2025-01-05,2025-01-10,HM30,Black,gallon,PrepRite-Black-Gallon,76,76.0
1048,2025-01-05,2025-01-06,HM36,White,quart,SuperPaint-White-Quart,65,16.25
1049,2025-01-05,2025-01-08,HM36,White,pail_5gal,ProMar200-White-Pail,4,20.0
1050,2025-01-05,2025-01-07,HM43,Red,pail_5gal,Duration-Red-Pail,7,35.0
1051,2025-01-05,2025-01-06,HM50,Clear,gallon,SuperPaint-Clear-Gallon,56,56.0
1052,2025-01-05,2025-01-07,HM56,White,gallon,Duration-White-Gallon,54,54.0
1053,2025-01-06,2025-01-15,HM12,Blue/Green,quart,Emerald-Blue/Green-Quart,253,63.25
1054,2025-01-06,2025-01-07,HM13,Blue/Green,quart,SuperPaint-Blue/Green-Quart,284,71.0
1055,2025-01-06,2025-01-08,HM20,Black,gallon,PrepRite-Black-Gallon,56,56.0
1056,2025-01-06,2025-01-16,HM20,Black,gallon,PrepRite-Black-Gallon,14,14.0
1057,2025-01-06,2025-01-12,HM20,Black,quart,ProMar200-Black-Quart,301,75.25
1058,2025-01-06,2025-01-14,HM25,Black,pail_5gal,ProMar200-Black-Pail,2,10.0
1059,2025-01-06,2025-01-07,HM30,Black,pail_5gal,ProMar200-Black-Pail,3,15.0
1060,2025-01-06,2025-01-10,HM30,Black,pail_5gal,ProMar200-Black-Pail,13,65.0
1061,2025-01-06,2025-01-09,HM30,Black,pail_5gal,ProMar200-Black-Pail,3,15.0
1062,2025-01-06,2025-01-09,HM36,White,gallon,ProMar200-White-Gallon,70,70.0
1063,2025-01-06,2025-01-07,HM36,White,pail_5gal,Duration-White-Pail,9,45.0
1064,2025-01-06,2025-01-12,HM43,Red,gallon,Duration-Red-Gallon,20,20.0
1065,2025-01-06,2025-01-09,HM50,Clear,quart,ProMar200-Clear-Quart,93,23.25
1066,2025-01-06,2025-01-08,HM50,Clear,quart,ProMar200-Clear-Quart,115,28.75
1067,2025-01-06,2025-01-07,HM50,Clear,pail_5gal,SuperPaint-Clear-Pail,6,30.0
1068,2025-01-06,2025-01-09,HM56,White,pail_5gal,SuperPaint-White-Pail,3,15.0
1069,2025-01-06,2025-01-11,HM56,White,quart,ProMar200-White-Quart,90,22.5
1070,2025-01-07,2025-01-14,HM01,White,quart,Duration-White-Quart,136,34.0
1071,2025-01-07,2025-01-10,HM01,White,pail_5gal,SuperPaint-White-Pail,19,95.0
1072,2025-01-07,2025-01-08,HM01,White,quart,Duration-White-Quart,145,36.25
1073,2025-01-07,2025-01-10,HM01,White,gallon,SuperPaint-White-Gallon,10,10.0
1074,2025-01-07,2025-01-09,HM12,Blue/Green,quart,SuperPaint-Blue/Green-Quart,75,18.75
1075,2025-01-07,2025-01-11,HM13,Blue/Green,gallon,SuperPaint-Blue/Green-Gallon,29,29.0
1076,2025-01-07,2025-01-14,HM14,Blue/Green,gallon,SuperPaint-Blue/Green-Gallon,15,15.0
1077,2025-01-07,2025-01-10,HM16,Red,gallon,Duration-Red-Gallon,32,32.0
1078,2025-01-07,2025-01-11,HM16,Red,pail_5gal,Emerald-Red-Pail,7,35.0
1079,2025-01-07,2025-01-09,HM16,Red,pail_5gal,Duration-Red-Pail,2,10.0
1080,2025-01-07,2025-01-11,HM20,Black,quart,ProMar200-Black-Quart,28,7.0
1081,2025-01-07,2025-01-10,HM20,Black,quart,ProMar200-Black-Quart,475,118.75
1082,2025-01-07,2025-01-11,HM25,Black,quart,ProMar200-Black-Quart,201,50.25
1083,2025-01-07,2025-01-08,HM30,Black,gallon,ProMar200-Black-Gallon,81,81.0
1084,2025-01-07,2025-01-08,HM47,Red,gallon,Duration-Red-Gallon,28,28.0
1085,2025-01-07,2025-01-11,HM47,Red,gallon,Emerald-Red-Gallon,34,34.0
1086,2025-01-07,2025-01-10,HM50,Clear,gallon,ProMar200-Clear-Gallon,21,21.0
1087,2025-01-07,2025-01-10,HM56,White,quart,SuperPaint-White-Quart,143,35.75
1088,2025-01-07,2025-01-10,HM56,White,quart,ProMar200-White-Quart,166,41.5
1089,2025-01-07,2025-01-10,HM56,White,quart,Duration-White-Quart,52,13.0
1090,2025-01-07,2025-01-13,HM56,White,quart,Duration-White-Quart,70,17.5
1091,2025-01-08,2025-01-10,HM01,White,gallon,Duration-White-Gallon,47,47.0
1092,2025-01-08,2025-01-10,HM12,Blue/Green,quart,SuperPaint-Blue/Green-Quart,249,62.25
1093,2025-01-08,2025-01-10,HM13,Blue/Green,quart,Emerald-Blue/Green-Quart,500,125.0
1094,2025-01-08,2025-01-13,HM16,Red,pail_5gal,Emerald-Red-Pail,7,35.0
1095,2025-01-08,2025-01-14,HM20,Black,gallon,PrepRite-Black-Gallon,31,31.0
1096,2025-01-08,2025-01-16,HM25,Black,quart,PrepRite-Black-Quart,110,27.5
1097,2025-01-08,2025-01-09,HM36,White,quart,SuperPaint-White-Quart,52,13.0
1098,2025-01-08,2025-01-10,HM36,White,gallon,SuperPaint-White-Gallon,37,37.0
1099,2025-01-08,2025-01-09,HM43,Red,quart,Duration-Red-Quart,394,98.5
1100,2025-01-08,2025-01-14,HM43,Red,gallon,Emerald-Red-Gallon,61,61.0
1101,2025-01-08,2025-01-11,HM47,Red,quart,Duration-Red-Quart,127,31.75
1102,2025-01-08,2025-01-11,HM56,White,gallon,SuperPaint-White-Gallon,17,17.0
1103,2025-01-08,2025-01-13,HM56,White,gallon,Duration-White-Gallon,9,9.0
1104,2025-01-08,2025-01-12,HM56,White,gallon,SuperPaint-White-Gallon,150,150.0
1105,2025-01-08,2025-01-12,HM56,White,quart,ProMar200-White-Quart,86,21.5
1106,2025-01-09,2025-01-15,HM01,White,gallon,SuperPaint-White-Gallon,38,38.0
1107,2025-01-09,2025-01-13,HM01,White,quart,SuperPaint-White-Quart,219,54.75
1108,2025-01-09,2025-01-11,HM12,Blue/Green,gallon,SuperPaint-Blue/Green-Gallon,69,69.0
1109,2025-01-09,2025-01-11,HM13,Blue/Green,pail_5gal,Emerald-Blue/Green-Pail,8,40.0
1110,2025-01-09,2025-01-10,HM13,Blue/Green,gallon,Emerald-Blue/Green-Gallon,48,48.0
1111,2025-01-09,2025-01-10,HM13,Blue/Green,gallon,SuperPaint-Blue/Green-Gallon,15,15.0
1112,2025-01-09,2025-01-14,HM13,Blue/Green,gallon,SuperPaint-Blue/Green-Gallon,48,48.0
1113,2025-01-09,2025-01-11,HM14,Blue/Green,gallon,SuperPaint-Blue/Green-Gallon,21,21.0
1114,2025-01-09,2025-01-10,HM14,Blue/Green,gallon,SuperPaint-Blue/Green-Gallon,32,32.0
1115,2025-01-09,2025-01-15,HM14,Blue/Green,pail_5gal,SuperPaint-Blue/Green-Pail,2,10.0
1116,2025-01-09,2025-01-12,HM14,Blue/Green,quart,SuperPaint-Blue/Green-Quart,24,6.0
1117,2025-01-09,2025-01-12,HM16,Red,gallon,Emerald-Red-Gallon,37,37.0
1118,2025-01-09,2025-01-10,HM16,Red,gallon,Duration-Red-Gallon,18,18.0
1119,2025-01-09,2025-01-11,HM25,Black,gallon,PrepRite-Black-Gallon,15,15.0
1120,2025-01-09,2025-01-10,HM25,Black,quart,PrepRite-Black-Quart,126,31.5
1121,2025-01-09,2025-01-16,HM36,White,quart,ProMar200-White-Quart,189,47.25
1122,2025-01-09,2025-01-11,HM36,White,quart,ProMar200-White-Quart,169,42.25
1123,2025-01-09,2025-01-13,HM36,White,quart,SuperPaint-White-Quart,96,24.0
1124,2025-01-09,2025-01-11,HM36,White,gallon,Duration-White-Gallon,37,37.0
1125,2025-01-09,2025-01-14,HM43,Red,gallon,Duration-Red-Gallon,23,23.0
1126,2025-01-09,2025-01-11,HM47,Red,gallon,Emerald-Red-Gallon,13,13.0
1127,2025-01-09,2025-01-10,HM47,Red,quart,Duration-Red-Quart,313,78.25
1128,2025-01-09,2025-01-10,HM50,Clear,gallon,SuperPaint-Clear-Gallon,35,35.0
1129,2025-01-09,2025-01-11,HM50,Clear,quart,ProMar200-Clear-Quart,170,42.5
1130,2025-01-09,2025-01-10,HM56,White,gallon,Duration-White-Gallon,42,42.0
1131,2025-01-10,2025-01-11,HM01,White,gallon,ProMar200-White-Gallon,25,25.0
1132,2025-01-10,2025-01-14,HM01,White,gallon,Duration-White-Gallon,40,40.0
1133,2025-01-10,2025-01-11,HM12,Blue/Green,gallon,Emerald-Blue/Green-Gallon,24,24.0
1134,2025-01-10,2025-01-11,HM13,Blue/Green,quart,Emerald-Blue/Green-Quart,47,11.75
1135,2025-01-10,2025-01-11,HM13,Blue/Green,quart,SuperPaint-Blue/Green-Quart,222,55.5
1136,2025-01-10,2025-01-12,HM13,Blue/Green,gallon,Emerald-Blue/Green-Gallon,56,56.0
1137,2025-01-10,2025-01-11,HM14,Blue/Green,pail_5gal,SuperPaint-Blue/Green-Pail,9,45.0
1138,2025-01-10,2025-01-11,HM16,Red,gallon,Duration-Red-Gallon,18,18.0
1139,2025-01-10,2025-01-12,HM20,Black,quart,PrepRite-Black-Quart,76,19.0
1140,2025-01-10,2025-01-13,HM20,Black,quart,PrepRite-Black-Quart,189,47.25
1141,2025-01-10,2025-01-11,HM20,Black,quart,ProMar200-Black-Quart,85,21.25
1142,2025-01-10,2025-01-15,HM20,Black,quart,PrepRite-Black-Quart,95,23.75
1143,2025-01-10,2025-01-14,HM25,Black,gallon,ProMar200-Black-Gallon,35,35.0
1144,2025-01-10,2025-01-16,HM25,Black,gallon,PrepRite-Black-Gallon,25,25.0
1145,2025-01-10,2025-01-12,HM25,Black,quart,PrepRite-Black-Quart,128,32.0
1146,2025-01-10,2025-01-18,HM36,White,gallon,Duration-White-Gallon,53,53.0
1147,2025-01-10,2025-01-12,HM36,White,quart,SuperPaint-White-Quart,309,77.25
1148,2025-01-10,2025-01-12,HM36,White,quart,Duration-White-Quart,133,33.25
1149,2025-01-10,2025-01-13,HM43,Red,quart,Emerald-Red-Quart,168,42.0
1150,2025-01-10,2025-01-11,HM43,Red,pail_5gal,Duration-Red-Pail,28,140.0
1151,2025-01-10,2025-01-16,HM47,Red,gallon,Duration-Red-Gallon,68,68.0
1152,2025-01-10,2025-01-14,HM47,Red,pail_5gal,Duration-Red-Pail,3,15.0
1153,2025-01-10,2025-01-14,HM56,White,quart,Duration-White-Quart,41,10.25
1154,2025-01-11,2025-01-12,HM01,White,gallon,SuperPaint-White-Gallon,28,28.0
1155,2025-01-11,2025-01-14,HM12,Blue/Green,quart,Emerald-Blue/Green-Quart,249,62.25
1156,2025-01-11,2025-01-20,HM12,Blue/Green,gallon,Emerald-Blue/Green-Gallon,30,30.0
1157,2025-01-11,2025-01-14,HM12,Blue/Green,gallon,Emerald-Blue/Green-Gallon,39,39.0
1158,2025-01-11,2025-01-14,HM16,Red,pail_5gal,Emerald-Red-Pail,10,50.0
1159,2025-01-11,2025-01-18,HM16,Red,quart,Duration-Red-Quart,73,18.25
1160,2025-01-11,2025-01-16,HM16,Red,pail_5gal,Emerald-Red-Pail,10,50.0
1161,2025-01-11,2025-01-13,HM20,Black,quart,PrepRite-Black-Quart,96,24.0
1162,2025-01-11,2025-01-14,HM20,Black,pail_5gal,PrepRite-Black-Pail,8,40.0
1163,2025-01-11,2025-01-14,HM36,White,pail_5gal,SuperPaint-White-Pail,11,55.0
1164,2025-01-11,2025-01-12,HM36,White,gallon,SuperPaint-White-Gallon,14,14.0
1165,2025-01-11,2025-01-13,HM50,Clear,pail_5gal,ProMar200-Clear-Pail,8,40.0
1166,2025-01-11,2025-01-15,HM56,White,gallon,ProMar200-White-Gallon,8,8.0
1167,2025-01-12,2025-01-15,HM01,White,quart,Duration-White-Quart,203,50.75
1168,2025-01-12,2025-01-16,HM01,White,quart,ProMar200-White-Quart,136,34.0
1169,2025-01-12,2025-01-14,HM13,Blue/Green,quart,SuperPaint-Blue/Green-Quart,63,15.75
1170,2025-01-12,2025-01-15,HM20,Black,gallon,ProMar200-Black-Gallon,66,66.0
1171,2025-01-12,2025-01-19,HM20,Black,pail_5gal,ProMar200-Black-Pail,9,45.0
1172,2025-01-12,2025-01-13,HM20,Black,gallon,PrepRite-Black-Gallon,44,44.0
1173,2025-01-12,2025-01-13,HM25,Black,quart,PrepRite-Black-Quart,170,42.5
1174,2025-01-12,2025-01-14,HM36,White,gallon,SuperPaint-White-Gallon,15,15.0
1175,2025-01-12,2025-01-13,HM36,White,quart,ProMar200-White-Quart,32,8.0
1176,2025-01-12,2025-01-18,HM36,White,gallon,ProMar200-White-Gallon,37,37.0
1177,2025-01-12,2025-01-16,HM43,Red,gallon,Duration-Red-Gallon,18,18.0
1178,2025-01-12,2025-01-13,HM50,Clear,gallon,ProMar200-Clear-Gallon,27,27.0
1179,2025-01-12,2025-01-15,HM50,Clear,quart,SuperPaint-Clear-Quart,80,20.0
1180,2025-01-12,2025-01-13,HM50,Clear,quart,ProMar200-Clear-Quart,101,25.25
1181,2025-01-13,2025-01-14,HM12,Blue/Green,quart,SuperPaint-Blue/Green-Quart,243,60.75
1182,2025-01-13,2025-01-21,HM12,Blue/Green,quart,Emerald-Blue/Green-Quart,48,12.0
1183,2025-01-13,2025-01-14,HM12,Blue/Green,gallon,SuperPaint-Blue/Green-Gallon,47,47.0
1184,2025-01-13,2025-01-14,HM12,Blue/Green,gallon,Emerald-Blue/Green-Gallon,18,18.0
1185,2025-01-13,2025-01-14,HM13,Blue/Green,gallon,Emerald-Blue/Green-Gallon,20,20.0
1186,2025-01-13,2025-01-15,HM14,Blue/Green,quart,SuperPaint-Blue/Green-Quart,208,52.0
1187,2025-01-13,2025-01-15,HM20,Black,gallon,ProMar200-Black-Gallon,55,55.0
1188,2025-01-13,2025-01-14,HM20,Black,quart,PrepRite-Black-Quart,86,21.5
1189,2025-01-13,2025-01-15,HM25,Black,gallon,ProMar200-Black-Gallon,39,39.0
1190,2025-01-13,2025-01-14,HM25,Black,quart,PrepRite-Black-Quart,75,18.75
1191,2025-01-13,2025-01-18,HM30,Black,gallon,ProMar200-Black-Gallon,45,45.0
1192,2025-01-13,2025-01-20,HM36,White,quart,ProMar200-White-Quart,138,34.5
1193,2025-01-13,2025-01-21,HM43,Red,pail_5gal,Emerald-Red-Pail,5,25.0
1194,2025-01-13,2025-01-16,HM43,Red,gallon,Duration-Red-Gallon,53,53.0
1195,2025-01-13,2025-01-18,HM43,Red,gallon,Duration-Red-Gallon,8,8.0
1196,2025-01-13,2025-01-16,HM47,Red,pail_5gal,Emerald-Red-Pail,2,10.0
1197,2025-01-13,2025-01-15,HM50,Clear,gallon,ProMar200-Clear-Gallon,64,64.0
1198,2025-01-13,2025-01-15,HM56,White,gallon,SuperPaint-White-Gallon,36,36.0
1199,2025-01-13,2025-01-14,HM56,White,gallon,ProMar200-White-Gallon,20,20.0
1200,2025-01-13,2025-01-15,HM56,White,quart,ProMar200-White-Quart,111,27.75
1201,2025-01-14,2025-01-17,HM01,White,gallon,SuperPaint-White-Gallon,12,12.0
1202,2025-01-14,2025-01-16,HM12,Blue/Green,quart,Emerald-Blue/Green-Quart,152,38.0
1203,2025-01-14,2025-01-17,HM12,Blue/Green,quart,SuperPaint-Blue/Green-Quart,39,9.75
1204,2025-01-14,2025-01-16,HM13,Blue/Green,quart,Emerald-Blue/Green-Quart,116,29.0
1205,2025-01-14,2025-01-16,HM13,Blue/Green,quart,Emerald-Blue/Green-Quart,80,20.0
1206,2025-01-14,2025-01-19,HM13,Blue/Green,gallon,SuperPaint-Blue/Green-Gallon,16,16.0
1207,2025-01-14,2025-01-28,HM13,Blue/Green,quart,Emerald-Blue/Green-Quart,86,21.5
1208,2025-01-14,2025-01-15,HM13,Blue/Green,quart,Emerald-Blue/Green-Quart,225,56.25
1209,2025-01-14,2025-01-16,HM16,Red,quart,Duration-Red-Quart,90,22.5
1210,2025-01-14,2025-01-28,HM16,Red,pail_5gal,Duration-Red-Pail,4,20.0
1211,2025-01-14,2025-01-18,HM25,Black,gallon,PrepRite-Black-Gallon,34,34.0
1212,2025-01-14,2025-01-16,HM30,Black,gallon,ProMar200-Black-Gallon,20,20.0
1213,2025-01-14,2025-01-17,HM36,White,quart,ProMar200-White-Quart,33,8.25
1214,2025-01-14,2025-01-15,HM36,White,gallon,ProMar200-White-Gallon,30,30.0
1215,2025-01-14,2025-01-16,HM36,White,pail_5gal,ProMar200-White-Pail,11,55.0
1216,2025-01-14,2025-01-17,HM36,White,quart,ProMar200-White-Quart,108,27.0
1217,2025-01-14,2025-01-19,HM43,Red,gallon,Emerald-Red-Gallon,19,19.0
1218,2025-01-14,2025-01-15,HM56,White,quart,ProMar200-White-Quart,31,7.75
1219,2025-01-14,2025-01-15,HM56,White,gallon,Duration-White-Gallon,40,40.0
1220,2025-01-15,2025-01-16,HM01,White,quart,SuperPaint-White-Quart,50,12.5
1221,2025-01-15,2025-01-17,HM01,White,gallon,ProMar200-White-Gallon,58,58.0
1222,2025-01-15,2025-01-20,HM12,Blue/Green,gallon,SuperPaint-Blue/Green-Gallon,61,61.0
1223,2025-01-15,2025-01-16,HM13,Blue/Green,gallon,SuperPaint-Blue/Green-Gallon,48,48.0
1224,2025-01-15,2025-01-16,HM16,Red,gallon,Emerald-Red-Gallon,41,41.0
1225,2025-01-15,2025-01-17,HM20,Black,pail_5gal,ProMar200-Black-Pail,4,20.0
1226,2025-01-15,2025-01-20,HM30,Black,pail_5gal,PrepRite-Black-Pail,13,65.0
1227,2025-01-15,2025-01-17,HM30,Black,gallon,ProMar200-Black-Gallon,36,36.0
1228,2025-01-15,2025-01-16,HM30,Black,gallon,PrepRite-Black-Gallon,27,27.0
1229,2025-01-15,2025-01-22,HM43,Red,quart,Duration-Red-Quart,114,28.5
1230,2025-01-15,2025-01-17,HM56,White,pail_5gal,Duration-White-Pail,2,10.0
1231,2025-01-15,2025-01-23,HM56,White,quart,ProMar200-White-Quart,68,17.0
1232,2025-01-16,2025-01-17,HM13,Blue/Green,quart,SuperPaint-Blue/Green-Quart,175,43.75
1233,2025-01-16,2025-01-21,HM14,Blue/Green,gallon,SuperPaint-Blue/Green-Gallon,22,22.0
1234,2025-01-16,2025-01-23,HM16,Red,quart,Emerald-Red-Quart,78,19.5
1235,2025-01-16,2025-01-17,HM20,Black,gallon,PrepRite-Black-Gallon,70,70.0
1236,2025-01-16,2025-01-18,HM25,Black,gallon,ProMar200-Black-Gallon,71,71.0
1237,2025-01-16,2025-01-18,HM30,Black,gallon,PrepRite-Black-Gallon,70,70.0
1238,2025-01-16,2025-01-17,HM30,Black,gallon,PrepRite-Black-Gallon,39,39.0
1239,2025-01-16,2025-01-21,HM36,White,gallon,SuperPaint-White-Gallon,41,41.0
1240,2025-01-16,2025-01-23,HM43,Red,quart,Duration-Red-Quart,270,67.5
1241,2025-01-16,2025-01-20,HM47,Red,gallon,Duration-Red-Gallon,35,35.0
1242,2025-01-16,2025-01-20,HM56,White,gallon,SuperPaint-White-Gallon,26,26.0
1243,2025-01-16,2025-01-17,HM56,White,pail_5gal,ProMar200-White-Pail,6,30.0
1244,2025-01-17,2025-01-25,HM12,Blue/Green,gallon,Emerald-Blue/Green-Gallon,15,15.0
1245,2025-01-17,2025-01-18,HM12,Blue/Green,gallon,SuperPaint-Blue/Green-Gallon,54,54.0
1246,2025-01-17,2025-01-20,HM12,Blue/Green,quart,Emerald-Blue/Green-Quart,256,64.0
1247,2025-01-17,2025-01-20,HM14,Blue/Green,gallon,Emerald-Blue/Green-Gallon,33,33.0
1248,2025-01-17,2025-01-18,HM16,Red,gallon,Duration-Red-Gallon,42,42.0
1249,2025-01-17,2025-01-18,HM16,Red,gallon,Emerald-Red-Gallon,14,14.0
1250,2025-01-17,2025-01-20,HM16,Red,gallon,Duration-Red-Gallon,31,31.0
1251,2025-01-17,2025-01-18,HM20,Black,gallon,PrepRite-Black-Gallon,43,43.0
1252,2025-01-17,2025-01-18,HM20,Black,gallon,ProMar200-Black-Gallon,10,10.0
1253,2025-01-17,2025-01-22,HM20,Black,gallon,ProMar200-Black-Gallon,52,52.0
1254,2025-01-17,2025-01-18,HM20,Black,gallon,ProMar200-Black-Gallon,33,33.0
1255,2025-01-17,2025-01-18,HM25,Black,quart,ProMar200-Black-Quart,133,33.25
1256,2025-01-17,2025-01-24,HM30,Black,quart,PrepRite-Black-Quart,194,48.5
1257,2025-01-17,2025-01-20,HM43,Red,gallon,Duration-Red-Gallon,14,14.0
1258,2025-01-17,2025-01-18,HM47,Red,pail_5gal,Emerald-Red-Pail,4,20.0
1259,2025-01-17,2025-01-18,HM47,Red,gallon,Duration-Red-Gallon,41,41.0
1260,2025-01-17,2025-01-20,HM47,Red,gallon,Emerald-Red-Gallon,14,14.0
1261,2025-01-17,2025-01-18,HM50,Clear,quart,SuperPaint-Clear-Quart,88,22.0
1262,2025-01-17,2025-01-18,HM50,Clear,quart,SuperPaint-Clear-Quart,174,43.5
1263,2025-01-17,2025-01-18,HM50,Clear,pail_5gal,SuperPaint-Clear-Pail,11,55.0
1264,2025-01-18,2025-01-20,HM12,Blue/Green,gallon,SuperPaint-Blue/Green-Gallon,22,22.0
1265,2025-01-18,2025-01-20,HM13,Blue/Green,quart,Emerald-Blue/Green-Quart,205,51.25
1266,2025-01-18,2025-01-23,HM13,Blue/Green,pail_5gal,SuperPaint-Blue/Green-Pail,6,30.0
1267,2025-01-18,2025-01-20,HM20,Black,quart,ProMar200-Black-Quart,50,12.5
1268,2025-01-18,2025-01-21,HM20,Black,pail_5gal,PrepRite-Black-Pail,9,45.0
1269,2025-01-18,2025-01-19,HM25,Black,quart,ProMar200-Black-Quart,24,6.0
1270,2025-01-18,2025-01-20,HM30,Black,quart,PrepRite-Black-Quart,149,37.25
1271,2025-01-18,2025-01-20,HM36,White,pail_5gal,Duration-White-Pail,8,40.0
1272,2025-01-18,2025-01-23,HM56,White,gallon,Duration-White-Gallon,47,47.0
1273,2025-01-18,2025-01-23,HM56,White,quart,Duration-White-Quart,173,43.25
1274,2025-01-18,2025-01-24,HM56,White,quart,Duration-White-Quart,111,27.75
1275,2025-01-19,2025-01-22,HM12,Blue/Green,quart,Emerald-Blue/Green-Quart,456,114.0
1276,2025-01-19,2025-01-20,HM13,Blue/Green,quart,Emerald-Blue/Green-Quart,76,19.0
1277,2025-01-19,2025-01-21,HM14,Blue/Green,quart,SuperPaint-Blue/Green-Quart,122,30.5
1278,2025-01-19,2025-01-27,HM16,Red,pail_5gal,Emerald-Red-Pail,4,20.0
1279,2025-01-19,2025-01-21,HM25,Black,pail_5gal,ProMar200-Black-Pail,1,5.0
1280,2025-01-19,2025-01-26,HM30,Black,gallon,PrepRite-Black-Gallon,100,100.0
1281,2025-01-19,2025-01-21,HM36,White,pail_5gal,Duration-White-Pail,8,40.0
1282,2025-01-19,2025-01-20,HM50,Clear,quart,ProMar200-Clear-Quart,146,36.5
1283,2025-01-19,2025-01-21,HM50,Clear,pail_5gal,ProMar200-Clear-Pail,6,30.0
1284,2025-01-19,2025-01-20,HM56,White,gallon,ProMar200-White-Gallon,55,55.0
1285,2025-01-19,2025-01-21,HM56,White,gallon,SuperPaint-White-Gallon,56,56.0
1286,2025-01-20,2025-01-24,HM01,White,gallon,ProMar200-White-Gallon,77,77.0
1287,2025-01-20,2025-01-22,HM01,White,quart,Duration-White-Quart,96,24.0
1288,2025-01-20,2025-01-23,HM12,Blue/Green,quart,SuperPaint-Blue/Green-Quart,27,6.75
1289,2025-01-20,2025-01-23,HM12,Blue/Green,quart,SuperPaint-Blue/Green-Quart,173,43.25
1290,2025-01-20,2025-01-23,HM12,Blue/Green,gallon,Emerald-Blue/Green-Gallon,21,21.0
1291,2025-01-20,2025-01-21,HM25,Black,gallon,PrepRite-Black-Gallon,100,100.0
1292,2025-01-20,2025-01-24,HM30,Black,pail_5gal,PrepRite-Black-Pail,6,30.0
1293,2025-01-20,2025-01-26,HM30,Black,quart,PrepRite-Black-Quart,122,30.5
1294,2025-01-20,2025-01-21,HM36,White,quart,Duration-White-Quart,135,33.75
1295,2025-01-20,2025-01-25,HM36,White,quart,ProMar200-White-Quart,73,18.25
1296,2025-01-20,2025-01-23,HM36,White,gallon,Duration-White-Gallon,72,72.0
1297,2025-01-20,2025-01-21,HM47,Red,gallon,Emerald-Red-Gallon,92,92.0
1298,2025-01-20,2025-01-23,HM56,White,quart,ProMar200-White-Quart,140,35.0
1299,2025-01-21,2025-01-23,HM01,White,pail_5gal,ProMar200-White-Pail,6,30.0
1300,2025-01-21,2025-02-03,HM12,Blue/Green,gallon,Emerald-Blue/Green-Gallon,24,24.0
1301,2025-01-21,2025-01-27,HM12,Blue/Green,quart,SuperPaint-Blue/Green-Quart,168,42.0
1302,2025-01-21,2025-01-25,HM13,Blue/Green,gallon,Emerald-Blue/Green-Gallon,43,43.0
1303,2025-01-21,2025-01-23,HM14,Blue/Green,gallon,SuperPaint-Blue/Green-Gallon,13,13.0
1304,2025-01-21,2025-01-22,HM20,Black,quart,PrepRite-Black-Quart,69,17.25
1305,2025-01-21,2025-01-22,HM20,Black,quart,PrepRite-Black-Quart,139,34.75
1306,2025-01-21,2025-01-23,HM20,Black,gallon,PrepRite-Black-Gallon,25,25.0
1307,2025-01-21,2025-01-25,HM25,Black,quart,ProMar200-Black-Quart,166,41.5
1308,2025-01-21,2025-01-24,HM25,Black,gallon,PrepRite-Black-Gallon,39,39.0
1309,2025-01-21,2025-01-23,HM30,Black,pail_5gal,ProMar200-Black-Pail,7,35.0
1310,2025-01-21,2025-01-28,HM30,Black,gallon,ProMar200-Black-Gallon,9,9.0
1311,2025-01-21,2025-01-25,HM43,Red,quart,Emerald-Red-Quart,56,14.0
1312,2025-01-21,2025-01-27,HM43,Red,gallon,Duration-Red-Gallon,65,65.0
1313,2025-01-21,2025-01-29,HM47,Red,pail_5gal,Emerald-Red-Pail,6,30.0
1314,2025-01-21,2025-01-23,HM47,Red,quart,Duration-Red-Quart,330,82.5
1315,2025-01-21,2025-01-22,HM50,Clear,gallon,SuperPaint-Clear-Gallon,45,45.0
1316,2025-01-22,2025-01-24,HM12,Blue/Green,quart,SuperPaint-Blue/Green-Quart,104,26.0
1317,2025-01-22,2025-01-26,HM14,Blue/Green,gallon,Emerald-Blue/Green-Gallon,16,16.0
1318,2025-01-22,2025-01-23,HM25,Black,gallon,PrepRite-Black-Gallon,33,33.0
1319,2025-01-22,2025-01-23,HM36,White,pail_5gal,Duration-White-Pail,6,30.0
1320,2025-01-22,2025-01-28,HM36,White,quart,SuperPaint-White-Quart,94,23.5
1321,2025-01-22,2025-01-23,HM36,White,quart,SuperPaint-White-Quart,153,38.25
1322,2025-01-22,2025-01-26,HM47,Red,quart,Duration-Red-Quart,126,31.5
1323,2025-01-22,2025-01-23,HM47,Red,gallon,Duration-Red-Gallon,26,26.0
1324,2025-01-22,2025-01-23,HM50,Clear,quart,SuperPaint-Clear-Quart,145,36.25
1325,2025-01-22,2025-01-23,HM56,White,quart,SuperPaint-White-Quart,109,27.25
1326,2025-01-23,2025-01-24,HM12,Blue/Green,quart,Emerald-Blue/Green-Quart,111,27.75
1327,2025-01-23,2025-01-30,HM13,Blue/Green,gallon,Emerald-Blue/Green-Gallon,9,9.0
1328,2025-01-23,2025-01-25,HM13,Blue/Green,quart,Emerald-Blue/Green-Quart,289,72.25
1329,2025-01-23,2025-01-28,HM13,Blue/Green,quart,SuperPaint-Blue/Green-Quart,115,28.75
1330,2025-01-23,2025-01-25,HM14,Blue/Green,quart,Emerald-Blue/Green-Quart,58,14.5
1331,2025-01-23,2025-01-25,HM14,Blue/Green,quart,SuperPaint-Blue/Green-Quart,160,40.0
1332,2025-01-23,2025-01-28,HM25,Black,quart,ProMar200-Black-Quart,51,12.75
1333,2025-01-23,2025-01-24,HM25,Black,pail_5gal,ProMar200-Black-Pail,6,30.0
1334,2025-01-23,2025-01-27,HM25,Black,quart,PrepRite-Black-Quart,304,76.0
1335,2025-01-23,2025-01-27,HM30,Black,gallon,PrepRite-Black-Gallon,111,111.0
1336,2025-01-23,2025-01-24,HM30,Black,gallon,ProMar200-Black-Gallon,27,27.0
1337,2025-01-23,2025-01-29,HM36,White,quart,SuperPaint-White-Quart,98,24.5
1338,2025-01-23,2025-01-26,HM36,White,quart,SuperPaint-White-Quart,120,30.0
1339,2025-01-23,2025-01-24,HM47,Red,gallon,Duration-Red-Gallon,51,51.0
1340,2025-01-23,2025-01-24,HM47,Red,gallon,Emerald-Red-Gallon,18,18.0
1341,2025-01-23,2025-01-27,HM56,White,pail_5gal,SuperPaint-White-Pail,7,35.0
1342,2025-01-24,2025-01-26,HM13,Blue/Green,quart,Emerald-Blue/Green-Quart,176,44.0
1343,2025-01-24,2025-02-03,HM13,Blue/Green,gallon,SuperPaint-Blue/Green-Gallon,24,24.0
1344,2025-01-24,2025-02-06,HM14,Blue/Green,pail_5gal,Emerald-Blue/Green-Pail,11,55.0
1345,2025-01-24,2025-01-27,HM14,Blue/Green,quart,SuperPaint-Blue/Green-Quart,50,12.5
1346,2025-01-24,2025-01-26,HM16,Red,quart,Emerald-Red-Quart,146,36.5
1347,2025-01-24,2025-01-25,HM20,Black,gallon,PrepRite-Black-Gallon,30,30.0
1348,2025-01-24,2025-01-26,HM20,Black,pail_5gal,PrepRite-Black-Pail,1,5.0
1349,2025-01-24,2025-01-26,HM25,Black,gallon,ProMar200-Black-Gallon,71,71.0
1350,2025-01-24,2025-01-26,HM25,Black,gallon,ProMar200-Black-Gallon,10,10.0
1351,2025-01-24,2025-01-27,HM25,Black,gallon,ProMar200-Black-Gallon,24,24.0
1352,2025-01-24,2025-01-31,HM25,Black,quart,PrepRite-Black-Quart,96,24.0
1353,2025-01-24,2025-01-26,HM25,Black,quart,PrepRite-Black-Quart,84,21.0
1354,2025-01-24,2025-01-26,HM25,Black,gallon,PrepRite-Black-Gallon,26,26.0
1355,2025-01-24,2025-01-30,HM30,Black,quart,PrepRite-Black-Quart,430,107.5
1356,2025-01-24,2025-01-25,HM30,Black,gallon,ProMar200-Black-Gallon,29,29.0
1357,2025-01-24,2025-01-28,HM36,White,quart,SuperPaint-White-Quart,69,17.25
1358,2025-01-24,2025-01-25,HM47,Red,pail_5gal,Duration-Red-Pail,16,80.0
1359,2025-01-24,2025-02-01,HM47,Red,quart,Emerald-Red-Quart,61,15.25
1360,2025-01-24,2025-01-26,HM56,White,pail_5gal,Duration-White-Pail,1,5.0
1361,2025-01-25,2025-01-27,HM01,White,quart,ProMar200-White-Quart,39,9.75
1362,2025-01-25,2025-01-27,HM01,White,pail_5gal,ProMar200-White-Pail,12,60.0
1363,2025-01-25,2025-01-28,HM13,Blue/Green,quart,Emerald-Blue/Green-Quart,134,33.5
1364,2025-01-25,2025-01-28,HM13,Blue/Green,gallon,Emerald-Blue/Green-Gallon,19,19.0
1365,2025-01-25,2025-01-27,HM13,Blue/Green,quart,Emerald-Blue/Green-Quart,157,39.25
1366,2025-01-25,2025-01-29,HM14,Blue/Green,quart,SuperPaint-Blue/Green-Quart,427,106.75
1367,2025-01-25,2025-01-27,HM20,Black,pail_5gal,ProMar200-Black-Pail,17,85.0
1368,2025-01-25,2025-02-02,HM30,Black,quart,PrepRite-Black-Quart,53,13.25
1369,2025-01-25,2025-01-27,HM30,Black,quart,ProMar200-Black-Quart,300,75.0
1370,2025-01-25,2025-01-28,HM43,Red,pail_5gal,Emerald-Red-Pail,4,20.0
1371,2025-01-25,2025-02-01,HM47,Red,quart,Duration-Red-Quart,149,37.25
1372,2025-01-25,2025-01-30,HM47,Red,pail_5gal,Duration-Red-Pail,5,25.0
1373,2025-01-25,2025-02-03,HM50,Clear,gallon,ProMar200-Clear-Gallon,86,86.0
1374,2025-01-25,2025-01-28,HM50,Clear,quart,ProMar200-Clear-Quart,44,11.0
1375,2025-01-25,2025-02-02,HM50,Clear,gallon,ProMar200-Clear-Gallon,27,27.0
1376,2025-01-25,2025-01-28,HM50,Clear,gallon,ProMar200-Clear-Gallon,44,44.0
1377,2025-01-25,2025-01-28,HM50,Clear,gallon,ProMar200-Clear-Gallon,32,32.0
1378,2025-01-26,2025-01-28,HM01,White,pail_5gal,Duration-White-Pail,5,25.0
1379,2025-01-26,2025-02-01,HM13,Blue/Green,gallon,SuperPaint-Blue/Green-Gallon,32,32.0
1380,2025-01-26,2025-01-29,HM13,Blue/Green,quart,SuperPaint-Blue/Green-Quart,33,8.25
1381,2025-01-26,2025-01-28,HM20,Black,pail_5gal,PrepRite-Black-Pail,3,15.0
1382,2025-01-26,2025-01-29,HM30,Black,pail_5gal,PrepRite-Black-Pail,9,45.0
1383,2025-01-26,2025-01-27,HM30,Black,gallon,PrepRite-Black-Gallon,19,19.0
1384,2025-01-26,2025-01-29,HM43,Red,pail_5gal,Duration-Red-Pail,3,15.0
1385,2025-01-26,2025-01-29,HM43,Red,pail_5gal,Emerald-Red-Pail,5,25.0
1386,2025-01-26,2025-01-28,HM43,Red,pail_5gal,Duration-Red-Pail,3,15.0
1387,2025-01-26,2025-01-28,HM43,Red,gallon,Emerald-Red-Gallon,8,8.0
1388,2025-01-26,2025-01-30,HM43,Red,pail_5gal,Duration-Red-Pail,6,30.0
1389,2025-01-27,2025-01-28,HM01,White,gallon,ProMar200-White-Gallon,28,28.0
1390,2025-01-27,2025-01-30,HM01,White,gallon,ProMar200-White-Gallon,35,35.0
1391,2025-01-27,2025-01-28,HM12,Blue/Green,quart,SuperPaint-Blue/Green-Quart,94,23.5
1392,2025-01-27,2025-01-29,HM13,Blue/Green,quart,Emerald-Blue/Green-Quart,237,59.25
1393,2025-01-27,2025-01-29,HM16,Red,pail_5gal,Emerald-Red-Pail,6,30.0
1394,2025-01-27,2025-02-01,HM25,Black,gallon,PrepRite-Black-Gallon,31,31.0
1395,2025-01-27,2025-01-29,HM25,Black,quart,PrepRite-Black-Quart,70,17.5
1396,2025-01-27,2025-01-28,HM25,Black,gallon,PrepRite-Black-Gallon,130,130.0
1397,2025-01-27,2025-02-02,HM25,Black,quart,PrepRite-Black-Quart,267,66.75
1398,2025-01-27,2025-01-29,HM30,Black,quart,PrepRite-Black-Quart,99,24.75
1399,2025-01-27,2025-02-01,HM30,Black,gallon,ProMar200-Black-Gallon,28,28.0
1400,2025-01-27,2025-01-30,HM36,White,quart,Duration-White-Quart,31,7.75
1401,2025-01-27,2025-01-30,HM43,Red,pail_5gal,Duration-Red-Pail,8,40.0
1402,2025-01-27,2025-01-28,HM43,Red,pail_5gal,Emerald-Red-Pail,4,20.0
1403,2025-01-27,2025-01-29,HM47,Red,gallon,Duration-Red-Gallon,18,18.0
1404,2025-01-27,2025-01-30,HM56,White,quart,ProMar200-White-Quart,118,29.5
1405,2025-01-28,2025-01-30,HM01,White,gallon,Duration-White-Gallon,44,44.0
1406,2025-01-28,2025-02-01,HM12,Blue/Green,gallon,Emerald-Blue/Green-Gallon,27,27.0
1407,2025-01-28,2025-01-31,HM13,Blue/Green,gallon,SuperPaint-Blue/Green-Gallon,18,18.0
1408,2025-01-28,2025-02-01,HM14,Blue/Green,gallon,Emerald-Blue/Green-Gallon,25,25.0
1409,2025-01-28,2025-02-03,HM16,Red,pail_5gal,Duration-Red-Pail,2,10.0
1410,2025-01-28,2025-01-29,HM25,Black,pail_5gal,PrepRite-Black-Pail,11,55.0
1411,2025-01-28,2025-01-30,HM25,Black,gallon,PrepRite-Black-Gallon,33,33.0
1412,2025-01-28,2025-01-30,HM25,Black,gallon,PrepRite-Black-Gallon,38,38.0
1413,2025-01-28,2025-01-30,HM43,Red,quart,Emerald-Red-Quart,87,21.75
1414,2025-01-28,2025-01-31,HM43,Red,gallon,Duration-Red-Gallon,42,42.0
1415,2025-01-28,2025-02-02,HM47,Red,pail_5gal,Duration-Red-Pail,7,35.0
1416,2025-01-28,2025-02-02,HM50,Clear,quart,ProMar200-Clear-Quart,181,45.25
1417,2025-01-28,2025-02-01,HM50,Clear,gallon,SuperPaint-Clear-Gallon,17,17.0
1418,2025-01-28,2025-01-31,HM50,Clear,quart,ProMar200-Clear-Quart,80,20.0
1419,2025-01-28,2025-01-30,HM50,Clear,pail_5gal,SuperPaint-Clear-Pail,2,10.0
1420,2025-01-28,2025-01-31,HM56,White,gallon,Duration-White-Gallon,16,16.0
1421,2025-01-29,2025-02-01,HM01,White,quart,SuperPaint-White-Quart,125,31.25
1422,2025-01-29,2025-01-30,HM12,Blue/Green,quart,Emerald-Blue/Green-Quart,130,32.5
1423,2025-01-29,2025-02-01,HM13,Blue/Green,gallon,Emerald-Blue/Green-Gallon,24,24.0
1424,2025-01-29,2025-01-31,HM13,Blue/Green,gallon,SuperPaint-Blue/Green-Gallon,97,97.0
1425,2025-01-29,2025-01-31,HM14,Blue/Green,quart,Emerald-Blue/Green-Quart,81,20.25
1426,2025-01-29,2025-02-04,HM14,Blue/Green,quart,Emerald-Blue/Green-Quart,180,45.0
1427,2025-01-29,2025-01-31,HM14,Blue/Green,quart,SuperPaint-Blue/Green-Quart,174,43.5
1428,2025-01-29,2025-02-02,HM14,Blue/Green,gallon,SuperPaint-Blue/Green-Gallon,56,56.0
1429,2025-01-29,2025-01-30,HM16,Red,pail_5gal,Emerald-Red-Pail,6,30.0
1430,2025-01-29,2025-02-01,HM20,Black,quart,PrepRite-Black-Quart,70,17.5
1431,2025-01-29,2025-01-31,HM25,Black,gallon,PrepRite-Black-Gallon,20,20.0
1432,2025-01-29,2025-01-30,HM30,Black,quart,PrepRite-Black-Quart,122,30.5
1433,2025-01-29,2025-02-04,HM30,Black,quart,ProMar200-Black-Quart,49,12.25
1434,2025-01-29,2025-02-01,HM36,White,pail_5gal,ProMar200-White-Pail,1,5.0
1435,2025-01-29,2025-01-31,HM50,Clear,quart,ProMar200-Clear-Quart,110,27.5
1436,2025-01-29,2025-02-03,HM50,Clear,pail_5gal,ProMar200-Clear-Pail,4,20.0
1437,2025-01-29,2025-02-01,HM56,White,pail_5gal,ProMar200-White-Pail,4,20.0
1438,2025-01-29,2025-02-05,HM56,White,gallon,SuperPaint-White-Gallon,8,8.0
1439,2025-01-30,2025-01-31,HM01,White,quart,Duration-White-Quart,72,18.0
1440,2025-01-30,2025-02-02,HM14,Blue/Green,pail_5gal,SuperPaint-Blue/Green-Pail,4,20.0
1441,2025-01-30,2025-02-01,HM16,Red,quart,Emerald-Red-Quart,25,6.25
1442,2025-01-30,2025-02-08,HM16,Red,pail_5gal,Emerald-Red-Pail,7,35.0
1443,2025-01-30,2025-02-02,HM20,Black,gallon,ProMar200-Black-Gallon,115,115.0
1444,2025-01-30,2025-02-01,HM25,Black,pail_5gal,PrepRite-Black-Pail,8,40.0
1445,2025-01-30,2025-01-31,HM25,Black,quart,ProMar200-Black-Quart,53,13.25
1446,2025-01-30,2025-02-02,HM25,Black,quart,PrepRite-Black-Quart,151,37.75
1447,2025-01-30,2025-02-06,HM30,Black,pail_5gal,ProMar200-Black-Pail,7,35.0
1448,2025-01-30,2025-02-02,HM30,Black,quart,PrepRite-Black-Quart,52,13.0
1449,2025-01-30,2025-02-03,HM36,White,gallon,Duration-White-Gallon,31,31.0
1450,2025-01-30,2025-02-01,HM43,Red,pail_5gal,Emerald-Red-Pail,4,20.0
1451,2025-01-30,2025-02-01,HM47,Red,pail_5gal,Duration-Red-Pail,4,20.0
1452,2025-01-30,2025-02-01,HM47,Red,quart,Duration-Red-Quart,232,58.0
1453,2025-01-30,2025-02-10,HM50,Clear,gallon,ProMar200-Clear-Gallon,28,28.0
1454,2025-01-30,2025-01-31,HM50,Clear,gallon,SuperPaint-Clear-Gallon,82,82.0
1455,2025-01-31,2025-02-01,HM01,White,gallon,ProMar200-White-Gallon,25,25.0
1456,2025-01-31,2025-02-02,HM01,White,quart,Duration-White-Quart,141,35.25
1457,2025-01-31,2025-02-02,HM12,Blue/Green,quart,SuperPaint-Blue/Green-Quart,68,17.0
1458,2025-01-31,2025-02-03,HM12,Blue/Green,gallon,SuperPaint-Blue/Green-Gallon,120,120.0
1459,2025-01-31,2025-02-05,HM12,Blue/Green,gallon,Emerald-Blue/Green-Gallon,56,56.0
1460,2025-01-31,2025-02-03,HM12,Blue/Green,gallon,Emerald-Blue/Green-Gallon,28,28.0
1461,2025-01-31,2025-02-02,HM13,Blue/Green,gallon,Emerald-Blue/Green-Gallon,15,15.0
1462,2025-01-31,2025-02-02,HM16,Red,gallon,Duration-Red-Gallon,76,76.0
1463,2025-01-31,2025-02-03,HM16,Red,gallon,Emerald-Red-Gallon,65,65.0
1464,2025-01-31,2025-02-01,HM20,Black,gallon,ProMar200-Black-Gallon,33,33.0
1465,2025-01-31,2025-02-02,HM20,Black,quart,ProMar200-Black-Quart,85,21.25
1466,2025-01-31,2025-02-02,HM25,Black,pail_5gal,ProMar200-Black-Pail,3,15.0
1467,2025-01-31,2025-02-01,HM25,Black,pail_5gal,PrepRite-Black-Pail,3,15.0
1468,2025-01-31,2025-02-02,HM36,White,gallon,Duration-White-Gallon,32,32.0
1469,2025-01-31,2025-02-03,HM36,White,quart,ProMar200-White-Quart,228,57.0
1470,2025-01-31,2025-02-02,HM43,Red,gallon,Duration-Red-Gallon,38,38.0
1471,2025-01-31,2025-02-02,HM43,Red,gallon,Emerald-Red-Gallon,25,25.0
1472,2025-01-31,2025-02-04,HM47,Red,gallon,Emerald-Red-Gallon,48,48.0
1473,2025-01-31,2025-02-04,HM50,Clear,gallon,ProMar200-Clear-Gallon,85,85.0
1474,2025-01-31,2025-02-03,HM56,White,gallon,Duration-White-Gallon,28,28.0
1475,2025-02-01,2025-02-07,HM14,Blue/Green,quart,Emerald-Blue/Green-Quart,156,39.0
1476,2025-02-01,2025-02-03,HM16,Red,gallon,Duration-Red-Gallon,68,68.0
1477,2025-02-01,2025-02-02,HM30,Black,gallon,PrepRite-Black-Gallon,33,33.0
1478,2025-02-01,2025-02-02,HM47,Red,gallon,Duration-Red-Gallon,23,23.0
1479,2025-02-01,2025-02-05,HM50,Clear,quart,ProMar200-Clear-Quart,204,51.0
1480,2025-02-01,2025-02-03,HM50,Clear,quart,SuperPaint-Clear-Quart,95,23.75
1481,2025-02-01,2025-02-03,HM50,Clear,pail_5gal,ProMar200-Clear-Pail,9,45.0
1482,2025-02-01,2025-02-04,HM56,White,pail_5gal,Duration-White-Pail,6,30.0
1483,2025-02-02,2025-02-04,HM12,Blue/Green,gallon,Emerald-Blue/Green-Gallon,86,86.0
1484,2025-02-02,2025-02-05,HM12,Blue/Green,pail_5gal,SuperPaint-Blue/Green-Pail,2,10.0
1485,2025-02-02,2025-02-04,HM13,Blue/Green,gallon,Emerald-Blue/Green-Gallon,17,17.0
1486,2025-02-02,2025-02-03,HM14,Blue/Green,pail_5gal,SuperPaint-Blue/Green-Pail,7,35.0
1487,2025-02-02,2025-02-11,HM20,Black,gallon,ProMar200-Black-Gallon,16,16.0
1488,2025-02-02,2025-02-03,HM25,Black,gallon,ProMar200-Black-Gallon,19,19.0
1489,2025-02-02,2025-02-03,HM30,Black,gallon,PrepRite-Black-Gallon,70,70.0
1490,2025-02-02,2025-02-12,HM47,Red,gallon,Emerald-Red-Gallon,12,12.0
1491,2025-02-02,2025-02-07,HM50,Clear,gallon,SuperPaint-Clear-Gallon,25,25.0
1492,2025-02-02,2025-02-06,HM56,White,gallon,ProMar200-White-Gallon,9,9.0
1493,2025-02-02,2025-02-06,HM56,White,gallon,SuperPaint-White-Gallon,59,59.0
1494,2025-02-03,2025-02-06,HM01,White,quart,ProMar200-White-Quart,192,48.0
1495,2025-02-03,2025-02-05,HM12,Blue/Green,quart,Emerald-Blue/Green-Quart,362,90.5
1496,2025-02-03,2025-02-04,HM13,Blue/Green,pail_5gal,SuperPaint-Blue/Green-Pail,9,45.0
1497,2025-02-03,2025-02-06,HM16,Red,quart,Duration-Red-Quart,64,16.0
1498,2025-02-03,2025-02-10,HM16,Red,gallon,Emerald-Red-Gallon,53,53.0
1499,2025-02-03,2025-02-05,HM20,Black,gallon,PrepRite-Black-Gallon,20,20.0
1500,2025-02-03,2025-02-04,HM20,Black,gallon,PrepRite-Black-Gallon,12,12.0
1501,2025-02-03,2025-02-05,HM20,Black,gallon,ProMar200-Black-Gallon,60,60.0
1502,2025-02-03,2025-02-08,HM25,Black,gallon,ProMar200-Black-Gallon,73,73.0
1503,2025-02-03,2025-02-05,HM30,Black,pail_5gal,ProMar200-Black-Pail,6,30.0
1504,2025-02-03,2025-02-10,HM36,White,gallon,Duration-White-Gallon,36,36.0
1505,2025-02-03,2025-02-05,HM43,Red,quart,Duration-Red-Quart,115,28.75
1506,2025-02-03,2025-02-07,HM43,Red,pail_5gal,Emerald-Red-Pail,11,55.0
1507,2025-02-03,2025-02-05,HM43,Red,pail_5gal,Duration-Red-Pail,9,45.0
1508,2025-02-03,2025-02-04,HM47,Red,quart,Duration-Red-Quart,69,17.25
1509,2025-02-03,2025-02-05,HM47,Red,gallon,Duration-Red-Gallon,24,24.0
1510,2025-02-04,2025-02-10,HM01,White,pail_5gal,Duration-White-Pail,8,40.0
1511,2025-02-04,2025-02-07,HM01,White,pail_5gal,Duration-White-Pail,1,5.0
1512,2025-02-04,2025-02-06,HM01,White,quart,Duration-White-Quart,64,16.0
1513,2025-02-04,2025-02-08,HM12,Blue/Green,gallon,SuperPaint-Blue/Green-Gallon,23,23.0
1514,2025-02-04,2025-02-05,HM12,Blue/Green,quart,SuperPaint-Blue/Green-Quart,93,23.25
1515,2025-02-04,2025-02-07,HM12,Blue/Green,quart,Emerald-Blue/Green-Quart,92,23.0
1516,2025-02-04,2025-02-05,HM13,Blue/Green,quart,SuperPaint-Blue/Green-Quart,55,13.75
1517,2025-02-04,2025-02-06,HM20,Black,quart,ProMar200-Black-Quart,109,27.25
1518,2025-02-04,2025-02-05,HM25,Black,gallon,ProMar200-Black-Gallon,24,24.0
1519,2025-02-04,2025-02-07,HM25,Black,pail_5gal,ProMar200-Black-Pail,8,40.0
1520,2025-02-04,2025-02-10,HM30,Black,pail_5gal,ProMar200-Black-Pail,2,10.0
1521,2025-02-04,2025-02-11,HM30,Black,pail_5gal,PrepRite-Black-Pail,3,15.0
1522,2025-02-04,2025-02-07,HM36,White,quart,Duration-White-Quart,37,9.25
1523,2025-02-04,2025-02-05,HM36,White,quart,Duration-White-Quart,144,36.0
1524,2025-02-04,2025-02-06,HM36,White,gallon,ProMar200-White-Gallon,16,16.0
1525,2025-02-04,2025-02-05,HM43,Red,gallon,Duration-Red-Gallon,27,27.0
1526,2025-02-04,2025-02-07,HM43,Red,gallon,Duration-Red-Gallon,21,21.0
1527,2025-02-04,2025-02-05,HM47,Red,quart,Duration-Red-Quart,177,44.25
1528,2025-02-04,2025-02-05,HM47,Red,quart,Duration-Red-Quart,133,33.25
1529,2025-02-05,2025-02-07,HM01,White,gallon,ProMar200-White-Gallon,74,74.0
1530,2025-02-05,2025-02-08,HM12,Blue/Green,pail_5gal,SuperPaint-Blue/Green-Pail,5,25.0
1531,2025-02-05,2025-02-06,HM12,Blue/Green,gallon,Emerald-Blue/Green-Gallon,25,25.0
1532,2025-02-05,2025-02-09,HM13,Blue/Green,quart,Emerald-Blue/Green-Quart,117,29.25
1533,2025-02-05,2025-02-06,HM13,Blue/Green,gallon,SuperPaint-Blue/Green-Gallon,88,88.0
1534,2025-02-05,2025-02-08,HM16,Red,gallon,Emerald-Red-Gallon,36,36.0
1535,2025-02-05,2025-02-12,HM16,Red,quart,Emerald-Red-Quart,54,13.5
1536,2025-02-05,2025-02-08,HM16,Red,pail_5gal,Duration-Red-Pail,7,35.0
1537,2025-02-05,2025-02-07,HM16,Red,gallon,Emerald-Red-Gallon,6,6.0
1538,2025-02-05,2025-02-10,HM20,Black,gallon,PrepRite-Black-Gallon,14,14.0
1539,2025-02-05,2025-02-08,HM20,Black,quart,ProMar200-Black-Quart,119,29.75
1540,2025-02-05,2025-02-07,HM25,Black,gallon,PrepRite-Black-Gallon,70,70.0
1541,2025-02-05,2025-02-07,HM25,Black,quart,ProMar200-Black-Quart,103,25.75
1542,2025-02-05,2025-02-10,HM30,Black,pail_5gal,PrepRite-Black-Pail,7,35.0
1543,2025-02-05,2025-02-07,HM30,Black,gallon,PrepRite-Black-Gallon,27,27.0
1544,2025-02-05,2025-02-08,HM30,Black,quart,PrepRite-Black-Quart,53,13.25
1545,2025-02-05,2025-02-07,HM30,Black,gallon,ProMar200-Black-Gallon,38,38.0
1546,2025-02-05,2025-02-08,HM43,Red,gallon,Duration-Red-Gallon,24,24.0
1547,2025-02-05,2025-02-07,HM43,Red,pail_5gal,Duration-Red-Pail,7,35.0
1548,2025-02-05,2025-02-08,HM47,Red,quart,Emerald-Red-Quart,127,31.75
1549,2025-02-05,2025-02-08,HM50,Clear,quart,SuperPaint-Clear-Quart,168,42.0
1550,2025-02-05,2025-02-06,HM50,Clear,gallon,SuperPaint-Clear-Gallon,18,18.0
1551,2025-02-06,2025-02-07,HM12,Blue/Green,gallon,SuperPaint-Blue/Green-Gallon,41,41.0
1552,2025-02-06,2025-02-12,HM12,Blue/Green,quart,SuperPaint-Blue/Green-Quart,74,18.5
1553,2025-02-06,2025-02-09,HM12,Blue/Green,gallon,SuperPaint-Blue/Green-Gallon,10,10.0
1554,2025-02-06,2025-02-07,HM12,Blue/Green,gallon,Emerald-Blue/Green-Gallon,39,39.0
1555,2025-02-06,2025-02-07,HM14,Blue/Green,quart,SuperPaint-Blue/Green-Quart,348,87.0
1556,2025-02-06,2025-02-14,HM16,Red,gallon,Emerald-Red-Gallon,23,23.0
1557,2025-02-06,2025-02-10,HM16,Red,quart,Emerald-Red-Quart,62,15.5
1558,2025-02-06,2025-02-10,HM16,Red,gallon,Emerald-Red-Gallon,27,27.0
1559,2025-02-06,2025-02-10,HM16,Red,pail_5gal,Emerald-Red-Pail,10,50.0
1560,2025-02-06,2025-02-07,HM20,Black,quart,PrepRite-Black-Quart,159,39.75
1561,2025-02-06,2025-02-08,HM20,Black,quart,PrepRite-Black-Quart,45,11.25
1562,2025-02-06,2025-02-07,HM25,Black,quart,PrepRite-Black-Quart,177,44.25
1563,2025-02-06,2025-02-17,HM25,Black,quart,ProMar200-Black-Quart,104,26.0
1564,2025-02-06,2025-02-07,HM30,Black,quart,ProMar200-Black-Quart,73,18.25
1565,2025-02-06,2025-02-07,HM47,Red,quart,Duration-Red-Quart,55,13.75
1566,2025-02-06,2025-02-15,HM47,Red,pail_5gal,Duration-Red-Pail,6,30.0
1567,2025-02-06,2025-02-08,HM50,Clear,gallon,ProMar200-Clear-Gallon,23,23.0
1568,2025-02-06,2025-02-08,HM50,Clear,quart,ProMar200-Clear-Quart,221,55.25
1569,2025-02-06,2025-02-07,HM56,White,quart,Duration-White-Quart,44,11.0
1570,2025-02-06,2025-02-07,HM56,White,quart,ProMar200-White-Quart,30,7.5
1571,2025-02-06,2025-02-08,HM56,White,pail_5gal,Duration-White-Pail,4,20.0
1572,2025-02-06,2025-02-11,HM56,White,quart,ProMar200-White-Quart,345,86.25
1573,2025-02-06,2025-02-08,HM56,White,pail_5gal,ProMar200-White-Pail,5,25.0
1574,2025-02-06,2025-02-08,HM56,White,gallon,Duration-White-Gallon,73,73.0
1575,2025-02-07,2025-02-12,HM01,White,gallon,ProMar200-White-Gallon,52,52.0
1576,2025-02-07,2025-02-10,HM01,White,quart,ProMar200-White-Quart,73,18.25
1577,2025-02-07,2025-02-09,HM01,White,quart,Duration-White-Quart,38,9.5
1578,2025-02-07,2025-02-14,HM01,White,gallon,ProMar200-White-Gallon,70,70.0
1579,2025-02-07,2025-02-10,HM12,Blue/Green,quart,SuperPaint-Blue/Green-Quart,99,24.75
1580,2025-02-07,2025-02-18,HM13,Blue/Green,quart,Emerald-Blue/Green-Quart,23,5.75
1581,2025-02-07,2025-02-08,HM13,Blue/Green,gallon,Emerald-Blue/Green-Gallon,125,125.0
1582,2025-02-07,2025-02-09,HM13,Blue/Green,gallon,Emerald-Blue/Green-Gallon,55,55.0
1583,2025-02-07,2025-02-13,HM14,Blue/Green,quart,SuperPaint-Blue/Green-Quart,117,29.25
1584,2025-02-07,2025-02-08,HM16,Red,gallon,Emerald-Red-Gallon,37,37.0
1585,2025-02-07,2025-02-08,HM20,Black,quart,ProMar200-Black-Quart,26,6.5
1586,2025-02-07,2025-02-10,HM25,Black,pail_5gal,ProMar200-Black-Pail,6,30.0
1587,2025-02-07,2025-02-08,HM25,Black,gallon,ProMar200-Black-Gallon,45,45.0
1588,2025-02-07,2025-02-12,HM30,Black,quart,PrepRite-Black-Quart,108,27.0
1589,2025-02-07,2025-02-09,HM30,Black,quart,ProMar200-Black-Quart,147,36.75
1590,2025-02-07,2025-02-09,HM30,Black,pail_5gal,PrepRite-Black-Pail,6,30.0
1591,2025-02-07,2025-02-11,HM30,Black,gallon,ProMar200-Black-Gallon,20,20.0
1592,2025-02-07,2025-02-11,HM36,White,quart,Duration-White-Quart,51,12.75
1593,2025-02-07,2025-02-09,HM36,White,pail_5gal,ProMar200-White-Pail,3,15.0
1594,2025-02-07,2025-02-13,HM36,White,gallon,SuperPaint-White-Gallon,11,11.0
1595,2025-02-07,2025-02-13,HM36,White,quart,SuperPaint-White-Quart,79,19.75
1596,2025-02-07,2025-02-08,HM47,Red,quart,Emerald-Red-Quart,127,31.75
1597,2025-02-07,2025-02-08,HM47,Red,quart,Emerald-Red-Quart,293,73.25
1598,2025-02-07,2025-02-10,HM47,Red,quart,Duration-Red-Quart,63,15.75
1599,2025-02-07,2025-02-10,HM50,Clear,quart,ProMar200-Clear-Quart,333,83.25
1600,2025-02-07,2025-02-11,HM50,Clear,quart,ProMar200-Clear-Quart,76,19.0
1601,2025-02-07,2025-02-09,HM56,White,quart,ProMar200-White-Quart,86,21.5
1602,2025-02-08,2025-02-14,HM01,White,gallon,SuperPaint-White-Gallon,17,17.0
1603,2025-02-08,2025-02-10,HM12,Blue/Green,quart,SuperPaint-Blue/Green-Quart,63,15.75
1604,2025-02-08,2025-02-12,HM12,Blue/Green,quart,SuperPaint-Blue/Green-Quart,43,10.75
1605,2025-02-08,2025-02-09,HM12,Blue/Green,quart,Emerald-Blue/Green-Quart,46,11.5
1606,2025-02-08,2025-02-10,HM13,Blue/Green,quart,Emerald-Blue/Green-Quart,114,28.5
1607,2025-02-08,2025-02-12,HM13,Blue/Green,gallon,Emerald-Blue/Green-Gallon,19,19.0
1608,2025-02-08,2025-02-12,HM14,Blue/Green,gallon,SuperPaint-Blue/Green-Gallon,111,111.0
1609,2025-02-08,2025-02-09,HM14,Blue/Green,gallon,Emerald-Blue/Green-Gallon,29,29.0
1610,2025-02-08,2025-02-10,HM20,Black,quart,PrepRite-Black-Quart,181,45.25
1611,2025-02-08,2025-02-11,HM25,Black,gallon,PrepRite-Black-Gallon,62,62.0
1612,2025-02-08,2025-02-11,HM36,White,quart,ProMar200-White-Quart,159,39.75
1613,2025-02-08,2025-02-09,HM43,Red,quart,Emerald-Red-Quart,94,23.5
1614,2025-02-08,2025-02-10,HM43,Red,pail_5gal,Duration-Red-Pail,8,40.0
1615,2025-02-08,2025-02-22,HM43,Red,quart,Duration-Red-Quart,154,38.5
1616,2025-02-08,2025-02-10,HM43,Red,gallon,Emerald-Red-Gallon,47,47.0
1617,2025-02-08,2025-02-09,HM50,Clear,gallon,ProMar200-Clear-Gallon,39,39.0
1618,2025-02-08,2025-02-09,HM56,White,quart,Duration-White-Quart,192,48.0
1619,2025-02-08,2025-02-10,HM56,White,quart,SuperPaint-White-Quart,33,8.25
1620,2025-02-09,2025-02-14,HM01,White,gallon,Duration-White-Gallon,36,36.0
1621,2025-02-09,2025-02-18,HM01,White,gallon,ProMar200-White-Gallon,15,15.0
1622,2025-02-09,2025-02-11,HM01,White,quart,SuperPaint-White-Quart,118,29.5
1623,2025-02-09,2025-02-11,HM12,Blue/Green,gallon,SuperPaint-Blue/Green-Gallon,21,21.0
1624,2025-02-09,2025-02-16,HM13,Blue/Green,quart,Emerald-Blue/Green-Quart,81,20.25
1625,2025-02-09,2025-02-12,HM16,Red,quart,Emerald-Red-Quart,120,30.0
1626,2025-02-09,2025-02-15,HM20,Black,gallon,ProMar200-Black-Gallon,20,20.0
1627,2025-02-09,2025-02-10,HM25,Black,gallon,PrepRite-Black-Gallon,18,18.0
1628,2025-02-09,2025-02-11,HM43,Red,pail_5gal,Emerald-Red-Pail,6,30.0
1629,2025-02-09,2025-02-13,HM43,Red,gallon,Emerald-Red-Gallon,20,20.0
1630,2025-02-09,2025-02-10,HM50,Clear,gallon,ProMar200-Clear-Gallon,39,39.0
1631,2025-02-09,2025-02-14,HM50,Clear,gallon,ProMar200-Clear-Gallon,43,43.0
1632,2025-02-09,2025-02-12,HM50,Clear,quart,SuperPaint-Clear-Quart,153,38.25
1633,2025-02-09,2025-02-14,HM56,White,gallon,ProMar200-White-Gallon,29,29.0
1634,2025-02-10,2025-02-11,HM01,White,pail_5gal,Duration-White-Pail,7,35.0
1635,2025-02-10,2025-02-15,HM01,White,quart,Duration-White-Quart,27,6.75
1636,2025-02-10,2025-02-14,HM01,White,quart,ProMar200-White-Quart,105,26.25
1637,2025-02-10,2025-02-12,HM01,White,gallon,SuperPaint-White-Gallon,45,45.0
1638,2025-02-10,2025-02-19,HM12,Blue/Green,quart,SuperPaint-Blue/Green-Quart,155,38.75
1639,2025-02-10,2025-02-13,HM12,Blue/Green,gallon,SuperPaint-Blue/Green-Gallon,27,27.0
1640,2025-02-10,2025-02-13,HM13,Blue/Green,gallon,SuperPaint-Blue/Green-Gallon,23,23.0
1641,2025-02-10,2025-02-17,HM14,Blue/Green,pail_5gal,Emerald-Blue/Green-Pail,4,20.0
1642,2025-02-10,2025-02-12,HM14,Blue/Green,gallon,SuperPaint-Blue/Green-Gallon,9,9.0
1643,2025-02-10,2025-02-11,HM14,Blue/Green,quart,Emerald-Blue/Green-Quart,75,18.75
1644,2025-02-10,2025-02-13,HM14,Blue/Green,pail_5gal,Emerald-Blue/Green-Pail,10,50.0
1645,2025-02-10,2025-02-14,HM14,Blue/Green,quart,Emerald-Blue/Green-Quart,80,20.0
1646,2025-02-10,2025-02-12,HM16,Red,gallon,Emerald-Red-Gallon,34,34.0
1647,2025-02-10,2025-02-11,HM16,Red,gallon,Emerald-Red-Gallon,22,22.0
1648,2025-02-10,2025-02-13,HM16,Red,quart,Duration-Red-Quart,112,28.0
1649,2025-02-10,2025-02-11,HM20,Black,gallon,PrepRite-Black-Gallon,27,27.0
1650,2025-02-10,2025-02-11,HM20,Black,quart,ProMar200-Black-Quart,83,20.75
1651,2025-02-10,2025-02-11,HM25,Black,gallon,PrepRite-Black-Gallon,107,107.0
1652,2025-02-10,2025-02-12,HM25,Black,gallon,ProMar200-Black-Gallon,58,58.0
1653,2025-02-10,2025-02-13,HM36,White,gallon,SuperPaint-White-Gallon,16,16.0
1654,2025-02-10,2025-02-11,HM36,White,quart,Duration-White-Quart,149,37.25
1655,2025-02-10,2025-02-14,HM36,White,gallon,ProMar200-White-Gallon,59,59.0
1656,2025-02-10,2025-02-13,HM36,White,gallon,ProMar200-White-Gallon,21,21.0
1657,2025-02-10,2025-02-14,HM43,Red,pail_5gal,Emerald-Red-Pail,7,35.0
1658,2025-02-10,2025-02-12,HM47,Red,quart,Emerald-Red-Quart,81,20.25
1659,2025-02-10,2025-02-17,HM47,Red,gallon,Emerald-Red-Gallon,55,55.0
1660,2025-02-10,2025-02-13,HM47,Red,quart,Emerald-Red-Quart,48,12.0
1661,2025-02-10,2025-02-12,HM47,Red,quart,Emerald-Red-Quart,47,11.75
1662,2025-02-10,2025-02-12,HM50,Clear,pail_5gal,ProMar200-Clear-Pail,6,30.0
1663,2025-02-10,2025-02-12,HM50,Clear,gallon,SuperPaint-Clear-Gallon,26,26.0
1664,2025-02-10,2025-02-13,HM50,Clear,gallon,ProMar200-Clear-Gallon,34,34.0
1665,2025-02-10,2025-02-16,HM50,Clear,quart,ProMar200-Clear-Quart,60,15.0
1666,2025-02-10,2025-02-12,HM56,White,pail_5gal,Duration-White-Pail,4,20.0
1667,2025-02-10,2025-02-14,HM56,White,gallon,Duration-White-Gallon,36,36.0
1668,2025-02-11,2025-02-13,HM01,White,quart,Duration-White-Quart,54,13.5
1669,2025-02-11,2025-02-13,HM12,Blue/Green,quart,SuperPaint-Blue/Green-Quart,266,66.5
1670,2025-02-11,2025-02-13,HM12,Blue/Green,gallon,SuperPaint-Blue/Green-Gallon,35,35.0
1671,2025-02-11,2025-02-17,HM12,Blue/Green,quart,SuperPaint-Blue/Green-Quart,42,10.5
1672,2025-02-11,2025-02-14,HM13,Blue/Green,gallon,SuperPaint-Blue/Green-Gallon,55,55.0
1673,2025-02-11,2025-02-14,HM16,Red,pail_5gal,Emerald-Red-Pail,6,30.0
1674,2025-02-11,2025-02-13,HM25,Black,quart,ProMar200-Black-Quart,142,35.5
1675,2025-02-11,2025-02-12,HM25,Black,gallon,PrepRite-Black-Gallon,29,29.0
1676,2025-02-11,2025-02-22,HM30,Black,gallon,PrepRite-Black-Gallon,17,17.0
1677,2025-02-11,2025-02-16,HM36,White,gallon,Duration-White-Gallon,58,58.0
1678,2025-02-11,2025-02-14,HM36,White,quart,ProMar200-White-Quart,272,68.0
1679,2025-02-11,2025-02-13,HM43,Red,gallon,Emerald-Red-Gallon,33,33.0
1680,2025-02-11,2025-02-15,HM43,Red,quart,Duration-Red-Quart,72,18.0
1681,2025-02-11,2025-02-15,HM47,Red,gallon,Emerald-Red-Gallon,28,28.0
1682,2025-02-11,2025-02-13,HM47,Red,gallon,Duration-Red-Gallon,38,38.0
1683,2025-02-11,2025-02-14,HM47,Red,pail_5gal,Emerald-Red-Pail,8,40.0
1684,2025-02-11,2025-02-12,HM50,Clear,gallon,SuperPaint-Clear-Gallon,33,33.0
1685,2025-02-12,2025-02-14,HM01,White,quart,ProMar200-White-Quart,89,22.25
1686,2025-02-12,2025-02-14,HM12,Blue/Green,quart,Emerald-Blue/Green-Quart,268,67.0
1687,2025-02-12,2025-02-16,HM13,Blue/Green,quart,Emerald-Blue/Green-Quart,107,26.75
1688,2025-02-12,2025-02-14,HM13,Blue/Green,gallon,SuperPaint-Blue/Green-Gallon,91,91.0
1689,2025-02-12,2025-02-22,HM13,Blue/Green,quart,Emerald-Blue/Green-Quart,51,12.75
1690,2025-02-12,2025-02-18,HM13,Blue/Green,quart,Emerald-Blue/Green-Quart,274,68.5
1691,2025-02-12,2025-02-14,HM16,Red,quart,Emerald-Red-Quart,214,53.5
1692,2025-02-12,2025-02-20,HM16,Red,quart,Emerald-Red-Quart,186,46.5
1693,2025-02-12,2025-02-14,HM20,Black,gallon,ProMar200-Black-Gallon,52,52.0
1694,2025-02-12,2025-02-17,HM20,Black,quart,ProMar200-Black-Quart,44,11.0
1695,2025-02-12,2025-02-18,HM25,Black,gallon,PrepRite-Black-Gallon,43,43.0
1696,2025-02-12,2025-02-14,HM30,Black,quart,PrepRite-Black-Quart,133,33.25
1697,2025-02-12,2025-02-14,HM30,Black,gallon,PrepRite-Black-Gallon,50,50.0
1698,2025-02-12,2025-02-14,HM36,White,quart,ProMar200-White-Quart,36,9.0
1699,2025-02-12,2025-02-14,HM43,Red,gallon,Duration-Red-Gallon,45,45.0
1700,2025-02-12,2025-02-18,HM47,Red,gallon,Duration-Red-Gallon,39,39.0
1701,2025-02-12,2025-02-14,HM47,Red,pail_5gal,Duration-Red-Pail,3,15.0
1702,2025-02-12,2025-02-14,HM56,White,quart,SuperPaint-White-Quart,268,67.0
1703,2025-02-12,2025-02-13,HM56,White,gallon,SuperPaint-White-Gallon,21,21.0
1704,2025-02-13,2025-02-16,HM12,Blue/Green,quart,SuperPaint-Blue/Green-Quart,105,26.25
1705,2025-02-13,2025-02-17,HM12,Blue/Green,pail_5gal,Emerald-Blue/Green-Pail,8,40.0
1706,2025-02-13,2025-02-16,HM13,Blue/Green,gallon,Emerald-Blue/Green-Gallon,36,36.0
1707,2025-02-13,2025-02-14,HM13,Blue/Green,pail_5gal,SuperPaint-Blue/Green-Pail,3,15.0
1708,2025-02-13,2025-02-16,HM14,Blue/Green,quart,SuperPaint-Blue/Green-Quart,114,28.5
1709,2025-02-13,2025-02-18,HM16,Red,quart,Duration-Red-Quart,168,42.0
1710,2025-02-13,2025-02-27,HM20,Black,gallon,PrepRite-Black-Gallon,24,24.0
1711,2025-02-13,2025-02-26,HM20,Black,gallon,PrepRite-Black-Gallon,12,12.0
1712,2025-02-13,2025-02-15,HM20,Black,quart,PrepRite-Black-Quart,322,80.5
1713,2025-02-13,2025-02-16,HM25,Black,pail_5gal,ProMar200-Black-Pail,3,15.0
1714,2025-02-13,2025-02-15,HM36,White,quart,SuperPaint-White-Quart,57,14.25
1715,2025-02-13,2025-02-14,HM36,White,quart,ProMar200-White-Quart,240,60.0
1716,2025-02-13,2025-02-21,HM36,White,quart,Duration-White-Quart,167,41.75
1717,2025-02-13,2025-02-18,HM56,White,pail_5gal,Duration-White-Pail,2,10.0
1718,2025-02-13,2025-02-16,HM56,White,pail_5gal,ProMar200-White-Pail,4,20.0
1719,2025-02-14,2025-02-17,HM12,Blue/Green,quart,Emerald-Blue/Green-Quart,54,13.5
1720,2025-02-14,2025-02-15,HM12,Blue/Green,quart,SuperPaint-Blue/Green-Quart,53,13.25
1721,2025-02-14,2025-02-18,HM13,Blue/Green,quart,Emerald-Blue/Green-Quart,71,17.75
1722,2025-02-14,2025-02-17,HM13,Blue/Green,gallon,Emerald-Blue/Green-Gallon,18,18.0
1723,2025-02-14,2025-02-16,HM13,Blue/Green,quart,SuperPaint-Blue/Green-Quart,79,19.75
1724,2025-02-14,2025-02-15,HM13,Blue/Green,gallon,Emerald-Blue/Green-Gallon,37,37.0
1725,2025-02-14,2025-02-22,HM14,Blue/Green,gallon,Emerald-Blue/Green-Gallon,11,11.0
1726,2025-02-14,2025-02-18,HM16,Red,gallon,Emerald-Red-Gallon,35,35.0
1727,2025-02-14,2025-02-15,HM16,Red,quart,Duration-Red-Quart,56,14.0
1728,2025-02-14,2025-02-17,HM20,Black,gallon,ProMar200-Black-Gallon,32,32.0
1729,2025-02-14,2025-02-19,HM20,Black,gallon,PrepRite-Black-Gallon,67,67.0
1730,2025-02-14,2025-02-18,HM20,Black,gallon,ProMar200-Black-Gallon,15,15.0
1731,2025-02-14,2025-02-20,HM20,Black,pail_5gal,PrepRite-Black-Pail,9,45.0
1732,2025-02-14,2025-02-17,HM30,Black,gallon,ProMar200-Black-Gallon,18,18.0
1733,2025-02-14,2025-02-16,HM30,Black,pail_5gal,ProMar200-Black-Pail,13,65.0
1734,2025-02-14,2025-02-18,HM30,Black,pail_5gal,PrepRite-Black-Pail,13,65.0
1735,2025-02-14,2025-02-16,HM50,Clear,quart,SuperPaint-Clear-Quart,75,18.75
1736,2025-02-14,2025-02-17,HM50,Clear,pail_5gal,SuperPaint-Clear-Pail,8,40.0
1737,2025-02-14,2025-02-17,HM50,Clear,quart,SuperPaint-Clear-Quart,89,22.25
1738,2025-02-14,2025-02-15,HM56,White,gallon,ProMar200-White-Gallon,11,11.0
1739,2025-02-15,2025-02-19,HM01,White,gallon,Duration-White-Gallon,47,47.0
1740,2025-02-15,2025-02-18,HM12,Blue/Green,quart,SuperPaint-Blue/Green-Quart,197,49.25
1741,2025-02-15,2025-02-16,HM12,Blue/Green,quart,SuperPaint-Blue/Green-Quart,96,24.0
1742,2025-02-15,2025-02-17,HM12,Blue/Green,quart,Emerald-Blue/Green-Quart,145,36.25
1743,2025-02-15,2025-02-20,HM16,Red,gallon,Emerald-Red-Gallon,67,67.0
1744,2025-02-15,2025-02-16,HM20,Black,quart,ProMar200-Black-Quart,80,20.0
1745,2025-02-15,2025-02-17,HM20,Black,quart,ProMar200-Black-Quart,155,38.75
1746,2025-02-15,2025-02-16,HM36,White,gallon,SuperPaint-White-Gallon,23,23.0
1747,2025-02-15,2025-02-16,HM36,White,quart,Duration-White-Quart,314,78.5
1748,2025-02-15,2025-02-18,HM43,Red,pail_5gal,Emerald-Red-Pail,30,150.0
1749,2025-02-15,2025-02-16,HM47,Red,quart,Emerald-Red-Quart,276,69.0
1750,2025-02-15,2025-02-21,HM47,Red,pail_5gal,Emerald-Red-Pail,5,25.0
1751,2025-02-15,2025-02-16,HM47,Red,quart,Duration-Red-Quart,63,15.75
1752,2025-02-15,2025-02-16,HM50,Clear,gallon,ProMar200-Clear-Gallon,23,23.0
1753,2025-02-15,2025-02-17,HM50,Clear,gallon,ProMar200-Clear-Gallon,26,26.0
1754,2025-02-16,2025-02-18,HM12,Blue/Green,quart,SuperPaint-Blue/Green-Quart,207,51.75
1755,2025-02-16,2025-02-17,HM12,Blue/Green,pail_5gal,SuperPaint-Blue/Green-Pail,5,25.0
1756,2025-02-16,2025-02-27,HM13,Blue/Green,quart,Emerald-Blue/Green-Quart,106,26.5
1757,2025-02-16,2025-02-18,HM16,Red,gallon,Duration-Red-Gallon,21,21.0
1758,2025-02-16,2025-02-17,HM16,Red,pail_5gal,Emerald-Red-Pail,2,10.0
1759,2025-02-16,2025-02-18,HM20,Black,pail_5gal,PrepRite-Black-Pail,5,25.0
1760,2025-02-16,2025-02-19,HM20,Black,gallon,PrepRite-Black-Gallon,39,39.0
1761,2025-02-16,2025-02-20,HM30,Black,quart,ProMar200-Black-Quart,213,53.25
1762,2025-02-16,2025-02-26,HM30,Black,quart,ProMar200-Black-Quart,181,45.25
1763,2025-02-16,2025-02-18,HM36,White,quart,SuperPaint-White-Quart,91,22.75
1764,2025-02-16,2025-02-18,HM43,Red,quart,Duration-Red-Quart,72,18.0
1765,2025-02-16,2025-02-18,HM43,Red,gallon,Emerald-Red-Gallon,26,26.0
1766,2025-02-16,2025-02-18,HM47,Red,quart,Emerald-Red-Quart,31,7.75
1767,2025-02-17,2025-02-18,HM01,White,quart,ProMar200-White-Quart,173,43.25
1768,2025-02-17,2025-02-18,HM01,White,quart,ProMar200-White-Quart,92,23.0
1769,2025-02-17,2025-02-19,HM13,Blue/Green,quart,Emerald-Blue/Green-Quart,94,23.5
1770,2025-02-17,2025-02-18,HM20,Black,quart,ProMar200-Black-Quart,44,11.0
1771,2025-02-17,2025-02-19,HM30,Black,gallon,ProMar200-Black-Gallon,17,17.0
1772,2025-02-17,2025-02-19,HM30,Black,gallon,PrepRite-Black-Gallon,38,38.0
1773,2025-02-17,2025-02-20,HM30,Black,gallon,ProMar200-Black-Gallon,31,31.0
1774,2025-02-17,2025-02-20,HM36,White,quart,Duration-White-Quart,241,60.25
1775,2025-02-17,2025-02-19,HM47,Red,gallon,Emerald-Red-Gallon,27,27.0
1776,2025-02-17,2025-02-19,HM47,Red,gallon,Duration-Red-Gallon,32,32.0
1777,2025-02-17,2025-02-19,HM50,Clear,gallon,SuperPaint-Clear-Gallon,21,21.0
1778,2025-02-17,2025-02-20,HM50,Clear,pail_5gal,SuperPaint-Clear-Pail,2,10.0
1779,2025-02-17,2025-02-18,HM50,Clear,gallon,SuperPaint-Clear-Gallon,58,58.0
1780,2025-02-17,2025-02-18,HM56,White,gallon,Duration-White-Gallon,35,35.0
1781,2025-02-17,2025-02-18,HM56,White,quart,Duration-White-Quart,223,55.75
1782,2025-02-18,2025-02-20,HM01,White,gallon,SuperPaint-White-Gallon,69,69.0
1783,2025-02-18,2025-03-02,HM12,Blue/Green,quart,SuperPaint-Blue/Green-Quart,205,51.25
1784,2025-02-18,2025-02-19,HM12,Blue/Green,quart,Emerald-Blue/Green-Quart,43,10.75
1785,2025-02-18,2025-02-19,HM14,Blue/Green,quart,SuperPaint-Blue/Green-Quart,51,12.75
1786,2025-02-18,2025-02-28,HM14,Blue/Green,quart,Emerald-Blue/Green-Quart,114,28.5
1787,2025-02-18,2025-02-19,HM14,Blue/Green,pail_5gal,SuperPaint-Blue/Green-Pail,4,20.0
1788,2025-02-18,2025-02-21,HM14,Blue/Green,quart,Emerald-Blue/Green-Quart,78,19.5
1789,2025-02-18,2025-02-19,HM16,Red,gallon,Emerald-Red-Gallon,38,38.0
1790,2025-02-18,2025-02-20,HM16,Red,gallon,Duration-Red-Gallon,18,18.0
1791,2025-02-18,2025-02-19,HM20,Black,quart,ProMar200-Black-Quart,64,16.0
1792,2025-02-18,2025-02-21,HM20,Black,gallon,ProMar200-Black-Gallon,43,43.0
1793,2025-02-18,2025-02-20,HM25,Black,gallon,PrepRite-Black-Gallon,18,18.0
1794,2025-02-18,2025-02-23,HM25,Black,gallon,PrepRite-Black-Gallon,18,18.0
1795,2025-02-18,2025-02-19,HM30,Black,pail_5gal,PrepRite-Black-Pail,4,20.0
1796,2025-02-18,2025-02-20,HM30,Black,quart,PrepRite-Black-Quart,198,49.5
1797,2025-02-18,2025-02-23,HM30,Black,pail_5gal,PrepRite-Black-Pail,1,5.0
1798,2025-02-18,2025-02-23,HM43,Red,gallon,Emerald-Red-Gallon,9,9.0
1799,2025-02-18,2025-02-19,HM43,Red,gallon,Duration-Red-Gallon,92,92.0
1800,2025-02-18,2025-02-23,HM50,Clear,gallon,SuperPaint-Clear-Gallon,29,29.0
1801,2025-02-19,2025-02-20,HM01,White,quart,Duration-White-Quart,69,17.25
1802,2025-02-19,2025-02-20,HM13,Blue/Green,quart,SuperPaint-Blue/Green-Quart,214,53.5
1803,2025-02-19,2025-02-20,HM14,Blue/Green,gallon,SuperPaint-Blue/Green-Gallon,48,48.0
1804,2025-02-19,2025-02-20,HM14,Blue/Green,quart,SuperPaint-Blue/Green-Quart,93,23.25
1805,2025-02-19,2025-02-24,HM16,Red,gallon,Duration-Red-Gallon,22,22.0
1806,2025-02-19,2025-02-20,HM20,Black,quart,PrepRite-Black-Quart,122,30.5
1807,2025-02-19,2025-03-02,HM20,Black,quart,PrepRite-Black-Quart,143,35.75
1808,2025-02-19,2025-02-23,HM25,Black,pail_5gal,PrepRite-Black-Pail,3,15.0
1809,2025-02-19,2025-02-22,HM25,Black,pail_5gal,ProMar200-Black-Pail,5,25.0
1810,2025-02-19,2025-02-23,HM30,Black,quart,ProMar200-Black-Quart,124,31.0
1811,2025-02-19,2025-02-21,HM30,Black,gallon,PrepRite-Black-Gallon,19,19.0
1812,2025-02-19,2025-02-22,HM30,Black,gallon,PrepRite-Black-Gallon,29,29.0
1813,2025-02-19,2025-02-20,HM30,Black,quart,PrepRite-Black-Quart,60,15.0
1814,2025-02-19,2025-02-21,HM43,Red,gallon,Duration-Red-Gallon,15,15.0
1815,2025-02-19,2025-02-21,HM43,Red,gallon,Duration-Red-Gallon,53,53.0
1816,2025-02-19,2025-02-20,HM47,Red,pail_5gal,Duration-Red-Pail,5,25.0
1817,2025-02-19,2025-02-27,HM50,Clear,quart,SuperPaint-Clear-Quart,156,39.0
1818,2025-02-19,2025-02-23,HM50,Clear,quart,SuperPaint-Clear-Quart,36,9.0
1819,2025-02-19,2025-02-20,HM50,Clear,quart,ProMar200-Clear-Quart,209,52.25
1820,2025-02-19,2025-02-23,HM56,White,gallon,ProMar200-White-Gallon,23,23.0
1821,2025-02-19,2025-02-20,HM56,White,gallon,Duration-White-Gallon,25,25.0
1822,2025-02-20,2025-02-21,HM13,Blue/Green,quart,SuperPaint-Blue/Green-Quart,70,17.5
1823,2025-02-20,2025-02-22,HM16,Red,quart,Duration-Red-Quart,267,66.75
1824,2025-02-20,2025-02-21,HM16,Red,gallon,Emerald-Red-Gallon,15,15.0
1825,2025-02-20,2025-02-25,HM16,Red,pail_5gal,Duration-Red-Pail,6,30.0
1826,2025-02-20,2025-02-21,HM16,Red,pail_5gal,Emerald-Red-Pail,6,30.0
1827,2025-02-20,2025-02-22,HM25,Black,quart,PrepRite-Black-Quart,271,67.75
1828,2025-02-20,2025-02-24,HM30,Black,quart,ProMar200-Black-Quart,90,22.5
1829,2025-02-20,2025-02-21,HM36,White,pail_5gal,Duration-White-Pail,22,110.0
1830,2025-02-20,2025-02-22,HM43,Red,pail_5gal,Emerald-Red-Pail,14,70.0
1831,2025-02-20,2025-02-23,HM47,Red,gallon,Duration-Red-Gallon,34,34.0
1832,2025-02-20,2025-02-21,HM50,Clear,quart,SuperPaint-Clear-Quart,275,68.75
1833,2025-02-20,2025-02-21,HM56,White,quart,Duration-White-Quart,71,17.75
1834,2025-02-21,2025-02-23,HM01,White,quart,Duration-White-Quart,58,14.5
1835,2025-02-21,2025-03-05,HM01,White,quart,SuperPaint-White-Quart,193,48.25
1836,2025-02-21,2025-02-24,HM12,Blue/Green,pail_5gal,Emerald-Blue/Green-Pail,8,40.0
1837,2025-02-21,2025-02-25,HM12,Blue/Green,quart,Emerald-Blue/Green-Quart,166,41.5
1838,2025-02-21,2025-02-23,HM12,Blue/Green,quart,Emerald-Blue/Green-Quart,110,27.5
1839,2025-02-21,2025-02-26,HM12,Blue/Green,gallon,Emerald-Blue/Green-Gallon,23,23.0
1840,2025-02-21,2025-03-06,HM13,Blue/Green,pail_5gal,Emerald-Blue/Green-Pail,5,25.0
1841,2025-02-21,2025-02-24,HM13,Blue/Green,quart,Emerald-Blue/Green-Quart,72,18.0
1842,2025-02-21,2025-02-24,HM14,Blue/Green,gallon,SuperPaint-Blue/Green-Gallon,17,17.0
1843,2025-02-21,2025-02-22,HM14,Blue/Green,gallon,SuperPaint-Blue/Green-Gallon,53,53.0
1844,2025-02-21,2025-02-24,HM14,Blue/Green,quart,Emerald-Blue/Green-Quart,94,23.5
1845,2025-02-21,2025-02-26,HM16,Red,pail_5gal,Duration-Red-Pail,2,10.0
1846,2025-02-21,2025-02-23,HM16,Red,pail_5gal,Duration-Red-Pail,7,35.0
1847,2025-02-21,2025-02-25,HM25,Black,pail_5gal,ProMar200-Black-Pail,3,15.0
1848,2025-02-21,2025-02-23,HM25,Black,quart,PrepRite-Black-Quart,162,40.5
1849,2025-02-21,2025-02-22,HM25,Black,pail_5gal,ProMar200-Black-Pail,2,10.0
1850,2025-02-21,2025-03-05,HM30,Black,pail_5gal,PrepRite-Black-Pail,10,50.0
1851,2025-02-21,2025-03-02,HM30,Black,gallon,PrepRite-Black-Gallon,14,14.0
1852,2025-02-21,2025-02-22,HM36,White,quart,ProMar200-White-Quart,70,17.5
1853,2025-02-21,2025-02-22,HM36,White,quart,SuperPaint-White-Quart,97,24.25
1854,2025-02-21,2025-02-23,HM36,White,gallon,ProMar200-White-Gallon,15,15.0
1855,2025-02-21,2025-02-26,HM36,White,pail_5gal,SuperPaint-White-Pail,5,25.0
1856,2025-02-21,2025-02-22,HM43,Red,pail_5gal,Duration-Red-Pail,11,55.0
1857,2025-02-21,2025-02-25,HM43,Red,gallon,Emerald-Red-Gallon,21,21.0
1858,2025-02-21,2025-02-23,HM50,Clear,gallon,SuperPaint-Clear-Gallon,33,33.0
1859,2025-02-21,2025-02-25,HM50,Clear,quart,ProMar200-Clear-Quart,99,24.75
1860,2025-02-21,2025-02-23,HM56,White,gallon,SuperPaint-White-Gallon,35,35.0
1861,2025-02-21,2025-03-02,HM56,White,quart,Duration-White-Quart,53,13.25
1862,2025-02-22,2025-02-23,HM12,Blue/Green,gallon,Emerald-Blue/Green-Gallon,34,34.0
1863,2025-02-22,2025-02-23,HM25,Black,gallon,PrepRite-Black-Gallon,20,20.0
1864,2025-02-22,2025-02-28,HM25,Black,quart,ProMar200-Black-Quart,155,38.75
1865,2025-02-22,2025-02-23,HM30,Black,gallon,ProMar200-Black-Gallon,33,33.0
1866,2025-02-22,2025-02-23,HM47,Red,pail_5gal,Emerald-Red-Pail,6,30.0
1867,2025-02-22,2025-02-24,HM50,Clear,gallon,SuperPaint-Clear-Gallon,29,29.0
1868,2025-02-22,2025-02-24,HM56,White,quart,SuperPaint-White-Quart,299,74.75
1869,2025-02-22,2025-02-24,HM56,White,quart,SuperPaint-White-Quart,136,34.0
1870,2025-02-23,2025-02-25,HM01,White,quart,SuperPaint-White-Quart,157,39.25
1871,2025-02-23,2025-02-26,HM13,Blue/Green,gallon,Emerald-Blue/Green-Gallon,35,35.0
1872,2025-02-23,2025-02-24,HM13,Blue/Green,quart,SuperPaint-Blue/Green-Quart,334,83.5
1873,2025-02-23,2025-02-24,HM16,Red,quart,Emerald-Red-Quart,148,37.0
1874,2025-02-23,2025-02-24,HM20,Black,gallon,ProMar200-Black-Gallon,24,24.0
1875,2025-02-23,2025-02-26,HM43,Red,gallon,Emerald-Red-Gallon,9,9.0
1876,2025-02-23,2025-03-03,HM47,Red,gallon,Duration-Red-Gallon,31,31.0
1877,2025-02-24,2025-02-28,HM01,White,pail_5gal,SuperPaint-White-Pail,5,25.0
1878,2025-02-24,2025-02-26,HM01,White,gallon,ProMar200-White-Gallon,37,37.0
1879,2025-02-24,2025-03-01,HM13,Blue/Green,quart,SuperPaint-Blue/Green-Quart,228,57.0
1880,2025-02-24,2025-03-01,HM14,Blue/Green,gallon,Emerald-Blue/Green-Gallon,26,26.0
1881,2025-02-24,2025-02-26,HM20,Black,gallon,PrepRite-Black-Gallon,31,31.0
1882,2025-02-24,2025-02-25,HM20,Black,quart,ProMar200-Black-Quart,166,41.5
1883,2025-02-24,2025-02-25,HM20,Black,quart,PrepRite-Black-Quart,305,76.25
1884,2025-02-24,2025-02-25,HM20,Black,quart,PrepRite-Black-Quart,93,23.25
1885,2025-02-24,2025-02-27,HM25,Black,quart,PrepRite-Black-Quart,97,24.25
1886,2025-02-24,2025-02-25,HM25,Black,gallon,ProMar200-Black-Gallon,20,20.0
1887,2025-02-24,2025-02-26,HM25,Black,quart,PrepRite-Black-Quart,138,34.5
1888,2025-02-24,2025-02-27,HM25,Black,gallon,ProMar200-Black-Gallon,17,17.0
1889,2025-02-24,2025-02-26,HM25,Black,gallon,ProMar200-Black-Gallon,19,19.0
1890,2025-02-24,2025-03-08,HM30,Black,quart,PrepRite-Black-Quart,128,32.0
1891,2025-02-24,2025-02-26,HM30,Black,quart,ProMar200-Black-Quart,124,31.0
1892,2025-02-24,2025-03-03,HM36,White,quart,ProMar200-White-Quart,115,28.75
1893,2025-02-24,2025-02-25,HM43,Red,gallon,Duration-Red-Gallon,25,25.0
1894,2025-02-24,2025-03-02,HM43,Red,gallon,Emerald-Red-Gallon,93,93.0
1895,2025-02-24,2025-02-26,HM43,Red,quart,Emerald-Red-Quart,209,52.25
1896,2025-02-24,2025-02-26,HM47,Red,quart,Duration-Red-Quart,58,14.5
1897,2025-02-24,2025-02-25,HM50,Clear,quart,SuperPaint-Clear-Quart,127,31.75
1898,2025-02-24,2025-03-03,HM50,Clear,quart,ProMar200-Clear-Quart,98,24.5
1899,2025-02-24,2025-02-26,HM56,White,gallon,Duration-White-Gallon,90,90.0
1900,2025-02-25,2025-02-28,HM01,White,quart,SuperPaint-White-Quart,134,33.5
1901,2025-02-25,2025-02-26,HM01,White,quart,Duration-White-Quart,201,50.25
1902,2025-02-25,2025-02-27,HM01,White,gallon,SuperPaint-White-Gallon,16,16.0
1903,2025-02-25,2025-02-28,HM01,White,quart,SuperPaint-White-Quart,107,26.75
1904,2025-02-25,2025-02-28,HM12,Blue/Green,pail_5gal,Emerald-Blue/Green-Pail,4,20.0
1905,2025-02-25,2025-02-26,HM13,Blue/Green,gallon,Emerald-Blue/Green-Gallon,72,72.0
1906,2025-02-25,2025-02-27,HM16,Red,pail_5gal,Duration-Red-Pail,8,40.0
1907,2025-02-25,2025-03-03,HM20,Black,quart,PrepRite-Black-Quart,181,45.25
1908,2025-02-25,2025-02-26,HM25,Black,quart,PrepRite-Black-Quart,117,29.25
1909,2025-02-25,2025-02-28,HM25,Black,gallon,ProMar200-Black-Gallon,23,23.0
1910,2025-02-25,2025-02-27,HM30,Black,quart,ProMar200-Black-Quart,157,39.25
1911,2025-02-25,2025-03-03,HM36,White,gallon,SuperPaint-White-Gallon,23,23.0
1912,2025-02-25,2025-02-27,HM36,White,pail_5gal,ProMar200-White-Pail,5,25.0
1913,2025-02-25,2025-03-02,HM43,Red,gallon,Duration-Red-Gallon,29,29.0
1914,2025-02-25,2025-03-02,HM50,Clear,quart,SuperPaint-Clear-Quart,131,32.75
1915,2025-02-25,2025-02-27,HM50,Clear,quart,ProMar200-Clear-Quart,43,10.75
1916,2025-02-25,2025-03-07,HM50,Clear,gallon,ProMar200-Clear-Gallon,8,8.0
1917,2025-02-25,2025-03-10,HM56,White,quart,Duration-White-Quart,83,20.75
1918,2025-02-25,2025-02-28,HM56,White,pail_5gal,ProMar200-White-Pail,8,40.0
1919,2025-02-25,2025-02-27,HM56,White,pail_5gal,ProMar200-White-Pail,10,50.0
1920,2025-02-26,2025-02-28,HM01,White,quart,ProMar200-White-Quart,63,15.75
1921,2025-02-26,2025-02-27,HM01,White,pail_5gal,ProMar200-White-Pail,8,40.0
1922,2025-02-26,2025-03-03,HM12,Blue/Green,gallon,SuperPaint-Blue/Green-Gallon,11,11.0
1923,2025-02-26,2025-03-02,HM12,Blue/Green,gallon,SuperPaint-Blue/Green-Gallon,53,53.0
1924,2025-02-26,2025-03-01,HM14,Blue/Green,quart,SuperPaint-Blue/Green-Quart,75,18.75
1925,2025-02-26,2025-02-28,HM20,Black,gallon,PrepRite-Black-Gallon,29,29.0
1926,2025-02-26,2025-03-01,HM20,Black,gallon,PrepRite-Black-Gallon,10,10.0
1927,2025-02-26,2025-02-28,HM43,Red,gallon,Duration-Red-Gallon,59,59.0
1928,2025-02-26,2025-03-02,HM43,Red,gallon,Duration-Red-Gallon,50,50.0
1929,2025-02-26,2025-03-01,HM43,Red,gallon,Duration-Red-Gallon,34,34.0
1930,2025-02-26,2025-03-05,HM43,Red,pail_5gal,Emerald-Red-Pail,9,45.0
1931,2025-02-26,2025-03-01,HM43,Red,pail_5gal,Emerald-Red-Pail,11,55.0
1932,2025-02-26,2025-03-01,HM47,Red,pail_5gal,Emerald-Red-Pail,3,15.0
1933,2025-02-26,2025-03-01,HM47,Red,gallon,Duration-Red-Gallon,10,10.0
1934,2025-02-26,2025-03-01,HM47,Red,gallon,Emerald-Red-Gallon,11,11.0
1935,2025-02-26,2025-03-06,HM47,Red,pail_5gal,Duration-Red-Pail,5,25.0
1936,2025-02-26,2025-03-07,HM47,Red,quart,Emerald-Red-Quart,143,35.75
1937,2025-02-26,2025-02-28,HM56,White,quart,Duration-White-Quart,124,31.0
1938,2025-02-26,2025-02-28,HM56,White,quart,Duration-White-Quart,44,11.0
1939,2025-02-27,2025-03-03,HM01,White,gallon,SuperPaint-White-Gallon,71,71.0
1940,2025-02-27,2025-02-28,HM01,White,gallon,ProMar200-White-Gallon,39,39.0
1941,2025-02-27,2025-03-01,HM12,Blue/Green,quart,SuperPaint-Blue/Green-Quart,141,35.25
1942,2025-02-27,2025-02-28,HM12,Blue/Green,quart,SuperPaint-Blue/Green-Quart,99,24.75
1943,2025-02-27,2025-03-02,HM13,Blue/Green,gallon,Emerald-Blue/Green-Gallon,44,44.0
1944,2025-02-27,2025-03-03,HM13,Blue/Green,quart,Emerald-Blue/Green-Quart,133,33.25
1945,2025-02-27,2025-03-04,HM14,Blue/Green,quart,SuperPaint-Blue/Green-Quart,143,35.75
1946,2025-02-27,2025-03-01,HM14,Blue/Green,gallon,SuperPaint-Blue/Green-Gallon,30,30.0
1947,2025-02-27,2025-03-01,HM20,Black,gallon,PrepRite-Black-Gallon,20,20.0
1948,2025-02-27,2025-03-07,HM30,Black,quart,PrepRite-Black-Quart,38,9.5
1949,2025-02-27,2025-03-03,HM30,Black,gallon,ProMar200-Black-Gallon,6,6.0
1950,2025-02-27,2025-03-01,HM36,White,quart,SuperPaint-White-Quart,278,69.5
1951,2025-02-27,2025-02-28,HM36,White,pail_5gal,SuperPaint-White-Pail,3,15.0
1952,2025-02-27,2025-03-03,HM43,Red,quart,Emerald-Red-Quart,76,19.0
1953,2025-02-27,2025-03-01,HM43,Red,quart,Emerald-Red-Quart,127,31.75
1954,2025-02-27,2025-03-01,HM43,Red,gallon,Emerald-Red-Gallon,42,42.0
1955,2025-02-27,2025-03-01,HM47,Red,quart,Emerald-Red-Quart,78,19.5
1956,2025-02-28,2025-03-01,HM01,White,quart,ProMar200-White-Quart,158,39.5
1957,2025-02-28,2025-03-01,HM01,White,gallon,SuperPaint-White-Gallon,49,49.0
1958,2025-02-28,2025-03-03,HM12,Blue/Green,quart,Emerald-Blue/Green-Quart,213,53.25
1959,2025-02-28,2025-03-03,HM12,Blue/Green,gallon,Emerald-Blue/Green-Gallon,49,49.0
1960,2025-02-28,2025-03-03,HM13,Blue/Green,gallon,SuperPaint-Blue/Green-Gallon,36,36.0
1961,2025-02-28,2025-03-02,HM14,Blue/Green,gallon,SuperPaint-Blue/Green-Gallon,87,87.0
1962,2025-02-28,2025-03-03,HM16,Red,gallon,Duration-Red-Gallon,26,26.0
1963,2025-02-28,2025-03-03,HM16,Red,quart,Duration-Red-Quart,97,24.25
1964,2025-02-28,2025-03-01,HM25,Black,gallon,ProMar200-Black-Gallon,30,30.0
1965,2025-02-28,2025-03-01,HM36,White,gallon,SuperPaint-White-Gallon,58,58.0
1966,2025-02-28,2025-03-01,HM36,White,quart,Duration-White-Quart,70,17.5
1967,2025-02-28,2025-03-02,HM56,White,quart,ProMar200-White-Quart,75,18.75
1968,2025-03-01,2025-03-06,HM12,Blue/Green,gallon,SuperPaint-Blue/Green-Gallon,19,19.0
1969,2025-03-01,2025-03-04,HM13,Blue/Green,gallon,Emerald-Blue/Green-Gallon,35,35.0
1970,2025-03-01,2025-03-04,HM25,Black,pail_5gal,PrepRite-Black-Pail,6,30.0
1971,2025-03-01,2025-03-03,HM36,White,gallon,SuperPaint-White-Gallon,15,15.0
1972,2025-03-01,2025-03-03,HM47,Red,pail_5gal,Duration-Red-Pail,8,40.0
1973,2025-03-01,2025-03-02,HM47,Red,gallon,Duration-Red-Gallon,13,13.0
1974,2025-03-01,2025-03-02,HM50,Clear,gallon,SuperPaint-Clear-Gallon,26,26.0
1975,2025-03-01,2025-03-05,HM56,White,gallon,SuperPaint-White-Gallon,58,58.0
1976,2025-03-01,2025-03-06,HM56,White,quart,Duration-White-Quart,128,32.0
1977,2025-03-01,2025-03-02,HM56,White,gallon,Duration-White-Gallon,46,46.0
1978,2025-03-02,2025-03-05,HM01,White,gallon,SuperPaint-White-Gallon,11,11.0
1979,2025-03-02,2025-03-08,HM14,Blue/Green,quart,SuperPaint-Blue/Green-Quart,182,45.5
1980,2025-03-02,2025-03-05,HM14,Blue/Green,gallon,Emerald-Blue/Green-Gallon,13,13.0
1981,2025-03-02,2025-03-05,HM25,Black,pail_5gal,PrepRite-Black-Pail,19,95.0
1982,2025-03-02,2025-03-07,HM25,Black,quart,ProMar200-Black-Quart,206,51.5
1983,2025-03-02,2025-03-03,HM30,Black,gallon,PrepRite-Black-Gallon,29,29.0
1984,2025-03-02,2025-03-05,HM36,White,quart,ProMar200-White-Quart,77,19.25
1985,2025-03-02,2025-03-04,HM36,White,gallon,ProMar200-White-Gallon,30,30.0
1986,2025-03-02,2025-03-05,HM43,Red,gallon,Duration-Red-Gallon,56,56.0
1987,2025-03-02,2025-03-04,HM43,Red,quart,Duration-Red-Quart,71,17.75
1988,2025-03-02,2025-03-05,HM50,Clear,pail_5gal,SuperPaint-Clear-Pail,4,20.0
1989,2025-03-02,2025-03-05,HM56,White,pail_5gal,Duration-White-Pail,7,35.0
1990,2025-03-03,2025-03-04,HM01,White,pail_5gal,ProMar200-White-Pail,11,55.0
1991,2025-03-03,2025-03-04,HM01,White,gallon,ProMar200-White-Gallon,30,30.0
1992,2025-03-03,2025-03-08,HM01,White,quart,ProMar200-White-Quart,46,11.5
1993,2025-03-03,2025-03-04,HM01,White,pail_5gal,ProMar200-White-Pail,6,30.0
1994,2025-03-03,2025-03-08,HM12,Blue/Green,quart,SuperPaint-Blue/Green-Quart,57,14.25
1995,2025-03-03,2025-03-05,HM13,Blue/Green,gallon,Emerald-Blue/Green-Gallon,32,32.0
1996,2025-03-03,2025-03-05,HM13,Blue/Green,gallon,Emerald-Blue/Green-Gallon,72,72.0
1997,2025-03-03,2025-03-07,HM14,Blue/Green,gallon,SuperPaint-Blue/Green-Gallon,28,28.0
1998,2025-03-03,2025-03-06,HM16,Red,quart,Duration-Red-Quart,22,5.5
1999,2025-03-03,2025-03-08,HM20,Black,gallon,ProMar200-Black-Gallon,60,60.0
2000,2025-03-03,2025-03-08,HM25,Black,pail_5gal,ProMar200-Black-Pail,2,10.0
2001,2025-03-03,2025-03-05,HM25,Black,gallon,PrepRite-Black-Gallon,63,63.0
2002,2025-03-03,2025-03-04,HM36,White,gallon,SuperPaint-White-Gallon,16,16.0
2003,2025-03-03,2025-03-07,HM43,Red,gallon,Emerald-Red-Gallon,36,36.0
2004,2025-03-03,2025-03-06,HM43,Red,pail_5gal,Emerald-Red-Pail,11,55.0
2005,2025-03-03,2025-03-06,HM47,Red,quart,Duration-Red-Quart,168,42.0
2006,2025-03-04,2025-03-06,HM12,Blue/Green,gallon,SuperPaint-Blue/Green-Gallon,11,11.0
2007,2025-03-04,2025-03-09,HM13,Blue/Green,gallon,Emerald-Blue/Green-Gallon,13,13.0
2008,2025-03-04,2025-03-07,HM13,Blue/Green,quart,SuperPaint-Blue/Green-Quart,104,26.0
2009,2025-03-04,2025-03-05,HM14,Blue/Green,quart,Emerald-Blue/Green-Quart,182,45.5
2010,2025-03-04,2025-03-05,HM14,Blue/Green,pail_5gal,Emerald-Blue/Green-Pail,4,20.0
2011,2025-03-04,2025-03-06,HM16,Red,quart,Emerald-Red-Quart,155,38.75
2012,2025-03-04,2025-03-06,HM16,Red,pail_5gal,Duration-Red-Pail,7,35.0
2013,2025-03-04,2025-03-05,HM25,Black,quart,ProMar200-Black-Quart,354,88.5
2014,2025-03-04,2025-03-11,HM25,Black,gallon,ProMar200-Black-Gallon,39,39.0
2015,2025-03-04,2025-03-09,HM30,Black,quart,PrepRite-Black-Quart,142,35.5
2016,2025-03-04,2025-03-09,HM30,Black,quart,ProMar200-Black-Quart,415,103.75
2017,2025-03-04,2025-03-06,HM30,Black,pail_5gal,ProMar200-Black-Pail,3,15.0
2018,2025-03-04,2025-03-06,HM36,White,pail_5gal,Duration-White-Pail,4,20.0
2019,2025-03-04,2025-03-06,HM36,White,quart,SuperPaint-White-Quart,90,22.5
2020,2025-03-04,2025-03-07,HM36,White,gallon,ProMar200-White-Gallon,29,29.0
2021,2025-03-04,2025-03-13,HM36,White,pail_5gal,SuperPaint-White-Pail,7,35.0
2022,2025-03-04,2025-03-06,HM43,Red,gallon,Duration-Red-Gallon,22,22.0
2023,2025-03-04,2025-03-09,HM43,Red,quart,Emerald-Red-Quart,84,21.0
2024,2025-03-04,2025-03-08,HM47,Red,pail_5gal,Duration-Red-Pail,15,75.0
2025,2025-03-04,2025-03-10,HM47,Red,quart,Emerald-Red-Quart,205,51.25
2026,2025-03-04,2025-03-13,HM47,Red,gallon,Emerald-Red-Gallon,64,64.0
2027,2025-03-04,2025-03-08,HM47,Red,quart,Duration-Red-Quart,222,55.5
2028,2025-03-04,2025-03-11,HM47,Red,gallon,Emerald-Red-Gallon,21,21.0
2029,2025-03-04,2025-03-08,HM56,White,gallon,ProMar200-White-Gallon,26,26.0
2030,2025-03-05,2025-03-07,HM01,White,gallon,SuperPaint-White-Gallon,52,52.0
2031,2025-03-05,2025-03-06,HM01,White,quart,Duration-White-Quart,139,34.75
2032,2025-03-05,2025-03-08,HM12,Blue/Green,gallon,SuperPaint-Blue/Green-Gallon,20,20.0
2033,2025-03-05,2025-03-07,HM12,Blue/Green,gallon,Emerald-Blue/Green-Gallon,40,40.0
2034,2025-03-05,2025-03-07,HM13,Blue/Green,quart,SuperPaint-Blue/Green-Quart,458,114.5
2035,2025-03-05,2025-03-06,HM13,Blue/Green,quart,SuperPaint-Blue/Green-Quart,255,63.75
2036,2025-03-05,2025-03-08,HM14,Blue/Green,quart,SuperPaint-Blue/Green-Quart,42,10.5
2037,2025-03-05,2025-03-09,HM14,Blue/Green,quart,SuperPaint-Blue/Green-Quart,73,18.25
2038,2025-03-05,2025-03-10,HM16,Red,gallon,Emerald-Red-Gallon,15,15.0
2039,2025-03-05,2025-03-08,HM16,Red,gallon,Emerald-Red-Gallon,48,48.0
2040,2025-03-05,2025-03-07,HM20,Black,quart,PrepRite-Black-Quart,70,17.5
2041,2025-03-05,2025-03-11,HM20,Black,pail_5gal,ProMar200-Black-Pail,6,30.0
2042,2025-03-05,2025-03-07,HM20,Black,quart,PrepRite-Black-Quart,94,23.5
2043,2025-03-05,2025-03-09,HM30,Black,gallon,PrepRite-Black-Gallon,150,150.0
2044,2025-03-05,2025-03-07,HM36,White,gallon,Duration-White-Gallon,66,66.0
2045,2025-03-05,2025-03-06,HM36,White,quart,Duration-White-Quart,130,32.5
2046,2025-03-05,2025-03-17,HM36,White,quart,ProMar200-White-Quart,85,21.25
2047,2025-03-05,2025-03-08,HM36,White,gallon,SuperPaint-White-Gallon,8,8.0
2048,2025-03-05,2025-03-06,HM43,Red,quart,Duration-Red-Quart,88,22.0
2049,2025-03-05,2025-03-06,HM47,Red,gallon,Duration-Red-Gallon,40,40.0
2050,2025-03-05,2025-03-08,HM50,Clear,pail_5gal,SuperPaint-Clear-Pail,13,65.0
2051,2025-03-05,2025-03-11,HM56,White,quart,SuperPaint-White-Quart,114,28.5
2052,2025-03-06,2025-03-11,HM01,White,gallon,SuperPaint-White-Gallon,57,57.0
2053,2025-03-06,2025-03-08,HM01,White,quart,SuperPaint-White-Quart,228,57.0
2054,2025-03-06,2025-03-07,HM01,White,pail_5gal,Duration-White-Pail,6,30.0
2055,2025-03-06,2025-03-08,HM01,White,gallon,ProMar200-White-Gallon,24,24.0
2056,2025-03-06,2025-03-07,HM12,Blue/Green,gallon,SuperPaint-Blue/Green-Gallon,64,64.0
2057,2025-03-06,2025-03-07,HM12,Blue/Green,quart,Emerald-Blue/Green-Quart,114,28.5
2058,2025-03-06,2025-03-08,HM13,Blue/Green,quart,Emerald-Blue/Green-Quart,179,44.75
2059,2025-03-06,2025-03-13,HM14,Blue/Green,quart,SuperPaint-Blue/Green-Quart,143,35.75
2060,2025-03-06,2025-03-09,HM14,Blue/Green,pail_5gal,SuperPaint-Blue/Green-Pail,6,30.0
2061,2025-03-06,2025-03-09,HM16,Red,quart,Duration-Red-Quart,139,34.75
2062,2025-03-06,2025-03-08,HM16,Red,gallon,Emerald-Red-Gallon,46,46.0
2063,2025-03-06,2025-03-08,HM25,Black,quart,PrepRite-Black-Quart,135,33.75
2064,2025-03-06,2025-03-11,HM30,Black,pail_5gal,ProMar200-Black-Pail,3,15.0
2065,2025-03-06,2025-03-09,HM30,Black,gallon,ProMar200-Black-Gallon,104,104.0
2066,2025-03-06,2025-03-10,HM43,Red,gallon,Duration-Red-Gallon,51,51.0
2067,2025-03-06,2025-03-08,HM43,Red,quart,Duration-Red-Quart,247,61.75
2068,2025-03-06,2025-03-10,HM43,Red,quart,Emerald-Red-Quart,166,41.5
2069,2025-03-06,2025-03-07,HM43,Red,gallon,Duration-Red-Gallon,19,19.0
2070,2025-03-06,2025-03-12,HM56,White,quart,SuperPaint-White-Quart,77,19.25
2071,2025-03-07,2025-03-09,HM01,White,gallon,Duration-White-Gallon,39,39.0
2072,2025-03-07,2025-03-08,HM01,White,quart,Duration-White-Quart,119,29.75
2073,2025-03-07,2025-03-08,HM13,Blue/Green,quart,Emerald-Blue/Green-Quart,84,21.0
2074,2025-03-07,2025-03-12,HM13,Blue/Green,quart,Emerald-Blue/Green-Quart,170,42.5
2075,2025-03-07,2025-03-11,HM14,Blue/Green,gallon,SuperPaint-Blue/Green-Gallon,19,19.0
2076,2025-03-07,2025-03-09,HM16,Red,pail_5gal,Emerald-Red-Pail,6,30.0
2077,2025-03-07,2025-03-10,HM16,Red,pail_5gal,Duration-Red-Pail,6,30.0
2078,2025-03-07,2025-03-08,HM20,Black,gallon,PrepRite-Black-Gallon,19,19.0
2079,2025-03-07,2025-03-11,HM25,Black,gallon,ProMar200-Black-Gallon,18,18.0
2080,2025-03-07,2025-03-09,HM25,Black,gallon,ProMar200-Black-Gallon,34,34.0
2081,2025-03-07,2025-03-08,HM25,Black,gallon,PrepRite-Black-Gallon,23,23.0
2082,2025-03-07,2025-03-09,HM25,Black,pail_5gal,ProMar200-Black-Pail,3,15.0
2083,2025-03-07,2025-03-08,HM30,Black,quart,PrepRite-Black-Quart,199,49.75
2084,2025-03-07,2025-03-09,HM30,Black,gallon,ProMar200-Black-Gallon,18,18.0
2085,2025-03-07,2025-03-08,HM30,Black,quart,ProMar200-Black-Quart,106,26.5
2086,2025-03-07,2025-03-08,HM30,Black,pail_5gal,PrepRite-Black-Pail,6,30.0
2087,2025-03-07,2025-03-08,HM30,Black,pail_5gal,ProMar200-Black-Pail,6,30.0
2088,2025-03-07,2025-03-14,HM36,White,gallon,Duration-White-Gallon,43,43.0
2089,2025-03-07,2025-03-09,HM36,White,gallon,ProMar200-White-Gallon,37,37.0
2090,2025-03-07,2025-03-08,HM36,White,gallon,ProMar200-White-Gallon,21,21.0
2091,2025-03-07,2025-03-09,HM43,Red,gallon,Duration-Red-Gallon,31,31.0
2092,2025-03-07,2025-03-09,HM47,Red,pail_5gal,Emerald-Red-Pail,10,50.0
2093,2025-03-07,2025-03-14,HM47,Red,gallon,Emerald-Red-Gallon,69,69.0
2094,2025-03-07,2025-03-10,HM47,Red,gallon,Duration-Red-Gallon,54,54.0
2095,2025-03-07,2025-03-12,HM56,White,quart,Duration-White-Quart,312,78.0
2096,2025-03-07,2025-03-10,HM56,White,gallon,SuperPaint-White-Gallon,16,16.0
2097,2025-03-07,2025-03-11,HM56,White,quart,SuperPaint-White-Quart,118,29.5
2098,2025-03-08,2025-03-11,HM14,Blue/Green,quart,Emerald-Blue/Green-Quart,169,42.25
2099,2025-03-08,2025-03-12,HM14,Blue/Green,quart,Emerald-Blue/Green-Quart,140,35.0
2100,2025-03-08,2025-03-12,HM16,Red,gallon,Emerald-Red-Gallon,45,45.0
2101,2025-03-08,2025-03-14,HM20,Black,gallon,PrepRite-Black-Gallon,5,5.0
2102,2025-03-08,2025-03-10,HM25,Black,gallon,PrepRite-Black-Gallon,42,42.0
2103,2025-03-08,2025-03-13,HM43,Red,gallon,Duration-Red-Gallon,44,44.0
2104,2025-03-08,2025-03-11,HM43,Red,gallon,Emerald-Red-Gallon,26,26.0
2105,2025-03-08,2025-03-13,HM56,White,pail_5gal,Duration-White-Pail,8,40.0
2106,2025-03-08,2025-03-10,HM56,White,quart,ProMar200-White-Quart,49,12.25
2107,2025-03-08,2025-03-11,HM56,White,quart,ProMar200-White-Quart,20,5.0
2108,2025-03-09,2025-03-10,HM01,White,gallon,SuperPaint-White-Gallon,59,59.0
2109,2025-03-09,2025-03-14,HM01,White,gallon,SuperPaint-White-Gallon,38,38.0
2110,2025-03-09,2025-03-12,HM01,White,gallon,Duration-White-Gallon,12,12.0
2111,2025-03-09,2025-03-16,HM12,Blue/Green,quart,Emerald-Blue/Green-Quart,98,24.5
2112,2025-03-09,2025-03-12,HM12,Blue/Green,quart,Emerald-Blue/Green-Quart,138,34.5
2113,2025-03-09,2025-03-11,HM13,Blue/Green,quart,Emerald-Blue/Green-Quart,97,24.25
2114,2025-03-09,2025-03-10,HM13,Blue/Green,quart,SuperPaint-Blue/Green-Quart,80,20.0
2115,2025-03-09,2025-03-10,HM14,Blue/Green,gallon,Emerald-Blue/Green-Gallon,33,33.0
2116,2025-03-09,2025-03-12,HM20,Black,quart,PrepRite-Black-Quart,106,26.5
2117,2025-03-09,2025-03-14,HM20,Black,pail_5gal,PrepRite-Black-Pail,6,30.0
2118,2025-03-09,2025-03-14,HM25,Black,gallon,PrepRite-Black-Gallon,21,21.0
2119,2025-03-09,2025-03-15,HM30,Black,quart,PrepRite-Black-Quart,61,15.25
2120,2025-03-09,2025-03-11,HM30,Black,gallon,PrepRite-Black-Gallon,55,55.0
2121,2025-03-09,2025-03-12,HM30,Black,pail_5gal,ProMar200-Black-Pail,5,25.0
2122,2025-03-09,2025-03-12,HM36,White,quart,SuperPaint-White-Quart,198,49.5
2123,2025-03-09,2025-03-12,HM47,Red,pail_5gal,Emerald-Red-Pail,5,25.0
2124,2025-03-09,2025-03-14,HM47,Red,quart,Duration-Red-Quart,48,12.0
2125,2025-03-09,2025-03-10,HM50,Clear,gallon,ProMar200-Clear-Gallon,25,25.0
2126,2025-03-10,2025-03-11,HM12,Blue/Green,gallon,SuperPaint-Blue/Green-Gallon,54,54.0
2127,2025-03-10,2025-03-12,HM13,Blue/Green,quart,SuperPaint-Blue/Green-Quart,103,25.75
2128,2025-03-10,2025-03-15,HM14,Blue/Green,quart,Emerald-Blue/Green-Quart,37,9.25
2129,2025-03-10,2025-03-11,HM14,Blue/Green,quart,SuperPaint-Blue/Green-Quart,60,15.0
2130,2025-03-10,2025-03-14,HM14,Blue/Green,gallon,Emerald-Blue/Green-Gallon,135,135.0
2131,2025-03-10,2025-03-11,HM14,Blue/Green,quart,Emerald-Blue/Green-Quart,157,39.25
2132,2025-03-10,2025-03-13,HM20,Black,quart,ProMar200-Black-Quart,115,28.75
2133,2025-03-10,2025-03-11,HM25,Black,gallon,ProMar200-Black-Gallon,27,27.0
2134,2025-03-10,2025-03-11,HM30,Black,gallon,PrepRite-Black-Gallon,26,26.0
2135,2025-03-10,2025-03-16,HM36,White,gallon,ProMar200-White-Gallon,69,69.0
2136,2025-03-10,2025-03-16,HM36,White,gallon,Duration-White-Gallon,33,33.0
2137,2025-03-10,2025-03-11,HM43,Red,gallon,Emerald-Red-Gallon,30,30.0
2138,2025-03-10,2025-03-16,HM47,Red,quart,Duration-Red-Quart,56,14.0
2139,2025-03-10,2025-03-12,HM47,Red,gallon,Duration-Red-Gallon,27,27.0
2140,2025-03-10,2025-03-12,HM50,Clear,gallon,SuperPaint-Clear-Gallon,59,59.0
2141,2025-03-10,2025-03-13,HM50,Clear,quart,SuperPaint-Clear-Quart,138,34.5
2142,2025-03-10,2025-03-11,HM56,White,quart,ProMar200-White-Quart,121,30.25
2143,2025-03-10,2025-03-12,HM56,White,quart,SuperPaint-White-Quart,89,22.25
2144,2025-03-10,2025-03-11,HM56,White,gallon,ProMar200-White-Gallon,15,15.0
2145,2025-03-11,2025-03-12,HM01,White,quart,Duration-White-Quart,76,19.0
2146,2025-03-11,2025-03-12,HM01,White,gallon,ProMar200-White-Gallon,40,40.0
2147,2025-03-11,2025-03-12,HM01,White,quart,ProMar200-White-Quart,83,20.75
2148,2025-03-11,2025-03-12,HM13,Blue/Green,quart,Emerald-Blue/Green-Quart,206,51.5
2149,2025-03-11,2025-03-14,HM16,Red,quart,Duration-Red-Quart,72,18.0
2150,2025-03-11,2025-03-13,HM20,Black,gallon,PrepRite-Black-Gallon,27,27.0
2151,2025-03-11,2025-03-14,HM30,Black,gallon,ProMar200-Black-Gallon,82,82.0
2152,2025-03-11,2025-03-22,HM30,Black,gallon,PrepRite-Black-Gallon,32,32.0
2153,2025-03-11,2025-03-15,HM36,White,gallon,ProMar200-White-Gallon,32,32.0
2154,2025-03-11,2025-03-25,HM43,Red,pail_5gal,Duration-Red-Pail,8,40.0
2155,2025-03-11,2025-03-18,HM43,Red,gallon,Duration-Red-Gallon,21,21.0
2156,2025-03-11,2025-03-23,HM47,Red,pail_5gal,Emerald-Red-Pail,9,45.0
2157,2025-03-11,2025-03-12,HM50,Clear,quart,SuperPaint-Clear-Quart,90,22.5
2158,2025-03-11,2025-03-12,HM56,White,gallon,SuperPaint-White-Gallon,29,29.0
2159,2025-03-11,2025-03-17,HM56,White,gallon,SuperPaint-White-Gallon,25,25.0
2160,2025-03-11,2025-03-16,HM56,White,pail_5gal,ProMar200-White-Pail,6,30.0
2161,2025-03-12,2025-03-15,HM01,White,quart,Duration-White-Quart,141,35.25
2162,2025-03-12,2025-03-19,HM01,White,gallon,SuperPaint-White-Gallon,38,38.0
2163,2025-03-12,2025-03-15,HM13,Blue/Green,gallon,SuperPaint-Blue/Green-Gallon,27,27.0
2164,2025-03-12,2025-03-18,HM13,Blue/Green,pail_5gal,SuperPaint-Blue/Green-Pail,9,45.0
2165,2025-03-12,2025-03-16,HM14,Blue/Green,quart,SuperPaint-Blue/Green-Quart,145,36.25
2166,2025-03-12,2025-03-14,HM16,Red,gallon,Duration-Red-Gallon,95,95.0
2167,2025-03-12,2025-03-13,HM20,Black,pail_5gal,ProMar200-Black-Pail,6,30.0
2168,2025-03-12,2025-03-18,HM25,Black,gallon,PrepRite-Black-Gallon,37,37.0
2169,2025-03-12,2025-03-16,HM36,White,quart,Duration-White-Quart,51,12.75
2170,2025-03-12,2025-03-15,HM36,White,gallon,Duration-White-Gallon,50,50.0
2171,2025-03-12,2025-03-14,HM43,Red,gallon,Duration-Red-Gallon,72,72.0
2172,2025-03-12,2025-03-15,HM50,Clear,quart,SuperPaint-Clear-Quart,266,66.5
2173,2025-03-12,2025-03-15,HM50,Clear,pail_5gal,ProMar200-Clear-Pail,3,15.0
2174,2025-03-12,2025-03-14,HM50,Clear,quart,ProMar200-Clear-Quart,141,35.25
2175,2025-03-12,2025-03-16,HM50,Clear,gallon,SuperPaint-Clear-Gallon,32,32.0
2176,2025-03-12,2025-03-17,HM56,White,gallon,SuperPaint-White-Gallon,12,12.0
2177,2025-03-12,2025-03-14,HM56,White,quart,Duration-White-Quart,106,26.5
2178,2025-03-13,2025-03-14,HM01,White,pail_5gal,ProMar200-White-Pail,5,25.0
2179,2025-03-13,2025-03-14,HM13,Blue/Green,quart,SuperPaint-Blue/Green-Quart,77,19.25
2180,2025-03-13,2025-03-15,HM13,Blue/Green,gallon,Emerald-Blue/Green-Gallon,20,20.0
2181,2025-03-13,2025-03-14,HM13,Blue/Green,quart,SuperPaint-Blue/Green-Quart,100,25.0
2182,2025-03-13,2025-03-17,HM13,Blue/Green,quart,Emerald-Blue/Green-Quart,46,11.5
2183,2025-03-13,2025-03-17,HM13,Blue/Green,quart,Emerald-Blue/Green-Quart,29,7.25
2184,2025-03-13,2025-03-18,HM14,Blue/Green,gallon,Emerald-Blue/Green-Gallon,40,40.0
2185,2025-03-13,2025-03-14,HM20,Black,gallon,PrepRite-Black-Gallon,68,68.0
2186,2025-03-13,2025-03-23,HM25,Black,gallon,PrepRite-Black-Gallon,123,123.0
2187,2025-03-13,2025-03-15,HM25,Black,quart,PrepRite-Black-Quart,278,69.5
2188,2025-03-13,2025-03-17,HM30,Black,quart,ProMar200-Black-Quart,55,13.75
2189,2025-03-13,2025-03-17,HM36,White,quart,SuperPaint-White-Quart,140,35.0
2190,2025-03-13,2025-03-15,HM47,Red,quart,Duration-Red-Quart,168,42.0
2191,2025-03-13,2025-03-14,HM47,Red,gallon,Duration-Red-Gallon,19,19.0
2192,2025-03-13,2025-03-17,HM56,White,pail_5gal,ProMar200-White-Pail,22,110.0
2193,2025-03-13,2025-03-16,HM56,White,gallon,Duration-White-Gallon,50,50.0
2194,2025-03-14,2025-03-18,HM12,Blue/Green,quart,SuperPaint-Blue/Green-Quart,187,46.75
2195,2025-03-14,2025-03-16,HM12,Blue/Green,pail_5gal,Emerald-Blue/Green-Pail,11,55.0
2196,2025-03-14,2025-03-16,HM13,Blue/Green,gallon,Emerald-Blue/Green-Gallon,112,112.0
2197,2025-03-14,2025-03-17,HM14,Blue/Green,quart,SuperPaint-Blue/Green-Quart,70,17.5
2198,2025-03-14,2025-03-18,HM14,Blue/Green,gallon,Emerald-Blue/Green-Gallon,21,21.0
2199,2025-03-14,2025-03-15,HM16,Red,gallon,Duration-Red-Gallon,55,55.0
2200,2025-03-14,2025-03-15,HM16,Red,gallon,Emerald-Red-Gallon,27,27.0
2201,2025-03-14,2025-03-21,HM16,Red,quart,Emerald-Red-Quart,141,35.25
2202,2025-03-14,2025-03-16,HM16,Red,quart,Duration-Red-Quart,77,19.25
2203,2025-03-14,2025-03-17,HM20,Black,gallon,PrepRite-Black-Gallon,54,54.0
2204,2025-03-14,2025-03-16,HM20,Black,gallon,ProMar200-Black-Gallon,15,15.0
2205,2025-03-14,2025-03-15,HM20,Black,quart,ProMar200-Black-Quart,173,43.25
2206,2025-03-14,2025-03-16,HM25,Black,gallon,ProMar200-Black-Gallon,12,12.0
2207,2025-03-14,2025-03-15,HM30,Black,gallon,PrepRite-Black-Gallon,48,48.0
2208,2025-03-14,2025-03-16,HM30,Black,quart,ProMar200-Black-Quart,33,8.25
2209,2025-03-14,2025-03-22,HM36,White,gallon,ProMar200-White-Gallon,19,19.0
2210,2025-03-14,2025-03-16,HM36,White,pail_5gal,ProMar200-White-Pail,8,40.0
2211,2025-03-14,2025-03-16,HM47,Red,gallon,Duration-Red-Gallon,48,48.0
2212,2025-03-14,2025-03-19,HM47,Red,quart,Duration-Red-Quart,473,118.25
2213,2025-03-14,2025-03-18,HM47,Red,pail_5gal,Duration-Red-Pail,11,55.0
2214,2025-03-14,2025-03-15,HM47,Red,gallon,Duration-Red-Gallon,34,34.0
2215,2025-03-14,2025-03-19,HM50,Clear,gallon,SuperPaint-Clear-Gallon,32,32.0
2216,2025-03-14,2025-03-23,HM50,Clear,gallon,SuperPaint-Clear-Gallon,41,41.0
2217,2025-03-14,2025-03-17,HM56,White,quart,Duration-White-Quart,134,33.5
2218,2025-03-14,2025-03-16,HM56,White,quart,Duration-White-Quart,71,17.75
2219,2025-03-15,2025-03-19,HM01,White,quart,ProMar200-White-Quart,98,24.5
2220,2025-03-15,2025-03-19,HM12,Blue/Green,gallon,SuperPaint-Blue/Green-Gallon,18,18.0
2221,2025-03-15,2025-03-18,HM12,Blue/Green,gallon,SuperPaint-Blue/Green-Gallon,58,58.0
2222,2025-03-15,2025-03-18,HM16,Red,gallon,Duration-Red-Gallon,23,23.0
2223,2025-03-15,2025-03-17,HM20,Black,quart,ProMar200-Black-Quart,224,56.0
2224,2025-03-15,2025-03-16,HM25,Black,pail_5gal,PrepRite-Black-Pail,9,45.0
2225,2025-03-15,2025-03-17,HM30,Black,quart,PrepRite-Black-Quart,97,24.25
2226,2025-03-15,2025-03-26,HM43,Red,quart,Emerald-Red-Quart,146,36.5
2227,2025-03-15,2025-03-21,HM47,Red,quart,Emerald-Red-Quart,144,36.0
2228,2025-03-15,2025-03-16,HM56,White,quart,Duration-White-Quart,115,28.75
2229,2025-03-16,2025-03-24,HM16,Red,pail_5gal,Emerald-Red-Pail,5,25.0
2230,2025-03-16,2025-03-17,HM20,Black,quart,PrepRite-Black-Quart,49,12.25
2231,2025-03-16,2025-03-18,HM25,Black,gallon,ProMar200-Black-Gallon,54,54.0
2232,2025-03-16,2025-03-18,HM30,Black,quart,PrepRite-Black-Quart,110,27.5
2233,2025-03-16,2025-03-25,HM30,Black,quart,PrepRite-Black-Quart,59,14.75
2234,2025-03-16,2025-03-18,HM30,Black,gallon,PrepRite-Black-Gallon,74,74.0
2235,2025-03-16,2025-03-20,HM36,White,gallon,SuperPaint-White-Gallon,43,43.0
2236,2025-03-16,2025-03-20,HM47,Red,quart,Duration-Red-Quart,181,45.25
2237,2025-03-16,2025-03-17,HM47,Red,pail_5gal,Duration-Red-Pail,11,55.0
2238,2025-03-16,2025-03-17,HM47,Red,pail_5gal,Duration-Red-Pail,8,40.0
2239,2025-03-16,2025-03-21,HM56,White,gallon,SuperPaint-White-Gallon,11,11.0
2240,2025-03-16,2025-03-22,HM56,White,quart,Duration-White-Quart,93,23.25
2241,2025-03-17,2025-03-25,HM01,White,quart,ProMar200-White-Quart,98,24.5
2242,2025-03-17,2025-03-20,HM01,White,pail_5gal,ProMar200-White-Pail,5,25.0
2243,2025-03-17,2025-03-18,HM01,White,gallon,Duration-White-Gallon,40,40.0
2244,2025-03-17,2025-03-19,HM13,Blue/Green,quart,SuperPaint-Blue/Green-Quart,86,21.5
2245,2025-03-17,2025-03-18,HM16,Red,quart,Emerald-Red-Quart,79,19.75
2246,2025-03-17,2025-03-18,HM16,Red,gallon,Duration-Red-Gallon,22,22.0
2247,2025-03-17,2025-03-21,HM25,Black,gallon,PrepRite-Black-Gallon,26,26.0
2248,2025-03-17,2025-03-18,HM36,White,gallon,SuperPaint-White-Gallon,21,21.0
2249,2025-03-17,2025-03-19,HM36,White,pail_5gal,Duration-White-Pail,5,25.0
2250,2025-03-17,2025-03-19,HM56,White,pail_5gal,SuperPaint-White-Pail,7,35.0
2251,2025-03-17,2025-03-25,HM56,White,quart,ProMar200-White-Quart,91,22.75
2252,2025-03-17,2025-03-20,HM56,White,gallon,Duration-White-Gallon,25,25.0
2253,2025-03-18,2025-03-21,HM12,Blue/Green,gallon,Emerald-Blue/Green-Gallon,46,46.0
2254,2025-03-18,2025-03-24,HM12,Blue/Green,quart,SuperPaint-Blue/Green-Quart,185,46.25
2255,2025-03-18,2025-03-20,HM13,Blue/Green,gallon,SuperPaint-Blue/Green-Gallon,37,37.0
2256,2025-03-18,2025-03-22,HM14,Blue/Green,gallon,SuperPaint-Blue/Green-Gallon,23,23.0
2257,2025-03-18,2025-03-20,HM14,Blue/Green,gallon,SuperPaint-Blue/Green-Gallon,34,34.0
2258,2025-03-18,2025-03-19,HM14,Blue/Green,quart,Emerald-Blue/Green-Quart,73,18.25
2259,2025-03-18,2025-03-19,HM16,Red,pail_5gal,Emerald-Red-Pail,5,25.0
2260,2025-03-18,2025-03-20,HM20,Black,quart,PrepRite-Black-Quart,147,36.75
2261,2025-03-18,2025-03-20,HM30,Black,quart,PrepRite-Black-Quart,99,24.75
2262,2025-03-18,2025-03-21,HM30,Black,gallon,ProMar200-Black-Gallon,6,6.0
2263,2025-03-18,2025-03-20,HM36,White,quart,ProMar200-White-Quart,225,56.25
2264,2025-03-18,2025-03-20,HM36,White,quart,SuperPaint-White-Quart,220,55.0
2265,2025-03-18,2025-03-23,HM43,Red,gallon,Duration-Red-Gallon,107,107.0
2266,2025-03-18,2025-03-24,HM43,Red,quart,Emerald-Red-Quart,94,23.5
2267,2025-03-18,2025-03-22,HM43,Red,quart,Emerald-Red-Quart,76,19.0
2268,2025-03-18,2025-03-19,HM43,Red,gallon,Emerald-Red-Gallon,21,21.0
2269,2025-03-18,2025-03-20,HM43,Red,pail_5gal,Emerald-Red-Pail,8,40.0
2270,2025-03-18,2025-03-19,HM47,Red,pail_5gal,Duration-Red-Pail,7,35.0
2271,2025-03-18,2025-03-21,HM50,Clear,gallon,ProMar200-Clear-Gallon,41,41.0
2272,2025-03-18,2025-03-19,HM56,White,pail_5gal,SuperPaint-White-Pail,4,20.0
2273,2025-03-19,2025-03-21,HM01,White,quart,Duration-White-Quart,134,33.5
2274,2025-03-19,2025-03-23,HM01,White,quart,SuperPaint-White-Quart,75,18.75
2275,2025-03-19,2025-03-22,HM01,White,quart,SuperPaint-White-Quart,156,39.0
2276,2025-03-19,2025-03-20,HM12,Blue/Green,pail_5gal,Emerald-Blue/Green-Pail,4,20.0
2277,2025-03-19,2025-03-21,HM13,Blue/Green,quart,SuperPaint-Blue/Green-Quart,178,44.5
2278,2025-03-19,2025-03-23,HM13,Blue/Green,gallon,SuperPaint-Blue/Green-Gallon,43,43.0
2279,2025-03-19,2025-03-25,HM14,Blue/Green,pail_5gal,Emerald-Blue/Green-Pail,1,5.0
2280,2025-03-19,2025-03-25,HM16,Red,pail_5gal,Emerald-Red-Pail,13,65.0
2281,2025-03-19,2025-03-21,HM16,Red,gallon,Emerald-Red-Gallon,29,29.0
2282,2025-03-19,2025-03-23,HM20,Black,gallon,ProMar200-Black-Gallon,7,7.0
2283,2025-03-19,2025-03-20,HM25,Black,gallon,ProMar200-Black-Gallon,8,8.0
2284,2025-03-19,2025-03-24,HM43,Red,gallon,Emerald-Red-Gallon,22,22.0
2285,2025-03-19,2025-03-23,HM56,White,quart,Duration-White-Quart,28,7.0
2286,2025-03-19,2025-03-24,HM56,White,quart,ProMar200-White-Quart,79,19.75
2287,2025-03-19,2025-03-23,HM56,White,gallon,SuperPaint-White-Gallon,51,51.0
2288,2025-03-19,2025-03-23,HM56,White,gallon,Duration-White-Gallon,21,21.0
2289,2025-03-20,2025-03-22,HM01,White,gallon,Duration-White-Gallon,26,26.0
2290,2025-03-20,2025-03-21,HM01,White,quart,SuperPaint-White-Quart,70,17.5
2291,2025-03-20,2025-03-24,HM13,Blue/Green,quart,Emerald-Blue/Green-Quart,45,11.25
2292,2025-03-20,2025-03-26,HM14,Blue/Green,gallon,SuperPaint-Blue/Green-Gallon,62,62.0
2293,2025-03-20,2025-03-23,HM16,Red,gallon,Duration-Red-Gallon,148,148.0
2294,2025-03-20,2025-03-27,HM20,Black,pail_5gal,ProMar200-Black-Pail,2,10.0
2295,2025-03-20,2025-03-21,HM30,Black,pail_5gal,ProMar200-Black-Pail,4,20.0
2296,2025-03-20,2025-03-23,HM30,Black,gallon,PrepRite-Black-Gallon,19,19.0
2297,2025-03-20,2025-03-22,HM36,White,quart,ProMar200-White-Quart,86,21.5
2298,2025-03-20,2025-03-27,HM36,White,quart,Duration-White-Quart,266,66.5
2299,2025-03-20,2025-03-28,HM43,Red,pail_5gal,Duration-Red-Pail,3,15.0
2300,2025-03-20,2025-03-23,HM43,Red,gallon,Emerald-Red-Gallon,31,31.0
2301,2025-03-20,2025-03-24,HM47,Red,gallon,Duration-Red-Gallon,48,48.0
2302,2025-03-20,2025-03-22,HM47,Red,quart,Emerald-Red-Quart,83,20.75
2303,2025-03-20,2025-03-24,HM47,Red,quart,Emerald-Red-Quart,65,16.25
2304,2025-03-20,2025-03-22,HM56,White,gallon,SuperPaint-White-Gallon,19,19.0
2305,2025-03-20,2025-03-21,HM56,White,pail_5gal,Duration-White-Pail,11,55.0
2306,2025-03-21,2025-03-22,HM12,Blue/Green,pail_5gal,SuperPaint-Blue/Green-Pail,13,65.0
2307,2025-03-21,2025-03-23,HM12,Blue/Green,quart,SuperPaint-Blue/Green-Quart,71,17.75
2308,2025-03-21,2025-03-23,HM13,Blue/Green,quart,Emerald-Blue/Green-Quart,83,20.75
2309,2025-03-21,2025-03-22,HM13,Blue/Green,quart,SuperPaint-Blue/Green-Quart,145,36.25
2310,2025-03-21,2025-03-24,HM14,Blue/Green,pail_5gal,Emerald-Blue/Green-Pail,8,40.0
2311,2025-03-21,2025-03-23,HM14,Blue/Green,quart,SuperPaint-Blue/Green-Quart,272,68.0
2312,2025-03-21,2025-03-24,HM14,Blue/Green,gallon,Emerald-Blue/Green-Gallon,23,23.0
2313,2025-03-21,2025-03-22,HM20,Black,gallon,PrepRite-Black-Gallon,33,33.0
2314,2025-03-21,2025-03-25,HM20,Black,gallon,ProMar200-Black-Gallon,47,47.0
2315,2025-03-21,2025-03-22,HM20,Black,gallon,ProMar200-Black-Gallon,45,45.0
2316,2025-03-21,2025-03-22,HM30,Black,gallon,ProMar200-Black-Gallon,8,8.0
2317,2025-03-21,2025-03-24,HM30,Black,quart,PrepRite-Black-Quart,124,31.0
2318,2025-03-21,2025-03-22,HM30,Black,gallon,ProMar200-Black-Gallon,97,97.0
2319,2025-03-21,2025-04-02,HM36,White,pail_5gal,ProMar200-White-Pail,8,40.0
2320,2025-03-21,2025-03-25,HM36,White,gallon,Duration-White-Gallon,37,37.0
2321,2025-03-21,2025-03-27,HM36,White,pail_5gal,SuperPaint-White-Pail,6,30.0
2322,2025-03-21,2025-03-24,HM43,Red,pail_5gal,Emerald-Red-Pail,4,20.0
2323,2025-03-21,2025-03-26,HM47,Red,quart,Duration-Red-Quart,205,51.25
2324,2025-03-21,2025-03-24,HM50,Clear,gallon,ProMar200-Clear-Gallon,17,17.0
2325,2025-03-21,2025-03-22,HM50,Clear,quart,SuperPaint-Clear-Quart,86,21.5
2326,2025-03-21,2025-03-23,HM56,White,gallon,ProMar200-White-Gallon,13,13.0
2327,2025-03-22,2025-03-27,HM01,White,quart,Duration-White-Quart,79,19.75
2328,2025-03-22,2025-03-23,HM12,Blue/Green,quart,SuperPaint-Blue/Green-Quart,30,7.5
2329,2025-03-22,2025-03-26,HM16,Red,gallon,Emerald-Red-Gallon,14,14.0
2330,2025-03-22,2025-03-23,HM20,Black,gallon,PrepRite-Black-Gallon,34,34.0
2331,2025-03-22,2025-03-23,HM20,Black,quart,ProMar200-Black-Quart,187,46.75
2332,2025-03-22,2025-03-23,HM20,Black,gallon,ProMar200-Black-Gallon,46,46.0
2333,2025-03-22,2025-03-27,HM25,Black,gallon,PrepRite-Black-Gallon,41,41.0
2334,2025-03-22,2025-03-24,HM25,Black,quart,PrepRite-Black-Quart,72,18.0
2335,2025-03-22,2025-03-28,HM47,Red,quart,Duration-Red-Quart,158,39.5
2336,2025-03-22,2025-03-27,HM50,Clear,quart,SuperPaint-Clear-Quart,84,21.0
2337,2025-03-22,2025-03-23,HM50,Clear,gallon,ProMar200-Clear-Gallon,46,46.0
2338,2025-03-22,2025-03-25,HM50,Clear,quart,SuperPaint-Clear-Quart,116,29.0
2339,2025-03-23,2025-03-25,HM12,Blue/Green,gallon,SuperPaint-Blue/Green-Gallon,42,42.0
2340,2025-03-23,2025-03-24,HM14,Blue/Green,gallon,SuperPaint-Blue/Green-Gallon,80,80.0
2341,2025-03-23,2025-03-29,HM14,Blue/Green,quart,SuperPaint-Blue/Green-Quart,262,65.5
2342,2025-03-23,2025-03-28,HM16,Red,quart,Emerald-Red-Quart,146,36.5
2343,2025-03-23,2025-03-24,HM20,Black,pail_5gal,ProMar200-Black-Pail,8,40.0
2344,2025-03-23,2025-03-24,HM20,Black,gallon,PrepRite-Black-Gallon,27,27.0
2345,2025-03-23,2025-03-24,HM20,Black,gallon,PrepRite-Black-Gallon,16,16.0
2346,2025-03-23,2025-03-29,HM20,Black,pail_5gal,PrepRite-Black-Pail,6,30.0
2347,2025-03-23,2025-03-25,HM20,Black,quart,ProMar200-Black-Quart,403,100.75
2348,2025-03-23,2025-03-24,HM25,Black,pail_5gal,PrepRite-Black-Pail,4,20.0
2349,2025-03-23,2025-03-24,HM43,Red,gallon,Duration-Red-Gallon,45,45.0
2350,2025-03-23,2025-03-29,HM43,Red,gallon,Duration-Red-Gallon,13,13.0
2351,2025-03-23,2025-04-06,HM43,Red,gallon,Duration-Red-Gallon,16,16.0
2352,2025-03-23,2025-03-28,HM47,Red,gallon,Emerald-Red-Gallon,29,29.0
2353,2025-03-23,2025-03-26,HM47,Red,gallon,Emerald-Red-Gallon,15,15.0
2354,2025-03-23,2025-03-24,HM50,Clear,quart,ProMar200-Clear-Quart,217,54.25
2355,2025-03-24,2025-03-28,HM01,White,gallon,SuperPaint-White-Gallon,32,32.0
2356,2025-03-24,2025-03-25,HM01,White,gallon,ProMar200-White-Gallon,36,36.0
2357,2025-03-24,2025-03-30,HM12,Blue/Green,pail_5gal,SuperPaint-Blue/Green-Pail,9,45.0
2358,2025-03-24,2025-03-26,HM12,Blue/Green,gallon,Emerald-Blue/Green-Gallon,23,23.0
2359,2025-03-24,2025-03-27,HM12,Blue/Green,quart,SuperPaint-Blue/Green-Quart,73,18.25
2360,2025-03-24,2025-03-25,HM13,Blue/Green,gallon,SuperPaint-Blue/Green-Gallon,11,11.0
2361,2025-03-24,2025-03-25,HM13,Blue/Green,quart,Emerald-Blue/Green-Quart,238,59.5
2362,2025-03-24,2025-03-26,HM14,Blue/Green,pail_5gal,SuperPaint-Blue/Green-Pail,5,25.0
2363,2025-03-24,2025-04-02,HM25,Black,gallon,ProMar200-Black-Gallon,43,43.0
2364,2025-03-24,2025-03-27,HM30,Black,pail_5gal,ProMar200-Black-Pail,7,35.0
2365,2025-03-24,2025-03-31,HM30,Black,quart,PrepRite-Black-Quart,23,5.75
2366,2025-03-24,2025-03-27,HM36,White,pail_5gal,SuperPaint-White-Pail,8,40.0
2367,2025-03-24,2025-03-31,HM36,White,gallon,Duration-White-Gallon,44,44.0
2368,2025-03-24,2025-03-25,HM36,White,gallon,Duration-White-Gallon,41,41.0
2369,2025-03-24,2025-03-28,HM47,Red,pail_5gal,Emerald-Red-Pail,5,25.0
2370,2025-03-24,2025-03-25,HM50,Clear,gallon,ProMar200-Clear-Gallon,31,31.0
2371,2025-03-24,2025-03-25,HM56,White,pail_5gal,Duration-White-Pail,3,15.0
2372,2025-03-24,2025-03-25,HM56,White,pail_5gal,Duration-White-Pail,10,50.0
2373,2025-03-24,2025-03-28,HM56,White,quart,Duration-White-Quart,213,53.25
2374,2025-03-24,2025-03-31,HM56,White,quart,Duration-White-Quart,112,28.0
2375,2025-03-25,2025-03-27,HM12,Blue/Green,quart,SuperPaint-Blue/Green-Quart,87,21.75
2376,2025-03-25,2025-03-26,HM14,Blue/Green,quart,Emerald-Blue/Green-Quart,93,23.25
2377,2025-03-25,2025-03-30,HM14,Blue/Green,pail_5gal,Emerald-Blue/Green-Pail,12,60.0
2378,2025-03-25,2025-03-30,HM14,Blue/Green,gallon,Emerald-Blue/Green-Gallon,27,27.0
2379,2025-03-25,2025-03-27,HM16,Red,pail_5gal,Duration-Red-Pail,5,25.0
2380,2025-03-25,2025-03-26,HM30,Black,pail_5gal,ProMar200-Black-Pail,3,15.0
2381,2025-03-25,2025-03-28,HM30,Black,gallon,ProMar200-Black-Gallon,15,15.0
2382,2025-03-25,2025-04-02,HM36,White,gallon,ProMar200-White-Gallon,50,50.0
2383,2025-03-25,2025-03-28,HM43,Red,pail_5gal,Duration-Red-Pail,2,10.0
2384,2025-03-25,2025-04-01,HM43,Red,pail_5gal,Emerald-Red-Pail,9,45.0
2385,2025-03-25,2025-03-26,HM43,Red,gallon,Emerald-Red-Gallon,26,26.0
2386,2025-03-25,2025-03-26,HM47,Red,gallon,Duration-Red-Gallon,29,29.0
2387,2025-03-25,2025-03-29,HM56,White,quart,SuperPaint-White-Quart,331,82.75
2388,2025-03-26,2025-03-28,HM01,White,quart,SuperPaint-White-Quart,257,64.25
2389,2025-03-26,2025-03-30,HM01,White,gallon,SuperPaint-White-Gallon,42,42.0
2390,2025-03-26,2025-03-27,HM01,White,quart,SuperPaint-White-Quart,124,31.0
2391,2025-03-26,2025-03-29,HM13,Blue/Green,quart,Emerald-Blue/Green-Quart,105,26.25
2392,2025-03-26,2025-03-27,HM14,Blue/Green,gallon,Emerald-Blue/Green-Gallon,27,27.0
2393,2025-03-26,2025-04-01,HM14,Blue/Green,gallon,SuperPaint-Blue/Green-Gallon,54,54.0
2394,2025-03-26,2025-03-29,HM16,Red,gallon,Emerald-Red-Gallon,67,67.0
2395,2025-03-26,2025-03-27,HM16,Red,gallon,Duration-Red-Gallon,37,37.0
2396,2025-03-26,2025-03-27,HM16,Red,quart,Duration-Red-Quart,100,25.0
2397,2025-03-26,2025-03-29,HM16,Red,pail_5gal,Emerald-Red-Pail,2,10.0
2398,2025-03-26,2025-04-06,HM20,Black,gallon,PrepRite-Black-Gallon,23,23.0
2399,2025-03-26,2025-03-27,HM25,Black,gallon,ProMar200-Black-Gallon,18,18.0
2400,2025-03-26,2025-03-27,HM25,Black,quart,PrepRite-Black-Quart,88,22.0
2401,2025-03-26,2025-03-28,HM25,Black,pail_5gal,PrepRite-Black-Pail,6,30.0
2402,2025-03-26,2025-03-29,HM25,Black,gallon,ProMar200-Black-Gallon,24,24.0
2403,2025-03-26,2025-03-28,HM25,Black,gallon,PrepRite-Black-Gallon,30,30.0
2404,2025-03-26,2025-03-28,HM36,White,quart,Duration-White-Quart,56,14.0
2405,2025-03-26,2025-03-29,HM36,White,gallon,Duration-White-Gallon,24,24.0
2406,2025-03-26,2025-03-29,HM36,White,quart,ProMar200-White-Quart,49,12.25
2407,2025-03-26,2025-04-02,HM36,White,gallon,Duration-White-Gallon,17,17.0
2408,2025-03-26,2025-04-01,HM43,Red,gallon,Duration-Red-Gallon,22,22.0
2409,2025-03-26,2025-03-29,HM43,Red,gallon,Emerald-Red-Gallon,38,38.0
2410,2025-03-26,2025-03-28,HM47,Red,pail_5gal,Emerald-Red-Pail,7,35.0
2411,2025-03-26,2025-03-28,HM47,Red,quart,Duration-Red-Quart,28,7.0
2412,2025-03-26,2025-04-03,HM47,Red,quart,Duration-Red-Quart,156,39.0
2413,2025-03-26,2025-03-29,HM47,Red,pail_5gal,Duration-Red-Pail,14,70.0
2414,2025-03-26,2025-03-27,HM47,Red,pail_5gal,Emerald-Red-Pail,5,25.0
2415,2025-03-26,2025-03-29,HM47,Red,quart,Duration-Red-Quart,33,8.25
2416,2025-03-26,2025-03-30,HM47,Red,quart,Duration-Red-Quart,192,48.0
2417,2025-03-26,2025-03-30,HM50,Clear,pail_5gal,ProMar200-Clear-Pail,3,15.0
2418,2025-03-26,2025-03-28,HM50,Clear,gallon,ProMar200-Clear-Gallon,14,14.0
2419,2025-03-26,2025-03-28,HM50,Clear,gallon,ProMar200-Clear-Gallon,21,21.0
2420,2025-03-26,2025-04-04,HM56,White,quart,SuperPaint-White-Quart,221,55.25
2421,2025-03-27,2025-03-29,HM01,White,quart,Duration-White-Quart,55,13.75
2422,2025-03-27,2025-03-28,HM01,White,quart,SuperPaint-White-Quart,289,72.25
2423,2025-03-27,2025-03-29,HM12,Blue/Green,quart,Emerald-Blue/Green-Quart,64,16.0
2424,2025-03-27,2025-04-01,HM13,Blue/Green,gallon,Emerald-Blue/Green-Gallon,57,57.0
2425,2025-03-27,2025-03-31,HM14,Blue/Green,gallon,SuperPaint-Blue/Green-Gallon,19,19.0
2426,2025-03-27,2025-03-28,HM16,Red,pail_5gal,Duration-Red-Pail,15,75.0
2427,2025-03-27,2025-04-01,HM20,Black,pail_5gal,PrepRite-Black-Pail,4,20.0
2428,2025-03-27,2025-03-31,HM25,Black,gallon,ProMar200-Black-Gallon,45,45.0
2429,2025-03-27,2025-04-01,HM25,Black,gallon,PrepRite-Black-Gallon,15,15.0
2430,2025-03-27,2025-03-30,HM30,Black,quart,PrepRite-Black-Quart,64,16.0
2431,2025-03-27,2025-03-29,HM36,White,gallon,ProMar200-White-Gallon,32,32.0
2432,2025-03-27,2025-03-30,HM36,White,gallon,ProMar200-White-Gallon,120,120.0
2433,2025-03-27,2025-03-29,HM43,Red,gallon,Duration-Red-Gallon,47,47.0
2434,2025-03-27,2025-03-28,HM47,Red,pail_5gal,Duration-Red-Pail,7,35.0
2435,2025-03-27,2025-03-28,HM47,Red,pail_5gal,Duration-Red-Pail,6,30.0
2436,2025-03-27,2025-04-03,HM50,Clear,quart,ProMar200-Clear-Quart,93,23.25
2437,2025-03-27,2025-03-30,HM50,Clear,quart,ProMar200-Clear-Quart,96,24.0
2438,2025-03-27,2025-03-29,HM56,White,gallon,Duration-White-Gallon,52,52.0
2439,2025-03-28,2025-03-29,HM13,Blue/Green,quart,SuperPaint-Blue/Green-Quart,39,9.75
2440,2025-03-28,2025-03-29,HM13,Blue/Green,quart,SuperPaint-Blue/Green-Quart,94,23.5
2441,2025-03-28,2025-03-30,HM13,Blue/Green,pail_5gal,SuperPaint-Blue/Green-Pail,7,35.0
2442,2025-03-28,2025-03-30,HM13,Blue/Green,quart,Emerald-Blue/Green-Quart,107,26.75
2443,2025-03-28,2025-03-30,HM13,Blue/Green,gallon,SuperPaint-Blue/Green-Gallon,10,10.0
2444,2025-03-28,2025-03-30,HM14,Blue/Green,gallon,SuperPaint-Blue/Green-Gallon,14,14.0
2445,2025-03-28,2025-03-29,HM14,Blue/Green,quart,SuperPaint-Blue/Green-Quart,67,16.75
2446,2025-03-28,2025-03-31,HM16,Red,quart,Duration-Red-Quart,161,40.25
2447,2025-03-28,2025-03-30,HM16,Red,gallon,Duration-Red-Gallon,27,27.0
2448,2025-03-28,2025-03-30,HM16,Red,pail_5gal,Duration-Red-Pail,9,45.0
2449,2025-03-28,2025-03-30,HM16,Red,pail_5gal,Emerald-Red-Pail,2,10.0
2450,2025-03-28,2025-03-29,HM16,Red,quart,Duration-Red-Quart,105,26.25
2451,2025-03-28,2025-04-01,HM20,Black,pail_5gal,ProMar200-Black-Pail,13,65.0
2452,2025-03-28,2025-04-01,HM36,White,gallon,Duration-White-Gallon,98,98.0
2453,2025-03-28,2025-04-02,HM36,White,gallon,Duration-White-Gallon,36,36.0
2454,2025-03-28,2025-03-31,HM36,White,quart,Duration-White-Quart,126,31.5
2455,2025-03-28,2025-04-05,HM43,Red,quart,Duration-Red-Quart,98,24.5
2456,2025-03-28,2025-04-02,HM47,Red,gallon,Emerald-Red-Gallon,33,33.0
2457,2025-03-28,2025-03-29,HM47,Red,quart,Duration-Red-Quart,70,17.5
2458,2025-03-28,2025-03-31,HM50,Clear,gallon,SuperPaint-Clear-Gallon,15,15.0
2459,2025-03-29,2025-03-31,HM12,Blue/Green,gallon,SuperPaint-Blue/Green-Gallon,14,14.0
2460,2025-03-29,2025-04-02,HM12,Blue/Green,quart,SuperPaint-Blue/Green-Quart,80,20.0
2461,2025-03-29,2025-04-01,HM13,Blue/Green,quart,Emerald-Blue/Green-Quart,368,92.0
2462,2025-03-29,2025-04-02,HM13,Blue/Green,quart,Emerald-Blue/Green-Quart,348,87.0
2463,2025-03-29,2025-04-03,HM16,Red,gallon,Emerald-Red-Gallon,14,14.0
2464,2025-03-29,2025-03-30,HM30,Black,gallon,PrepRite-Black-Gallon,24,24.0
2465,2025-03-29,2025-03-30,HM36,White,pail_5gal,ProMar200-White-Pail,12,60.0
2466,2025-03-29,2025-04-04,HM36,White,quart,Duration-White-Quart,78,19.5
2467,2025-03-29,2025-03-31,HM43,Red,gallon,Emerald-Red-Gallon,36,36.0
2468,2025-03-29,2025-03-30,HM43,Red,gallon,Duration-Red-Gallon,12,12.0
2469,2025-03-29,2025-04-01,HM50,Clear,gallon,ProMar200-Clear-Gallon,26,26.0
2470,2025-03-29,2025-04-04,HM56,White,quart,Duration-White-Quart,85,21.25
2471,2025-03-29,2025-03-31,HM56,White,quart,ProMar200-White-Quart,161,40.25
2472,2025-03-29,2025-03-31,HM56,White,quart,ProMar200-White-Quart,122,30.5
2473,2025-03-30,2025-04-02,HM01,White,quart,ProMar200-White-Quart,156,39.0
2474,2025-03-30,2025-03-31,HM12,Blue/Green,quart,SuperPaint-Blue/Green-Quart,91,22.75
2475,2025-03-30,2025-04-07,HM12,Blue/Green,quart,Emerald-Blue/Green-Quart,197,49.25
2476,2025-03-30,2025-03-31,HM16,Red,quart,Emerald-Red-Quart,101,25.25
2477,2025-03-30,2025-04-01,HM16,Red,gallon,Emerald-Red-Gallon,23,23.0
2478,2025-03-30,2025-04-01,HM25,Black,gallon,ProMar200-Black-Gallon,87,87.0
2479,2025-03-30,2025-03-31,HM25,Black,quart,ProMar200-Black-Quart,49,12.25
2480,2025-03-30,2025-03-31,HM30,Black,gallon,ProMar200-Black-Gallon,11,11.0
2481,2025-03-30,2025-04-01,HM30,Black,gallon,PrepRite-Black-Gallon,51,51.0
2482,2025-03-30,2025-03-31,HM43,Red,pail_5gal,Emerald-Red-Pail,8,40.0
2483,2025-03-30,2025-03-31,HM47,Red,gallon,Emerald-Red-Gallon,42,42.0
2484,2025-03-30,2025-03-31,HM56,White,quart,Duration-White-Quart,57,14.25
2485,2025-03-30,2025-04-01,HM56,White,quart,SuperPaint-White-Quart,176,44.0
2486,2025-03-30,2025-04-05,HM56,White,gallon,ProMar200-White-Gallon,13,13.0
2487,2025-03-31,2025-04-02,HM01,White,gallon,Duration-White-Gallon,28,28.0
2488,2025-03-31,2025-04-05,HM12,Blue/Green,quart,Emerald-Blue/Green-Quart,184,46.0
2489,2025-03-31,2025-04-04,HM12,Blue/Green,gallon,Emerald-Blue/Green-Gallon,54,54.0
2490,2025-03-31,2025-04-04,HM12,Blue/Green,gallon,SuperPaint-Blue/Green-Gallon,11,11.0
2491,2025-03-31,2025-04-01,HM14,Blue/Green,quart,SuperPaint-Blue/Green-Quart,160,40.0
2492,2025-03-31,2025-04-01,HM20,Black,quart,PrepRite-Black-Quart,207,51.75
2493,2025-03-31,2025-04-02,HM25,Black,gallon,ProMar200-Black-Gallon,24,24.0
2494,2025-03-31,2025-04-03,HM25,Black,gallon,ProMar200-Black-Gallon,20,20.0
2495,2025-03-31,2025-04-01,HM25,Black,quart,PrepRite-Black-Quart,114,28.5
2496,2025-03-31,2025-04-01,HM25,Black,quart,ProMar200-Black-Quart,87,21.75
2497,2025-03-31,2025-04-01,HM25,Black,gallon,PrepRite-Black-Gallon,47,47.0
2498,2025-03-31,2025-04-03,HM30,Black,pail_5gal,ProMar200-Black-Pail,3,15.0
2499,2025-03-31,2025-04-09,HM47,Red,gallon,Duration-Red-Gallon,29,29.0
2500,2025-03-31,2025-04-03,HM47,Red,gallon,Duration-Red-Gallon,44,44.0
2501,2025-03-31,2025-04-01,HM47,Red,pail_5gal,Emerald-Red-Pail,6,30.0
2502,2025-03-31,2025-04-02,HM50,Clear,gallon,ProMar200-Clear-Gallon,28,28.0
2503,2025-03-31,2025-04-01,HM50,Clear,gallon,ProMar200-Clear-Gallon,15,15.0
2504,2025-03-31,2025-04-03,HM50,Clear,gallon,SuperPaint-Clear-Gallon,34,34.0
2505,2025-03-31,2025-04-04,HM56,White,quart,SuperPaint-White-Quart,246,61.5
2506,2025-04-01,2025-04-05,HM01,White,quart,SuperPaint-White-Quart,231,57.75
2507,2025-04-01,2025-04-07,HM01,White,gallon,SuperPaint-White-Gallon,96,96.0
2508,2025-04-01,2025-04-04,HM12,Blue/Green,quart,Emerald-Blue/Green-Quart,149,37.25
2509,2025-04-01,2025-04-04,HM13,Blue/Green,quart,Emerald-Blue/Green-Quart,179,44.75
2510,2025-04-01,2025-04-07,HM13,Blue/Green,quart,Emerald-Blue/Green-Quart,34,8.5
2511,2025-04-01,2025-04-02,HM13,Blue/Green,gallon,Emerald-Blue/Green-Gallon,53,53.0
2512,2025-04-01,2025-04-02,HM14,Blue/Green,quart,Emerald-Blue/Green-Quart,88,22.0
2513,2025-04-01,2025-04-02,HM14,Blue/Green,gallon,Emerald-Blue/Green-Gallon,61,61.0
2514,2025-04-01,2025-04-03,HM14,Blue/Green,gallon,SuperPaint-Blue/Green-Gallon,14,14.0
2515,2025-04-01,2025-04-04,HM16,Red,pail_5gal,Emerald-Red-Pail,4,20.0
2516,2025-04-01,2025-04-05,HM16,Red,gallon,Duration-Red-Gallon,51,51.0
2517,2025-04-01,2025-04-08,HM16,Red,quart,Emerald-Red-Quart,79,19.75
2518,2025-04-01,2025-04-02,HM25,Black,quart,ProMar200-Black-Quart,135,33.75
2519,2025-04-01,2025-04-03,HM25,Black,gallon,PrepRite-Black-Gallon,40,40.0
2520,2025-04-01,2025-04-03,HM25,Black,quart,ProMar200-Black-Quart,30,7.5
2521,2025-04-01,2025-04-03,HM30,Black,gallon,ProMar200-Black-Gallon,12,12.0
2522,2025-04-01,2025-04-02,HM43,Red,quart,Emerald-Red-Quart,63,15.75
2523,2025-04-01,2025-04-02,HM43,Red,quart,Emerald-Red-Quart,82,20.5
2524,2025-04-01,2025-04-05,HM47,Red,pail_5gal,Duration-Red-Pail,7,35.0
2525,2025-04-01,2025-04-03,HM47,Red,quart,Emerald-Red-Quart,20,5.0
2526,2025-04-01,2025-04-02,HM50,Clear,pail_5gal,SuperPaint-Clear-Pail,3,15.0
2527,2025-04-01,2025-04-04,HM56,White,gallon,SuperPaint-White-Gallon,11,11.0
2528,2025-04-01,2025-04-03,HM56,White,gallon,Duration-White-Gallon,21,21.0
2529,2025-04-01,2025-04-05,HM56,White,gallon,ProMar200-White-Gallon,23,23.0
2530,2025-04-02,2025-04-07,HM01,White,gallon,ProMar200-White-Gallon,35,35.0
2531,2025-04-02,2025-04-04,HM01,White,pail_5gal,ProMar200-White-Pail,1,5.0
2532,2025-04-02,2025-04-06,HM13,Blue/Green,quart,SuperPaint-Blue/Green-Quart,76,19.0
2533,2025-04-02,2025-04-03,HM14,Blue/Green,gallon,Emerald-Blue/Green-Gallon,111,111.0
2534,2025-04-02,2025-04-03,HM16,Red,gallon,Emerald-Red-Gallon,69,69.0
2535,2025-04-02,2025-04-06,HM16,Red,gallon,Duration-Red-Gallon,38,38.0
2536,2025-04-02,2025-04-06,HM16,Red,gallon,Emerald-Red-Gallon,28,28.0
2537,2025-04-02,2025-04-04,HM20,Black,quart,ProMar200-Black-Quart,22,5.5
2538,2025-04-02,2025-04-04,HM25,Black,quart,ProMar200-Black-Quart,62,15.5
2539,2025-04-02,2025-04-07,HM30,Black,quart,PrepRite-Black-Quart,74,18.5
2540,2025-04-02,2025-04-07,HM30,Black,quart,PrepRite-Black-Quart,59,14.75
2541,2025-04-02,2025-04-04,HM36,White,quart,SuperPaint-White-Quart,76,19.0
2542,2025-04-02,2025-04-08,HM43,Red,gallon,Emerald-Red-Gallon,73,73.0
2543,2025-04-02,2025-04-03,HM43,Red,pail_5gal,Duration-Red-Pail,4,20.0
2544,2025-04-02,2025-04-04,HM43,Red,quart,Duration-Red-Quart,125,31.25
2545,2025-04-02,2025-04-04,HM43,Red,pail_5gal,Emerald-Red-Pail,4,20.0
2546,2025-04-02,2025-04-07,HM47,Red,pail_5gal,Duration-Red-Pail,10,50.0
2547,2025-04-02,2025-04-04,HM47,Red,gallon,Duration-Red-Gallon,32,32.0
2548,2025-04-02,2025-04-06,HM56,White,gallon,SuperPaint-White-Gallon,40,40.0
2549,2025-04-02,2025-04-03,HM56,White,quart,ProMar200-White-Quart,188,47.0
2550,2025-04-02,2025-04-05,HM56,White,gallon,Duration-White-Gallon,12,12.0
2551,2025-04-03,2025-04-11,HM01,White,gallon,Duration-White-Gallon,24,24.0
2552,2025-04-03,2025-04-07,HM01,White,pail_5gal,ProMar200-White-Pail,3,15.0
2553,2025-04-03,2025-04-06,HM01,White,gallon,Duration-White-Gallon,37,37.0
2554,2025-04-03,2025-04-05,HM01,White,quart,SuperPaint-White-Quart,40,10.0
2555,2025-04-03,2025-04-05,HM01,White,quart,Duration-White-Quart,54,13.5
2556,2025-04-03,2025-04-07,HM12,Blue/Green,quart,Emerald-Blue/Green-Quart,23,5.75
2557,2025-04-03,2025-04-04,HM12,Blue/Green,quart,SuperPaint-Blue/Green-Quart,71,17.75
2558,2025-04-03,2025-04-06,HM13,Blue/Green,quart,SuperPaint-Blue/Green-Quart,118,29.5
2559,2025-04-03,2025-04-04,HM13,Blue/Green,gallon,Emerald-Blue/Green-Gallon,26,26.0
2560,2025-04-03,2025-04-08,HM13,Blue/Green,quart,Emerald-Blue/Green-Quart,71,17.75
2561,2025-04-03,2025-04-05,HM14,Blue/Green,quart,Emerald-Blue/Green-Quart,155,38.75
2562,2025-04-03,2025-04-06,HM16,Red,quart,Duration-Red-Quart,118,29.5
2563,2025-04-03,2025-04-08,HM16,Red,quart,Duration-Red-Quart,129,32.25
2564,2025-04-03,2025-04-04,HM20,Black,gallon,ProMar200-Black-Gallon,61,61.0
2565,2025-04-03,2025-04-04,HM20,Black,gallon,ProMar200-Black-Gallon,29,29.0
2566,2025-04-03,2025-04-11,HM20,Black,pail_5gal,PrepRite-Black-Pail,3,15.0
2567,2025-04-03,2025-04-07,HM20,Black,pail_5gal,ProMar200-Black-Pail,5,25.0
2568,2025-04-03,2025-04-04,HM25,Black,quart,PrepRite-Black-Quart,191,47.75
2569,2025-04-03,2025-04-06,HM25,Black,pail_5gal,PrepRite-Black-Pail,8,40.0
2570,2025-04-03,2025-04-05,HM25,Black,gallon,ProMar200-Black-Gallon,27,27.0
2571,2025-04-03,2025-04-05,HM30,Black,gallon,ProMar200-Black-Gallon,75,75.0
2572,2025-04-03,2025-04-05,HM30,Black,gallon,ProMar200-Black-Gallon,59,59.0
2573,2025-04-03,2025-04-04,HM36,White,pail_5gal,ProMar200-White-Pail,3,15.0
2574,2025-04-03,2025-04-06,HM36,White,quart,ProMar200-White-Quart,56,14.0
2575,2025-04-03,2025-04-06,HM43,Red,quart,Duration-Red-Quart,133,33.25
2576,2025-04-03,2025-04-04,HM43,Red,pail_5gal,Emerald-Red-Pail,2,10.0
2577,2025-04-03,2025-04-05,HM43,Red,gallon,Emerald-Red-Gallon,30,30.0
2578,2025-04-03,2025-04-07,HM47,Red,quart,Duration-Red-Quart,71,17.75
2579,2025-04-03,2025-04-04,HM47,Red,gallon,Duration-Red-Gallon,30,30.0
2580,2025-04-03,2025-04-09,HM47,Red,quart,Emerald-Red-Quart,164,41.0
2581,2025-04-03,2025-04-07,HM47,Red,quart,Emerald-Red-Quart,184,46.0
2582,2025-04-03,2025-04-07,HM50,Clear,gallon,SuperPaint-Clear-Gallon,55,55.0
2583,2025-04-03,2025-04-09,HM50,Clear,gallon,ProMar200-Clear-Gallon,10,10.0
2584,2025-04-03,2025-04-04,HM56,White,pail_5gal,ProMar200-White-Pail,8,40.0
2585,2025-04-03,2025-04-06,HM56,White,gallon,Duration-White-Gallon,38,38.0
2586,2025-04-04,2025-04-05,HM01,White,gallon,Duration-White-Gallon,35,35.0
2587,2025-04-04,2025-04-06,HM01,White,quart,Duration-White-Quart,72,18.0
2588,2025-04-04,2025-04-18,HM12,Blue/Green,quart,SuperPaint-Blue/Green-Quart,238,59.5
2589,2025-04-04,2025-04-08,HM12,Blue/Green,quart,SuperPaint-Blue/Green-Quart,134,33.5
2590,2025-04-04,2025-04-06,HM12,Blue/Green,gallon,Emerald-Blue/Green-Gallon,81,81.0
2591,2025-04-04,2025-04-10,HM12,Blue/Green,gallon,SuperPaint-Blue/Green-Gallon,102,102.0
2592,2025-04-04,2025-04-06,HM13,Blue/Green,quart,Emerald-Blue/Green-Quart,71,17.75
2593,2025-04-04,2025-04-05,HM14,Blue/Green,quart,Emerald-Blue/Green-Quart,88,22.0
2594,2025-04-04,2025-04-06,HM16,Red,gallon,Duration-Red-Gallon,21,21.0
2595,2025-04-04,2025-04-06,HM16,Red,pail_5gal,Duration-Red-Pail,7,35.0
2596,2025-04-04,2025-04-07,HM16,Red,quart,Duration-Red-Quart,179,44.75
2597,2025-04-04,2025-04-06,HM16,Red,quart,Duration-Red-Quart,108,27.0
2598,2025-04-04,2025-04-05,HM20,Black,gallon,ProMar200-Black-Gallon,46,46.0
2599,2025-04-04,2025-04-05,HM20,Black,gallon,PrepRite-Black-Gallon,21,21.0
2600,2025-04-04,2025-04-05,HM20,Black,quart,PrepRite-Black-Quart,261,65.25
2601,2025-04-04,2025-04-08,HM20,Black,quart,ProMar200-Black-Quart,65,16.25
2602,2025-04-04,2025-04-13,HM25,Black,gallon,PrepRite-Black-Gallon,19,19.0
2603,2025-04-04,2025-04-05,HM25,Black,quart,ProMar200-Black-Quart,86,21.5
2604,2025-04-04,2025-04-05,HM30,Black,gallon,PrepRite-Black-Gallon,8,8.0
2605,2025-04-04,2025-04-05,HM36,White,quart,Duration-White-Quart,86,21.5
2606,2025-04-04,2025-04-11,HM36,White,gallon,Duration-White-Gallon,30,30.0
2607,2025-04-04,2025-04-10,HM36,White,gallon,SuperPaint-White-Gallon,84,84.0
2608,2025-04-04,2025-04-05,HM36,White,gallon,Duration-White-Gallon,31,31.0
2609,2025-04-04,2025-04-08,HM36,White,gallon,SuperPaint-White-Gallon,26,26.0
2610,2025-04-04,2025-04-14,HM47,Red,pail_5gal,Emerald-Red-Pail,12,60.0
2611,2025-04-04,2025-04-07,HM47,Red,pail_5gal,Emerald-Red-Pail,7,35.0
2612,2025-04-04,2025-04-05,HM50,Clear,quart,SuperPaint-Clear-Quart,117,29.25
2613,2025-04-04,2025-04-08,HM56,White,pail_5gal,SuperPaint-White-Pail,5,25.0
2614,2025-04-04,2025-04-06,HM56,White,gallon,SuperPaint-White-Gallon,28,28.0
2615,2025-04-04,2025-04-08,HM56,White,quart,SuperPaint-White-Quart,72,18.0
2616,2025-04-04,2025-04-06,HM56,White,gallon,Duration-White-Gallon,15,15.0
2617,2025-04-05,2025-04-13,HM01,White,quart,ProMar200-White-Quart,42,10.5
2618,2025-04-05,2025-04-06,HM01,White,quart,ProMar200-White-Quart,61,15.25
2619,2025-04-05,2025-04-08,HM12,Blue/Green,pail_5gal,SuperPaint-Blue/Green-Pail,8,40.0
2620,2025-04-05,2025-04-08,HM13,Blue/Green,quart,SuperPaint-Blue/Green-Quart,63,15.75
2621,2025-04-05,2025-04-06,HM16,Red,quart,Duration-Red-Quart,97,24.25
2622,2025-04-05,2025-04-06,HM16,Red,gallon,Emerald-Red-Gallon,20,20.0
2623,2025-04-05,2025-04-07,HM16,Red,pail_5gal,Duration-Red-Pail,5,25.0
2624,2025-04-05,2025-04-07,HM20,Black,gallon,PrepRite-Black-Gallon,29,29.0
2625,2025-04-05,2025-04-06,HM25,Black,quart,ProMar200-Black-Quart,69,17.25
2626,2025-04-05,2025-04-06,HM30,Black,gallon,PrepRite-Black-Gallon,25,25.0
2627,2025-04-05,2025-04-08,HM36,White,quart,ProMar200-White-Quart,139,34.75
2628,2025-04-05,2025-04-08,HM36,White,gallon,ProMar200-White-Gallon,35,35.0
2629,2025-04-05,2025-04-07,HM50,Clear,quart,SuperPaint-Clear-Quart,27,6.75
2630,2025-04-05,2025-04-07,HM56,White,quart,ProMar200-White-Quart,53,13.25
2631,2025-04-05,2025-04-08,HM56,White,gallon,Duration-White-Gallon,55,55.0
2632,2025-04-06,2025-04-11,HM12,Blue/Green,gallon,SuperPaint-Blue/Green-Gallon,18,18.0
2633,2025-04-06,2025-04-10,HM13,Blue/Green,pail_5gal,SuperPaint-Blue/Green-Pail,3,15.0
2634,2025-04-06,2025-04-10,HM13,Blue/Green,quart,SuperPaint-Blue/Green-Quart,155,38.75
2635,2025-04-06,2025-04-08,HM16,Red,pail_5gal,Duration-Red-Pail,10,50.0
2636,2025-04-06,2025-04-09,HM25,Black,gallon,PrepRite-Black-Gallon,66,66.0
2637,2025-04-06,2025-04-10,HM25,Black,pail_5gal,ProMar200-Black-Pail,3,15.0
2638,2025-04-06,2025-04-08,HM36,White,gallon,Duration-White-Gallon,47,47.0
2639,2025-04-06,2025-04-07,HM43,Red,pail_5gal,Emerald-Red-Pail,11,55.0
2640,2025-04-06,2025-04-08,HM47,Red,pail_5gal,Emerald-Red-Pail,13,65.0
2641,2025-04-06,2025-04-13,HM47,Red,gallon,Emerald-Red-Gallon,65,65.0
2642,2025-04-06,2025-04-07,HM47,Red,quart,Emerald-Red-Quart,124,31.0
2643,2025-04-06,2025-04-08,HM47,Red,gallon,Duration-Red-Gallon,134,134.0
2644,2025-04-06,2025-04-09,HM50,Clear,gallon,ProMar200-Clear-Gallon,62,62.0
2645,2025-04-06,2025-04-09,HM56,White,quart,SuperPaint-White-Quart,271,67.75
2646,2025-04-07,2025-04-09,HM01,White,gallon,SuperPaint-White-Gallon,13,13.0
2647,2025-04-07,2025-04-08,HM12,Blue/Green,gallon,Emerald-Blue/Green-Gallon,12,12.0
2648,2025-04-07,2025-04-10,HM13,Blue/Green,quart,Emerald-Blue/Green-Quart,289,72.25
2649,2025-04-07,2025-04-16,HM13,Blue/Green,gallon,Emerald-Blue/Green-Gallon,18,18.0
2650,2025-04-07,2025-04-08,HM13,Blue/Green,pail_5gal,Emerald-Blue/Green-Pail,5,25.0
2651,2025-04-07,2025-04-10,HM14,Blue/Green,gallon,SuperPaint-Blue/Green-Gallon,35,35.0
2652,2025-04-07,2025-04-08,HM14,Blue/Green,quart,Emerald-Blue/Green-Quart,257,64.25
2653,2025-04-07,2025-04-12,HM14,Blue/Green,quart,SuperPaint-Blue/Green-Quart,86,21.5
2654,2025-04-07,2025-04-10,HM25,Black,quart,PrepRite-Black-Quart,68,17.0
2655,2025-04-07,2025-04-11,HM25,Black,pail_5gal,PrepRite-Black-Pail,4,20.0
2656,2025-04-07,2025-04-08,HM30,Black,pail_5gal,PrepRite-Black-Pail,6,30.0
2657,2025-04-07,2025-04-09,HM36,White,quart,SuperPaint-White-Quart,65,16.25
2658,2025-04-07,2025-04-09,HM43,Red,quart,Duration-Red-Quart,98,24.5
2659,2025-04-07,2025-04-09,HM43,Red,gallon,Emerald-Red-Gallon,34,34.0
2660,2025-04-07,2025-04-11,HM43,Red,gallon,Emerald-Red-Gallon,45,45.0
2661,2025-04-07,2025-04-11,HM43,Red,quart,Emerald-Red-Quart,150,37.5
2662,2025-04-07,2025-04-12,HM43,Red,gallon,Duration-Red-Gallon,44,44.0
2663,2025-04-07,2025-04-08,HM47,Red,pail_5gal,Emerald-Red-Pail,6,30.0
2664,2025-04-07,2025-04-11,HM47,Red,gallon,Emerald-Red-Gallon,111,111.0
2665,2025-04-07,2025-04-09,HM50,Clear,quart,ProMar200-Clear-Quart,73,18.25
2666,2025-04-07,2025-04-09,HM50,Clear,gallon,SuperPaint-Clear-Gallon,51,51.0
2667,2025-04-07,2025-04-11,HM50,Clear,gallon,SuperPaint-Clear-Gallon,33,33.0
2668,2025-04-07,2025-04-10,HM50,Clear,gallon,ProMar200-Clear-Gallon,12,12.0
2669,2025-04-07,2025-04-09,HM56,White,quart,SuperPaint-White-Quart,210,52.5
2670,2025-04-07,2025-04-10,HM56,White,gallon,ProMar200-White-Gallon,19,19.0
2671,2025-04-07,2025-04-11,HM56,White,quart,Duration-White-Quart,273,68.25
2672,2025-04-08,2025-04-10,HM01,White,quart,Duration-White-Quart,99,24.75
2673,2025-04-08,2025-04-11,HM12,Blue/Green,gallon,SuperPaint-Blue/Green-Gallon,30,30.0
2674,2025-04-08,2025-04-10,HM12,Blue/Green,gallon,Emerald-Blue/Green-Gallon,29,29.0
2675,2025-04-08,2025-04-10,HM12,Blue/Green,pail_5gal,Emerald-Blue/Green-Pail,4,20.0
2676,2025-04-08,2025-04-10,HM13,Blue/Green,gallon,Emerald-Blue/Green-Gallon,104,104.0
2677,2025-04-08,2025-04-09,HM14,Blue/Green,gallon,SuperPaint-Blue/Green-Gallon,27,27.0
2678,2025-04-08,2025-04-11,HM14,Blue/Green,quart,SuperPaint-Blue/Green-Quart,155,38.75
2679,2025-04-08,2025-04-10,HM14,Blue/Green,gallon,SuperPaint-Blue/Green-Gallon,44,44.0
2680,2025-04-08,2025-04-10,HM16,Red,gallon,Emerald-Red-Gallon,30,30.0
2681,2025-04-08,2025-04-11,HM16,Red,quart,Emerald-Red-Quart,312,78.0
2682,2025-04-08,2025-04-11,HM20,Black,quart,ProMar200-Black-Quart,194,48.5
2683,2025-04-08,2025-04-10,HM20,Black,gallon,ProMar200-Black-Gallon,49,49.0
2684,2025-04-08,2025-04-12,HM30,Black,gallon,PrepRite-Black-Gallon,105,105.0
2685,2025-04-08,2025-04-11,HM30,Black,pail_5gal,ProMar200-Black-Pail,3,15.0
2686,2025-04-08,2025-04-09,HM36,White,quart,Duration-White-Quart,33,8.25
2687,2025-04-08,2025-04-10,HM43,Red,gallon,Emerald-Red-Gallon,38,38.0
2688,2025-04-08,2025-04-14,HM43,Red,gallon,Emerald-Red-Gallon,85,85.0
2689,2025-04-08,2025-04-12,HM43,Red,gallon,Duration-Red-Gallon,63,63.0
2690,2025-04-08,2025-04-11,HM43,Red,quart,Duration-Red-Quart,142,35.5
2691,2025-04-08,2025-04-09,HM43,Red,quart,Emerald-Red-Quart,120,30.0
2692,2025-04-08,2025-04-11,HM47,Red,gallon,Duration-Red-Gallon,20,20.0
2693,2025-04-08,2025-04-11,HM50,Clear,gallon,ProMar200-Clear-Gallon,64,64.0
2694,2025-04-08,2025-04-11,HM56,White,quart,Duration-White-Quart,58,14.5
2695,2025-04-09,2025-04-12,HM01,White,quart,ProMar200-White-Quart,294,73.5
2696,2025-04-09,2025-04-11,HM01,White,quart,ProMar200-White-Quart,147,36.75
2697,2025-04-09,2025-04-10,HM13,Blue/Green,quart,Emerald-Blue/Green-Quart,272,68.0
2698,2025-04-09,2025-04-20,HM14,Blue/Green,gallon,SuperPaint-Blue/Green-Gallon,30,30.0
2699,2025-04-09,2025-04-12,HM14,Blue/Green,gallon,Emerald-Blue/Green-Gallon,56,56.0
2700,2025-04-09,2025-04-12,HM14,Blue/Green,pail_5gal,SuperPaint-Blue/Green-Pail,3,15.0
2701,2025-04-09,2025-04-11,HM16,Red,quart,Emerald-Red-Quart,44,11.0
2702,2025-04-09,2025-04-20,HM16,Red,quart,Emerald-Red-Quart,66,16.5
2703,2025-04-09,2025-04-14,HM20,Black,gallon,PrepRite-Black-Gallon,35,35.0
2704,2025-04-09,2025-04-15,HM25,Black,quart,ProMar200-Black-Quart,147,36.75
2705,2025-04-09,2025-04-11,HM25,Black,gallon,ProMar200-Black-Gallon,18,18.0
2706,2025-04-09,2025-04-11,HM25,Black,gallon,ProMar200-Black-Gallon,9,9.0
2707,2025-04-09,2025-04-15,HM30,Black,gallon,ProMar200-Black-Gallon,134,134.0
2708,2025-04-09,2025-04-11,HM36,White,pail_5gal,ProMar200-White-Pail,9,45.0
2709,2025-04-09,2025-04-12,HM36,White,quart,SuperPaint-White-Quart,162,40.5
2710,2025-04-09,2025-04-12,HM36,White,quart,ProMar200-White-Quart,101,25.25
2711,2025-04-09,2025-04-13,HM36,White,gallon,Duration-White-Gallon,47,47.0
2712,2025-04-09,2025-04-11,HM36,White,gallon,Duration-White-Gallon,24,24.0
2713,2025-04-09,2025-04-11,HM47,Red,gallon,Duration-Red-Gallon,31,31.0
2714,2025-04-09,2025-04-12,HM50,Clear,quart,SuperPaint-Clear-Quart,53,13.25
2715,2025-04-09,2025-04-13,HM56,White,quart,ProMar200-White-Quart,73,18.25
2716,2025-04-10,2025-04-14,HM01,White,gallon,SuperPaint-White-Gallon,26,26.0
2717,2025-04-10,2025-04-11,HM01,White,gallon,Duration-White-Gallon,14,14.0
2718,2025-04-10,2025-04-13,HM01,White,gallon,ProMar200-White-Gallon,35,35.0
2719,2025-04-10,2025-04-11,HM12,Blue/Green,pail_5gal,Emerald-Blue/Green-Pail,8,40.0
2720,2025-04-10,2025-04-12,HM12,Blue/Green,quart,SuperPaint-Blue/Green-Quart,88,22.0
2721,2025-04-10,2025-04-15,HM12,Blue/Green,pail_5gal,SuperPaint-Blue/Green-Pail,5,25.0
2722,2025-04-10,2025-04-13,HM14,Blue/Green,pail_5gal,SuperPaint-Blue/Green-Pail,8,40.0
2723,2025-04-10,2025-04-14,HM14,Blue/Green,gallon,SuperPaint-Blue/Green-Gallon,27,27.0
2724,2025-04-10,2025-04-12,HM14,Blue/Green,quart,Emerald-Blue/Green-Quart,51,12.75
2725,2025-04-10,2025-04-14,HM16,Red,quart,Emerald-Red-Quart,60,15.0
2726,2025-04-10,2025-04-13,HM20,Black,quart,ProMar200-Black-Quart,241,60.25
2727,2025-04-10,2025-04-13,HM30,Black,gallon,ProMar200-Black-Gallon,71,71.0
2728,2025-04-10,2025-04-11,HM30,Black,pail_5gal,ProMar200-Black-Pail,14,70.0
2729,2025-04-10,2025-04-12,HM30,Black,gallon,PrepRite-Black-Gallon,26,26.0
2730,2025-04-10,2025-04-11,HM30,Black,gallon,ProMar200-Black-Gallon,36,36.0
2731,2025-04-10,2025-04-13,HM36,White,gallon,ProMar200-White-Gallon,75,75.0
2732,2025-04-10,2025-04-13,HM36,White,quart,SuperPaint-White-Quart,61,15.25
2733,2025-04-10,2025-04-14,HM36,White,gallon,Duration-White-Gallon,29,29.0
2734,2025-04-10,2025-04-13,HM43,Red,quart,Duration-Red-Quart,53,13.25
2735,2025-04-10,2025-04-12,HM43,Red,gallon,Emerald-Red-Gallon,24,24.0
2736,2025-04-10,2025-04-13,HM43,Red,gallon,Emerald-Red-Gallon,38,38.0
2737,2025-04-10,2025-04-14,HM50,Clear,quart,SuperPaint-Clear-Quart,60,15.0
2738,2025-04-10,2025-04-11,HM50,Clear,gallon,SuperPaint-Clear-Gallon,46,46.0
2739,2025-04-10,2025-04-11,HM50,Clear,gallon,SuperPaint-Clear-Gallon,101,101.0
2740,2025-04-10,2025-04-11,HM50,Clear,gallon,ProMar200-Clear-Gallon,40,40.0
2741,2025-04-10,2025-04-15,HM50,Clear,gallon,ProMar200-Clear-Gallon,37,37.0
2742,2025-04-10,2025-04-11,HM56,White,gallon,ProMar200-White-Gallon,37,37.0
2743,2025-04-11,2025-04-12,HM01,White,gallon,ProMar200-White-Gallon,44,44.0
2744,2025-04-11,2025-04-12,HM01,White,gallon,SuperPaint-White-Gallon,68,68.0
2745,2025-04-11,2025-04-17,HM12,Blue/Green,quart,SuperPaint-Blue/Green-Quart,121,30.25
2746,2025-04-11,2025-04-12,HM12,Blue/Green,pail_5gal,SuperPaint-Blue/Green-Pail,3,15.0
2747,2025-04-11,2025-04-14,HM14,Blue/Green,gallon,SuperPaint-Blue/Green-Gallon,37,37.0
2748,2025-04-11,2025-04-12,HM14,Blue/Green,quart,SuperPaint-Blue/Green-Quart,102,25.5
2749,2025-04-11,2025-04-14,HM14,Blue/Green,quart,SuperPaint-Blue/Green-Quart,61,15.25
2750,2025-04-11,2025-04-14,HM14,Blue/Green,quart,Emerald-Blue/Green-Quart,57,14.25
2751,2025-04-11,2025-04-15,HM14,Blue/Green,pail_5gal,Emerald-Blue/Green-Pail,1,5.0
2752,2025-04-11,2025-04-13,HM16,Red,gallon,Duration-Red-Gallon,27,27.0
2753,2025-04-11,2025-04-13,HM16,Red,pail_5gal,Duration-Red-Pail,2,10.0
2754,2025-04-11,2025-04-15,HM20,Black,gallon,ProMar200-Black-Gallon,94,94.0
2755,2025-04-11,2025-04-13,HM25,Black,pail_5gal,PrepRite-Black-Pail,14,70.0
2756,2025-04-11,2025-04-15,HM30,Black,quart,PrepRite-Black-Quart,88,22.0
2757,2025-04-11,2025-04-13,HM30,Black,gallon,ProMar200-Black-Gallon,36,36.0
2758,2025-04-11,2025-04-18,HM30,Black,gallon,PrepRite-Black-Gallon,37,37.0
2759,2025-04-11,2025-04-15,HM30,Black,pail_5gal,PrepRite-Black-Pail,2,10.0
2760,2025-04-11,2025-04-12,HM36,White,quart,ProMar200-White-Quart,91,22.75
2761,2025-04-11,2025-04-14,HM36,White,quart,ProMar200-White-Quart,154,38.5
2762,2025-04-11,2025-04-12,HM43,Red,gallon,Emerald-Red-Gallon,24,24.0
2763,2025-04-11,2025-04-12,HM47,Red,gallon,Duration-Red-Gallon,42,42.0
2764,2025-04-11,2025-04-13,HM50,Clear,gallon,SuperPaint-Clear-Gallon,48,48.0
2765,2025-04-11,2025-04-14,HM50,Clear,gallon,ProMar200-Clear-Gallon,30,30.0
2766,2025-04-11,2025-04-13,HM50,Clear,pail_5gal,ProMar200-Clear-Pail,7,35.0
2767,2025-04-11,2025-04-12,HM56,White,pail_5gal,Duration-White-Pail,8,40.0
2768,2025-04-11,2025-04-14,HM56,White,quart,Duration-White-Quart,122,30.5
2769,2025-04-11,2025-04-14,HM56,White,quart,SuperPaint-White-Quart,96,24.0
2770,2025-04-12,2025-04-15,HM01,White,quart,SuperPaint-White-Quart,121,30.25
2771,2025-04-12,2025-04-15,HM01,White,gallon,Duration-White-Gallon,26,26.0
2772,2025-04-12,2025-04-18,HM01,White,gallon,SuperPaint-White-Gallon,23,23.0
2773,2025-04-12,2025-04-16,HM12,Blue/Green,gallon,SuperPaint-Blue/Green-Gallon,51,51.0
2774,2025-04-12,2025-04-15,HM12,Blue/Green,pail_5gal,SuperPaint-Blue/Green-Pail,3,15.0
2775,2025-04-12,2025-04-15,HM14,Blue/Green,quart,SuperPaint-Blue/Green-Quart,164,41.0
2776,2025-04-12,2025-04-14,HM20,Black,gallon,PrepRite-Black-Gallon,39,39.0
2777,2025-04-12,2025-04-13,HM25,Black,gallon,PrepRite-Black-Gallon,42,42.0
2778,2025-04-12,2025-04-14,HM36,White,gallon,ProMar200-White-Gallon,31,31.0
2779,2025-04-12,2025-04-14,HM36,White,quart,SuperPaint-White-Quart,110,27.5
2780,2025-04-12,2025-04-22,HM43,Red,pail_5gal,Duration-Red-Pail,6,30.0
2781,2025-04-12,2025-04-14,HM47,Red,quart,Duration-Red-Quart,91,22.75
2782,2025-04-12,2025-04-13,HM47,Red,pail_5gal,Emerald-Red-Pail,7,35.0
2783,2025-04-12,2025-04-13,HM50,Clear,quart,ProMar200-Clear-Quart,286,71.5
2784,2025-04-12,2025-04-13,HM56,White,gallon,SuperPaint-White-Gallon,31,31.0
2785,2025-04-12,2025-04-14,HM56,White,gallon,ProMar200-White-Gallon,14,14.0
2786,2025-04-13,2025-04-14,HM01,White,pail_5gal,Duration-White-Pail,7,35.0
2787,2025-04-13,2025-04-15,HM14,Blue/Green,quart,SuperPaint-Blue/Green-Quart,112,28.0
2788,2025-04-13,2025-04-14,HM16,Red,gallon,Duration-Red-Gallon,65,65.0
2789,2025-04-13,2025-04-17,HM16,Red,pail_5gal,Duration-Red-Pail,9,45.0
2790,2025-04-13,2025-04-18,HM20,Black,gallon,ProMar200-Black-Gallon,33,33.0
2791,2025-04-13,2025-04-14,HM30,Black,quart,PrepRite-Black-Quart,44,11.0
2792,2025-04-13,2025-04-14,HM30,Black,pail_5gal,PrepRite-Black-Pail,10,50.0
2793,2025-04-13,2025-04-15,HM36,White,quart,SuperPaint-White-Quart,215,53.75
2794,2025-04-13,2025-04-14,HM56,White,gallon,Duration-White-Gallon,11,11.0
2795,2025-04-14,2025-04-17,HM01,White,quart,SuperPaint-White-Quart,78,19.5
2796,2025-04-14,2025-04-20,HM12,Blue/Green,quart,Emerald-Blue/Green-Quart,138,34.5
2797,2025-04-14,2025-04-16,HM12,Blue/Green,gallon,Emerald-Blue/Green-Gallon,95,95.0
2798,2025-04-14,2025-04-23,HM12,Blue/Green,gallon,Emerald-Blue/Green-Gallon,81,81.0
2799,2025-04-14,2025-04-16,HM12,Blue/Green,quart,SuperPaint-Blue/Green-Quart,141,35.25
2800,2025-04-14,2025-04-15,HM13,Blue/Green,quart,SuperPaint-Blue/Green-Quart,45,11.25
2801,2025-04-14,2025-04-15,HM13,Blue/Green,quart,SuperPaint-Blue/Green-Quart,142,35.5
2802,2025-04-14,2025-04-20,HM14,Blue/Green,quart,SuperPaint-Blue/Green-Quart,85,21.25
2803,2025-04-14,2025-04-15,HM16,Red,gallon,Emerald-Red-Gallon,98,98.0
2804,2025-04-14,2025-04-16,HM36,White,quart,ProMar200-White-Quart,315,78.75
2805,2025-04-14,2025-04-16,HM36,White,gallon,SuperPaint-White-Gallon,31,31.0
2806,2025-04-14,2025-04-16,HM50,Clear,quart,ProMar200-Clear-Quart,282,70.5
2807,2025-04-14,2025-04-19,HM50,Clear,gallon,ProMar200-Clear-Gallon,26,26.0
2808,2025-04-14,2025-04-16,HM56,White,gallon,ProMar200-White-Gallon,22,22.0
2809,2025-04-14,2025-04-17,HM56,White,quart,SuperPaint-White-Quart,68,17.0
2810,2025-04-15,2025-04-17,HM01,White,pail_5gal,SuperPaint-White-Pail,10,50.0
2811,2025-04-15,2025-04-20,HM12,Blue/Green,quart,Emerald-Blue/Green-Quart,353,88.25
2812,2025-04-15,2025-04-17,HM16,Red,gallon,Emerald-Red-Gallon,30,30.0
2813,2025-04-15,2025-04-18,HM16,Red,gallon,Emerald-Red-Gallon,50,50.0
2814,2025-04-15,2025-04-16,HM16,Red,gallon,Duration-Red-Gallon,30,30.0
2815,2025-04-15,2025-04-23,HM16,Red,gallon,Duration-Red-Gallon,52,52.0
2816,2025-04-15,2025-04-22,HM20,Black,gallon,PrepRite-Black-Gallon,17,17.0
2817,2025-04-15,2025-04-19,HM30,Black,quart,ProMar200-Black-Quart,143,35.75
2818,2025-04-15,2025-04-24,HM30,Black,pail_5gal,PrepRite-Black-Pail,10,50.0
2819,2025-04-15,2025-04-19,HM30,Black,quart,ProMar200-Black-Quart,75,18.75
2820,2025-04-15,2025-04-18,HM36,White,quart,Duration-White-Quart,80,20.0
2821,2025-04-15,2025-04-18,HM43,Red,pail_5gal,Duration-Red-Pail,19,95.0
2822,2025-04-15,2025-04-16,HM47,Red,quart,Emerald-Red-Quart,251,62.75
2823,2025-04-15,2025-04-17,HM50,Clear,quart,SuperPaint-Clear-Quart,129,32.25
2824,2025-04-15,2025-04-24,HM50,Clear,gallon,SuperPaint-Clear-Gallon,23,23.0
2825,2025-04-15,2025-04-18,HM56,White,pail_5gal,SuperPaint-White-Pail,4,20.0
2826,2025-04-15,2025-04-18,HM56,White,quart,ProMar200-White-Quart,147,36.75
2827,2025-04-16,2025-04-18,HM01,White,gallon,Duration-White-Gallon,32,32.0
2828,2025-04-16,2025-04-21,HM12,Blue/Green,quart,Emerald-Blue/Green-Quart,277,69.25
2829,2025-04-16,2025-04-20,HM13,Blue/Green,quart,Emerald-Blue/Green-Quart,158,39.5
2830,2025-04-16,2025-04-18,HM14,Blue/Green,gallon,Emerald-Blue/Green-Gallon,17,17.0
2831,2025-04-16,2025-04-17,HM14,Blue/Green,pail_5gal,Emerald-Blue/Green-Pail,8,40.0
2832,2025-04-16,2025-04-18,HM14,Blue/Green,pail_5gal,Emerald-Blue/Green-Pail,2,10.0
2833,2025-04-16,2025-04-22,HM25,Black,quart,PrepRite-Black-Quart,57,14.25
2834,2025-04-16,2025-04-20,HM25,Black,quart,PrepRite-Black-Quart,199,49.75
2835,2025-04-16,2025-04-18,HM25,Black,gallon,ProMar200-Black-Gallon,44,44.0
2836,2025-04-16,2025-04-17,HM43,Red,quart,Duration-Red-Quart,59,14.75
2837,2025-04-16,2025-04-17,HM47,Red,quart,Emerald-Red-Quart,138,34.5
2838,2025-04-16,2025-04-18,HM47,Red,gallon,Duration-Red-Gallon,58,58.0
2839,2025-04-16,2025-04-19,HM50,Clear,gallon,SuperPaint-Clear-Gallon,57,57.0
2840,2025-04-16,2025-04-19,HM50,Clear,gallon,SuperPaint-Clear-Gallon,65,65.0
2841,2025-04-16,2025-04-17,HM50,Clear,pail_5gal,SuperPaint-Clear-Pail,5,25.0
2842,2025-04-16,2025-04-18,HM56,White,gallon,ProMar200-White-Gallon,43,43.0
2843,2025-04-17,2025-04-20,HM01,White,gallon,ProMar200-White-Gallon,46,46.0
2844,2025-04-17,2025-04-20,HM12,Blue/Green,gallon,Emerald-Blue/Green-Gallon,40,40.0
2845,2025-04-17,2025-04-21,HM12,Blue/Green,quart,SuperPaint-Blue/Green-Quart,108,27.0
2846,2025-04-17,2025-04-23,HM13,Blue/Green,quart,SuperPaint-Blue/Green-Quart,169,42.25
2847,2025-04-17,2025-04-19,HM16,Red,gallon,Emerald-Red-Gallon,16,16.0
2848,2025-04-17,2025-04-19,HM16,Red,gallon,Duration-Red-Gallon,84,84.0
2849,2025-04-17,2025-04-21,HM20,Black,gallon,ProMar200-Black-Gallon,25,25.0
2850,2025-04-17,2025-04-21,HM20,Black,gallon,PrepRite-Black-Gallon,33,33.0
2851,2025-04-17,2025-04-24,HM25,Black,gallon,ProMar200-Black-Gallon,23,23.0
2852,2025-04-17,2025-04-18,HM25,Black,quart,ProMar200-Black-Quart,111,27.75
2853,2025-04-17,2025-04-18,HM25,Black,quart,PrepRite-Black-Quart,78,19.5
2854,2025-04-17,2025-04-18,HM30,Black,gallon,ProMar200-Black-Gallon,26,26.0
2855,2025-04-17,2025-04-21,HM36,White,gallon,ProMar200-White-Gallon,52,52.0
2856,2025-04-17,2025-04-18,HM36,White,gallon,ProMar200-White-Gallon,56,56.0
2857,2025-04-17,2025-04-18,HM43,Red,gallon,Emerald-Red-Gallon,35,35.0
2858,2025-04-17,2025-04-19,HM43,Red,gallon,Emerald-Red-Gallon,44,44.0
2859,2025-04-17,2025-04-18,HM47,Red,gallon,Duration-Red-Gallon,10,10.0
2860,2025-04-17,2025-04-18,HM50,Clear,quart,SuperPaint-Clear-Quart,199,49.75
2861,2025-04-17,2025-04-20,HM50,Clear,gallon,SuperPaint-Clear-Gallon,74,74.0
2862,2025-04-17,2025-04-19,HM50,Clear,quart,ProMar200-Clear-Quart,57,14.25
2863,2025-04-17,2025-04-19,HM50,Clear,quart,SuperPaint-Clear-Quart,37,9.25
2864,2025-04-17,2025-04-19,HM56,White,gallon,Duration-White-Gallon,15,15.0
2865,2025-04-17,2025-04-24,HM56,White,quart,SuperPaint-White-Quart,41,10.25
2866,2025-04-18,2025-04-27,HM12,Blue/Green,quart,Emerald-Blue/Green-Quart,120,30.0
2867,2025-04-18,2025-04-22,HM13,Blue/Green,pail_5gal,Emerald-Blue/Green-Pail,11,55.0
2868,2025-04-18,2025-04-22,HM13,Blue/Green,gallon,SuperPaint-Blue/Green-Gallon,34,34.0
2869,2025-04-18,2025-04-20,HM13,Blue/Green,quart,Emerald-Blue/Green-Quart,57,14.25
2870,2025-04-18,2025-04-20,HM13,Blue/Green,gallon,Emerald-Blue/Green-Gallon,51,51.0
2871,2025-04-18,2025-04-22,HM13,Blue/Green,gallon,Emerald-Blue/Green-Gallon,38,38.0
2872,2025-04-18,2025-04-22,HM13,Blue/Green,gallon,SuperPaint-Blue/Green-Gallon,20,20.0
2873,2025-04-18,2025-04-25,HM13,Blue/Green,gallon,Emerald-Blue/Green-Gallon,11,11.0
2874,2025-04-18,2025-04-20,HM14,Blue/Green,pail_5gal,Emerald-Blue/Green-Pail,2,10.0
2875,2025-04-18,2025-04-20,HM14,Blue/Green,pail_5gal,SuperPaint-Blue/Green-Pail,20,100.0
2876,2025-04-18,2025-04-19,HM14,Blue/Green,pail_5gal,Emerald-Blue/Green-Pail,6,30.0
2877,2025-04-18,2025-04-30,HM14,Blue/Green,gallon,SuperPaint-Blue/Green-Gallon,67,67.0
2878,2025-04-18,2025-04-23,HM16,Red,gallon,Emerald-Red-Gallon,56,56.0
2879,2025-04-18,2025-04-20,HM20,Black,gallon,PrepRite-Black-Gallon,61,61.0
2880,2025-04-18,2025-04-21,HM20,Black,pail_5gal,PrepRite-Black-Pail,3,15.0
2881,2025-04-18,2025-04-22,HM25,Black,gallon,ProMar200-Black-Gallon,24,24.0
2882,2025-04-18,2025-04-19,HM25,Black,quart,PrepRite-Black-Quart,68,17.0
2883,2025-04-18,2025-04-21,HM25,Black,gallon,ProMar200-Black-Gallon,10,10.0
2884,2025-04-18,2025-04-21,HM30,Black,pail_5gal,PrepRite-Black-Pail,14,70.0
2885,2025-04-18,2025-04-20,HM30,Black,gallon,PrepRite-Black-Gallon,29,29.0
2886,2025-04-18,2025-04-20,HM30,Black,quart,ProMar200-Black-Quart,170,42.5
2887,2025-04-18,2025-04-22,HM36,White,gallon,Duration-White-Gallon,17,17.0
2888,2025-04-18,2025-04-21,HM43,Red,gallon,Emerald-Red-Gallon,25,25.0
2889,2025-04-18,2025-04-20,HM43,Red,quart,Duration-Red-Quart,59,14.75
2890,2025-04-18,2025-04-19,HM43,Red,quart,Duration-Red-Quart,80,20.0
2891,2025-04-18,2025-04-20,HM56,White,gallon,Duration-White-Gallon,65,65.0
2892,2025-04-19,2025-04-20,HM01,White,quart,Duration-White-Quart,129,32.25
2893,2025-04-19,2025-04-25,HM12,Blue/Green,gallon,Emerald-Blue/Green-Gallon,27,27.0
2894,2025-04-19,2025-04-22,HM13,Blue/Green,gallon,SuperPaint-Blue/Green-Gallon,28,28.0
2895,2025-04-19,2025-04-21,HM16,Red,gallon,Emerald-Red-Gallon,18,18.0
2896,2025-04-19,2025-04-20,HM16,Red,gallon,Duration-Red-Gallon,26,26.0
2897,2025-04-19,2025-04-20,HM16,Red,pail_5gal,Duration-Red-Pail,14,70.0
2898,2025-04-19,2025-04-27,HM20,Black,gallon,PrepRite-Black-Gallon,18,18.0
2899,2025-04-19,2025-04-20,HM25,Black,pail_5gal,ProMar200-Black-Pail,8,40.0
2900,2025-04-19,2025-04-22,HM30,Black,gallon,PrepRite-Black-Gallon,93,93.0
2901,2025-04-19,2025-04-22,HM47,Red,pail_5gal,Emerald-Red-Pail,17,85.0
2902,2025-04-19,2025-04-26,HM47,Red,quart,Duration-Red-Quart,79,19.75
2903,2025-04-19,2025-04-21,HM56,White,gallon,ProMar200-White-Gallon,96,96.0
2904,2025-04-20,2025-04-21,HM01,White,quart,ProMar200-White-Quart,188,47.0
2905,2025-04-20,2025-04-21,HM12,Blue/Green,quart,SuperPaint-Blue/Green-Quart,146,36.5
2906,2025-04-20,2025-04-22,HM14,Blue/Green,gallon,SuperPaint-Blue/Green-Gallon,61,61.0
2907,2025-04-20,2025-04-24,HM14,Blue/Green,pail_5gal,Emerald-Blue/Green-Pail,6,30.0
2908,2025-04-20,2025-04-24,HM16,Red,quart,Duration-Red-Quart,186,46.5
2909,2025-04-20,2025-04-22,HM20,Black,gallon,ProMar200-Black-Gallon,74,74.0
2910,2025-04-20,2025-04-22,HM20,Black,gallon,ProMar200-Black-Gallon,64,64.0
2911,2025-04-20,2025-04-24,HM20,Black,quart,PrepRite-Black-Quart,79,19.75
2912,2025-04-20,2025-04-21,HM30,Black,quart,ProMar200-Black-Quart,144,36.0
2913,2025-04-20,2025-04-21,HM36,White,quart,Duration-White-Quart,129,32.25
2914,2025-04-20,2025-04-21,HM43,Red,gallon,Duration-Red-Gallon,40,40.0
2915,2025-04-20,2025-04-23,HM47,Red,quart,Duration-Red-Quart,74,18.5
2916,2025-04-20,2025-04-23,HM47,Red,gallon,Duration-Red-Gallon,44,44.0
2917,2025-04-20,2025-04-24,HM47,Red,gallon,Emerald-Red-Gallon,42,42.0
2918,2025-04-21,2025-05-01,HM01,White,quart,ProMar200-White-Quart,147,36.75
2919,2025-04-21,2025-04-22,HM12,Blue/Green,gallon,Emerald-Blue/Green-Gallon,33,33.0
2920,2025-04-21,2025-04-23,HM12,Blue/Green,quart,Emerald-Blue/Green-Quart,51,12.75
2921,2025-04-21,2025-04-24,HM13,Blue/Green,quart,SuperPaint-Blue/Green-Quart,123,30.75
2922,2025-04-21,2025-04-23,HM13,Blue/Green,quart,SuperPaint-Blue/Green-Quart,53,13.25
2923,2025-04-21,2025-04-24,HM13,Blue/Green,gallon,SuperPaint-Blue/Green-Gallon,19,19.0
2924,2025-04-21,2025-04-25,HM14,Blue/Green,quart,SuperPaint-Blue/Green-Quart,112,28.0
2925,2025-04-21,2025-04-24,HM14,Blue/Green,quart,SuperPaint-Blue/Green-Quart,125,31.25
2926,2025-04-21,2025-04-23,HM14,Blue/Green,quart,Emerald-Blue/Green-Quart,108,27.0
2927,2025-04-21,2025-04-25,HM14,Blue/Green,gallon,SuperPaint-Blue/Green-Gallon,24,24.0
2928,2025-04-21,2025-04-25,HM14,Blue/Green,quart,SuperPaint-Blue/Green-Quart,34,8.5
2929,2025-04-21,2025-04-22,HM20,Black,pail_5gal,ProMar200-Black-Pail,6,30.0
2930,2025-04-21,2025-04-25,HM25,Black,gallon,PrepRite-Black-Gallon,46,46.0
2931,2025-04-21,2025-04-23,HM25,Black,pail_5gal,ProMar200-Black-Pail,5,25.0
2932,2025-04-21,2025-04-23,HM25,Black,pail_5gal,ProMar200-Black-Pail,4,20.0
2933,2025-04-21,2025-04-25,HM25,Black,gallon,PrepRite-Black-Gallon,17,17.0
2934,2025-04-21,2025-04-28,HM30,Black,pail_5gal,ProMar200-Black-Pail,30,150.0
2935,2025-04-21,2025-04-25,HM36,White,quart,SuperPaint-White-Quart,111,27.75
2936,2025-04-21,2025-04-27,HM36,White,quart,SuperPaint-White-Quart,72,18.0
2937,2025-04-21,2025-04-23,HM43,Red,gallon,Duration-Red-Gallon,16,16.0
2938,2025-04-21,2025-04-22,HM56,White,gallon,ProMar200-White-Gallon,15,15.0
2939,2025-04-22,2025-04-26,HM01,White,gallon,ProMar200-White-Gallon,10,10.0
2940,2025-04-22,2025-04-23,HM01,White,quart,SuperPaint-White-Quart,241,60.25
2941,2025-04-22,2025-04-26,HM13,Blue/Green,quart,Emerald-Blue/Green-Quart,207,51.75
2942,2025-04-22,2025-04-24,HM13,Blue/Green,quart,Emerald-Blue/Green-Quart,106,26.5
2943,2025-04-22,2025-04-24,HM13,Blue/Green,quart,SuperPaint-Blue/Green-Quart,145,36.25
2944,2025-04-22,2025-04-24,HM14,Blue/Green,gallon,Emerald-Blue/Green-Gallon,32,32.0
2945,2025-04-22,2025-04-25,HM16,Red,quart,Emerald-Red-Quart,71,17.75
2946,2025-04-22,2025-04-24,HM16,Red,gallon,Duration-Red-Gallon,96,96.0
2947,2025-04-22,2025-04-25,HM20,Black,gallon,ProMar200-Black-Gallon,47,47.0
2948,2025-04-22,2025-04-23,HM20,Black,gallon,ProMar200-Black-Gallon,22,22.0
2949,2025-04-22,2025-04-23,HM25,Black,gallon,ProMar200-Black-Gallon,118,118.0
2950,2025-04-22,2025-04-27,HM43,Red,gallon,Duration-Red-Gallon,45,45.0
2951,2025-04-22,2025-04-24,HM43,Red,quart,Duration-Red-Quart,98,24.5
2952,2025-04-22,2025-04-23,HM43,Red,pail_5gal,Duration-Red-Pail,2,10.0
2953,2025-04-22,2025-04-23,HM56,White,quart,SuperPaint-White-Quart,55,13.75
2954,2025-04-22,2025-04-23,HM56,White,quart,SuperPaint-White-Quart,72,18.0
2955,2025-04-23,2025-04-24,HM01,White,gallon,SuperPaint-White-Gallon,19,19.0
2956,2025-04-23,2025-04-27,HM01,White,quart,ProMar200-White-Quart,269,67.25
2957,2025-04-23,2025-04-25,HM01,White,quart,SuperPaint-White-Quart,77,19.25
2958,2025-04-23,2025-04-28,HM01,White,quart,SuperPaint-White-Quart,33,8.25
2959,2025-04-23,2025-04-24,HM01,White,quart,ProMar200-White-Quart,69,17.25
2960,2025-04-23,2025-04-27,HM12,Blue/Green,gallon,Emerald-Blue/Green-Gallon,23,23.0
2961,2025-04-23,2025-04-29,HM14,Blue/Green,gallon,SuperPaint-Blue/Green-Gallon,46,46.0
2962,2025-04-23,2025-04-24,HM16,Red,pail_5gal,Emerald-Red-Pail,2,10.0
2963,2025-04-23,2025-04-24,HM16,Red,gallon,Emerald-Red-Gallon,29,29.0
2964,2025-04-23,2025-04-25,HM20,Black,quart,ProMar200-Black-Quart,133,33.25
2965,2025-04-23,2025-04-25,HM20,Black,quart,ProMar200-Black-Quart,99,24.75
2966,2025-04-23,2025-04-24,HM30,Black,quart,PrepRite-Black-Quart,51,12.75
2967,2025-04-23,2025-04-24,HM30,Black,pail_5gal,ProMar200-Black-Pail,5,25.0
2968,2025-04-23,2025-04-24,HM43,Red,gallon,Duration-Red-Gallon,37,37.0
2969,2025-04-23,2025-04-27,HM50,Clear,gallon,ProMar200-Clear-Gallon,24,24.0
2970,2025-04-23,2025-04-24,HM56,White,quart,SuperPaint-White-Quart,55,13.75
2971,2025-04-23,2025-04-24,HM56,White,gallon,Duration-White-Gallon,63,63.0
2972,2025-04-23,2025-04-24,HM56,White,quart,SuperPaint-White-Quart,136,34.0
2973,2025-04-23,2025-04-27,HM56,White,quart,ProMar200-White-Quart,97,24.25
2974,2025-04-23,2025-04-26,HM56,White,gallon,ProMar200-White-Gallon,67,67.0
2975,2025-04-24,2025-04-27,HM01,White,pail_5gal,ProMar200-White-Pail,9,45.0
2976,2025-04-24,2025-04-27,HM01,White,gallon,SuperPaint-White-Gallon,60,60.0
2977,2025-04-24,2025-04-27,HM12,Blue/Green,gallon,Emerald-Blue/Green-Gallon,51,51.0
2978,2025-04-24,2025-04-28,HM12,Blue/Green,quart,SuperPaint-Blue/Green-Quart,38,9.5
2979,2025-04-24,2025-04-25,HM16,Red,quart,Emerald-Red-Quart,166,41.5
2980,2025-04-24,2025-04-26,HM16,Red,pail_5gal,Duration-Red-Pail,11,55.0
2981,2025-04-24,2025-04-26,HM20,Black,pail_5gal,ProMar200-Black-Pail,1,5.0
2982,2025-04-24,2025-04-27,HM20,Black,pail_5gal,ProMar200-Black-Pail,3,15.0
2983,2025-04-24,2025-04-29,HM25,Black,quart,PrepRite-Black-Quart,44,11.0
2984,2025-04-24,2025-04-30,HM30,Black,quart,ProMar200-Black-Quart,53,13.25
2985,2025-04-24,2025-04-26,HM36,White,quart,SuperPaint-White-Quart,58,14.5
2986,2025-04-24,2025-04-27,HM43,Red,quart,Duration-Red-Quart,94,23.5
2987,2025-04-24,2025-04-26,HM47,Red,pail_5gal,Duration-Red-Pail,3,15.0
2988,2025-04-24,2025-04-28,HM47,Red,pail_5gal,Emerald-Red-Pail,10,50.0
2989,2025-04-24,2025-05-03,HM50,Clear,gallon,ProMar200-Clear-Gallon,29,29.0
2990,2025-04-24,2025-04-25,HM50,Clear,gallon,SuperPaint-Clear-Gallon,39,39.0
2991,2025-04-24,2025-04-29,HM56,White,gallon,Duration-White-Gallon,55,55.0
2992,2025-04-25,2025-04-27,HM13,Blue/Green,gallon,Emerald-Blue/Green-Gallon,42,42.0
2993,2025-04-25,2025-04-30,HM13,Blue/Green,gallon,Emerald-Blue/Green-Gallon,24,24.0
2994,2025-04-25,2025-04-28,HM13,Blue/Green,quart,SuperPaint-Blue/Green-Quart,76,19.0
2995,2025-04-25,2025-04-27,HM13,Blue/Green,quart,Emerald-Blue/Green-Quart,89,22.25
2996,2025-04-25,2025-04-26,HM14,Blue/Green,quart,SuperPaint-Blue/Green-Quart,150,37.5
2997,2025-04-25,2025-04-28,HM14,Blue/Green,pail_5gal,SuperPaint-Blue/Green-Pail,1,5.0
2998,2025-04-25,2025-04-26,HM16,Red,gallon,Emerald-Red-Gallon,24,24.0
2999,2025-04-25,2025-04-26,HM16,Red,pail_5gal,Duration-Red-Pail,6,30.0
3000,2025-04-25,2025-04-30,HM16,Red,pail_5gal,Emerald-Red-Pail,16,80.0
3001,2025-04-25,2025-04-26,HM16,Red,quart,Emerald-Red-Quart,80,20.0
3002,2025-04-25,2025-04-27,HM20,Black,gallon,ProMar200-Black-Gallon,66,66.0
3003,2025-04-25,2025-05-07,HM25,Black,quart,ProMar200-Black-Quart,111,27.75
3004,2025-04-25,2025-04-28,HM25,Black,gallon,ProMar200-Black-Gallon,22,22.0
3005,2025-04-25,2025-04-29,HM25,Black,quart,ProMar200-Black-Quart,55,13.75
3006,2025-04-25,2025-05-04,HM30,Black,gallon,ProMar200-Black-Gallon,51,51.0
3007,2025-04-25,2025-04-26,HM30,Black,pail_5gal,PrepRite-Black-Pail,3,15.0
3008,2025-04-25,2025-04-27,HM36,White,gallon,SuperPaint-White-Gallon,74,74.0
3009,2025-04-25,2025-04-26,HM36,White,gallon,SuperPaint-White-Gallon,65,65.0
3010,2025-04-25,2025-04-28,HM43,Red,gallon,Duration-Red-Gallon,55,55.0
3011,2025-04-25,2025-04-30,HM50,Clear,pail_5gal,ProMar200-Clear-Pail,2,10.0
3012,2025-04-25,2025-04-27,HM50,Clear,quart,ProMar200-Clear-Quart,327,81.75
3013,2025-04-25,2025-04-29,HM56,White,pail_5gal,Duration-White-Pail,8,40.0
3014,2025-04-25,2025-04-26,HM56,White,pail_5gal,ProMar200-White-Pail,14,70.0
3015,2025-04-26,2025-04-29,HM01,White,gallon,Duration-White-Gallon,42,42.0
3016,2025-04-26,2025-04-27,HM01,White,quart,Duration-White-Quart,487,121.75
3017,2025-04-26,2025-04-27,HM12,Blue/Green,quart,SuperPaint-Blue/Green-Quart,85,21.25
3018,2025-04-26,2025-05-01,HM12,Blue/Green,quart,Emerald-Blue/Green-Quart,135,33.75
3019,2025-04-26,2025-04-27,HM13,Blue/Green,quart,Emerald-Blue/Green-Quart,62,15.5
3020,2025-04-26,2025-04-30,HM13,Blue/Green,quart,SuperPaint-Blue/Green-Quart,144,36.0
3021,2025-04-26,2025-04-28,HM13,Blue/Green,gallon,Emerald-Blue/Green-Gallon,18,18.0
3022,2025-04-26,2025-04-28,HM13,Blue/Green,quart,Emerald-Blue/Green-Quart,402,100.5
3023,2025-04-26,2025-04-27,HM14,Blue/Green,pail_5gal,SuperPaint-Blue/Green-Pail,13,65.0
3024,2025-04-26,2025-05-02,HM16,Red,gallon,Duration-Red-Gallon,48,48.0
3025,2025-04-26,2025-05-01,HM25,Black,quart,ProMar200-Black-Quart,56,14.0
3026,2025-04-26,2025-04-28,HM30,Black,gallon,PrepRite-Black-Gallon,14,14.0
3027,2025-04-26,2025-04-27,HM36,White,quart,Duration-White-Quart,333,83.25
3028,2025-04-26,2025-04-27,HM36,White,pail_5gal,SuperPaint-White-Pail,3,15.0
3029,2025-04-26,2025-04-29,HM43,Red,pail_5gal,Duration-Red-Pail,3,15.0
3030,2025-04-26,2025-04-27,HM43,Red,quart,Duration-Red-Quart,317,79.25
3031,2025-04-26,2025-04-27,HM43,Red,gallon,Emerald-Red-Gallon,21,21.0
3032,2025-04-26,2025-04-29,HM43,Red,pail_5gal,Duration-Red-Pail,10,50.0
3033,2025-04-26,2025-04-28,HM47,Red,pail_5gal,Duration-Red-Pail,15,75.0
3034,2025-04-26,2025-04-27,HM50,Clear,gallon,ProMar200-Clear-Gallon,25,25.0
3035,2025-04-26,2025-04-29,HM50,Clear,pail_5gal,SuperPaint-Clear-Pail,18,90.0
3036,2025-04-26,2025-04-30,HM56,White,gallon,SuperPaint-White-Gallon,15,15.0
3037,2025-04-26,2025-04-28,HM56,White,quart,ProMar200-White-Quart,73,18.25
3038,2025-04-27,2025-04-28,HM01,White,gallon,Duration-White-Gallon,38,38.0
3039,2025-04-27,2025-04-29,HM12,Blue/Green,gallon,Emerald-Blue/Green-Gallon,12,12.0
3040,2025-04-27,2025-05-06,HM13,Blue/Green,quart,SuperPaint-Blue/Green-Quart,86,21.5
3041,2025-04-27,2025-04-30,HM13,Blue/Green,quart,SuperPaint-Blue/Green-Quart,169,42.25
3042,2025-04-27,2025-05-05,HM14,Blue/Green,gallon,SuperPaint-Blue/Green-Gallon,27,27.0
3043,2025-04-27,2025-04-30,HM20,Black,gallon,PrepRite-Black-Gallon,13,13.0
3044,2025-04-27,2025-05-01,HM25,Black,quart,PrepRite-Black-Quart,156,39.0
3045,2025-04-27,2025-04-29,HM30,Black,quart,ProMar200-Black-Quart,44,11.0
3046,2025-04-27,2025-04-30,HM36,White,gallon,SuperPaint-White-Gallon,21,21.0
3047,2025-04-27,2025-04-29,HM43,Red,gallon,Emerald-Red-Gallon,23,23.0
3048,2025-04-27,2025-05-04,HM43,Red,pail_5gal,Emerald-Red-Pail,11,55.0
3049,2025-04-27,2025-04-28,HM47,Red,quart,Emerald-Red-Quart,83,20.75
3050,2025-04-27,2025-04-30,HM50,Clear,gallon,ProMar200-Clear-Gallon,27,27.0
3051,2025-04-27,2025-04-30,HM50,Clear,quart,SuperPaint-Clear-Quart,149,37.25
3052,2025-04-27,2025-04-30,HM56,White,quart,Duration-White-Quart,72,18.0
3053,2025-04-27,2025-04-28,HM56,White,gallon,Duration-White-Gallon,53,53.0
3054,2025-04-27,2025-04-30,HM56,White,quart,ProMar200-White-Quart,130,32.5
3055,2025-04-28,2025-05-02,HM01,White,gallon,SuperPaint-White-Gallon,50,50.0
3056,2025-04-28,2025-05-03,HM01,White,gallon,SuperPaint-White-Gallon,31,31.0
3057,2025-04-28,2025-05-01,HM01,White,gallon,SuperPaint-White-Gallon,30,30.0
3058,2025-04-28,2025-05-02,HM12,Blue/Green,quart,Emerald-Blue/Green-Quart,116,29.0
3059,2025-04-28,2025-05-03,HM12,Blue/Green,quart,Emerald-Blue/Green-Quart,81,20.25
3060,2025-04-28,2025-05-01,HM16,Red,gallon,Duration-Red-Gallon,27,27.0
3061,2025-04-28,2025-05-02,HM20,Black,gallon,PrepRite-Black-Gallon,16,16.0
3062,2025-04-28,2025-05-04,HM20,Black,quart,PrepRite-Black-Quart,89,22.25
3063,2025-04-28,2025-05-01,HM20,Black,quart,PrepRite-Black-Quart,236,59.0
3064,2025-04-28,2025-04-30,HM20,Black,gallon,PrepRite-Black-Gallon,21,21.0
3065,2025-04-28,2025-05-04,HM25,Black,gallon,PrepRite-Black-Gallon,23,23.0
3066,2025-04-28,2025-04-30,HM25,Black,gallon,PrepRite-Black-Gallon,32,32.0
3067,2025-04-28,2025-05-01,HM25,Black,quart,ProMar200-Black-Quart,57,14.25
3068,2025-04-28,2025-05-03,HM25,Black,gallon,ProMar200-Black-Gallon,37,37.0
3069,2025-04-28,2025-05-02,HM25,Black,gallon,ProMar200-Black-Gallon,10,10.0
3070,2025-04-28,2025-04-29,HM25,Black,gallon,PrepRite-Black-Gallon,19,19.0
3071,2025-04-28,2025-04-30,HM25,Black,gallon,ProMar200-Black-Gallon,56,56.0
3072,2025-04-28,2025-05-09,HM30,Black,quart,ProMar200-Black-Quart,154,38.5
3073,2025-04-28,2025-05-01,HM30,Black,pail_5gal,PrepRite-Black-Pail,8,40.0
3074,2025-04-28,2025-04-29,HM47,Red,gallon,Duration-Red-Gallon,30,30.0
3075,2025-04-28,2025-04-29,HM47,Red,quart,Duration-Red-Quart,124,31.0
3076,2025-04-28,2025-05-02,HM47,Red,pail_5gal,Duration-Red-Pail,3,15.0
3077,2025-04-28,2025-04-30,HM47,Red,pail_5gal,Emerald-Red-Pail,5,25.0
3078,2025-04-28,2025-05-02,HM50,Clear,quart,ProMar200-Clear-Quart,119,29.75
3079,2025-04-28,2025-04-30,HM50,Clear,quart,ProMar200-Clear-Quart,78,19.5
3080,2025-04-29,2025-04-30,HM01,White,gallon,Duration-White-Gallon,99,99.0
3081,2025-04-29,2025-05-01,HM01,White,gallon,Duration-White-Gallon,15,15.0
3082,2025-04-29,2025-05-01,HM13,Blue/Green,pail_5gal,SuperPaint-Blue/Green-Pail,4,20.0
3083,2025-04-29,2025-05-05,HM13,Blue/Green,quart,Emerald-Blue/Green-Quart,111,27.75
3084,2025-04-29,2025-05-06,HM13,Blue/Green,quart,Emerald-Blue/Green-Quart,152,38.0
3085,2025-04-29,2025-05-02,HM16,Red,pail_5gal,Emerald-Red-Pail,7,35.0
3086,2025-04-29,2025-04-30,HM20,Black,pail_5gal,ProMar200-Black-Pail,2,10.0
3087,2025-04-29,2025-05-05,HM20,Black,gallon,ProMar200-Black-Gallon,50,50.0
3088,2025-04-29,2025-04-30,HM20,Black,quart,PrepRite-Black-Quart,68,17.0
3089,2025-04-29,2025-05-01,HM25,Black,gallon,PrepRite-Black-Gallon,61,61.0
3090,2025-04-29,2025-05-01,HM30,Black,gallon,PrepRite-Black-Gallon,53,53.0
3091,2025-04-29,2025-05-05,HM36,White,pail_5gal,ProMar200-White-Pail,9,45.0
3092,2025-04-29,2025-05-01,HM43,Red,quart,Emerald-Red-Quart,74,18.5
3093,2025-04-29,2025-04-30,HM47,Red,gallon,Duration-Red-Gallon,52,52.0
3094,2025-04-29,2025-05-02,HM47,Red,pail_5gal,Duration-Red-Pail,5,25.0
3095,2025-04-29,2025-04-30,HM47,Red,gallon,Emerald-Red-Gallon,22,22.0
3096,2025-04-29,2025-05-01,HM47,Red,pail_5gal,Duration-Red-Pail,12,60.0
3097,2025-04-29,2025-05-03,HM50,Clear,quart,SuperPaint-Clear-Quart,69,17.25
3098,2025-04-29,2025-05-01,HM50,Clear,pail_5gal,ProMar200-Clear-Pail,5,25.0
3099,2025-04-29,2025-05-02,HM56,White,quart,ProMar200-White-Quart,157,39.25
3100,2025-04-29,2025-05-05,HM56,White,quart,ProMar200-White-Quart,375,93.75
3101,2025-04-30,2025-05-02,HM12,Blue/Green,quart,Emerald-Blue/Green-Quart,142,35.5
3102,2025-04-30,2025-05-02,HM14,Blue/Green,pail_5gal,Emerald-Blue/Green-Pail,7,35.0
3103,2025-04-30,2025-05-05,HM14,Blue/Green,gallon,Emerald-Blue/Green-Gallon,37,37.0
3104,2025-04-30,2025-05-04,HM14,Blue/Green,quart,SuperPaint-Blue/Green-Quart,306,76.5
3105,2025-04-30,2025-05-01,HM14,Blue/Green,quart,SuperPaint-Blue/Green-Quart,113,28.25
3106,2025-04-30,2025-05-02,HM20,Black,pail_5gal,ProMar200-Black-Pail,14,70.0
3107,2025-04-30,2025-05-02,HM25,Black,gallon,PrepRite-Black-Gallon,28,28.0
3108,2025-04-30,2025-05-02,HM25,Black,pail_5gal,PrepRite-Black-Pail,10,50.0
3109,2025-04-30,2025-05-03,HM25,Black,pail_5gal,ProMar200-Black-Pail,13,65.0
3110,2025-04-30,2025-05-01,HM30,Black,gallon,PrepRite-Black-Gallon,17,17.0
3111,2025-04-30,2025-05-02,HM36,White,gallon,Duration-White-Gallon,11,11.0
3112,2025-04-30,2025-05-02,HM36,White,gallon,SuperPaint-White-Gallon,30,30.0
3113,2025-04-30,2025-05-03,HM43,Red,quart,Duration-Red-Quart,148,37.0
3114,2025-04-30,2025-05-02,HM43,Red,gallon,Duration-Red-Gallon,38,38.0
3115,2025-04-30,2025-05-11,HM43,Red,gallon,Emerald-Red-Gallon,46,46.0
3116,2025-04-30,2025-05-02,HM43,Red,quart,Emerald-Red-Quart,161,40.25
3117,2025-04-30,2025-05-03,HM47,Red,pail_5gal,Emerald-Red-Pail,16,80.0
3118,2025-04-30,2025-05-05,HM50,Clear,gallon,ProMar200-Clear-Gallon,58,58.0
3119,2025-04-30,2025-05-01,HM50,Clear,quart,ProMar200-Clear-Quart,96,24.0
3120,2025-04-30,2025-05-03,HM50,Clear,pail_5gal,SuperPaint-Clear-Pail,4,20.0
3121,2025-04-30,2025-05-04,HM56,White,gallon,Duration-White-Gallon,42,42.0
3122,2025-04-30,2025-05-01,HM56,White,gallon,SuperPaint-White-Gallon,24,24.0
3123,2025-05-01,2025-05-05,HM01,White,gallon,ProMar200-White-Gallon,29,29.0
3124,2025-05-01,2025-05-04,HM12,Blue/Green,gallon,SuperPaint-Blue/Green-Gallon,19,19.0
3125,2025-05-01,2025-05-03,HM12,Blue/Green,quart,SuperPaint-Blue/Green-Quart,90,22.5
3126,2025-05-01,2025-05-03,HM13,Blue/Green,quart,SuperPaint-Blue/Green-Quart,186,46.5
3127,2025-05-01,2025-05-07,HM14,Blue/Green,gallon,Emerald-Blue/Green-Gallon,13,13.0
3128,2025-05-01,2025-05-08,HM14,Blue/Green,gallon,SuperPaint-Blue/Green-Gallon,19,19.0
3129,2025-05-01,2025-05-03,HM14,Blue/Green,quart,SuperPaint-Blue/Green-Quart,27,6.75
3130,2025-05-01,2025-05-07,HM20,Black,quart,PrepRite-Black-Quart,226,56.5
3131,2025-05-01,2025-05-04,HM20,Black,pail_5gal,PrepRite-Black-Pail,10,50.0
3132,2025-05-01,2025-05-09,HM25,Black,pail_5gal,ProMar200-Black-Pail,5,25.0
3133,2025-05-01,2025-05-08,HM36,White,gallon,ProMar200-White-Gallon,18,18.0
3134,2025-05-01,2025-05-06,HM43,Red,gallon,Duration-Red-Gallon,29,29.0
3135,2025-05-01,2025-05-02,HM47,Red,quart,Emerald-Red-Quart,225,56.25
3136,2025-05-01,2025-05-05,HM47,Red,gallon,Emerald-Red-Gallon,32,32.0
3137,2025-05-01,2025-05-03,HM50,Clear,pail_5gal,ProMar200-Clear-Pail,8,40.0
3138,2025-05-01,2025-05-04,HM56,White,gallon,SuperPaint-White-Gallon,19,19.0
3139,2025-05-02,2025-05-04,HM01,White,pail_5gal,Duration-White-Pail,3,15.0
3140,2025-05-02,2025-05-05,HM01,White,quart,Duration-White-Quart,91,22.75
3141,2025-05-02,2025-05-07,HM12,Blue/Green,quart,Emerald-Blue/Green-Quart,208,52.0
3142,2025-05-02,2025-05-04,HM12,Blue/Green,gallon,SuperPaint-Blue/Green-Gallon,22,22.0
3143,2025-05-02,2025-05-05,HM13,Blue/Green,quart,SuperPaint-Blue/Green-Quart,148,37.0
3144,2025-05-02,2025-05-10,HM13,Blue/Green,pail_5gal,SuperPaint-Blue/Green-Pail,8,40.0
3145,2025-05-02,2025-05-03,HM14,Blue/Green,quart,SuperPaint-Blue/Green-Quart,146,36.5
3146,2025-05-02,2025-05-05,HM14,Blue/Green,gallon,SuperPaint-Blue/Green-Gallon,20,20.0
3147,2025-05-02,2025-05-03,HM14,Blue/Green,pail_5gal,SuperPaint-Blue/Green-Pail,8,40.0
3148,2025-05-02,2025-05-03,HM14,Blue/Green,pail_5gal,SuperPaint-Blue/Green-Pail,12,60.0
3149,2025-05-02,2025-05-07,HM16,Red,pail_5gal,Duration-Red-Pail,6,30.0
3150,2025-05-02,2025-05-03,HM16,Red,gallon,Emerald-Red-Gallon,61,61.0
3151,2025-05-02,2025-05-09,HM16,Red,quart,Emerald-Red-Quart,71,17.75
3152,2025-05-02,2025-05-06,HM20,Black,gallon,PrepRite-Black-Gallon,36,36.0
3153,2025-05-02,2025-05-03,HM20,Black,pail_5gal,ProMar200-Black-Pail,4,20.0
3154,2025-05-02,2025-05-03,HM20,Black,quart,PrepRite-Black-Quart,143,35.75
3155,2025-05-02,2025-05-09,HM20,Black,quart,ProMar200-Black-Quart,63,15.75
3156,2025-05-02,2025-05-03,HM20,Black,quart,ProMar200-Black-Quart,97,24.25
3157,2025-05-02,2025-05-04,HM25,Black,gallon,ProMar200-Black-Gallon,18,18.0
3158,2025-05-02,2025-05-04,HM30,Black,gallon,ProMar200-Black-Gallon,23,23.0
3159,2025-05-02,2025-05-04,HM30,Black,pail_5gal,PrepRite-Black-Pail,2,10.0
3160,2025-05-02,2025-05-05,HM30,Black,gallon,ProMar200-Black-Gallon,33,33.0
3161,2025-05-02,2025-05-06,HM36,White,gallon,Duration-White-Gallon,42,42.0
3162,2025-05-02,2025-05-04,HM43,Red,pail_5gal,Duration-Red-Pail,7,35.0
3163,2025-05-02,2025-05-03,HM43,Red,quart,Emerald-Red-Quart,96,24.0
3164,2025-05-02,2025-05-03,HM50,Clear,gallon,ProMar200-Clear-Gallon,20,20.0
3165,2025-05-02,2025-05-04,HM56,White,pail_5gal,Duration-White-Pail,3,15.0
3166,2025-05-03,2025-05-06,HM12,Blue/Green,gallon,Emerald-Blue/Green-Gallon,41,41.0
3167,2025-05-03,2025-05-06,HM12,Blue/Green,quart,SuperPaint-Blue/Green-Quart,233,58.25
3168,2025-05-03,2025-05-04,HM12,Blue/Green,gallon,SuperPaint-Blue/Green-Gallon,37,37.0
3169,2025-05-03,2025-05-04,HM14,Blue/Green,quart,SuperPaint-Blue/Green-Quart,247,61.75
3170,2025-05-03,2025-05-06,HM14,Blue/Green,quart,Emerald-Blue/Green-Quart,34,8.5
3171,2025-05-03,2025-05-06,HM14,Blue/Green,pail_5gal,SuperPaint-Blue/Green-Pail,2,10.0
3172,2025-05-03,2025-05-05,HM25,Black,gallon,ProMar200-Black-Gallon,19,19.0
3173,2025-05-03,2025-05-04,HM25,Black,gallon,ProMar200-Black-Gallon,28,28.0
3174,2025-05-03,2025-05-08,HM36,White,gallon,SuperPaint-White-Gallon,67,67.0
3175,2025-05-03,2025-05-05,HM47,Red,gallon,Emerald-Red-Gallon,49,49.0
3176,2025-05-03,2025-05-06,HM50,Clear,gallon,ProMar200-Clear-Gallon,66,66.0
3177,2025-05-03,2025-05-06,HM50,Clear,pail_5gal,ProMar200-Clear-Pail,11,55.0
3178,2025-05-04,2025-05-06,HM12,Blue/Green,quart,Emerald-Blue/Green-Quart,86,21.5
3179,2025-05-04,2025-05-07,HM12,Blue/Green,quart,SuperPaint-Blue/Green-Quart,266,66.5
3180,2025-05-04,2025-05-06,HM12,Blue/Green,quart,Emerald-Blue/Green-Quart,155,38.75
3181,2025-05-04,2025-05-07,HM13,Blue/Green,gallon,Emerald-Blue/Green-Gallon,16,16.0
3182,2025-05-04,2025-05-09,HM14,Blue/Green,quart,SuperPaint-Blue/Green-Quart,89,22.25
3183,2025-05-04,2025-05-06,HM14,Blue/Green,gallon,SuperPaint-Blue/Green-Gallon,131,131.0
3184,2025-05-04,2025-05-07,HM20,Black,gallon,PrepRite-Black-Gallon,45,45.0
3185,2025-05-04,2025-05-08,HM20,Black,pail_5gal,ProMar200-Black-Pail,3,15.0
3186,2025-05-04,2025-05-05,HM20,Black,quart,PrepRite-Black-Quart,370,92.5
3187,2025-05-04,2025-05-07,HM30,Black,quart,PrepRite-Black-Quart,96,24.0
3188,2025-05-04,2025-05-05,HM30,Black,gallon,PrepRite-Black-Gallon,110,110.0
3189,2025-05-04,2025-05-05,HM30,Black,pail_5gal,ProMar200-Black-Pail,2,10.0
3190,2025-05-04,2025-05-11,HM43,Red,gallon,Duration-Red-Gallon,44,44.0
3191,2025-05-04,2025-05-12,HM43,Red,pail_5gal,Duration-Red-Pail,5,25.0
3192,2025-05-04,2025-05-06,HM50,Clear,pail_5gal,SuperPaint-Clear-Pail,8,40.0
3193,2025-05-04,2025-05-05,HM50,Clear,gallon,ProMar200-Clear-Gallon,24,24.0
3194,2025-05-04,2025-05-06,HM56,White,quart,Duration-White-Quart,130,32.5
3195,2025-05-05,2025-05-13,HM01,White,gallon,ProMar200-White-Gallon,42,42.0
3196,2025-05-05,2025-05-10,HM12,Blue/Green,gallon,Emerald-Blue/Green-Gallon,48,48.0
3197,2025-05-05,2025-05-06,HM12,Blue/Green,quart,Emerald-Blue/Green-Quart,88,22.0
3198,2025-05-05,2025-05-06,HM12,Blue/Green,quart,SuperPaint-Blue/Green-Quart,200,50.0
3199,2025-05-05,2025-05-08,HM13,Blue/Green,gallon,SuperPaint-Blue/Green-Gallon,19,19.0
3200,2025-05-05,2025-05-07,HM13,Blue/Green,pail_5gal,Emerald-Blue/Green-Pail,5,25.0
3201,2025-05-05,2025-05-10,HM14,Blue/Green,pail_5gal,SuperPaint-Blue/Green-Pail,2,10.0
3202,2025-05-05,2025-05-10,HM14,Blue/Green,gallon,SuperPaint-Blue/Green-Gallon,15,15.0
3203,2025-05-05,2025-05-08,HM16,Red,gallon,Duration-Red-Gallon,35,35.0
3204,2025-05-05,2025-05-09,HM16,Red,gallon,Duration-Red-Gallon,29,29.0
3205,2025-05-05,2025-05-08,HM20,Black,gallon,ProMar200-Black-Gallon,29,29.0
3206,2025-05-05,2025-05-09,HM25,Black,quart,PrepRite-Black-Quart,105,26.25
3207,2025-05-05,2025-05-11,HM25,Black,quart,PrepRite-Black-Quart,174,43.5
3208,2025-05-05,2025-05-06,HM25,Black,pail_5gal,PrepRite-Black-Pail,14,70.0
3209,2025-05-05,2025-05-07,HM30,Black,quart,PrepRite-Black-Quart,431,107.75
3210,2025-05-05,2025-05-07,HM30,Black,gallon,PrepRite-Black-Gallon,55,55.0
3211,2025-05-05,2025-05-10,HM30,Black,gallon,PrepRite-Black-Gallon,92,92.0
3212,2025-05-05,2025-05-09,HM36,White,quart,ProMar200-White-Quart,127,31.75
3213,2025-05-05,2025-05-06,HM43,Red,pail_5gal,Duration-Red-Pail,7,35.0
3214,2025-05-05,2025-05-08,HM43,Red,gallon,Duration-Red-Gallon,27,27.0
3215,2025-05-05,2025-05-07,HM43,Red,quart,Duration-Red-Quart,118,29.5
3216,2025-05-05,2025-05-10,HM47,Red,quart,Duration-Red-Quart,133,33.25
3217,2025-05-05,2025-05-13,HM50,Clear,gallon,ProMar200-Clear-Gallon,24,24.0
3218,2025-05-05,2025-05-06,HM50,Clear,gallon,ProMar200-Clear-Gallon,22,22.0
3219,2025-05-05,2025-05-06,HM50,Clear,quart,SuperPaint-Clear-Quart,125,31.25
3220,2025-05-05,2025-05-07,HM56,White,gallon,Duration-White-Gallon,91,91.0
3221,2025-05-06,2025-05-09,HM01,White,gallon,SuperPaint-White-Gallon,60,60.0
3222,2025-05-06,2025-05-07,HM01,White,quart,ProMar200-White-Quart,291,72.75
3223,2025-05-06,2025-05-07,HM12,Blue/Green,gallon,Emerald-Blue/Green-Gallon,38,38.0
3224,2025-05-06,2025-05-08,HM13,Blue/Green,gallon,Emerald-Blue/Green-Gallon,52,52.0
3225,2025-05-06,2025-05-08,HM13,Blue/Green,quart,Emerald-Blue/Green-Quart,63,15.75
3226,2025-05-06,2025-05-07,HM14,Blue/Green,gallon,Emerald-Blue/Green-Gallon,38,38.0
3227,2025-05-06,2025-05-07,HM14,Blue/Green,quart,Emerald-Blue/Green-Quart,66,16.5
3228,2025-05-06,2025-05-12,HM14,Blue/Green,pail_5gal,SuperPaint-Blue/Green-Pail,3,15.0
3229,2025-05-06,2025-05-07,HM14,Blue/Green,gallon,Emerald-Blue/Green-Gallon,35,35.0
3230,2025-05-06,2025-05-07,HM16,Red,pail_5gal,Duration-Red-Pail,6,30.0
3231,2025-05-06,2025-05-08,HM25,Black,gallon,PrepRite-Black-Gallon,90,90.0
3232,2025-05-06,2025-05-12,HM25,Black,gallon,ProMar200-Black-Gallon,24,24.0
3233,2025-05-06,2025-05-10,HM30,Black,quart,PrepRite-Black-Quart,78,19.5
3234,2025-05-06,2025-05-08,HM30,Black,gallon,PrepRite-Black-Gallon,12,12.0
3235,2025-05-06,2025-05-08,HM30,Black,quart,PrepRite-Black-Quart,35,8.75
3236,2025-05-06,2025-05-10,HM36,White,gallon,Duration-White-Gallon,64,64.0
3237,2025-05-06,2025-05-09,HM43,Red,pail_5gal,Duration-Red-Pail,7,35.0
3238,2025-05-06,2025-05-08,HM47,Red,quart,Emerald-Red-Quart,138,34.5
3239,2025-05-06,2025-05-14,HM47,Red,quart,Duration-Red-Quart,93,23.25
3240,2025-05-06,2025-05-08,HM47,Red,gallon,Duration-Red-Gallon,13,13.0
3241,2025-05-06,2025-05-11,HM50,Clear,gallon,ProMar200-Clear-Gallon,37,37.0
3242,2025-05-06,2025-05-07,HM50,Clear,quart,ProMar200-Clear-Quart,132,33.0
3243,2025-05-06,2025-05-09,HM56,White,quart,SuperPaint-White-Quart,199,49.75
3244,2025-05-06,2025-05-08,HM56,White,quart,ProMar200-White-Quart,82,20.5
3245,2025-05-06,2025-05-11,HM56,White,quart,ProMar200-White-Quart,47,11.75
3246,2025-05-07,2025-05-09,HM01,White,quart,Duration-White-Quart,206,51.5
3247,2025-05-07,2025-05-08,HM12,Blue/Green,quart,Emerald-Blue/Green-Quart,500,125.0
3248,2025-05-07,2025-05-13,HM12,Blue/Green,pail_5gal,Emerald-Blue/Green-Pail,7,35.0
3249,2025-05-07,2025-05-10,HM13,Blue/Green,pail_5gal,SuperPaint-Blue/Green-Pail,7,35.0
3250,2025-05-07,2025-05-10,HM13,Blue/Green,quart,SuperPaint-Blue/Green-Quart,68,17.0
3251,2025-05-07,2025-05-08,HM14,Blue/Green,pail_5gal,SuperPaint-Blue/Green-Pail,18,90.0
3252,2025-05-07,2025-05-08,HM14,Blue/Green,gallon,SuperPaint-Blue/Green-Gallon,45,45.0
3253,2025-05-07,2025-05-10,HM16,Red,quart,Emerald-Red-Quart,84,21.0
3254,2025-05-07,2025-05-13,HM16,Red,gallon,Duration-Red-Gallon,76,76.0
3255,2025-05-07,2025-05-09,HM20,Black,pail_5gal,ProMar200-Black-Pail,6,30.0
3256,2025-05-07,2025-05-10,HM25,Black,gallon,ProMar200-Black-Gallon,15,15.0
3257,2025-05-07,2025-05-10,HM25,Black,gallon,ProMar200-Black-Gallon,54,54.0
3258,2025-05-07,2025-05-09,HM25,Black,gallon,PrepRite-Black-Gallon,19,19.0
3259,2025-05-07,2025-05-09,HM30,Black,quart,PrepRite-Black-Quart,97,24.25
3260,2025-05-07,2025-05-10,HM36,White,pail_5gal,Duration-White-Pail,4,20.0
3261,2025-05-07,2025-05-12,HM36,White,gallon,ProMar200-White-Gallon,17,17.0
3262,2025-05-07,2025-05-09,HM36,White,quart,SuperPaint-White-Quart,161,40.25
3263,2025-05-07,2025-05-13,HM43,Red,quart,Emerald-Red-Quart,155,38.75
3264,2025-05-07,2025-05-12,HM43,Red,pail_5gal,Duration-Red-Pail,7,35.0
3265,2025-05-07,2025-05-10,HM43,Red,pail_5gal,Emerald-Red-Pail,10,50.0
3266,2025-05-07,2025-05-10,HM50,Clear,gallon,SuperPaint-Clear-Gallon,117,117.0
3267,2025-05-07,2025-05-12,HM50,Clear,pail_5gal,SuperPaint-Clear-Pail,13,65.0
3268,2025-05-07,2025-05-09,HM50,Clear,gallon,SuperPaint-Clear-Gallon,52,52.0
3269,2025-05-07,2025-05-11,HM50,Clear,gallon,SuperPaint-Clear-Gallon,45,45.0
3270,2025-05-07,2025-05-09,HM50,Clear,quart,SuperPaint-Clear-Quart,61,15.25
3271,2025-05-07,2025-05-12,HM50,Clear,quart,ProMar200-Clear-Quart,124,31.0
3272,2025-05-08,2025-05-10,HM01,White,gallon,SuperPaint-White-Gallon,11,11.0
3273,2025-05-08,2025-05-11,HM01,White,gallon,Duration-White-Gallon,37,37.0
3274,2025-05-08,2025-05-18,HM12,Blue/Green,pail_5gal,SuperPaint-Blue/Green-Pail,5,25.0
3275,2025-05-08,2025-05-10,HM12,Blue/Green,gallon,SuperPaint-Blue/Green-Gallon,104,104.0
3276,2025-05-08,2025-05-09,HM13,Blue/Green,quart,SuperPaint-Blue/Green-Quart,115,28.75
3277,2025-05-08,2025-05-16,HM13,Blue/Green,gallon,Emerald-Blue/Green-Gallon,37,37.0
3278,2025-05-08,2025-05-11,HM13,Blue/Green,quart,SuperPaint-Blue/Green-Quart,154,38.5
3279,2025-05-08,2025-05-09,HM13,Blue/Green,gallon,Emerald-Blue/Green-Gallon,45,45.0
3280,2025-05-08,2025-05-14,HM16,Red,gallon,Emerald-Red-Gallon,18,18.0
3281,2025-05-08,2025-05-09,HM16,Red,pail_5gal,Duration-Red-Pail,5,25.0
3282,2025-05-08,2025-05-10,HM16,Red,pail_5gal,Emerald-Red-Pail,14,70.0
3283,2025-05-08,2025-05-12,HM16,Red,gallon,Emerald-Red-Gallon,44,44.0
3284,2025-05-08,2025-05-09,HM20,Black,gallon,PrepRite-Black-Gallon,29,29.0
3285,2025-05-08,2025-05-13,HM25,Black,quart,PrepRite-Black-Quart,72,18.0
3286,2025-05-08,2025-05-10,HM30,Black,pail_5gal,PrepRite-Black-Pail,3,15.0
3287,2025-05-08,2025-05-10,HM36,White,quart,Duration-White-Quart,264,66.0
3288,2025-05-08,2025-05-13,HM36,White,quart,SuperPaint-White-Quart,202,50.5
3289,2025-05-08,2025-05-12,HM36,White,quart,SuperPaint-White-Quart,76,19.0
3290,2025-05-08,2025-05-10,HM36,White,pail_5gal,Duration-White-Pail,7,35.0
3291,2025-05-08,2025-05-10,HM36,White,quart,SuperPaint-White-Quart,60,15.0
3292,2025-05-08,2025-05-13,HM47,Red,gallon,Duration-Red-Gallon,67,67.0
3293,2025-05-08,2025-05-12,HM50,Clear,gallon,ProMar200-Clear-Gallon,32,32.0
3294,2025-05-08,2025-05-10,HM56,White,quart,ProMar200-White-Quart,45,11.25
3295,2025-05-08,2025-05-09,HM56,White,gallon,ProMar200-White-Gallon,66,66.0
3296,2025-05-08,2025-05-13,HM56,White,quart,ProMar200-White-Quart,69,17.25
3297,2025-05-09,2025-05-10,HM01,White,pail_5gal,Duration-White-Pail,5,25.0
3298,2025-05-09,2025-05-13,HM01,White,pail_5gal,SuperPaint-White-Pail,4,20.0
3299,2025-05-09,2025-05-10,HM12,Blue/Green,quart,SuperPaint-Blue/Green-Quart,234,58.5
3300,2025-05-09,2025-05-11,HM12,Blue/Green,quart,SuperPaint-Blue/Green-Quart,235,58.75
3301,2025-05-09,2025-05-15,HM12,Blue/Green,quart,Emerald-Blue/Green-Quart,53,13.25
3302,2025-05-09,2025-05-11,HM13,Blue/Green,quart,Emerald-Blue/Green-Quart,44,11.0
3303,2025-05-09,2025-05-11,HM13,Blue/Green,quart,SuperPaint-Blue/Green-Quart,59,14.75
3304,2025-05-09,2025-05-10,HM14,Blue/Green,pail_5gal,Emerald-Blue/Green-Pail,2,10.0
3305,2025-05-09,2025-05-11,HM14,Blue/Green,quart,Emerald-Blue/Green-Quart,193,48.25
3306,2025-05-09,2025-05-12,HM14,Blue/Green,gallon,Emerald-Blue/Green-Gallon,23,23.0
3307,2025-05-09,2025-05-16,HM14,Blue/Green,quart,SuperPaint-Blue/Green-Quart,108,27.0
3308,2025-05-09,2025-05-11,HM16,Red,quart,Emerald-Red-Quart,118,29.5
3309,2025-05-09,2025-05-10,HM20,Black,gallon,PrepRite-Black-Gallon,52,52.0
3310,2025-05-09,2025-05-10,HM20,Black,gallon,PrepRite-Black-Gallon,25,25.0
3311,2025-05-09,2025-05-13,HM30,Black,gallon,PrepRite-Black-Gallon,17,17.0
3312,2025-05-09,2025-05-13,HM30,Black,gallon,PrepRite-Black-Gallon,48,48.0
3313,2025-05-09,2025-05-12,HM36,White,gallon,SuperPaint-White-Gallon,76,76.0
3314,2025-05-09,2025-05-10,HM36,White,quart,ProMar200-White-Quart,137,34.25
3315,2025-05-09,2025-05-10,HM36,White,gallon,ProMar200-White-Gallon,27,27.0
3316,2025-05-09,2025-05-11,HM43,Red,gallon,Emerald-Red-Gallon,62,62.0
3317,2025-05-09,2025-05-13,HM43,Red,gallon,Emerald-Red-Gallon,26,26.0
3318,2025-05-09,2025-05-12,HM43,Red,quart,Duration-Red-Quart,72,18.0
3319,2025-05-09,2025-05-10,HM50,Clear,gallon,ProMar200-Clear-Gallon,25,25.0
3320,2025-05-09,2025-05-10,HM56,White,quart,Duration-White-Quart,500,125.0
3321,2025-05-10,2025-05-12,HM01,White,quart,SuperPaint-White-Quart,421,105.25
3322,2025-05-10,2025-05-14,HM01,White,pail_5gal,ProMar200-White-Pail,2,10.0
3323,2025-05-10,2025-05-11,HM12,Blue/Green,quart,SuperPaint-Blue/Green-Quart,131,32.75
3324,2025-05-10,2025-05-13,HM12,Blue/Green,quart,Emerald-Blue/Green-Quart,101,25.25
3325,2025-05-10,2025-05-11,HM13,Blue/Green,gallon,Emerald-Blue/Green-Gallon,45,45.0
3326,2025-05-10,2025-05-13,HM13,Blue/Green,pail_5gal,SuperPaint-Blue/Green-Pail,2,10.0
3327,2025-05-10,2025-05-12,HM13,Blue/Green,quart,Emerald-Blue/Green-Quart,170,42.5
3328,2025-05-10,2025-05-13,HM14,Blue/Green,pail_5gal,SuperPaint-Blue/Green-Pail,6,30.0
3329,2025-05-10,2025-05-11,HM20,Black,gallon,ProMar200-Black-Gallon,23,23.0
3330,2025-05-10,2025-05-13,HM25,Black,pail_5gal,PrepRite-Black-Pail,10,50.0
3331,2025-05-10,2025-05-11,HM25,Black,pail_5gal,ProMar200-Black-Pail,2,10.0
3332,2025-05-10,2025-05-12,HM25,Black,quart,ProMar200-Black-Quart,117,29.25
3333,2025-05-10,2025-05-15,HM30,Black,quart,ProMar200-Black-Quart,352,88.0
3334,2025-05-10,2025-05-12,HM36,White,gallon,SuperPaint-White-Gallon,63,63.0
3335,2025-05-10,2025-05-11,HM43,Red,gallon,Duration-Red-Gallon,26,26.0
3336,2025-05-10,2025-05-15,HM50,Clear,gallon,ProMar200-Clear-Gallon,32,32.0
3337,2025-05-10,2025-05-11,HM56,White,quart,ProMar200-White-Quart,104,26.0
3338,2025-05-11,2025-05-13,HM01,White,gallon,Duration-White-Gallon,27,27.0
3339,2025-05-11,2025-05-12,HM01,White,pail_5gal,ProMar200-White-Pail,4,20.0
3340,2025-05-11,2025-05-12,HM12,Blue/Green,quart,SuperPaint-Blue/Green-Quart,96,24.0
3341,2025-05-11,2025-05-14,HM12,Blue/Green,quart,SuperPaint-Blue/Green-Quart,42,10.5
3342,2025-05-11,2025-05-17,HM13,Blue/Green,quart,SuperPaint-Blue/Green-Quart,126,31.5
3343,2025-05-11,2025-05-13,HM13,Blue/Green,gallon,SuperPaint-Blue/Green-Gallon,132,132.0
3344,2025-05-11,2025-05-19,HM16,Red,pail_5gal,Duration-Red-Pail,4,20.0
3345,2025-05-11,2025-05-16,HM16,Red,gallon,Emerald-Red-Gallon,28,28.0
3346,2025-05-11,2025-05-15,HM16,Red,quart,Emerald-Red-Quart,81,20.25
3347,2025-05-11,2025-05-14,HM16,Red,gallon,Duration-Red-Gallon,27,27.0
3348,2025-05-11,2025-05-13,HM25,Black,pail_5gal,PrepRite-Black-Pail,4,20.0
3349,2025-05-11,2025-05-12,HM30,Black,quart,ProMar200-Black-Quart,96,24.0
3350,2025-05-11,2025-05-12,HM30,Black,quart,PrepRite-Black-Quart,82,20.5
3351,2025-05-11,2025-05-16,HM36,White,pail_5gal,SuperPaint-White-Pail,2,10.0
3352,2025-05-11,2025-05-13,HM43,Red,quart,Emerald-Red-Quart,115,28.75
3353,2025-05-11,2025-05-18,HM43,Red,gallon,Duration-Red-Gallon,58,58.0
3354,2025-05-11,2025-05-13,HM47,Red,gallon,Emerald-Red-Gallon,27,27.0
3355,2025-05-11,2025-05-13,HM47,Red,gallon,Duration-Red-Gallon,56,56.0
3356,2025-05-11,2025-05-12,HM50,Clear,quart,SuperPaint-Clear-Quart,161,40.25
3357,2025-05-11,2025-05-14,HM50,Clear,pail_5gal,ProMar200-Clear-Pail,3,15.0
3358,2025-05-11,2025-05-14,HM56,White,gallon,ProMar200-White-Gallon,63,63.0
3359,2025-05-12,2025-05-15,HM01,White,gallon,ProMar200-White-Gallon,22,22.0
3360,2025-05-12,2025-05-18,HM12,Blue/Green,gallon,SuperPaint-Blue/Green-Gallon,31,31.0
3361,2025-05-12,2025-05-14,HM12,Blue/Green,pail_5gal,Emerald-Blue/Green-Pail,5,25.0
3362,2025-05-12,2025-05-16,HM13,Blue/Green,gallon,SuperPaint-Blue/Green-Gallon,19,19.0
3363,2025-05-12,2025-05-13,HM13,Blue/Green,quart,SuperPaint-Blue/Green-Quart,184,46.0
3364,2025-05-12,2025-05-17,HM13,Blue/Green,quart,SuperPaint-Blue/Green-Quart,96,24.0
3365,2025-05-12,2025-05-16,HM14,Blue/Green,gallon,Emerald-Blue/Green-Gallon,16,16.0
3366,2025-05-12,2025-05-14,HM14,Blue/Green,gallon,SuperPaint-Blue/Green-Gallon,60,60.0
3367,2025-05-12,2025-05-23,HM20,Black,quart,PrepRite-Black-Quart,211,52.75
3368,2025-05-12,2025-05-14,HM20,Black,gallon,ProMar200-Black-Gallon,27,27.0
3369,2025-05-12,2025-05-15,HM20,Black,gallon,ProMar200-Black-Gallon,7,7.0
3370,2025-05-12,2025-05-17,HM25,Black,gallon,PrepRite-Black-Gallon,35,35.0
3371,2025-05-12,2025-05-16,HM25,Black,gallon,ProMar200-Black-Gallon,23,23.0
3372,2025-05-12,2025-05-14,HM30,Black,gallon,PrepRite-Black-Gallon,31,31.0
3373,2025-05-12,2025-05-21,HM30,Black,pail_5gal,ProMar200-Black-Pail,9,45.0
3374,2025-05-12,2025-05-13,HM36,White,quart,ProMar200-White-Quart,93,23.25
3375,2025-05-12,2025-05-16,HM43,Red,gallon,Emerald-Red-Gallon,27,27.0
3376,2025-05-12,2025-05-14,HM47,Red,gallon,Emerald-Red-Gallon,26,26.0
3377,2025-05-12,2025-05-14,HM47,Red,pail_5gal,Duration-Red-Pail,3,15.0
3378,2025-05-12,2025-05-16,HM47,Red,pail_5gal,Duration-Red-Pail,9,45.0
3379,2025-05-12,2025-05-19,HM50,Clear,quart,SuperPaint-Clear-Quart,232,58.0
3380,2025-05-12,2025-05-13,HM56,White,quart,ProMar200-White-Quart,60,15.0
3381,2025-05-12,2025-05-15,HM56,White,pail_5gal,ProMar200-White-Pail,14,70.0
3382,2025-05-13,2025-05-20,HM01,White,quart,SuperPaint-White-Quart,54,13.5
3383,2025-05-13,2025-05-17,HM01,White,gallon,SuperPaint-White-Gallon,35,35.0
3384,2025-05-13,2025-05-14,HM01,White,quart,SuperPaint-White-Quart,111,27.75
3385,2025-05-13,2025-05-14,HM12,Blue/Green,gallon,SuperPaint-Blue/Green-Gallon,23,23.0
3386,2025-05-13,2025-05-15,HM13,Blue/Green,quart,Emerald-Blue/Green-Quart,281,70.25
3387,2025-05-13,2025-05-16,HM13,Blue/Green,quart,Emerald-Blue/Green-Quart,207,51.75
3388,2025-05-13,2025-05-15,HM16,Red,gallon,Emerald-Red-Gallon,92,92.0
3389,2025-05-13,2025-05-17,HM20,Black,gallon,PrepRite-Black-Gallon,57,57.0
3390,2025-05-13,2025-05-16,HM20,Black,gallon,ProMar200-Black-Gallon,35,35.0
3391,2025-05-13,2025-05-15,HM20,Black,gallon,ProMar200-Black-Gallon,21,21.0
3392,2025-05-13,2025-05-16,HM20,Black,quart,PrepRite-Black-Quart,204,51.0
3393,2025-05-13,2025-05-14,HM20,Black,quart,PrepRite-Black-Quart,59,14.75
3394,2025-05-13,2025-05-14,HM20,Black,gallon,ProMar200-Black-Gallon,59,59.0
3395,2025-05-13,2025-05-15,HM25,Black,gallon,ProMar200-Black-Gallon,46,46.0
3396,2025-05-13,2025-05-18,HM25,Black,quart,PrepRite-Black-Quart,183,45.75
3397,2025-05-13,2025-05-17,HM25,Black,quart,ProMar200-Black-Quart,214,53.5
3398,2025-05-13,2025-05-18,HM30,Black,gallon,PrepRite-Black-Gallon,23,23.0
3399,2025-05-13,2025-05-15,HM36,White,quart,ProMar200-White-Quart,74,18.5
3400,2025-05-13,2025-05-20,HM36,White,quart,Duration-White-Quart,83,20.75
3401,2025-05-13,2025-05-14,HM36,White,quart,Duration-White-Quart,225,56.25
3402,2025-05-13,2025-05-15,HM36,White,gallon,Duration-White-Gallon,13,13.0
3403,2025-05-13,2025-05-27,HM43,Red,quart,Emerald-Red-Quart,177,44.25
3404,2025-05-13,2025-05-16,HM47,Red,gallon,Duration-Red-Gallon,33,33.0
3405,2025-05-13,2025-05-24,HM47,Red,gallon,Duration-Red-Gallon,23,23.0
3406,2025-05-13,2025-05-14,HM47,Red,gallon,Emerald-Red-Gallon,41,41.0
3407,2025-05-13,2025-05-17,HM50,Clear,gallon,SuperPaint-Clear-Gallon,35,35.0
3408,2025-05-13,2025-05-16,HM50,Clear,quart,ProMar200-Clear-Quart,206,51.5
3409,2025-05-13,2025-05-15,HM50,Clear,gallon,ProMar200-Clear-Gallon,25,25.0
3410,2025-05-13,2025-05-15,HM50,Clear,gallon,ProMar200-Clear-Gallon,24,24.0
3411,2025-05-13,2025-05-14,HM56,White,gallon,ProMar200-White-Gallon,17,17.0
3412,2025-05-13,2025-05-14,HM56,White,gallon,SuperPaint-White-Gallon,58,58.0
3413,2025-05-13,2025-05-14,HM56,White,gallon,ProMar200-White-Gallon,30,30.0
3414,2025-05-14,2025-05-15,HM01,White,pail_5gal,SuperPaint-White-Pail,2,10.0
3415,2025-05-14,2025-05-15,HM12,Blue/Green,pail_5gal,Emerald-Blue/Green-Pail,4,20.0
3416,2025-05-14,2025-05-24,HM12,Blue/Green,quart,SuperPaint-Blue/Green-Quart,148,37.0
3417,2025-05-14,2025-05-17,HM12,Blue/Green,quart,SuperPaint-Blue/Green-Quart,83,20.75
3418,2025-05-14,2025-05-16,HM12,Blue/Green,gallon,SuperPaint-Blue/Green-Gallon,50,50.0
3419,2025-05-14,2025-05-18,HM12,Blue/Green,quart,SuperPaint-Blue/Green-Quart,78,19.5
3420,2025-05-14,2025-05-15,HM13,Blue/Green,gallon,SuperPaint-Blue/Green-Gallon,58,58.0
3421,2025-05-14,2025-05-17,HM14,Blue/Green,gallon,SuperPaint-Blue/Green-Gallon,22,22.0
3422,2025-05-14,2025-05-15,HM14,Blue/Green,quart,Emerald-Blue/Green-Quart,34,8.5
3423,2025-05-14,2025-05-15,HM14,Blue/Green,quart,Emerald-Blue/Green-Quart,45,11.25
3424,2025-05-14,2025-05-15,HM16,Red,gallon,Emerald-Red-Gallon,51,51.0
3425,2025-05-14,2025-05-15,HM16,Red,gallon,Duration-Red-Gallon,29,29.0
3426,2025-05-14,2025-05-17,HM20,Black,pail_5gal,PrepRite-Black-Pail,6,30.0
3427,2025-05-14,2025-05-17,HM20,Black,gallon,PrepRite-Black-Gallon,17,17.0
3428,2025-05-14,2025-05-19,HM25,Black,quart,ProMar200-Black-Quart,184,46.0
3429,2025-05-14,2025-05-15,HM25,Black,gallon,PrepRite-Black-Gallon,24,24.0
3430,2025-05-14,2025-05-16,HM25,Black,gallon,PrepRite-Black-Gallon,16,16.0
3431,2025-05-14,2025-05-15,HM30,Black,pail_5gal,ProMar200-Black-Pail,8,40.0
3432,2025-05-14,2025-05-17,HM30,Black,gallon,PrepRite-Black-Gallon,29,29.0
3433,2025-05-14,2025-05-23,HM43,Red,quart,Emerald-Red-Quart,173,43.25
3434,2025-05-14,2025-05-17,HM50,Clear,quart,ProMar200-Clear-Quart,221,55.25
3435,2025-05-14,2025-05-18,HM56,White,quart,SuperPaint-White-Quart,245,61.25
3436,2025-05-14,2025-05-15,HM56,White,pail_5gal,ProMar200-White-Pail,2,10.0
3437,2025-05-14,2025-05-20,HM56,White,gallon,Duration-White-Gallon,16,16.0
3438,2025-05-14,2025-05-18,HM56,White,gallon,Duration-White-Gallon,30,30.0
3439,2025-05-14,2025-05-17,HM56,White,quart,ProMar200-White-Quart,111,27.75
3440,2025-05-15,2025-05-16,HM12,Blue/Green,gallon,SuperPaint-Blue/Green-Gallon,36,36.0
3441,2025-05-15,2025-05-17,HM14,Blue/Green,pail_5gal,SuperPaint-Blue/Green-Pail,3,15.0
3442,2025-05-15,2025-05-19,HM14,Blue/Green,pail_5gal,Emerald-Blue/Green-Pail,26,130.0
3443,2025-05-15,2025-05-18,HM16,Red,quart,Emerald-Red-Quart,95,23.75
3444,2025-05-15,2025-05-16,HM16,Red,pail_5gal,Duration-Red-Pail,9,45.0
3445,2025-05-15,2025-05-17,HM20,Black,pail_5gal,ProMar200-Black-Pail,8,40.0
3446,2025-05-15,2025-05-17,HM20,Black,quart,PrepRite-Black-Quart,163,40.75
3447,2025-05-15,2025-05-21,HM25,Black,gallon,PrepRite-Black-Gallon,20,20.0
3448,2025-05-15,2025-05-19,HM25,Black,gallon,ProMar200-Black-Gallon,54,54.0
3449,2025-05-15,2025-05-18,HM30,Black,gallon,PrepRite-Black-Gallon,17,17.0
3450,2025-05-15,2025-05-28,HM36,White,gallon,ProMar200-White-Gallon,50,50.0
3451,2025-05-15,2025-05-16,HM43,Red,gallon,Emerald-Red-Gallon,47,47.0
3452,2025-05-15,2025-05-16,HM43,Red,pail_5gal,Duration-Red-Pail,5,25.0
3453,2025-05-15,2025-05-17,HM47,Red,pail_5gal,Duration-Red-Pail,7,35.0
3454,2025-05-15,2025-05-16,HM47,Red,gallon,Duration-Red-Gallon,44,44.0
3455,2025-05-15,2025-05-18,HM47,Red,quart,Emerald-Red-Quart,64,16.0
3456,2025-05-15,2025-05-17,HM50,Clear,gallon,SuperPaint-Clear-Gallon,21,21.0
3457,2025-05-15,2025-05-16,HM56,White,quart,ProMar200-White-Quart,207,51.75
3458,2025-05-15,2025-05-22,HM56,White,gallon,Duration-White-Gallon,20,20.0
3459,2025-05-15,2025-05-19,HM56,White,quart,Duration-White-Quart,148,37.0
3460,2025-05-16,2025-05-17,HM01,White,gallon,ProMar200-White-Gallon,36,36.0
3461,2025-05-16,2025-05-19,HM01,White,gallon,ProMar200-White-Gallon,32,32.0
3462,2025-05-16,2025-05-17,HM12,Blue/Green,quart,Emerald-Blue/Green-Quart,160,40.0
3463,2025-05-16,2025-05-18,HM13,Blue/Green,gallon,SuperPaint-Blue/Green-Gallon,73,73.0
3464,2025-05-16,2025-05-20,HM13,Blue/Green,pail_5gal,Emerald-Blue/Green-Pail,6,30.0
3465,2025-05-16,2025-05-26,HM14,Blue/Green,gallon,Emerald-Blue/Green-Gallon,22,22.0
3466,2025-05-16,2025-05-22,HM14,Blue/Green,pail_5gal,Emerald-Blue/Green-Pail,3,15.0
3467,2025-05-16,2025-05-20,HM20,Black,pail_5gal,ProMar200-Black-Pail,9,45.0
3468,2025-05-16,2025-05-18,HM20,Black,pail_5gal,PrepRite-Black-Pail,4,20.0
3469,2025-05-16,2025-05-18,HM25,Black,quart,PrepRite-Black-Quart,185,46.25
3470,2025-05-16,2025-05-18,HM25,Black,quart,PrepRite-Black-Quart,63,15.75
3471,2025-05-16,2025-05-22,HM30,Black,gallon,ProMar200-Black-Gallon,34,34.0
3472,2025-05-16,2025-05-19,HM30,Black,quart,ProMar200-Black-Quart,247,61.75
3473,2025-05-16,2025-05-17,HM30,Black,gallon,ProMar200-Black-Gallon,41,41.0
3474,2025-05-16,2025-05-17,HM36,White,quart,SuperPaint-White-Quart,95,23.75
3475,2025-05-16,2025-05-17,HM43,Red,gallon,Emerald-Red-Gallon,43,43.0
3476,2025-05-16,2025-05-17,HM43,Red,gallon,Duration-Red-Gallon,14,14.0
3477,2025-05-16,2025-05-18,HM43,Red,gallon,Duration-Red-Gallon,71,71.0
3478,2025-05-16,2025-05-25,HM47,Red,gallon,Emerald-Red-Gallon,42,42.0
3479,2025-05-16,2025-05-22,HM47,Red,gallon,Emerald-Red-Gallon,54,54.0
3480,2025-05-16,2025-05-22,HM47,Red,gallon,Duration-Red-Gallon,37,37.0
3481,2025-05-16,2025-05-23,HM47,Red,gallon,Duration-Red-Gallon,52,52.0
3482,2025-05-16,2025-05-18,HM50,Clear,pail_5gal,ProMar200-Clear-Pail,3,15.0
3483,2025-05-16,2025-05-18,HM50,Clear,pail_5gal,SuperPaint-Clear-Pail,2,10.0
3484,2025-05-16,2025-05-17,HM50,Clear,gallon,SuperPaint-Clear-Gallon,36,36.0
3485,2025-05-16,2025-05-18,HM50,Clear,gallon,SuperPaint-Clear-Gallon,150,150.0
3486,2025-05-16,2025-05-20,HM56,White,pail_5gal,Duration-White-Pail,6,30.0
3487,2025-05-16,2025-05-19,HM56,White,gallon,ProMar200-White-Gallon,12,12.0
3488,2025-05-16,2025-05-19,HM56,White,gallon,ProMar200-White-Gallon,39,39.0
3489,2025-05-16,2025-05-20,HM56,White,quart,ProMar200-White-Quart,71,17.75
3490,2025-05-17,2025-05-19,HM01,White,quart,SuperPaint-White-Quart,142,35.5
3491,2025-05-17,2025-05-21,HM01,White,pail_5gal,ProMar200-White-Pail,11,55.0
3492,2025-05-17,2025-05-18,HM01,White,gallon,SuperPaint-White-Gallon,25,25.0
3493,2025-05-17,2025-05-23,HM12,Blue/Green,pail_5gal,Emerald-Blue/Green-Pail,12,60.0
3494,2025-05-17,2025-05-22,HM12,Blue/Green,gallon,Emerald-Blue/Green-Gallon,11,11.0
3495,2025-05-17,2025-05-18,HM16,Red,quart,Emerald-Red-Quart,126,31.5
3496,2025-05-17,2025-05-18,HM16,Red,gallon,Emerald-Red-Gallon,43,43.0
3497,2025-05-17,2025-05-18,HM16,Red,gallon,Emerald-Red-Gallon,51,51.0
3498,2025-05-17,2025-05-20,HM16,Red,quart,Emerald-Red-Quart,63,15.75
3499,2025-05-17,2025-05-19,HM16,Red,pail_5gal,Duration-Red-Pail,7,35.0
3500,2025-05-17,2025-05-19,HM25,Black,quart,ProMar200-Black-Quart,66,16.5
3501,2025-05-17,2025-05-18,HM30,Black,gallon,ProMar200-Black-Gallon,39,39.0
3502,2025-05-17,2025-05-21,HM30,Black,pail_5gal,ProMar200-Black-Pail,16,80.0
3503,2025-05-17,2025-05-19,HM36,White,quart,SuperPaint-White-Quart,107,26.75
3504,2025-05-17,2025-05-20,HM36,White,quart,Duration-White-Quart,500,125.0
3505,2025-05-17,2025-05-22,HM43,Red,pail_5gal,Duration-Red-Pail,3,15.0
3506,2025-05-17,2025-05-19,HM43,Red,quart,Duration-Red-Quart,121,30.25
3507,2025-05-17,2025-05-19,HM47,Red,gallon,Duration-Red-Gallon,31,31.0
3508,2025-05-17,2025-05-20,HM47,Red,quart,Duration-Red-Quart,277,69.25
3509,2025-05-17,2025-05-26,HM50,Clear,quart,SuperPaint-Clear-Quart,273,68.25
3510,2025-05-17,2025-05-26,HM50,Clear,pail_5gal,ProMar200-Clear-Pail,2,10.0
3511,2025-05-17,2025-05-18,HM56,White,quart,ProMar200-White-Quart,65,16.25
3512,2025-05-18,2025-05-19,HM01,White,quart,ProMar200-White-Quart,214,53.5
3513,2025-05-18,2025-05-21,HM01,White,quart,Duration-White-Quart,67,16.75
3514,2025-05-18,2025-05-20,HM14,Blue/Green,gallon,Emerald-Blue/Green-Gallon,41,41.0
3515,2025-05-18,2025-05-21,HM14,Blue/Green,quart,SuperPaint-Blue/Green-Quart,37,9.25
3516,2025-05-18,2025-05-24,HM16,Red,quart,Duration-Red-Quart,188,47.0
3517,2025-05-18,2025-05-24,HM20,Black,gallon,ProMar200-Black-Gallon,19,19.0
3518,2025-05-18,2025-05-20,HM20,Black,quart,ProMar200-Black-Quart,91,22.75
3519,2025-05-18,2025-05-21,HM25,Black,gallon,PrepRite-Black-Gallon,103,103.0
3520,2025-05-18,2025-05-21,HM30,Black,gallon,ProMar200-Black-Gallon,14,14.0
3521,2025-05-18,2025-05-21,HM30,Black,gallon,ProMar200-Black-Gallon,48,48.0
3522,2025-05-18,2025-05-21,HM47,Red,gallon,Duration-Red-Gallon,24,24.0
3523,2025-05-18,2025-05-28,HM56,White,gallon,Duration-White-Gallon,76,76.0
3524,2025-05-18,2025-05-19,HM56,White,quart,ProMar200-White-Quart,121,30.25
3525,2025-05-18,2025-05-22,HM56,White,quart,Duration-White-Quart,158,39.5
3526,2025-05-18,2025-05-20,HM56,White,quart,SuperPaint-White-Quart,160,40.0
3527,2025-05-19,2025-05-22,HM01,White,quart,SuperPaint-White-Quart,66,16.5
3528,2025-05-19,2025-05-21,HM13,Blue/Green,gallon,SuperPaint-Blue/Green-Gallon,49,49.0
3529,2025-05-19,2025-05-25,HM13,Blue/Green,gallon,SuperPaint-Blue/Green-Gallon,24,24.0
3530,2025-05-19,2025-05-21,HM14,Blue/Green,quart,Emerald-Blue/Green-Quart,97,24.25
3531,2025-05-19,2025-05-21,HM14,Blue/Green,pail_5gal,Emerald-Blue/Green-Pail,1,5.0
3532,2025-05-19,2025-05-21,HM14,Blue/Green,pail_5gal,SuperPaint-Blue/Green-Pail,8,40.0
3533,2025-05-19,2025-05-24,HM14,Blue/Green,gallon,SuperPaint-Blue/Green-Gallon,22,22.0
3534,2025-05-19,2025-05-22,HM16,Red,gallon,Duration-Red-Gallon,115,115.0
3535,2025-05-19,2025-05-23,HM16,Red,quart,Duration-Red-Quart,55,13.75
3536,2025-05-19,2025-05-22,HM16,Red,gallon,Duration-Red-Gallon,24,24.0
3537,2025-05-19,2025-05-20,HM20,Black,gallon,ProMar200-Black-Gallon,25,25.0
3538,2025-05-19,2025-05-20,HM20,Black,gallon,ProMar200-Black-Gallon,18,18.0
3539,2025-05-19,2025-05-20,HM25,Black,pail_5gal,ProMar200-Black-Pail,6,30.0
3540,2025-05-19,2025-05-23,HM30,Black,quart,PrepRite-Black-Quart,39,9.75
3541,2025-05-19,2025-05-22,HM47,Red,gallon,Emerald-Red-Gallon,42,42.0
3542,2025-05-19,2025-05-20,HM50,Clear,pail_5gal,ProMar200-Clear-Pail,12,60.0
3543,2025-05-19,2025-05-20,HM56,White,quart,SuperPaint-White-Quart,112,28.0
3544,2025-05-19,2025-05-20,HM56,White,quart,Duration-White-Quart,126,31.5
3545,2025-05-20,2025-05-24,HM01,White,pail_5gal,Duration-White-Pail,11,55.0
3546,2025-05-20,2025-05-22,HM13,Blue/Green,gallon,SuperPaint-Blue/Green-Gallon,54,54.0
3547,2025-05-20,2025-05-21,HM13,Blue/Green,gallon,Emerald-Blue/Green-Gallon,57,57.0
3548,2025-05-20,2025-05-27,HM14,Blue/Green,gallon,SuperPaint-Blue/Green-Gallon,43,43.0
3549,2025-05-20,2025-05-23,HM16,Red,gallon,Duration-Red-Gallon,33,33.0
3550,2025-05-20,2025-05-21,HM16,Red,quart,Emerald-Red-Quart,127,31.75
3551,2025-05-20,2025-05-23,HM16,Red,pail_5gal,Emerald-Red-Pail,7,35.0
3552,2025-05-20,2025-05-21,HM20,Black,gallon,PrepRite-Black-Gallon,30,30.0
3553,2025-05-20,2025-05-25,HM20,Black,pail_5gal,ProMar200-Black-Pail,4,20.0
3554,2025-05-20,2025-05-21,HM30,Black,quart,ProMar200-Black-Quart,350,87.5
3555,2025-05-20,2025-05-28,HM30,Black,gallon,ProMar200-Black-Gallon,5,5.0
3556,2025-05-20,2025-05-27,HM30,Black,gallon,PrepRite-Black-Gallon,24,24.0
3557,2025-05-20,2025-05-22,HM36,White,gallon,ProMar200-White-Gallon,97,97.0
3558,2025-05-20,2025-05-24,HM36,White,pail_5gal,ProMar200-White-Pail,9,45.0
3559,2025-05-20,2025-05-24,HM36,White,quart,Duration-White-Quart,273,68.25
3560,2025-05-20,2025-05-21,HM43,Red,quart,Duration-Red-Quart,401,100.25
3561,2025-05-20,2025-05-24,HM43,Red,gallon,Emerald-Red-Gallon,10,10.0
3562,2025-05-20,2025-05-27,HM43,Red,gallon,Emerald-Red-Gallon,32,32.0
3563,2025-05-20,2025-05-22,HM43,Red,gallon,Emerald-Red-Gallon,20,20.0
3564,2025-05-20,2025-05-25,HM50,Clear,quart,SuperPaint-Clear-Quart,201,50.25
3565,2025-05-20,2025-05-21,HM56,White,quart,Duration-White-Quart,480,120.0
3566,2025-05-20,2025-05-21,HM56,White,gallon,SuperPaint-White-Gallon,51,51.0
3567,2025-05-20,2025-05-21,HM56,White,quart,Duration-White-Quart,155,38.75
3568,2025-05-21,2025-05-24,HM01,White,quart,Duration-White-Quart,308,77.0
3569,2025-05-21,2025-05-23,HM01,White,gallon,ProMar200-White-Gallon,46,46.0
3570,2025-05-21,2025-05-26,HM12,Blue/Green,gallon,SuperPaint-Blue/Green-Gallon,68,68.0
3571,2025-05-21,2025-05-22,HM13,Blue/Green,quart,Emerald-Blue/Green-Quart,63,15.75
3572,2025-05-21,2025-05-25,HM14,Blue/Green,gallon,SuperPaint-Blue/Green-Gallon,31,31.0
3573,2025-05-21,2025-05-23,HM14,Blue/Green,quart,Emerald-Blue/Green-Quart,138,34.5
3574,2025-05-21,2025-05-22,HM16,Red,gallon,Emerald-Red-Gallon,34,34.0
3575,2025-05-21,2025-05-24,HM16,Red,gallon,Emerald-Red-Gallon,28,28.0
3576,2025-05-21,2025-05-25,HM16,Red,gallon,Emerald-Red-Gallon,30,30.0
3577,2025-05-21,2025-05-23,HM20,Black,quart,ProMar200-Black-Quart,20,5.0
3578,2025-05-21,2025-05-23,HM25,Black,gallon,ProMar200-Black-Gallon,15,15.0
3579,2025-05-21,2025-05-23,HM25,Black,quart,ProMar200-Black-Quart,83,20.75
3580,2025-05-21,2025-05-23,HM25,Black,quart,ProMar200-Black-Quart,186,46.5
3581,2025-05-21,2025-05-25,HM25,Black,pail_5gal,ProMar200-Black-Pail,7,35.0
3582,2025-05-21,2025-05-22,HM25,Black,gallon,ProMar200-Black-Gallon,66,66.0
3583,2025-05-21,2025-05-23,HM43,Red,gallon,Emerald-Red-Gallon,63,63.0
3584,2025-05-21,2025-05-26,HM43,Red,gallon,Emerald-Red-Gallon,28,28.0
3585,2025-05-21,2025-05-24,HM50,Clear,gallon,SuperPaint-Clear-Gallon,63,63.0
3586,2025-05-21,2025-05-26,HM56,White,quart,Duration-White-Quart,190,47.5
3587,2025-05-22,2025-05-24,HM01,White,gallon,Duration-White-Gallon,96,96.0
3588,2025-05-22,2025-05-24,HM12,Blue/Green,gallon,SuperPaint-Blue/Green-Gallon,52,52.0
3589,2025-05-22,2025-05-25,HM12,Blue/Green,quart,Emerald-Blue/Green-Quart,74,18.5
3590,2025-05-22,2025-05-27,HM12,Blue/Green,pail_5gal,Emerald-Blue/Green-Pail,3,15.0
3591,2025-05-22,2025-06-02,HM12,Blue/Green,pail_5gal,SuperPaint-Blue/Green-Pail,7,35.0
3592,2025-05-22,2025-05-24,HM14,Blue/Green,quart,Emerald-Blue/Green-Quart,46,11.5
3593,2025-05-22,2025-05-30,HM14,Blue/Green,quart,SuperPaint-Blue/Green-Quart,99,24.75
3594,2025-05-22,2025-05-24,HM16,Red,gallon,Emerald-Red-Gallon,15,15.0
3595,2025-05-22,2025-05-26,HM20,Black,pail_5gal,PrepRite-Black-Pail,6,30.0
3596,2025-05-22,2025-05-26,HM20,Black,gallon,ProMar200-Black-Gallon,79,79.0
3597,2025-05-22,2025-05-30,HM25,Black,pail_5gal,PrepRite-Black-Pail,4,20.0
3598,2025-05-22,2025-06-05,HM30,Black,quart,PrepRite-Black-Quart,57,14.25
3599,2025-05-22,2025-05-27,HM30,Black,gallon,ProMar200-Black-Gallon,23,23.0
3600,2025-05-22,2025-05-28,HM30,Black,pail_5gal,PrepRite-Black-Pail,4,20.0
3601,2025-05-22,2025-05-25,HM30,Black,quart,ProMar200-Black-Quart,41,10.25
3602,2025-05-22,2025-05-23,HM36,White,quart,ProMar200-White-Quart,30,7.5
3603,2025-05-22,2025-05-24,HM36,White,quart,SuperPaint-White-Quart,63,15.75
3604,2025-05-22,2025-05-25,HM43,Red,pail_5gal,Duration-Red-Pail,7,35.0
3605,2025-05-22,2025-05-24,HM47,Red,gallon,Duration-Red-Gallon,44,44.0
3606,2025-05-22,2025-05-25,HM47,Red,gallon,Emerald-Red-Gallon,59,59.0
3607,2025-05-22,2025-05-24,HM47,Red,pail_5gal,Emerald-Red-Pail,14,70.0
3608,2025-05-22,2025-05-25,HM47,Red,pail_5gal,Duration-Red-Pail,2,10.0
3609,2025-05-22,2025-05-24,HM47,Red,quart,Emerald-Red-Quart,199,49.75
3610,2025-05-22,2025-05-26,HM50,Clear,gallon,SuperPaint-Clear-Gallon,58,58.0
3611,2025-05-22,2025-05-23,HM56,White,gallon,SuperPaint-White-Gallon,25,25.0
3612,2025-05-22,2025-05-23,HM56,White,quart,SuperPaint-White-Quart,105,26.25
3613,2025-05-23,2025-05-26,HM01,White,gallon,SuperPaint-White-Gallon,32,32.0
3614,2025-05-23,2025-05-24,HM01,White,gallon,SuperPaint-White-Gallon,37,37.0
3615,2025-05-23,2025-05-24,HM01,White,gallon,ProMar200-White-Gallon,49,49.0
3616,2025-05-23,2025-05-24,HM01,White,quart,SuperPaint-White-Quart,208,52.0
3617,2025-05-23,2025-05-24,HM01,White,pail_5gal,ProMar200-White-Pail,3,15.0
3618,2025-05-23,2025-05-25,HM01,White,quart,ProMar200-White-Quart,77,19.25
3619,2025-05-23,2025-05-24,HM12,Blue/Green,gallon,Emerald-Blue/Green-Gallon,22,22.0
3620,2025-05-23,2025-05-24,HM12,Blue/Green,gallon,Emerald-Blue/Green-Gallon,47,47.0
3621,2025-05-23,2025-05-27,HM12,Blue/Green,gallon,Emerald-Blue/Green-Gallon,64,64.0
3622,2025-05-23,2025-05-26,HM12,Blue/Green,quart,Emerald-Blue/Green-Quart,183,45.75
3623,2025-05-23,2025-05-26,HM12,Blue/Green,quart,SuperPaint-Blue/Green-Quart,100,25.0
3624,2025-05-23,2025-05-27,HM13,Blue/Green,gallon,SuperPaint-Blue/Green-Gallon,33,33.0
3625,2025-05-23,2025-05-30,HM13,Blue/Green,quart,Emerald-Blue/Green-Quart,223,55.75
3626,2025-05-23,2025-05-24,HM14,Blue/Green,quart,SuperPaint-Blue/Green-Quart,84,21.0
3627,2025-05-23,2025-05-26,HM14,Blue/Green,pail_5gal,SuperPaint-Blue/Green-Pail,4,20.0
3628,2025-05-23,2025-05-26,HM16,Red,quart,Duration-Red-Quart,106,26.5
3629,2025-05-23,2025-05-28,HM16,Red,gallon,Emerald-Red-Gallon,29,29.0
3630,2025-05-23,2025-06-02,HM16,Red,gallon,Emerald-Red-Gallon,117,117.0
3631,2025-05-23,2025-05-26,HM16,Red,pail_5gal,Emerald-Red-Pail,6,30.0
3632,2025-05-23,2025-05-26,HM20,Black,gallon,PrepRite-Black-Gallon,48,48.0
3633,2025-05-23,2025-05-29,HM25,Black,gallon,ProMar200-Black-Gallon,26,26.0
3634,2025-05-23,2025-05-28,HM25,Black,quart,ProMar200-Black-Quart,54,13.5
3635,2025-05-23,2025-05-25,HM25,Black,pail_5gal,ProMar200-Black-Pail,6,30.0
3636,2025-05-23,2025-05-25,HM36,White,quart,ProMar200-White-Quart,239,59.75
3637,2025-05-23,2025-05-27,HM36,White,quart,Duration-White-Quart,211,52.75
3638,2025-05-23,2025-05-25,HM43,Red,gallon,Duration-Red-Gallon,20,20.0
3639,2025-05-23,2025-05-24,HM47,Red,quart,Duration-Red-Quart,75,18.75
3640,2025-05-23,2025-05-25,HM47,Red,pail_5gal,Duration-Red-Pail,7,35.0
3641,2025-05-23,2025-05-25,HM50,Clear,quart,ProMar200-Clear-Quart,70,17.5
3642,2025-05-24,2025-05-26,HM01,White,pail_5gal,SuperPaint-White-Pail,2,10.0
3643,2025-05-24,2025-06-02,HM12,Blue/Green,quart,Emerald-Blue/Green-Quart,232,58.0
3644,2025-05-24,2025-05-29,HM12,Blue/Green,quart,Emerald-Blue/Green-Quart,304,76.0
3645,2025-05-24,2025-05-25,HM13,Blue/Green,gallon,SuperPaint-Blue/Green-Gallon,53,53.0
3646,2025-05-24,2025-05-26,HM16,Red,gallon,Emerald-Red-Gallon,24,24.0
3647,2025-05-24,2025-05-25,HM16,Red,gallon,Emerald-Red-Gallon,39,39.0
3648,2025-05-24,2025-05-27,HM20,Black,gallon,ProMar200-Black-Gallon,15,15.0
3649,2025-05-24,2025-05-28,HM25,Black,gallon,PrepRite-Black-Gallon,41,41.0
3650,2025-05-24,2025-05-27,HM25,Black,gallon,PrepRite-Black-Gallon,8,8.0
3651,2025-05-24,2025-05-27,HM30,Black,pail_5gal,ProMar200-Black-Pail,1,5.0
3652,2025-05-24,2025-05-29,HM43,Red,gallon,Emerald-Red-Gallon,35,35.0
3653,2025-05-24,2025-05-25,HM50,Clear,gallon,SuperPaint-Clear-Gallon,36,36.0
3654,2025-05-24,2025-05-29,HM56,White,pail_5gal,SuperPaint-White-Pail,17,85.0
3655,2025-05-25,2025-05-28,HM01,White,gallon,ProMar200-White-Gallon,89,89.0
3656,2025-05-25,2025-05-27,HM12,Blue/Green,gallon,Emerald-Blue/Green-Gallon,39,39.0
3657,2025-05-25,2025-05-28,HM12,Blue/Green,quart,SuperPaint-Blue/Green-Quart,303,75.75
3658,2025-05-25,2025-05-27,HM12,Blue/Green,pail_5gal,SuperPaint-Blue/Green-Pail,7,35.0
3659,2025-05-25,2025-05-27,HM13,Blue/Green,gallon,SuperPaint-Blue/Green-Gallon,73,73.0
3660,2025-05-25,2025-05-26,HM16,Red,gallon,Emerald-Red-Gallon,38,38.0
3661,2025-05-25,2025-05-26,HM20,Black,quart,ProMar200-Black-Quart,48,12.0
3662,2025-05-25,2025-05-28,HM25,Black,quart,ProMar200-Black-Quart,72,18.0
3663,2025-05-25,2025-05-26,HM30,Black,pail_5gal,PrepRite-Black-Pail,17,85.0
3664,2025-05-25,2025-06-05,HM43,Red,quart,Emerald-Red-Quart,135,33.75
3665,2025-05-25,2025-05-27,HM47,Red,gallon,Duration-Red-Gallon,52,52.0
3666,2025-05-25,2025-05-27,HM47,Red,gallon,Duration-Red-Gallon,97,97.0
3667,2025-05-25,2025-05-29,HM56,White,quart,SuperPaint-White-Quart,113,28.25
3668,2025-05-25,2025-05-27,HM56,White,pail_5gal,ProMar200-White-Pail,5,25.0
3669,2025-05-25,2025-05-29,HM56,White,gallon,Duration-White-Gallon,39,39.0
3670,2025-05-26,2025-05-29,HM01,White,quart,Duration-White-Quart,115,28.75
3671,2025-05-26,2025-05-28,HM12,Blue/Green,quart,SuperPaint-Blue/Green-Quart,184,46.0
3672,2025-05-26,2025-05-28,HM16,Red,quart,Duration-Red-Quart,45,11.25
3673,2025-05-26,2025-05-27,HM20,Black,quart,PrepRite-Black-Quart,67,16.75
3674,2025-05-26,2025-05-28,HM25,Black,gallon,PrepRite-Black-Gallon,38,38.0
3675,2025-05-26,2025-05-27,HM25,Black,quart,ProMar200-Black-Quart,119,29.75
3676,2025-05-26,2025-06-02,HM30,Black,quart,ProMar200-Black-Quart,288,72.0
3677,2025-05-26,2025-05-27,HM36,White,gallon,ProMar200-White-Gallon,9,9.0
3678,2025-05-26,2025-05-27,HM43,Red,pail_5gal,Duration-Red-Pail,4,20.0
3679,2025-05-26,2025-05-27,HM56,White,quart,Duration-White-Quart,62,15.5
3680,2025-05-26,2025-05-28,HM56,White,quart,SuperPaint-White-Quart,69,17.25
3681,2025-05-27,2025-06-01,HM12,Blue/Green,gallon,Emerald-Blue/Green-Gallon,22,22.0
3682,2025-05-27,2025-05-29,HM12,Blue/Green,quart,SuperPaint-Blue/Green-Quart,54,13.5
3683,2025-05-27,2025-05-29,HM12,Blue/Green,gallon,Emerald-Blue/Green-Gallon,85,85.0
3684,2025-05-27,2025-05-29,HM13,Blue/Green,quart,Emerald-Blue/Green-Quart,104,26.0
3685,2025-05-27,2025-06-01,HM14,Blue/Green,pail_5gal,SuperPaint-Blue/Green-Pail,7,35.0
3686,2025-05-27,2025-05-29,HM16,Red,pail_5gal,Emerald-Red-Pail,4,20.0
3687,2025-05-27,2025-06-05,HM20,Black,gallon,PrepRite-Black-Gallon,15,15.0
3688,2025-05-27,2025-05-30,HM20,Black,quart,PrepRite-Black-Quart,160,40.0
3689,2025-05-27,2025-05-29,HM30,Black,gallon,PrepRite-Black-Gallon,50,50.0
3690,2025-05-27,2025-06-09,HM36,White,quart,SuperPaint-White-Quart,57,14.25
3691,2025-05-27,2025-05-28,HM43,Red,gallon,Emerald-Red-Gallon,14,14.0
3692,2025-05-27,2025-05-28,HM43,Red,pail_5gal,Emerald-Red-Pail,6,30.0
3693,2025-05-27,2025-06-09,HM50,Clear,quart,SuperPaint-Clear-Quart,68,17.0
3694,2025-05-27,2025-05-31,HM50,Clear,quart,SuperPaint-Clear-Quart,76,19.0
3695,2025-05-27,2025-05-29,HM56,White,pail_5gal,SuperPaint-White-Pail,12,60.0
3696,2025-05-27,2025-06-03,HM56,White,pail_5gal,SuperPaint-White-Pail,2,10.0
3697,2025-05-27,2025-05-30,HM56,White,quart,ProMar200-White-Quart,73,18.25
3698,2025-05-28,2025-06-02,HM01,White,quart,ProMar200-White-Quart,193,48.25
3699,2025-05-28,2025-06-01,HM01,White,gallon,Duration-White-Gallon,25,25.0
3700,2025-05-28,2025-05-29,HM01,White,quart,SuperPaint-White-Quart,72,18.0
3701,2025-05-28,2025-06-01,HM01,White,quart,ProMar200-White-Quart,349,87.25
3702,2025-05-28,2025-05-29,HM12,Blue/Green,gallon,SuperPaint-Blue/Green-Gallon,31,31.0
3703,2025-05-28,2025-05-30,HM12,Blue/Green,quart,Emerald-Blue/Green-Quart,51,12.75
3704,2025-05-28,2025-05-29,HM12,Blue/Green,pail_5gal,Emerald-Blue/Green-Pail,6,30.0
3705,2025-05-28,2025-05-29,HM12,Blue/Green,quart,SuperPaint-Blue/Green-Quart,122,30.5
3706,2025-05-28,2025-05-31,HM12,Blue/Green,gallon,Emerald-Blue/Green-Gallon,83,83.0
3707,2025-05-28,2025-06-02,HM13,Blue/Green,quart,Emerald-Blue/Green-Quart,201,50.25
3708,2025-05-28,2025-05-29,HM13,Blue/Green,quart,Emerald-Blue/Green-Quart,100,25.0
3709,2025-05-28,2025-05-29,HM13,Blue/Green,pail_5gal,Emerald-Blue/Green-Pail,2,10.0
3710,2025-05-28,2025-05-30,HM14,Blue/Green,quart,SuperPaint-Blue/Green-Quart,90,22.5
3711,2025-05-28,2025-05-30,HM20,Black,quart,PrepRite-Black-Quart,389,97.25
3712,2025-05-28,2025-05-29,HM20,Black,gallon,ProMar200-Black-Gallon,115,115.0
3713,2025-05-28,2025-05-29,HM20,Black,quart,PrepRite-Black-Quart,101,25.25
3714,2025-05-28,2025-05-31,HM25,Black,quart,ProMar200-Black-Quart,110,27.5
3715,2025-05-28,2025-06-01,HM25,Black,gallon,PrepRite-Black-Gallon,45,45.0
3716,2025-05-28,2025-05-29,HM25,Black,quart,PrepRite-Black-Quart,150,37.5
3717,2025-05-28,2025-06-07,HM25,Black,quart,PrepRite-Black-Quart,127,31.75
3718,2025-05-28,2025-05-30,HM25,Black,gallon,ProMar200-Black-Gallon,42,42.0
3719,2025-05-28,2025-05-30,HM30,Black,gallon,PrepRite-Black-Gallon,18,18.0
3720,2025-05-28,2025-05-30,HM43,Red,gallon,Duration-Red-Gallon,33,33.0
3721,2025-05-28,2025-05-29,HM43,Red,quart,Emerald-Red-Quart,93,23.25
3722,2025-05-28,2025-06-02,HM47,Red,quart,Duration-Red-Quart,77,19.25
3723,2025-05-28,2025-05-30,HM47,Red,quart,Duration-Red-Quart,51,12.75
3724,2025-05-28,2025-06-01,HM50,Clear,gallon,ProMar200-Clear-Gallon,84,84.0
3725,2025-05-28,2025-05-31,HM56,White,quart,SuperPaint-White-Quart,28,7.0
3726,2025-05-29,2025-05-30,HM01,White,quart,ProMar200-White-Quart,106,26.5
3727,2025-05-29,2025-06-01,HM12,Blue/Green,gallon,Emerald-Blue/Green-Gallon,16,16.0
3728,2025-05-29,2025-06-02,HM13,Blue/Green,quart,Emerald-Blue/Green-Quart,45,11.25
3729,2025-05-29,2025-05-31,HM13,Blue/Green,gallon,Emerald-Blue/Green-Gallon,5,5.0
3730,2025-05-29,2025-06-02,HM16,Red,pail_5gal,Emerald-Red-Pail,10,50.0
3731,2025-05-29,2025-05-31,HM16,Red,pail_5gal,Emerald-Red-Pail,16,80.0
3732,2025-05-29,2025-06-07,HM20,Black,quart,ProMar200-Black-Quart,24,6.0
3733,2025-05-29,2025-05-30,HM20,Black,quart,PrepRite-Black-Quart,45,11.25
3734,2025-05-29,2025-05-30,HM20,Black,quart,ProMar200-Black-Quart,45,11.25
3735,2025-05-29,2025-05-31,HM36,White,quart,SuperPaint-White-Quart,171,42.75
3736,2025-05-29,2025-06-04,HM50,Clear,gallon,SuperPaint-Clear-Gallon,46,46.0
3737,2025-05-29,2025-06-04,HM50,Clear,gallon,ProMar200-Clear-Gallon,84,84.0
3738,2025-05-29,2025-06-03,HM50,Clear,quart,ProMar200-Clear-Quart,87,21.75
3739,2025-05-29,2025-05-30,HM50,Clear,gallon,ProMar200-Clear-Gallon,64,64.0
3740,2025-05-30,2025-06-02,HM01,White,gallon,SuperPaint-White-Gallon,23,23.0
3741,2025-05-30,2025-06-01,HM01,White,gallon,SuperPaint-White-Gallon,27,27.0
3742,2025-05-30,2025-06-08,HM12,Blue/Green,quart,SuperPaint-Blue/Green-Quart,179,44.75
3743,2025-05-30,2025-06-04,HM12,Blue/Green,quart,SuperPaint-Blue/Green-Quart,57,14.25
3744,2025-05-30,2025-05-31,HM12,Blue/Green,quart,Emerald-Blue/Green-Quart,121,30.25
3745,2025-05-30,2025-06-01,HM13,Blue/Green,gallon,Emerald-Blue/Green-Gallon,150,150.0
3746,2025-05-30,2025-06-01,HM14,Blue/Green,gallon,Emerald-Blue/Green-Gallon,20,20.0
3747,2025-05-30,2025-05-31,HM16,Red,gallon,Emerald-Red-Gallon,32,32.0
3748,2025-05-30,2025-06-02,HM16,Red,quart,Emerald-Red-Quart,112,28.0
3749,2025-05-30,2025-06-01,HM20,Black,gallon,ProMar200-Black-Gallon,14,14.0
3750,2025-05-30,2025-06-05,HM20,Black,pail_5gal,ProMar200-Black-Pail,6,30.0
3751,2025-05-30,2025-06-02,HM25,Black,quart,ProMar200-Black-Quart,68,17.0
3752,2025-05-30,2025-06-02,HM25,Black,quart,PrepRite-Black-Quart,54,13.5
3753,2025-05-30,2025-06-10,HM25,Black,quart,PrepRite-Black-Quart,251,62.75
3754,2025-05-30,2025-06-10,HM25,Black,pail_5gal,ProMar200-Black-Pail,7,35.0
3755,2025-05-30,2025-06-08,HM30,Black,gallon,PrepRite-Black-Gallon,23,23.0
3756,2025-05-30,2025-05-31,HM30,Black,pail_5gal,ProMar200-Black-Pail,14,70.0
3757,2025-05-30,2025-06-02,HM30,Black,pail_5gal,ProMar200-Black-Pail,4,20.0
3758,2025-05-30,2025-06-02,HM30,Black,gallon,ProMar200-Black-Gallon,34,34.0
3759,2025-05-30,2025-06-01,HM36,White,quart,SuperPaint-White-Quart,267,66.75
3760,2025-05-30,2025-06-04,HM47,Red,pail_5gal,Duration-Red-Pail,8,40.0
3761,2025-05-30,2025-06-01,HM47,Red,pail_5gal,Duration-Red-Pail,1,5.0
3762,2025-05-30,2025-06-05,HM47,Red,quart,Duration-Red-Quart,182,45.5
3763,2025-05-30,2025-06-02,HM50,Clear,quart,SuperPaint-Clear-Quart,190,47.5
3764,2025-05-30,2025-06-01,HM50,Clear,gallon,ProMar200-Clear-Gallon,9,9.0
3765,2025-05-30,2025-06-05,HM56,White,gallon,SuperPaint-White-Gallon,20,20.0
3766,2025-05-31,2025-06-06,HM12,Blue/Green,gallon,Emerald-Blue/Green-Gallon,38,38.0
3767,2025-05-31,2025-06-01,HM13,Blue/Green,gallon,SuperPaint-Blue/Green-Gallon,35,35.0
3768,2025-05-31,2025-06-05,HM14,Blue/Green,gallon,Emerald-Blue/Green-Gallon,71,71.0
3769,2025-05-31,2025-06-01,HM36,White,gallon,ProMar200-White-Gallon,23,23.0
3770,2025-05-31,2025-06-03,HM36,White,gallon,ProMar200-White-Gallon,55,55.0
3771,2025-05-31,2025-06-04,HM50,Clear,gallon,SuperPaint-Clear-Gallon,40,40.0
3772,2025-06-01,2025-06-07,HM12,Blue/Green,quart,SuperPaint-Blue/Green-Quart,141,35.25
3773,2025-06-01,2025-06-06,HM12,Blue/Green,gallon,Emerald-Blue/Green-Gallon,24,24.0
3774,2025-06-01,2025-06-07,HM12,Blue/Green,quart,SuperPaint-Blue/Green-Quart,396,99.0
3775,2025-06-01,2025-06-08,HM13,Blue/Green,gallon,Emerald-Blue/Green-Gallon,50,50.0
3776,2025-06-01,2025-06-11,HM14,Blue/Green,quart,SuperPaint-Blue/Green-Quart,109,27.25
3777,2025-06-01,2025-06-03,HM16,Red,pail_5gal,Emerald-Red-Pail,17,85.0
3778,2025-06-01,2025-06-02,HM20,Black,gallon,PrepRite-Black-Gallon,16,16.0
3779,2025-06-01,2025-06-06,HM20,Black,pail_5gal,PrepRite-Black-Pail,2,10.0
3780,2025-06-01,2025-06-03,HM20,Black,quart,ProMar200-Black-Quart,55,13.75
3781,2025-06-01,2025-06-04,HM25,Black,gallon,PrepRite-Black-Gallon,48,48.0
3782,2025-06-01,2025-06-02,HM25,Black,quart,ProMar200-Black-Quart,75,18.75
3783,2025-06-01,2025-06-05,HM30,Black,pail_5gal,ProMar200-Black-Pail,3,15.0
3784,2025-06-01,2025-06-08,HM30,Black,pail_5gal,PrepRite-Black-Pail,4,20.0
3785,2025-06-01,2025-06-03,HM30,Black,gallon,PrepRite-Black-Gallon,29,29.0
3786,2025-06-01,2025-06-05,HM36,White,gallon,ProMar200-White-Gallon,53,53.0
3787,2025-06-01,2025-06-06,HM36,White,gallon,SuperPaint-White-Gallon,29,29.0
3788,2025-06-01,2025-06-03,HM43,Red,gallon,Emerald-Red-Gallon,37,37.0
3789,2025-06-01,2025-06-07,HM47,Red,quart,Duration-Red-Quart,41,10.25
3790,2025-06-01,2025-06-04,HM47,Red,gallon,Duration-Red-Gallon,29,29.0
3791,2025-06-01,2025-06-05,HM56,White,gallon,SuperPaint-White-Gallon,52,52.0
3792,2025-06-01,2025-06-05,HM56,White,pail_5gal,Duration-White-Pail,5,25.0
3793,2025-06-02,2025-06-04,HM12,Blue/Green,gallon,SuperPaint-Blue/Green-Gallon,40,40.0
3794,2025-06-02,2025-06-04,HM12,Blue/Green,pail_5gal,SuperPaint-Blue/Green-Pail,6,30.0
3795,2025-06-02,2025-06-06,HM12,Blue/Green,quart,Emerald-Blue/Green-Quart,158,39.5
3796,2025-06-02,2025-06-04,HM13,Blue/Green,gallon,SuperPaint-Blue/Green-Gallon,13,13.0
3797,2025-06-02,2025-06-03,HM13,Blue/Green,quart,Emerald-Blue/Green-Quart,101,25.25
3798,2025-06-02,2025-06-04,HM14,Blue/Green,pail_5gal,SuperPaint-Blue/Green-Pail,16,80.0
3799,2025-06-02,2025-06-04,HM14,Blue/Green,gallon,Emerald-Blue/Green-Gallon,137,137.0
3800,2025-06-02,2025-06-05,HM25,Black,gallon,PrepRite-Black-Gallon,37,37.0
3801,2025-06-02,2025-06-03,HM25,Black,pail_5gal,ProMar200-Black-Pail,4,20.0
3802,2025-06-02,2025-06-04,HM25,Black,quart,PrepRite-Black-Quart,124,31.0
3803,2025-06-02,2025-06-07,HM25,Black,gallon,PrepRite-Black-Gallon,35,35.0
3804,2025-06-02,2025-06-05,HM25,Black,gallon,PrepRite-Black-Gallon,61,61.0
3805,2025-06-02,2025-06-05,HM30,Black,gallon,ProMar200-Black-Gallon,20,20.0
3806,2025-06-02,2025-06-04,HM30,Black,gallon,ProMar200-Black-Gallon,17,17.0
3807,2025-06-02,2025-06-09,HM36,White,gallon,SuperPaint-White-Gallon,22,22.0
3808,2025-06-02,2025-06-05,HM43,Red,quart,Emerald-Red-Quart,65,16.25
3809,2025-06-02,2025-06-05,HM47,Red,quart,Emerald-Red-Quart,125,31.25
3810,2025-06-02,2025-06-04,HM47,Red,gallon,Emerald-Red-Gallon,33,33.0
3811,2025-06-02,2025-06-04,HM47,Red,quart,Duration-Red-Quart,113,28.25
3812,2025-06-02,2025-06-06,HM47,Red,pail_5gal,Duration-Red-Pail,11,55.0
3813,2025-06-02,2025-06-08,HM47,Red,gallon,Emerald-Red-Gallon,25,25.0
3814,2025-06-02,2025-06-12,HM47,Red,gallon,Emerald-Red-Gallon,39,39.0
3815,2025-06-02,2025-06-06,HM50,Clear,gallon,ProMar200-Clear-Gallon,16,16.0
3816,2025-06-02,2025-06-05,HM50,Clear,quart,ProMar200-Clear-Quart,52,13.0
3817,2025-06-02,2025-06-03,HM56,White,quart,SuperPaint-White-Quart,119,29.75
3818,2025-06-02,2025-06-03,HM56,White,pail_5gal,ProMar200-White-Pail,4,20.0
3819,2025-06-02,2025-06-05,HM56,White,gallon,Duration-White-Gallon,42,42.0
3820,2025-06-03,2025-06-05,HM01,White,pail_5gal,ProMar200-White-Pail,6,30.0
3821,2025-06-03,2025-06-04,HM12,Blue/Green,quart,SuperPaint-Blue/Green-Quart,53,13.25
3822,2025-06-03,2025-06-05,HM13,Blue/Green,gallon,Emerald-Blue/Green-Gallon,27,27.0
3823,2025-06-03,2025-06-05,HM13,Blue/Green,gallon,SuperPaint-Blue/Green-Gallon,48,48.0
3824,2025-06-03,2025-06-09,HM14,Blue/Green,gallon,Emerald-Blue/Green-Gallon,14,14.0
3825,2025-06-03,2025-06-04,HM16,Red,gallon,Duration-Red-Gallon,30,30.0
3826,2025-06-03,2025-06-06,HM16,Red,pail_5gal,Duration-Red-Pail,11,55.0
3827,2025-06-03,2025-06-05,HM25,Black,gallon,PrepRite-Black-Gallon,44,44.0
3828,2025-06-03,2025-06-04,HM25,Black,gallon,PrepRite-Black-Gallon,45,45.0
3829,2025-06-03,2025-06-07,HM30,Black,quart,ProMar200-Black-Quart,199,49.75
3830,2025-06-03,2025-06-05,HM43,Red,quart,Emerald-Red-Quart,54,13.5
3831,2025-06-03,2025-06-07,HM50,Clear,gallon,SuperPaint-Clear-Gallon,19,19.0
3832,2025-06-03,2025-06-05,HM50,Clear,quart,SuperPaint-Clear-Quart,70,17.5
3833,2025-06-03,2025-06-05,HM50,Clear,quart,SuperPaint-Clear-Quart,97,24.25
3834,2025-06-03,2025-06-06,HM56,White,quart,Duration-White-Quart,108,27.0
3835,2025-06-04,2025-06-09,HM12,Blue/Green,quart,SuperPaint-Blue/Green-Quart,157,39.25
3836,2025-06-04,2025-06-08,HM12,Blue/Green,quart,Emerald-Blue/Green-Quart,79,19.75
3837,2025-06-04,2025-06-06,HM13,Blue/Green,pail_5gal,Emerald-Blue/Green-Pail,9,45.0
3838,2025-06-04,2025-06-07,HM14,Blue/Green,pail_5gal,Emerald-Blue/Green-Pail,3,15.0
3839,2025-06-04,2025-06-05,HM14,Blue/Green,gallon,SuperPaint-Blue/Green-Gallon,26,26.0
3840,2025-06-04,2025-06-05,HM36,White,gallon,SuperPaint-White-Gallon,42,42.0
3841,2025-06-04,2025-06-05,HM36,White,quart,ProMar200-White-Quart,147,36.75
3842,2025-06-04,2025-06-11,HM43,Red,quart,Emerald-Red-Quart,93,23.25
3843,2025-06-04,2025-06-08,HM47,Red,quart,Emerald-Red-Quart,120,30.0
3844,2025-06-04,2025-06-06,HM47,Red,gallon,Emerald-Red-Gallon,66,66.0
3845,2025-06-04,2025-06-08,HM50,Clear,gallon,SuperPaint-Clear-Gallon,59,59.0
3846,2025-06-04,2025-06-07,HM50,Clear,pail_5gal,ProMar200-Clear-Pail,12,60.0
3847,2025-06-05,2025-06-07,HM01,White,gallon,SuperPaint-White-Gallon,41,41.0
3848,2025-06-05,2025-06-13,HM01,White,quart,ProMar200-White-Quart,166,41.5
3849,2025-06-05,2025-06-09,HM01,White,gallon,ProMar200-White-Gallon,72,72.0
3850,2025-06-05,2025-06-08,HM01,White,pail_5gal,SuperPaint-White-Pail,6,30.0
3851,2025-06-05,2025-06-06,HM12,Blue/Green,quart,SuperPaint-Blue/Green-Quart,56,14.0
3852,2025-06-05,2025-06-08,HM13,Blue/Green,gallon,Emerald-Blue/Green-Gallon,24,24.0
3853,2025-06-05,2025-06-08,HM13,Blue/Green,quart,SuperPaint-Blue/Green-Quart,73,18.25
3854,2025-06-05,2025-06-07,HM16,Red,pail_5gal,Emerald-Red-Pail,3,15.0
3855,2025-06-05,2025-06-07,HM20,Black,quart,ProMar200-Black-Quart,57,14.25
3856,2025-06-05,2025-06-11,HM25,Black,gallon,ProMar200-Black-Gallon,100,100.0
3857,2025-06-05,2025-06-08,HM25,Black,gallon,ProMar200-Black-Gallon,80,80.0
3858,2025-06-05,2025-06-06,HM25,Black,quart,PrepRite-Black-Quart,140,35.0
3859,2025-06-05,2025-06-07,HM30,Black,gallon,PrepRite-Black-Gallon,50,50.0
3860,2025-06-05,2025-06-09,HM43,Red,pail_5gal,Duration-Red-Pail,6,30.0
3861,2025-06-05,2025-06-11,HM50,Clear,pail_5gal,SuperPaint-Clear-Pail,2,10.0
3862,2025-06-05,2025-06-06,HM50,Clear,quart,SuperPaint-Clear-Quart,82,20.5
3863,2025-06-05,2025-06-08,HM56,White,gallon,Duration-White-Gallon,37,37.0
3864,2025-06-05,2025-06-08,HM56,White,quart,Duration-White-Quart,54,13.5
3865,2025-06-06,2025-06-07,HM01,White,gallon,Duration-White-Gallon,74,74.0
3866,2025-06-06,2025-06-12,HM12,Blue/Green,gallon,Emerald-Blue/Green-Gallon,114,114.0
3867,2025-06-06,2025-06-13,HM12,Blue/Green,quart,SuperPaint-Blue/Green-Quart,36,9.0
3868,2025-06-06,2025-06-09,HM12,Blue/Green,quart,Emerald-Blue/Green-Quart,89,22.25
3869,2025-06-06,2025-06-07,HM13,Blue/Green,gallon,Emerald-Blue/Green-Gallon,27,27.0
3870,2025-06-06,2025-06-07,HM13,Blue/Green,gallon,SuperPaint-Blue/Green-Gallon,33,33.0
3871,2025-06-06,2025-06-14,HM14,Blue/Green,quart,Emerald-Blue/Green-Quart,331,82.75
3872,2025-06-06,2025-06-07,HM14,Blue/Green,quart,SuperPaint-Blue/Green-Quart,118,29.5
3873,2025-06-06,2025-06-07,HM16,Red,gallon,Duration-Red-Gallon,17,17.0
3874,2025-06-06,2025-06-07,HM16,Red,pail_5gal,Emerald-Red-Pail,15,75.0
3875,2025-06-06,2025-06-10,HM16,Red,gallon,Duration-Red-Gallon,14,14.0
3876,2025-06-06,2025-06-09,HM20,Black,gallon,ProMar200-Black-Gallon,30,30.0
3877,2025-06-06,2025-06-08,HM25,Black,gallon,PrepRite-Black-Gallon,49,49.0
3878,2025-06-06,2025-06-12,HM30,Black,gallon,PrepRite-Black-Gallon,35,35.0
3879,2025-06-06,2025-06-09,HM30,Black,quart,ProMar200-Black-Quart,103,25.75
3880,2025-06-06,2025-06-08,HM30,Black,quart,PrepRite-Black-Quart,113,28.25
3881,2025-06-06,2025-06-09,HM36,White,quart,Duration-White-Quart,49,12.25
3882,2025-06-06,2025-06-10,HM36,White,pail_5gal,SuperPaint-White-Pail,7,35.0
3883,2025-06-06,2025-06-07,HM36,White,gallon,ProMar200-White-Gallon,41,41.0
3884,2025-06-06,2025-06-07,HM43,Red,pail_5gal,Duration-Red-Pail,5,25.0
3885,2025-06-06,2025-06-07,HM43,Red,gallon,Emerald-Red-Gallon,12,12.0
3886,2025-06-06,2025-06-10,HM43,Red,quart,Emerald-Red-Quart,68,17.0
3887,2025-06-06,2025-06-09,HM47,Red,pail_5gal,Emerald-Red-Pail,8,40.0
3888,2025-06-06,2025-06-09,HM47,Red,quart,Duration-Red-Quart,119,29.75
3889,2025-06-06,2025-06-07,HM47,Red,pail_5gal,Duration-Red-Pail,6,30.0
3890,2025-06-06,2025-06-08,HM50,Clear,pail_5gal,ProMar200-Clear-Pail,11,55.0
3891,2025-06-06,2025-06-09,HM50,Clear,quart,ProMar200-Clear-Quart,206,51.5
3892,2025-06-06,2025-06-10,HM50,Clear,gallon,SuperPaint-Clear-Gallon,36,36.0
3893,2025-06-06,2025-06-08,HM56,White,quart,ProMar200-White-Quart,250,62.5
3894,2025-06-06,2025-06-11,HM56,White,gallon,ProMar200-White-Gallon,33,33.0
3895,2025-06-06,2025-06-09,HM56,White,pail_5gal,SuperPaint-White-Pail,5,25.0
3896,2025-06-07,2025-06-09,HM01,White,quart,ProMar200-White-Quart,58,14.5
3897,2025-06-07,2025-06-11,HM01,White,gallon,Duration-White-Gallon,34,34.0
3898,2025-06-07,2025-06-10,HM13,Blue/Green,gallon,Emerald-Blue/Green-Gallon,49,49.0
3899,2025-06-07,2025-06-13,HM13,Blue/Green,quart,Emerald-Blue/Green-Quart,75,18.75
3900,2025-06-07,2025-06-09,HM14,Blue/Green,gallon,Emerald-Blue/Green-Gallon,21,21.0
3901,2025-06-07,2025-06-10,HM14,Blue/Green,gallon,SuperPaint-Blue/Green-Gallon,33,33.0
3902,2025-06-07,2025-06-11,HM25,Black,gallon,ProMar200-Black-Gallon,42,42.0
3903,2025-06-07,2025-06-11,HM36,White,gallon,SuperPaint-White-Gallon,36,36.0
3904,2025-06-07,2025-06-11,HM36,White,quart,Duration-White-Quart,94,23.5
3905,2025-06-07,2025-06-12,HM43,Red,gallon,Emerald-Red-Gallon,115,115.0
3906,2025-06-07,2025-06-11,HM50,Clear,quart,SuperPaint-Clear-Quart,125,31.25
3907,2025-06-08,2025-06-09,HM12,Blue/Green,quart,SuperPaint-Blue/Green-Quart,138,34.5
3908,2025-06-08,2025-06-12,HM30,Black,pail_5gal,ProMar200-Black-Pail,7,35.0
3909,2025-06-08,2025-06-09,HM30,Black,quart,ProMar200-Black-Quart,83,20.75
3910,2025-06-08,2025-06-15,HM30,Black,quart,PrepRite-Black-Quart,89,22.25
3911,2025-06-08,2025-06-10,HM36,White,quart,SuperPaint-White-Quart,136,34.0
3912,2025-06-08,2025-06-09,HM36,White,quart,Duration-White-Quart,75,18.75
3913,2025-06-08,2025-06-11,HM43,Red,pail_5gal,Duration-Red-Pail,13,65.0
3914,2025-06-08,2025-06-10,HM43,Red,pail_5gal,Duration-Red-Pail,4,20.0
3915,2025-06-08,2025-06-14,HM43,Red,pail_5gal,Emerald-Red-Pail,2,10.0
3916,2025-06-08,2025-06-09,HM47,Red,quart,Duration-Red-Quart,266,66.5
3917,2025-06-08,2025-06-10,HM47,Red,quart,Emerald-Red-Quart,108,27.0
3918,2025-06-08,2025-06-15,HM56,White,gallon,ProMar200-White-Gallon,23,23.0
3919,2025-06-08,2025-06-14,HM56,White,gallon,SuperPaint-White-Gallon,45,45.0
3920,2025-06-08,2025-06-14,HM56,White,quart,SuperPaint-White-Quart,224,56.0
3921,2025-06-09,2025-06-12,HM01,White,quart,ProMar200-White-Quart,129,32.25
3922,2025-06-09,2025-06-11,HM01,White,gallon,ProMar200-White-Gallon,29,29.0
3923,2025-06-09,2025-06-12,HM01,White,pail_5gal,SuperPaint-White-Pail,7,35.0
3924,2025-06-09,2025-06-10,HM13,Blue/Green,quart,Emerald-Blue/Green-Quart,103,25.75
3925,2025-06-09,2025-06-16,HM14,Blue/Green,gallon,Emerald-Blue/Green-Gallon,33,33.0
3926,2025-06-09,2025-06-15,HM14,Blue/Green,gallon,SuperPaint-Blue/Green-Gallon,47,47.0
3927,2025-06-09,2025-06-17,HM16,Red,gallon,Duration-Red-Gallon,27,27.0
3928,2025-06-09,2025-06-10,HM20,Black,quart,ProMar200-Black-Quart,152,38.0
3929,2025-06-09,2025-06-14,HM20,Black,gallon,PrepRite-Black-Gallon,8,8.0
3930,2025-06-09,2025-06-10,HM30,Black,quart,PrepRite-Black-Quart,75,18.75
3931,2025-06-09,2025-06-11,HM47,Red,pail_5gal,Emerald-Red-Pail,15,75.0
3932,2025-06-09,2025-06-10,HM47,Red,quart,Emerald-Red-Quart,56,14.0
3933,2025-06-09,2025-06-10,HM56,White,gallon,SuperPaint-White-Gallon,26,26.0
3934,2025-06-10,2025-06-14,HM01,White,gallon,ProMar200-White-Gallon,54,54.0
3935,2025-06-10,2025-06-16,HM01,White,quart,Duration-White-Quart,230,57.5
3936,2025-06-10,2025-06-11,HM12,Blue/Green,quart,SuperPaint-Blue/Green-Quart,32,8.0
3937,2025-06-10,2025-06-24,HM12,Blue/Green,gallon,Emerald-Blue/Green-Gallon,74,74.0
3938,2025-06-10,2025-06-20,HM13,Blue/Green,quart,SuperPaint-Blue/Green-Quart,86,21.5
3939,2025-06-10,2025-06-15,HM20,Black,pail_5gal,ProMar200-Black-Pail,3,15.0
3940,2025-06-10,2025-06-12,HM25,Black,pail_5gal,ProMar200-Black-Pail,11,55.0
3941,2025-06-10,2025-06-12,HM25,Black,pail_5gal,PrepRite-Black-Pail,12,60.0
3942,2025-06-10,2025-06-12,HM25,Black,gallon,ProMar200-Black-Gallon,18,18.0
3943,2025-06-10,2025-06-14,HM30,Black,quart,ProMar200-Black-Quart,84,21.0
3944,2025-06-10,2025-06-14,HM30,Black,gallon,ProMar200-Black-Gallon,16,16.0
3945,2025-06-10,2025-06-13,HM30,Black,quart,ProMar200-Black-Quart,101,25.25
3946,2025-06-10,2025-06-11,HM30,Black,gallon,ProMar200-Black-Gallon,44,44.0
3947,2025-06-10,2025-06-12,HM36,White,gallon,Duration-White-Gallon,45,45.0
3948,2025-06-10,2025-06-12,HM43,Red,gallon,Emerald-Red-Gallon,15,15.0
3949,2025-06-10,2025-06-11,HM43,Red,gallon,Duration-Red-Gallon,12,12.0
3950,2025-06-10,2025-06-16,HM47,Red,gallon,Emerald-Red-Gallon,7,7.0
3951,2025-06-10,2025-06-11,HM47,Red,pail_5gal,Duration-Red-Pail,7,35.0
3952,2025-06-10,2025-06-12,HM50,Clear,quart,SuperPaint-Clear-Quart,137,34.25
3953,2025-06-10,2025-06-13,HM50,Clear,quart,ProMar200-Clear-Quart,114,28.5
3954,2025-06-10,2025-06-15,HM50,Clear,quart,SuperPaint-Clear-Quart,149,37.25
3955,2025-06-10,2025-06-16,HM56,White,gallon,Duration-White-Gallon,26,26.0
3956,2025-06-10,2025-06-13,HM56,White,quart,Duration-White-Quart,89,22.25
3957,2025-06-10,2025-06-17,HM56,White,pail_5gal,Duration-White-Pail,1,5.0
3958,2025-06-11,2025-06-13,HM01,White,quart,Duration-White-Quart,24,6.0
3959,2025-06-11,2025-06-13,HM12,Blue/Green,gallon,Emerald-Blue/Green-Gallon,21,21.0
3960,2025-06-11,2025-06-12,HM13,Blue/Green,gallon,Emerald-Blue/Green-Gallon,23,23.0
3961,2025-06-11,2025-06-19,HM13,Blue/Green,quart,Emerald-Blue/Green-Quart,104,26.0
3962,2025-06-11,2025-06-13,HM13,Blue/Green,gallon,Emerald-Blue/Green-Gallon,32,32.0
3963,2025-06-11,2025-06-15,HM14,Blue/Green,quart,Emerald-Blue/Green-Quart,41,10.25
3964,2025-06-11,2025-06-13,HM16,Red,quart,Emerald-Red-Quart,453,113.25
3965,2025-06-11,2025-06-12,HM16,Red,quart,Emerald-Red-Quart,72,18.0
3966,2025-06-11,2025-06-15,HM30,Black,pail_5gal,PrepRite-Black-Pail,8,40.0
3967,2025-06-11,2025-06-14,HM30,Black,pail_5gal,PrepRite-Black-Pail,9,45.0
3968,2025-06-11,2025-06-15,HM30,Black,gallon,ProMar200-Black-Gallon,65,65.0
3969,2025-06-11,2025-06-13,HM30,Black,gallon,ProMar200-Black-Gallon,26,26.0
3970,2025-06-11,2025-06-13,HM43,Red,gallon,Duration-Red-Gallon,34,34.0
3971,2025-06-11,2025-06-12,HM47,Red,pail_5gal,Emerald-Red-Pail,8,40.0
3972,2025-06-11,2025-06-19,HM50,Clear,gallon,SuperPaint-Clear-Gallon,17,17.0
3973,2025-06-11,2025-06-12,HM56,White,quart,ProMar200-White-Quart,104,26.0
3974,2025-06-11,2025-06-13,HM56,White,gallon,ProMar200-White-Gallon,86,86.0
3975,2025-06-11,2025-06-12,HM56,White,quart,Duration-White-Quart,229,57.25
3976,2025-06-12,2025-06-13,HM01,White,gallon,Duration-White-Gallon,65,65.0
3977,2025-06-12,2025-06-14,HM01,White,quart,ProMar200-White-Quart,23,5.75
3978,2025-06-12,2025-06-15,HM12,Blue/Green,quart,SuperPaint-Blue/Green-Quart,87,21.75
3979,2025-06-12,2025-06-17,HM12,Blue/Green,quart,SuperPaint-Blue/Green-Quart,63,15.75
3980,2025-06-12,2025-06-16,HM13,Blue/Green,gallon,Emerald-Blue/Green-Gallon,13,13.0
3981,2025-06-12,2025-06-13,HM14,Blue/Green,gallon,SuperPaint-Blue/Green-Gallon,73,73.0
3982,2025-06-12,2025-06-23,HM16,Red,quart,Duration-Red-Quart,99,24.75
3983,2025-06-12,2025-06-13,HM16,Red,gallon,Duration-Red-Gallon,22,22.0
3984,2025-06-12,2025-06-14,HM16,Red,gallon,Duration-Red-Gallon,49,49.0
3985,2025-06-12,2025-06-14,HM16,Red,quart,Emerald-Red-Quart,68,17.0
3986,2025-06-12,2025-06-14,HM20,Black,gallon,ProMar200-Black-Gallon,49,49.0
3987,2025-06-12,2025-06-13,HM25,Black,quart,ProMar200-Black-Quart,51,12.75
3988,2025-06-12,2025-06-17,HM25,Black,pail_5gal,ProMar200-Black-Pail,3,15.0
3989,2025-06-12,2025-06-14,HM25,Black,pail_5gal,ProMar200-Black-Pail,4,20.0
3990,2025-06-12,2025-06-15,HM36,White,gallon,ProMar200-White-Gallon,28,28.0
3991,2025-06-12,2025-06-15,HM47,Red,gallon,Duration-Red-Gallon,15,15.0
3992,2025-06-12,2025-06-14,HM47,Red,gallon,Duration-Red-Gallon,49,49.0
3993,2025-06-12,2025-06-15,HM50,Clear,gallon,SuperPaint-Clear-Gallon,30,30.0
3994,2025-06-12,2025-06-14,HM56,White,quart,Duration-White-Quart,89,22.25
3995,2025-06-12,2025-06-14,HM56,White,quart,Duration-White-Quart,75,18.75
3996,2025-06-13,2025-06-16,HM01,White,quart,SuperPaint-White-Quart,190,47.5
3997,2025-06-13,2025-06-14,HM01,White,quart,Duration-White-Quart,86,21.5
3998,2025-06-13,2025-06-17,HM12,Blue/Green,gallon,SuperPaint-Blue/Green-Gallon,34,34.0
3999,2025-06-13,2025-06-23,HM14,Blue/Green,gallon,Emerald-Blue/Green-Gallon,14,14.0
4000,2025-06-13,2025-06-17,HM14,Blue/Green,quart,Emerald-Blue/Green-Quart,99,24.75
4001,2025-06-13,2025-06-16,HM14,Blue/Green,quart,SuperPaint-Blue/Green-Quart,196,49.0
4002,2025-06-13,2025-06-17,HM20,Black,gallon,ProMar200-Black-Gallon,8,8.0
4003,2025-06-13,2025-06-15,HM25,Black,quart,ProMar200-Black-Quart,305,76.25
4004,2025-06-13,2025-06-15,HM25,Black,gallon,ProMar200-Black-Gallon,30,30.0
4005,2025-06-13,2025-06-14,HM30,Black,pail_5gal,ProMar200-Black-Pail,4,20.0
4006,2025-06-13,2025-06-14,HM36,White,gallon,ProMar200-White-Gallon,66,66.0
4007,2025-06-13,2025-06-14,HM36,White,gallon,SuperPaint-White-Gallon,58,58.0
4008,2025-06-13,2025-06-15,HM36,White,quart,Duration-White-Quart,199,49.75
4009,2025-06-13,2025-06-15,HM43,Red,quart,Duration-Red-Quart,290,72.5
4010,2025-06-14,2025-06-16,HM01,White,quart,ProMar200-White-Quart,26,6.5
4011,2025-06-14,2025-06-19,HM01,White,quart,Duration-White-Quart,166,41.5
4012,2025-06-14,2025-06-15,HM12,Blue/Green,quart,Emerald-Blue/Green-Quart,137,34.25
4013,2025-06-14,2025-06-18,HM12,Blue/Green,quart,SuperPaint-Blue/Green-Quart,95,23.75
4014,2025-06-14,2025-06-24,HM13,Blue/Green,quart,SuperPaint-Blue/Green-Quart,116,29.0
4015,2025-06-14,2025-06-19,HM20,Black,gallon,PrepRite-Black-Gallon,66,66.0
4016,2025-06-14,2025-06-16,HM25,Black,quart,ProMar200-Black-Quart,485,121.25
4017,2025-06-14,2025-06-25,HM36,White,gallon,SuperPaint-White-Gallon,28,28.0
4018,2025-06-14,2025-06-15,HM36,White,quart,SuperPaint-White-Quart,95,23.75
4019,2025-06-14,2025-06-16,HM43,Red,quart,Duration-Red-Quart,56,14.0
4020,2025-06-14,2025-06-18,HM43,Red,pail_5gal,Emerald-Red-Pail,10,50.0
4021,2025-06-15,2025-06-17,HM01,White,quart,SuperPaint-White-Quart,103,25.75
4022,2025-06-15,2025-06-17,HM01,White,pail_5gal,ProMar200-White-Pail,5,25.0
4023,2025-06-15,2025-06-18,HM12,Blue/Green,quart,SuperPaint-Blue/Green-Quart,103,25.75
4024,2025-06-15,2025-06-19,HM12,Blue/Green,pail_5gal,Emerald-Blue/Green-Pail,7,35.0
4025,2025-06-15,2025-06-19,HM12,Blue/Green,quart,Emerald-Blue/Green-Quart,107,26.75
4026,2025-06-15,2025-06-25,HM12,Blue/Green,quart,SuperPaint-Blue/Green-Quart,141,35.25
4027,2025-06-15,2025-06-18,HM12,Blue/Green,gallon,Emerald-Blue/Green-Gallon,87,87.0
4028,2025-06-15,2025-06-17,HM12,Blue/Green,gallon,SuperPaint-Blue/Green-Gallon,33,33.0
4029,2025-06-15,2025-06-18,HM12,Blue/Green,pail_5gal,Emerald-Blue/Green-Pail,13,65.0
4030,2025-06-15,2025-06-17,HM13,Blue/Green,quart,SuperPaint-Blue/Green-Quart,110,27.5
4031,2025-06-15,2025-06-17,HM13,Blue/Green,gallon,SuperPaint-Blue/Green-Gallon,49,49.0
4032,2025-06-15,2025-06-23,HM14,Blue/Green,gallon,SuperPaint-Blue/Green-Gallon,36,36.0
4033,2025-06-15,2025-06-19,HM16,Red,pail_5gal,Emerald-Red-Pail,8,40.0
4034,2025-06-15,2025-06-18,HM20,Black,gallon,PrepRite-Black-Gallon,12,12.0
4035,2025-06-15,2025-06-18,HM30,Black,gallon,PrepRite-Black-Gallon,44,44.0
4036,2025-06-15,2025-06-16,HM36,White,quart,SuperPaint-White-Quart,48,12.0
4037,2025-06-15,2025-06-22,HM36,White,gallon,SuperPaint-White-Gallon,8,8.0
4038,2025-06-15,2025-06-19,HM36,White,gallon,ProMar200-White-Gallon,19,19.0
4039,2025-06-15,2025-06-21,HM43,Red,gallon,Emerald-Red-Gallon,50,50.0
4040,2025-06-15,2025-06-16,HM47,Red,pail_5gal,Emerald-Red-Pail,11,55.0
4041,2025-06-15,2025-06-16,HM47,Red,quart,Emerald-Red-Quart,122,30.5
4042,2025-06-15,2025-06-18,HM50,Clear,gallon,ProMar200-Clear-Gallon,15,15.0
4043,2025-06-15,2025-06-17,HM56,White,quart,ProMar200-White-Quart,245,61.25
4044,2025-06-15,2025-06-23,HM56,White,quart,Duration-White-Quart,91,22.75
4045,2025-06-16,2025-06-19,HM01,White,quart,ProMar200-White-Quart,111,27.75
4046,2025-06-16,2025-06-19,HM12,Blue/Green,quart,SuperPaint-Blue/Green-Quart,243,60.75
4047,2025-06-16,2025-06-21,HM12,Blue/Green,quart,SuperPaint-Blue/Green-Quart,102,25.5
4048,2025-06-16,2025-06-22,HM14,Blue/Green,gallon,SuperPaint-Blue/Green-Gallon,22,22.0
4049,2025-06-16,2025-06-17,HM14,Blue/Green,gallon,Emerald-Blue/Green-Gallon,17,17.0
4050,2025-06-16,2025-06-18,HM14,Blue/Green,gallon,SuperPaint-Blue/Green-Gallon,13,13.0
4051,2025-06-16,2025-06-17,HM14,Blue/Green,gallon,Emerald-Blue/Green-Gallon,28,28.0
4052,2025-06-16,2025-06-17,HM20,Black,gallon,PrepRite-Black-Gallon,22,22.0
4053,2025-06-16,2025-06-18,HM20,Black,pail_5gal,PrepRite-Black-Pail,6,30.0
4054,2025-06-16,2025-06-17,HM25,Black,gallon,ProMar200-Black-Gallon,36,36.0
4055,2025-06-16,2025-06-17,HM30,Black,quart,PrepRite-Black-Quart,78,19.5
4056,2025-06-16,2025-06-18,HM30,Black,quart,ProMar200-Black-Quart,142,35.5
4057,2025-06-16,2025-06-20,HM36,White,quart,ProMar200-White-Quart,77,19.25
4058,2025-06-16,2025-06-19,HM36,White,gallon,SuperPaint-White-Gallon,45,45.0
4059,2025-06-16,2025-06-17,HM36,White,quart,ProMar200-White-Quart,65,16.25
4060,2025-06-16,2025-06-18,HM36,White,gallon,SuperPaint-White-Gallon,38,38.0
4061,2025-06-16,2025-06-20,HM36,White,gallon,SuperPaint-White-Gallon,33,33.0
4062,2025-06-16,2025-06-26,HM36,White,gallon,SuperPaint-White-Gallon,84,84.0
4063,2025-06-16,2025-06-20,HM43,Red,quart,Duration-Red-Quart,128,32.0
4064,2025-06-16,2025-06-20,HM47,Red,gallon,Emerald-Red-Gallon,129,129.0
4065,2025-06-16,2025-06-19,HM50,Clear,pail_5gal,SuperPaint-Clear-Pail,3,15.0
4066,2025-06-17,2025-06-20,HM01,White,quart,ProMar200-White-Quart,137,34.25
4067,2025-06-17,2025-06-22,HM12,Blue/Green,quart,SuperPaint-Blue/Green-Quart,285,71.25
4068,2025-06-17,2025-06-19,HM12,Blue/Green,gallon,Emerald-Blue/Green-Gallon,78,78.0
4069,2025-06-17,2025-06-18,HM12,Blue/Green,gallon,SuperPaint-Blue/Green-Gallon,30,30.0
4070,2025-06-17,2025-06-19,HM13,Blue/Green,gallon,SuperPaint-Blue/Green-Gallon,68,68.0
4071,2025-06-17,2025-06-22,HM13,Blue/Green,quart,Emerald-Blue/Green-Quart,80,20.0
4072,2025-06-17,2025-06-18,HM13,Blue/Green,quart,Emerald-Blue/Green-Quart,162,40.5
4073,2025-06-17,2025-06-21,HM16,Red,gallon,Duration-Red-Gallon,25,25.0
4074,2025-06-17,2025-06-20,HM20,Black,gallon,PrepRite-Black-Gallon,30,30.0
4075,2025-06-17,2025-06-20,HM25,Black,pail_5gal,ProMar200-Black-Pail,5,25.0
4076,2025-06-17,2025-06-18,HM30,Black,pail_5gal,PrepRite-Black-Pail,3,15.0
4077,2025-06-17,2025-06-22,HM36,White,quart,Duration-White-Quart,29,7.25
4078,2025-06-17,2025-06-21,HM43,Red,quart,Emerald-Red-Quart,104,26.0
4079,2025-06-17,2025-06-20,HM43,Red,pail_5gal,Emerald-Red-Pail,5,25.0
4080,2025-06-17,2025-06-21,HM43,Red,gallon,Emerald-Red-Gallon,29,29.0
4081,2025-06-17,2025-06-20,HM43,Red,pail_5gal,Emerald-Red-Pail,3,15.0
4082,2025-06-17,2025-06-23,HM50,Clear,gallon,ProMar200-Clear-Gallon,21,21.0
4083,2025-06-17,2025-06-20,HM56,White,gallon,SuperPaint-White-Gallon,28,28.0
4084,2025-06-17,2025-06-22,HM56,White,quart,SuperPaint-White-Quart,48,12.0
4085,2025-06-18,2025-06-19,HM01,White,quart,Duration-White-Quart,129,32.25
4086,2025-06-18,2025-06-27,HM12,Blue/Green,quart,SuperPaint-Blue/Green-Quart,104,26.0
4087,2025-06-18,2025-06-23,HM12,Blue/Green,pail_5gal,Emerald-Blue/Green-Pail,14,70.0
4088,2025-06-18,2025-06-23,HM16,Red,gallon,Emerald-Red-Gallon,24,24.0
4089,2025-06-18,2025-06-22,HM20,Black,pail_5gal,ProMar200-Black-Pail,9,45.0
4090,2025-06-18,2025-06-20,HM25,Black,quart,ProMar200-Black-Quart,215,53.75
4091,2025-06-18,2025-06-22,HM25,Black,gallon,ProMar200-Black-Gallon,10,10.0
4092,2025-06-18,2025-06-20,HM30,Black,quart,ProMar200-Black-Quart,75,18.75
4093,2025-06-18,2025-06-20,HM30,Black,quart,ProMar200-Black-Quart,42,10.5
4094,2025-06-18,2025-06-20,HM36,White,gallon,Duration-White-Gallon,25,25.0
4095,2025-06-18,2025-06-24,HM36,White,gallon,SuperPaint-White-Gallon,52,52.0
4096,2025-06-18,2025-06-20,HM36,White,quart,SuperPaint-White-Quart,142,35.5
4097,2025-06-18,2025-06-21,HM43,Red,gallon,Emerald-Red-Gallon,26,26.0
4098,2025-06-18,2025-06-19,HM47,Red,gallon,Duration-Red-Gallon,77,77.0
4099,2025-06-18,2025-06-21,HM56,White,quart,SuperPaint-White-Quart,118,29.5
4100,2025-06-18,2025-06-21,HM56,White,gallon,ProMar200-White-Gallon,32,32.0
4101,2025-06-18,2025-06-21,HM56,White,gallon,ProMar200-White-Gallon,96,96.0
4102,2025-06-19,2025-06-20,HM01,White,gallon,Duration-White-Gallon,62,62.0
4103,2025-06-19,2025-06-21,HM12,Blue/Green,pail_5gal,SuperPaint-Blue/Green-Pail,17,85.0
4104,2025-06-19,2025-06-22,HM13,Blue/Green,gallon,Emerald-Blue/Green-Gallon,37,37.0
4105,2025-06-19,2025-06-20,HM14,Blue/Green,quart,Emerald-Blue/Green-Quart,117,29.25
4106,2025-06-19,2025-06-24,HM14,Blue/Green,quart,Emerald-Blue/Green-Quart,134,33.5
4107,2025-06-19,2025-06-21,HM16,Red,pail_5gal,Emerald-Red-Pail,6,30.0
4108,2025-06-19,2025-06-24,HM16,Red,gallon,Emerald-Red-Gallon,44,44.0
4109,2025-06-19,2025-06-21,HM16,Red,gallon,Duration-Red-Gallon,26,26.0
4110,2025-06-19,2025-06-26,HM20,Black,pail_5gal,PrepRite-Black-Pail,2,10.0
4111,2025-06-19,2025-06-20,HM20,Black,quart,PrepRite-Black-Quart,244,61.0
4112,2025-06-19,2025-06-20,HM20,Black,pail_5gal,ProMar200-Black-Pail,3,15.0
4113,2025-06-19,2025-06-21,HM20,Black,quart,ProMar200-Black-Quart,92,23.0
4114,2025-06-19,2025-06-20,HM20,Black,quart,PrepRite-Black-Quart,30,7.5
4115,2025-06-19,2025-06-21,HM30,Black,gallon,ProMar200-Black-Gallon,32,32.0
4116,2025-06-19,2025-06-24,HM30,Black,quart,ProMar200-Black-Quart,190,47.5
4117,2025-06-19,2025-06-20,HM36,White,gallon,Duration-White-Gallon,20,20.0
4118,2025-06-19,2025-06-21,HM36,White,gallon,Duration-White-Gallon,45,45.0
4119,2025-06-19,2025-06-22,HM43,Red,gallon,Duration-Red-Gallon,34,34.0
4120,2025-06-19,2025-06-20,HM47,Red,quart,Duration-Red-Quart,129,32.25
4121,2025-06-19,2025-06-22,HM50,Clear,gallon,ProMar200-Clear-Gallon,34,34.0
4122,2025-06-19,2025-06-20,HM56,White,gallon,Duration-White-Gallon,69,69.0
4123,2025-06-19,2025-06-22,HM56,White,pail_5gal,ProMar200-White-Pail,18,90.0
4124,2025-06-20,2025-06-21,HM01,White,pail_5gal,Duration-White-Pail,3,15.0
4125,2025-06-20,2025-06-24,HM12,Blue/Green,pail_5gal,Emerald-Blue/Green-Pail,8,40.0
4126,2025-06-20,2025-06-21,HM12,Blue/Green,quart,SuperPaint-Blue/Green-Quart,56,14.0
4127,2025-06-20,2025-06-21,HM12,Blue/Green,quart,Emerald-Blue/Green-Quart,183,45.75
4128,2025-06-20,2025-06-21,HM14,Blue/Green,quart,Emerald-Blue/Green-Quart,156,39.0
4129,2025-06-20,2025-06-21,HM14,Blue/Green,gallon,SuperPaint-Blue/Green-Gallon,19,19.0
4130,2025-06-20,2025-06-22,HM14,Blue/Green,gallon,Emerald-Blue/Green-Gallon,16,16.0
4131,2025-06-20,2025-06-22,HM16,Red,pail_5gal,Emerald-Red-Pail,6,30.0
4132,2025-06-20,2025-06-24,HM25,Black,gallon,ProMar200-Black-Gallon,46,46.0
4133,2025-06-20,2025-06-23,HM25,Black,pail_5gal,ProMar200-Black-Pail,8,40.0
4134,2025-06-20,2025-06-21,HM25,Black,gallon,PrepRite-Black-Gallon,54,54.0
4135,2025-06-20,2025-06-22,HM25,Black,gallon,ProMar200-Black-Gallon,70,70.0
4136,2025-06-20,2025-06-22,HM36,White,quart,Duration-White-Quart,159,39.75
4137,2025-06-20,2025-06-23,HM36,White,gallon,ProMar200-White-Gallon,58,58.0
4138,2025-06-20,2025-06-21,HM43,Red,gallon,Emerald-Red-Gallon,14,14.0
4139,2025-06-20,2025-06-24,HM47,Red,gallon,Duration-Red-Gallon,83,83.0
4140,2025-06-20,2025-06-21,HM50,Clear,quart,SuperPaint-Clear-Quart,86,21.5
4141,2025-06-20,2025-06-21,HM50,Clear,pail_5gal,SuperPaint-Clear-Pail,8,40.0
4142,2025-06-20,2025-06-25,HM56,White,quart,Duration-White-Quart,53,13.25
4143,2025-06-21,2025-06-23,HM12,Blue/Green,gallon,Emerald-Blue/Green-Gallon,40,40.0
4144,2025-06-21,2025-06-22,HM12,Blue/Green,quart,Emerald-Blue/Green-Quart,106,26.5
4145,2025-06-21,2025-07-03,HM13,Blue/Green,pail_5gal,SuperPaint-Blue/Green-Pail,11,55.0
4146,2025-06-21,2025-06-22,HM13,Blue/Green,quart,SuperPaint-Blue/Green-Quart,48,12.0
4147,2025-06-21,2025-06-23,HM14,Blue/Green,quart,Emerald-Blue/Green-Quart,115,28.75
4148,2025-06-21,2025-06-23,HM16,Red,gallon,Emerald-Red-Gallon,42,42.0
4149,2025-06-21,2025-06-23,HM20,Black,quart,ProMar200-Black-Quart,36,9.0
4150,2025-06-21,2025-06-22,HM20,Black,quart,ProMar200-Black-Quart,211,52.75
4151,2025-06-21,2025-06-23,HM25,Black,quart,ProMar200-Black-Quart,53,13.25
4152,2025-06-21,2025-06-25,HM30,Black,gallon,PrepRite-Black-Gallon,53,53.0
4153,2025-06-21,2025-06-22,HM30,Black,gallon,PrepRite-Black-Gallon,9,9.0
4154,2025-06-21,2025-06-25,HM30,Black,gallon,PrepRite-Black-Gallon,27,27.0
4155,2025-06-21,2025-06-22,HM36,White,gallon,ProMar200-White-Gallon,31,31.0
4156,2025-06-21,2025-06-23,HM36,White,quart,SuperPaint-White-Quart,308,77.0
4157,2025-06-21,2025-06-25,HM47,Red,gallon,Duration-Red-Gallon,29,29.0
4158,2025-06-21,2025-06-23,HM50,Clear,gallon,SuperPaint-Clear-Gallon,73,73.0
4159,2025-06-21,2025-06-26,HM56,White,gallon,Duration-White-Gallon,38,38.0
4160,2025-06-22,2025-06-23,HM12,Blue/Green,quart,SuperPaint-Blue/Green-Quart,214,53.5
4161,2025-06-22,2025-06-27,HM12,Blue/Green,quart,SuperPaint-Blue/Green-Quart,97,24.25
4162,2025-06-22,2025-06-24,HM13,Blue/Green,quart,Emerald-Blue/Green-Quart,66,16.5
4163,2025-06-22,2025-06-24,HM13,Blue/Green,quart,Emerald-Blue/Green-Quart,98,24.5
4164,2025-06-22,2025-06-27,HM16,Red,gallon,Emerald-Red-Gallon,16,16.0
4165,2025-06-22,2025-06-24,HM25,Black,quart,ProMar200-Black-Quart,78,19.5
4166,2025-06-22,2025-06-24,HM30,Black,pail_5gal,PrepRite-Black-Pail,10,50.0
4167,2025-06-22,2025-06-25,HM47,Red,gallon,Emerald-Red-Gallon,42,42.0
4168,2025-06-22,2025-06-27,HM47,Red,pail_5gal,Emerald-Red-Pail,7,35.0
4169,2025-06-22,2025-06-28,HM56,White,gallon,Duration-White-Gallon,36,36.0
4170,2025-06-22,2025-06-27,HM56,White,gallon,ProMar200-White-Gallon,24,24.0
4171,2025-06-23,2025-06-24,HM01,White,pail_5gal,ProMar200-White-Pail,4,20.0
4172,2025-06-23,2025-06-26,HM13,Blue/Green,pail_5gal,Emerald-Blue/Green-Pail,5,25.0
4173,2025-06-23,2025-06-24,HM14,Blue/Green,gallon,SuperPaint-Blue/Green-Gallon,38,38.0
4174,2025-06-23,2025-06-28,HM14,Blue/Green,quart,SuperPaint-Blue/Green-Quart,218,54.5
4175,2025-06-23,2025-06-29,HM16,Red,gallon,Emerald-Red-Gallon,65,65.0
4176,2025-06-23,2025-06-25,HM16,Red,gallon,Emerald-Red-Gallon,29,29.0
4177,2025-06-23,2025-07-03,HM20,Black,quart,ProMar200-Black-Quart,62,15.5
4178,2025-06-23,2025-06-24,HM25,Black,gallon,PrepRite-Black-Gallon,23,23.0
4179,2025-06-23,2025-06-29,HM25,Black,gallon,PrepRite-Black-Gallon,106,106.0
4180,2025-06-23,2025-06-24,HM30,Black,gallon,PrepRite-Black-Gallon,33,33.0
4181,2025-06-23,2025-06-26,HM30,Black,gallon,PrepRite-Black-Gallon,101,101.0
4182,2025-06-23,2025-06-30,HM30,Black,pail_5gal,PrepRite-Black-Pail,2,10.0
4183,2025-06-23,2025-06-30,HM36,White,quart,Duration-White-Quart,183,45.75
4184,2025-06-23,2025-06-24,HM36,White,quart,SuperPaint-White-Quart,46,11.5
4185,2025-06-23,2025-06-27,HM36,White,quart,ProMar200-White-Quart,120,30.0
4186,2025-06-23,2025-06-25,HM43,Red,gallon,Emerald-Red-Gallon,14,14.0
4187,2025-06-23,2025-06-24,HM43,Red,quart,Duration-Red-Quart,41,10.25
4188,2025-06-23,2025-06-25,HM50,Clear,quart,SuperPaint-Clear-Quart,259,64.75
4189,2025-06-23,2025-06-28,HM50,Clear,quart,SuperPaint-Clear-Quart,95,23.75
4190,2025-06-23,2025-06-27,HM50,Clear,gallon,SuperPaint-Clear-Gallon,35,35.0
4191,2025-06-23,2025-06-26,HM56,White,gallon,SuperPaint-White-Gallon,36,36.0
4192,2025-06-24,2025-06-26,HM01,White,quart,Duration-White-Quart,189,47.25
4193,2025-06-24,2025-06-27,HM01,White,quart,SuperPaint-White-Quart,141,35.25
4194,2025-06-24,2025-06-25,HM12,Blue/Green,quart,SuperPaint-Blue/Green-Quart,48,12.0
4195,2025-06-24,2025-06-26,HM12,Blue/Green,quart,Emerald-Blue/Green-Quart,116,29.0
4196,2025-06-24,2025-06-25,HM12,Blue/Green,quart,SuperPaint-Blue/Green-Quart,65,16.25
4197,2025-06-24,2025-06-27,HM13,Blue/Green,pail_5gal,SuperPaint-Blue/Green-Pail,1,5.0
4198,2025-06-24,2025-06-26,HM13,Blue/Green,quart,SuperPaint-Blue/Green-Quart,72,18.0
4199,2025-06-24,2025-06-26,HM14,Blue/Green,quart,Emerald-Blue/Green-Quart,81,20.25
4200,2025-06-24,2025-06-29,HM14,Blue/Green,gallon,Emerald-Blue/Green-Gallon,32,32.0
4201,2025-06-24,2025-07-02,HM14,Blue/Green,quart,Emerald-Blue/Green-Quart,26,6.5
4202,2025-06-24,2025-06-27,HM14,Blue/Green,pail_5gal,Emerald-Blue/Green-Pail,2,10.0
4203,2025-06-24,2025-06-25,HM16,Red,quart,Emerald-Red-Quart,94,23.5
4204,2025-06-24,2025-06-25,HM20,Black,quart,ProMar200-Black-Quart,41,10.25
4205,2025-06-24,2025-06-25,HM20,Black,pail_5gal,ProMar200-Black-Pail,13,65.0
4206,2025-06-24,2025-06-30,HM25,Black,gallon,PrepRite-Black-Gallon,32,32.0
4207,2025-06-24,2025-06-29,HM25,Black,pail_5gal,ProMar200-Black-Pail,3,15.0
4208,2025-06-24,2025-06-27,HM30,Black,gallon,PrepRite-Black-Gallon,25,25.0
4209,2025-06-24,2025-06-27,HM36,White,gallon,SuperPaint-White-Gallon,28,28.0
4210,2025-06-24,2025-06-30,HM36,White,gallon,ProMar200-White-Gallon,141,141.0
4211,2025-06-24,2025-06-25,HM36,White,gallon,ProMar200-White-Gallon,22,22.0
4212,2025-06-24,2025-06-29,HM36,White,quart,SuperPaint-White-Quart,29,7.25
4213,2025-06-24,2025-06-25,HM36,White,gallon,SuperPaint-White-Gallon,81,81.0
4214,2025-06-24,2025-06-27,HM43,Red,gallon,Duration-Red-Gallon,19,19.0
4215,2025-06-24,2025-06-26,HM43,Red,pail_5gal,Emerald-Red-Pail,7,35.0
4216,2025-06-24,2025-06-26,HM47,Red,gallon,Duration-Red-Gallon,42,42.0
4217,2025-06-24,2025-06-26,HM50,Clear,gallon,ProMar200-Clear-Gallon,15,15.0
4218,2025-06-24,2025-07-02,HM50,Clear,gallon,ProMar200-Clear-Gallon,18,18.0
4219,2025-06-24,2025-06-26,HM50,Clear,gallon,ProMar200-Clear-Gallon,26,26.0
4220,2025-06-25,2025-06-26,HM01,White,gallon,Duration-White-Gallon,63,63.0
4221,2025-06-25,2025-06-28,HM12,Blue/Green,pail_5gal,Emerald-Blue/Green-Pail,7,35.0
4222,2025-06-25,2025-06-28,HM13,Blue/Green,gallon,Emerald-Blue/Green-Gallon,15,15.0
4223,2025-06-25,2025-06-28,HM13,Blue/Green,gallon,Emerald-Blue/Green-Gallon,24,24.0
4224,2025-06-25,2025-06-28,HM14,Blue/Green,gallon,SuperPaint-Blue/Green-Gallon,37,37.0
4225,2025-06-25,2025-06-29,HM36,White,gallon,SuperPaint-White-Gallon,21,21.0
4226,2025-06-25,2025-06-26,HM36,White,quart,ProMar200-White-Quart,182,45.5
4227,2025-06-25,2025-06-27,HM47,Red,gallon,Emerald-Red-Gallon,46,46.0
4228,2025-06-25,2025-06-26,HM50,Clear,quart,ProMar200-Clear-Quart,65,16.25
4229,2025-06-25,2025-06-26,HM50,Clear,gallon,SuperPaint-Clear-Gallon,81,81.0
4230,2025-06-26,2025-06-28,HM01,White,gallon,SuperPaint-White-Gallon,48,48.0
4231,2025-06-26,2025-07-01,HM12,Blue/Green,quart,SuperPaint-Blue/Green-Quart,75,18.75
4232,2025-06-26,2025-07-10,HM13,Blue/Green,quart,Emerald-Blue/Green-Quart,152,38.0
4233,2025-06-26,2025-06-28,HM13,Blue/Green,quart,SuperPaint-Blue/Green-Quart,141,35.25
4234,2025-06-26,2025-06-27,HM14,Blue/Green,quart,Emerald-Blue/Green-Quart,99,24.75
4235,2025-06-26,2025-06-29,HM16,Red,quart,Emerald-Red-Quart,155,38.75
4236,2025-06-26,2025-06-29,HM16,Red,gallon,Duration-Red-Gallon,45,45.0
4237,2025-06-26,2025-06-27,HM20,Black,gallon,ProMar200-Black-Gallon,6,6.0
4238,2025-06-26,2025-06-27,HM20,Black,gallon,PrepRite-Black-Gallon,27,27.0
4239,2025-06-26,2025-06-28,HM20,Black,pail_5gal,PrepRite-Black-Pail,6,30.0
4240,2025-06-26,2025-06-27,HM20,Black,quart,PrepRite-Black-Quart,161,40.25
4241,2025-06-26,2025-06-28,HM25,Black,gallon,PrepRite-Black-Gallon,21,21.0
4242,2025-06-26,2025-06-28,HM30,Black,pail_5gal,ProMar200-Black-Pail,7,35.0
4243,2025-06-26,2025-06-28,HM36,White,gallon,SuperPaint-White-Gallon,21,21.0
4244,2025-06-26,2025-06-28,HM36,White,quart,ProMar200-White-Quart,46,11.5
4245,2025-06-26,2025-06-27,HM43,Red,gallon,Duration-Red-Gallon,24,24.0
4246,2025-06-26,2025-07-02,HM43,Red,quart,Emerald-Red-Quart,167,41.75
4247,2025-06-26,2025-07-01,HM47,Red,quart,Emerald-Red-Quart,304,76.0
4248,2025-06-26,2025-06-27,HM47,Red,pail_5gal,Emerald-Red-Pail,9,45.0
4249,2025-06-26,2025-07-01,HM47,Red,gallon,Emerald-Red-Gallon,59,59.0
4250,2025-06-26,2025-06-29,HM47,Red,pail_5gal,Emerald-Red-Pail,8,40.0
4251,2025-06-26,2025-06-28,HM47,Red,gallon,Duration-Red-Gallon,10,10.0
4252,2025-06-26,2025-06-29,HM47,Red,pail_5gal,Emerald-Red-Pail,11,55.0
4253,2025-06-26,2025-07-03,HM50,Clear,quart,ProMar200-Clear-Quart,104,26.0
4254,2025-06-26,2025-06-27,HM56,White,gallon,SuperPaint-White-Gallon,46,46.0
4255,2025-06-27,2025-07-02,HM01,White,quart,SuperPaint-White-Quart,65,16.25
4256,2025-06-27,2025-07-03,HM01,White,gallon,SuperPaint-White-Gallon,34,34.0
4257,2025-06-27,2025-07-05,HM12,Blue/Green,gallon,Emerald-Blue/Green-Gallon,27,27.0
4258,2025-06-27,2025-06-28,HM12,Blue/Green,quart,Emerald-Blue/Green-Quart,90,22.5
4259,2025-06-27,2025-06-28,HM13,Blue/Green,quart,Emerald-Blue/Green-Quart,205,51.25
4260,2025-06-27,2025-06-30,HM13,Blue/Green,pail_5gal,Emerald-Blue/Green-Pail,4,20.0
4261,2025-06-27,2025-06-28,HM13,Blue/Green,gallon,Emerald-Blue/Green-Gallon,70,70.0
4262,2025-06-27,2025-06-29,HM16,Red,pail_5gal,Duration-Red-Pail,4,20.0
4263,2025-06-27,2025-07-03,HM20,Black,pail_5gal,PrepRite-Black-Pail,3,15.0
4264,2025-06-27,2025-06-30,HM20,Black,gallon,ProMar200-Black-Gallon,26,26.0
4265,2025-06-27,2025-06-30,HM20,Black,pail_5gal,PrepRite-Black-Pail,6,30.0
4266,2025-06-27,2025-07-01,HM25,Black,pail_5gal,ProMar200-Black-Pail,2,10.0
4267,2025-06-27,2025-07-01,HM25,Black,quart,PrepRite-Black-Quart,59,14.75
4268,2025-06-27,2025-07-01,HM30,Black,gallon,PrepRite-Black-Gallon,30,30.0
4269,2025-06-27,2025-07-01,HM30,Black,pail_5gal,PrepRite-Black-Pail,3,15.0
4270,2025-06-27,2025-06-28,HM36,White,quart,SuperPaint-White-Quart,86,21.5
4271,2025-06-27,2025-07-01,HM36,White,quart,SuperPaint-White-Quart,91,22.75
4272,2025-06-27,2025-06-29,HM50,Clear,gallon,SuperPaint-Clear-Gallon,63,63.0
4273,2025-06-27,2025-06-30,HM50,Clear,gallon,SuperPaint-Clear-Gallon,24,24.0
4274,2025-06-27,2025-06-28,HM50,Clear,gallon,ProMar200-Clear-Gallon,30,30.0
4275,2025-06-27,2025-07-02,HM56,White,pail_5gal,SuperPaint-White-Pail,2,10.0
4276,2025-06-27,2025-07-05,HM56,White,quart,Duration-White-Quart,53,13.25
4277,2025-06-27,2025-06-28,HM56,White,gallon,ProMar200-White-Gallon,58,58.0
4278,2025-06-28,2025-06-30,HM01,White,gallon,Duration-White-Gallon,15,15.0
4279,2025-06-28,2025-06-29,HM01,White,gallon,ProMar200-White-Gallon,14,14.0
4280,2025-06-28,2025-06-29,HM01,White,gallon,ProMar200-White-Gallon,20,20.0
4281,2025-06-28,2025-06-29,HM12,Blue/Green,quart,Emerald-Blue/Green-Quart,113,28.25
4282,2025-06-28,2025-07-03,HM13,Blue/Green,gallon,Emerald-Blue/Green-Gallon,61,61.0
4283,2025-06-28,2025-06-30,HM13,Blue/Green,gallon,Emerald-Blue/Green-Gallon,38,38.0
4284,2025-06-28,2025-07-03,HM14,Blue/Green,quart,Emerald-Blue/Green-Quart,47,11.75
4285,2025-06-28,2025-07-08,HM16,Red,quart,Emerald-Red-Quart,198,49.5
4286,2025-06-28,2025-07-02,HM20,Black,quart,PrepRite-Black-Quart,62,15.5
4287,2025-06-28,2025-07-01,HM25,Black,gallon,PrepRite-Black-Gallon,33,33.0
4288,2025-06-28,2025-06-30,HM30,Black,gallon,PrepRite-Black-Gallon,127,127.0
4289,2025-06-28,2025-06-29,HM43,Red,quart,Duration-Red-Quart,92,23.0
4290,2025-06-28,2025-06-29,HM47,Red,quart,Emerald-Red-Quart,160,40.0
4291,2025-06-29,2025-07-01,HM01,White,pail_5gal,ProMar200-White-Pail,4,20.0
4292,2025-06-29,2025-07-01,HM12,Blue/Green,quart,SuperPaint-Blue/Green-Quart,61,15.25
4293,2025-06-29,2025-06-30,HM12,Blue/Green,quart,SuperPaint-Blue/Green-Quart,99,24.75
4294,2025-06-29,2025-07-01,HM12,Blue/Green,quart,Emerald-Blue/Green-Quart,128,32.0
4295,2025-06-29,2025-06-30,HM13,Blue/Green,gallon,SuperPaint-Blue/Green-Gallon,18,18.0
4296,2025-06-29,2025-07-02,HM13,Blue/Green,pail_5gal,SuperPaint-Blue/Green-Pail,9,45.0
4297,2025-06-29,2025-06-30,HM25,Black,gallon,ProMar200-Black-Gallon,29,29.0
4298,2025-06-29,2025-06-30,HM30,Black,gallon,PrepRite-Black-Gallon,41,41.0
4299,2025-06-29,2025-07-03,HM36,White,quart,ProMar200-White-Quart,29,7.25
4300,2025-06-29,2025-07-02,HM36,White,gallon,ProMar200-White-Gallon,20,20.0
4301,2025-06-29,2025-07-01,HM36,White,gallon,ProMar200-White-Gallon,30,30.0
4302,2025-06-29,2025-07-06,HM43,Red,gallon,Emerald-Red-Gallon,38,38.0
4303,2025-06-29,2025-07-08,HM50,Clear,pail_5gal,ProMar200-Clear-Pail,8,40.0
4304,2025-06-29,2025-07-03,HM50,Clear,gallon,ProMar200-Clear-Gallon,44,44.0
4305,2025-06-30,2025-07-01,HM01,White,gallon,SuperPaint-White-Gallon,17,17.0
4306,2025-06-30,2025-07-02,HM12,Blue/Green,gallon,Emerald-Blue/Green-Gallon,100,100.0
4307,2025-06-30,2025-07-01,HM12,Blue/Green,gallon,SuperPaint-Blue/Green-Gallon,64,64.0
4308,2025-06-30,2025-07-03,HM12,Blue/Green,gallon,Emerald-Blue/Green-Gallon,29,29.0
4309,2025-06-30,2025-07-02,HM13,Blue/Green,quart,SuperPaint-Blue/Green-Quart,127,31.75
4310,2025-06-30,2025-07-01,HM16,Red,gallon,Duration-Red-Gallon,34,34.0
4311,2025-06-30,2025-07-02,HM30,Black,quart,ProMar200-Black-Quart,174,43.5
4312,2025-06-30,2025-07-02,HM36,White,gallon,Duration-White-Gallon,25,25.0
4313,2025-06-30,2025-07-02,HM43,Red,gallon,Duration-Red-Gallon,150,150.0
4314,2025-06-30,2025-07-02,HM50,Clear,gallon,ProMar200-Clear-Gallon,35,35.0
4315,2025-06-30,2025-07-02,HM50,Clear,gallon,ProMar200-Clear-Gallon,31,31.0
4316,2025-06-30,2025-07-03,HM56,White,quart,ProMar200-White-Quart,208,52.0
4317,2025-06-30,2025-07-01,HM56,White,pail_5gal,ProMar200-White-Pail,11,55.0
4318,2025-07-01,2025-07-08,HM01,White,gallon,ProMar200-White-Gallon,17,17.0
4319,2025-07-01,2025-07-07,HM01,White,gallon,Duration-White-Gallon,27,27.0
4320,2025-07-01,2025-07-10,HM01,White,gallon,Duration-White-Gallon,7,7.0
4321,2025-07-01,2025-07-02,HM01,White,pail_5gal,Duration-White-Pail,8,40.0
4322,2025-07-01,2025-07-02,HM12,Blue/Green,gallon,SuperPaint-Blue/Green-Gallon,32,32.0
4323,2025-07-01,2025-07-05,HM13,Blue/Green,gallon,SuperPaint-Blue/Green-Gallon,55,55.0
4324,2025-07-01,2025-07-05,HM13,Blue/Green,pail_5gal,SuperPaint-Blue/Green-Pail,6,30.0
4325,2025-07-01,2025-07-06,HM13,Blue/Green,quart,SuperPaint-Blue/Green-Quart,114,28.5
4326,2025-07-01,2025-07-06,HM14,Blue/Green,gallon,SuperPaint-Blue/Green-Gallon,41,41.0
4327,2025-07-01,2025-07-06,HM14,Blue/Green,quart,SuperPaint-Blue/Green-Quart,102,25.5
4328,2025-07-01,2025-07-04,HM16,Red,quart,Duration-Red-Quart,96,24.0
4329,2025-07-01,2025-07-03,HM16,Red,gallon,Emerald-Red-Gallon,21,21.0
4330,2025-07-01,2025-07-03,HM16,Red,gallon,Duration-Red-Gallon,13,13.0
4331,2025-07-01,2025-07-02,HM25,Black,gallon,ProMar200-Black-Gallon,24,24.0
4332,2025-07-01,2025-07-07,HM25,Black,gallon,PrepRite-Black-Gallon,27,27.0
4333,2025-07-01,2025-07-04,HM30,Black,quart,PrepRite-Black-Quart,158,39.5
4334,2025-07-01,2025-07-03,HM43,Red,pail_5gal,Duration-Red-Pail,4,20.0
4335,2025-07-01,2025-07-03,HM43,Red,quart,Duration-Red-Quart,142,35.5
4336,2025-07-01,2025-07-03,HM47,Red,quart,Emerald-Red-Quart,500,125.0
4337,2025-07-01,2025-07-06,HM47,Red,gallon,Emerald-Red-Gallon,46,46.0
4338,2025-07-01,2025-07-02,HM47,Red,pail_5gal,Emerald-Red-Pail,11,55.0
4339,2025-07-01,2025-07-03,HM50,Clear,gallon,SuperPaint-Clear-Gallon,21,21.0
4340,2025-07-01,2025-07-04,HM56,White,quart,Duration-White-Quart,50,12.5
4341,2025-07-01,2025-07-06,HM56,White,gallon,Duration-White-Gallon,29,29.0
4342,2025-07-02,2025-07-04,HM01,White,gallon,SuperPaint-White-Gallon,77,77.0
4343,2025-07-02,2025-07-03,HM01,White,quart,SuperPaint-White-Quart,78,19.5
4344,2025-07-02,2025-07-04,HM12,Blue/Green,gallon,Emerald-Blue/Green-Gallon,18,18.0
4345,2025-07-02,2025-07-07,HM13,Blue/Green,gallon,Emerald-Blue/Green-Gallon,45,45.0
4346,2025-07-02,2025-07-05,HM13,Blue/Green,pail_5gal,Emerald-Blue/Green-Pail,8,40.0
4347,2025-07-02,2025-07-03,HM13,Blue/Green,gallon,Emerald-Blue/Green-Gallon,21,21.0
4348,2025-07-02,2025-07-08,HM14,Blue/Green,quart,Emerald-Blue/Green-Quart,58,14.5
4349,2025-07-02,2025-07-03,HM16,Red,gallon,Duration-Red-Gallon,32,32.0
4350,2025-07-02,2025-07-05,HM16,Red,quart,Duration-Red-Quart,43,10.75
4351,2025-07-02,2025-07-05,HM20,Black,gallon,ProMar200-Black-Gallon,13,13.0
4352,2025-07-02,2025-07-07,HM20,Black,gallon,PrepRite-Black-Gallon,36,36.0
4353,2025-07-02,2025-07-03,HM30,Black,pail_5gal,ProMar200-Black-Pail,6,30.0
4354,2025-07-02,2025-07-06,HM30,Black,pail_5gal,ProMar200-Black-Pail,6,30.0
4355,2025-07-02,2025-07-03,HM30,Black,pail_5gal,PrepRite-Black-Pail,6,30.0
4356,2025-07-02,2025-07-03,HM30,Black,pail_5gal,PrepRite-Black-Pail,3,15.0
4357,2025-07-02,2025-07-06,HM43,Red,gallon,Duration-Red-Gallon,29,29.0
4358,2025-07-02,2025-07-10,HM43,Red,gallon,Emerald-Red-Gallon,7,7.0
4359,2025-07-02,2025-07-03,HM47,Red,pail_5gal,Emerald-Red-Pail,10,50.0
4360,2025-07-02,2025-07-07,HM47,Red,pail_5gal,Duration-Red-Pail,3,15.0
4361,2025-07-02,2025-07-05,HM50,Clear,gallon,ProMar200-Clear-Gallon,29,29.0
4362,2025-07-02,2025-07-04,HM56,White,gallon,ProMar200-White-Gallon,64,64.0
4363,2025-07-02,2025-07-06,HM56,White,quart,SuperPaint-White-Quart,79,19.75
4364,2025-07-03,2025-07-05,HM01,White,gallon,ProMar200-White-Gallon,48,48.0
4365,2025-07-03,2025-07-05,HM13,Blue/Green,quart,SuperPaint-Blue/Green-Quart,130,32.5
4366,2025-07-03,2025-07-06,HM13,Blue/Green,quart,Emerald-Blue/Green-Quart,280,70.0
4367,2025-07-03,2025-07-07,HM13,Blue/Green,quart,SuperPaint-Blue/Green-Quart,208,52.0
4368,2025-07-03,2025-07-07,HM14,Blue/Green,quart,Emerald-Blue/Green-Quart,133,33.25
4369,2025-07-03,2025-07-07,HM14,Blue/Green,gallon,Emerald-Blue/Green-Gallon,24,24.0
4370,2025-07-03,2025-07-05,HM16,Red,pail_5gal,Duration-Red-Pail,8,40.0
4371,2025-07-03,2025-07-04,HM16,Red,gallon,Emerald-Red-Gallon,37,37.0
4372,2025-07-03,2025-07-09,HM20,Black,gallon,ProMar200-Black-Gallon,40,40.0
4373,2025-07-03,2025-07-04,HM25,Black,quart,ProMar200-Black-Quart,231,57.75
4374,2025-07-03,2025-07-05,HM30,Black,quart,PrepRite-Black-Quart,74,18.5
4375,2025-07-03,2025-07-05,HM30,Black,gallon,ProMar200-Black-Gallon,48,48.0
4376,2025-07-03,2025-07-05,HM30,Black,pail_5gal,PrepRite-Black-Pail,2,10.0
4377,2025-07-03,2025-07-06,HM30,Black,quart,ProMar200-Black-Quart,82,20.5
4378,2025-07-03,2025-07-10,HM30,Black,gallon,PrepRite-Black-Gallon,48,48.0
4379,2025-07-03,2025-07-11,HM30,Black,pail_5gal,ProMar200-Black-Pail,17,85.0
4380,2025-07-03,2025-07-14,HM36,White,gallon,Duration-White-Gallon,7,7.0
4381,2025-07-03,2025-07-07,HM43,Red,quart,Emerald-Red-Quart,111,27.75
4382,2025-07-03,2025-07-05,HM47,Red,gallon,Duration-Red-Gallon,35,35.0
4383,2025-07-03,2025-07-09,HM47,Red,pail_5gal,Duration-Red-Pail,4,20.0
4384,2025-07-03,2025-07-06,HM47,Red,gallon,Emerald-Red-Gallon,127,127.0
4385,2025-07-03,2025-07-04,HM47,Red,pail_5gal,Emerald-Red-Pail,2,10.0
4386,2025-07-03,2025-07-05,HM47,Red,pail_5gal,Emerald-Red-Pail,9,45.0
4387,2025-07-03,2025-07-09,HM50,Clear,quart,ProMar200-Clear-Quart,76,19.0
4388,2025-07-03,2025-07-07,HM56,White,gallon,Duration-White-Gallon,19,19.0
4389,2025-07-04,2025-07-05,HM01,White,quart,SuperPaint-White-Quart,228,57.0
4390,2025-07-04,2025-07-05,HM01,White,quart,SuperPaint-White-Quart,81,20.25
4391,2025-07-04,2025-07-09,HM12,Blue/Green,quart,SuperPaint-Blue/Green-Quart,166,41.5
4392,2025-07-04,2025-07-06,HM12,Blue/Green,gallon,Emerald-Blue/Green-Gallon,67,67.0
4393,2025-07-04,2025-07-07,HM12,Blue/Green,quart,SuperPaint-Blue/Green-Quart,139,34.75
4394,2025-07-04,2025-07-05,HM13,Blue/Green,gallon,Emerald-Blue/Green-Gallon,44,44.0
4395,2025-07-04,2025-07-09,HM16,Red,quart,Emerald-Red-Quart,146,36.5
4396,2025-07-04,2025-07-07,HM16,Red,pail_5gal,Emerald-Red-Pail,3,15.0
4397,2025-07-04,2025-07-06,HM16,Red,pail_5gal,Emerald-Red-Pail,11,55.0
4398,2025-07-04,2025-07-05,HM20,Black,gallon,PrepRite-Black-Gallon,41,41.0
4399,2025-07-04,2025-07-06,HM20,Black,quart,ProMar200-Black-Quart,118,29.5
4400,2025-07-04,2025-07-08,HM30,Black,quart,PrepRite-Black-Quart,78,19.5
4401,2025-07-04,2025-07-09,HM30,Black,gallon,PrepRite-Black-Gallon,36,36.0
4402,2025-07-04,2025-07-14,HM36,White,quart,SuperPaint-White-Quart,101,25.25
4403,2025-07-04,2025-07-09,HM36,White,quart,SuperPaint-White-Quart,128,32.0
4404,2025-07-04,2025-07-07,HM43,Red,gallon,Duration-Red-Gallon,56,56.0
4405,2025-07-04,2025-07-07,HM47,Red,gallon,Emerald-Red-Gallon,48,48.0
4406,2025-07-04,2025-07-15,HM50,Clear,pail_5gal,ProMar200-Clear-Pail,7,35.0
4407,2025-07-04,2025-07-06,HM50,Clear,pail_5gal,SuperPaint-Clear-Pail,6,30.0
4408,2025-07-04,2025-07-06,HM50,Clear,gallon,SuperPaint-Clear-Gallon,33,33.0
4409,2025-07-04,2025-07-13,HM56,White,pail_5gal,SuperPaint-White-Pail,9,45.0
4410,2025-07-04,2025-07-08,HM56,White,gallon,ProMar200-White-Gallon,16,16.0
4411,2025-07-05,2025-07-09,HM14,Blue/Green,pail_5gal,SuperPaint-Blue/Green-Pail,5,25.0
4412,2025-07-05,2025-07-14,HM16,Red,pail_5gal,Duration-Red-Pail,4,20.0
4413,2025-07-05,2025-07-09,HM20,Black,pail_5gal,ProMar200-Black-Pail,7,35.0
4414,2025-07-05,2025-07-08,HM25,Black,quart,ProMar200-Black-Quart,107,26.75
4415,2025-07-05,2025-07-11,HM30,Black,pail_5gal,ProMar200-Black-Pail,5,25.0
4416,2025-07-05,2025-07-08,HM36,White,quart,ProMar200-White-Quart,119,29.75
4417,2025-07-05,2025-07-09,HM47,Red,pail_5gal,Emerald-Red-Pail,3,15.0
4418,2025-07-05,2025-07-07,HM47,Red,gallon,Emerald-Red-Gallon,36,36.0
4419,2025-07-05,2025-07-07,HM50,Clear,gallon,ProMar200-Clear-Gallon,39,39.0
4420,2025-07-05,2025-07-07,HM56,White,quart,ProMar200-White-Quart,101,25.25
4421,2025-07-05,2025-07-09,HM56,White,gallon,SuperPaint-White-Gallon,45,45.0
4422,2025-07-05,2025-07-12,HM56,White,quart,SuperPaint-White-Quart,59,14.75
4423,2025-07-06,2025-07-18,HM01,White,gallon,Duration-White-Gallon,13,13.0
4424,2025-07-06,2025-07-09,HM01,White,quart,Duration-White-Quart,56,14.0
4425,2025-07-06,2025-07-11,HM12,Blue/Green,gallon,Emerald-Blue/Green-Gallon,44,44.0
4426,2025-07-06,2025-07-08,HM14,Blue/Green,quart,SuperPaint-Blue/Green-Quart,165,41.25
4427,2025-07-06,2025-07-08,HM30,Black,gallon,ProMar200-Black-Gallon,28,28.0
4428,2025-07-06,2025-07-07,HM36,White,gallon,ProMar200-White-Gallon,38,38.0
4429,2025-07-06,2025-07-10,HM43,Red,quart,Emerald-Red-Quart,119,29.75
4430,2025-07-06,2025-07-15,HM47,Red,quart,Duration-Red-Quart,385,96.25
4431,2025-07-06,2025-07-07,HM47,Red,quart,Duration-Red-Quart,177,44.25
4432,2025-07-06,2025-07-07,HM56,White,quart,SuperPaint-White-Quart,115,28.75
4433,2025-07-06,2025-07-08,HM56,White,gallon,Duration-White-Gallon,73,73.0
4434,2025-07-06,2025-07-09,HM56,White,gallon,SuperPaint-White-Gallon,47,47.0
4435,2025-07-07,2025-07-13,HM01,White,pail_5gal,ProMar200-White-Pail,11,55.0
4436,2025-07-07,2025-07-08,HM13,Blue/Green,quart,SuperPaint-Blue/Green-Quart,130,32.5
4437,2025-07-07,2025-07-09,HM16,Red,gallon,Emerald-Red-Gallon,53,53.0
4438,2025-07-07,2025-07-10,HM20,Black,gallon,PrepRite-Black-Gallon,36,36.0
4439,2025-07-07,2025-07-08,HM20,Black,gallon,ProMar200-Black-Gallon,20,20.0
4440,2025-07-07,2025-07-11,HM25,Black,quart,ProMar200-Black-Quart,282,70.5
4441,2025-07-07,2025-07-10,HM25,Black,quart,ProMar200-Black-Quart,56,14.0
4442,2025-07-07,2025-07-13,HM30,Black,pail_5gal,ProMar200-Black-Pail,11,55.0
4443,2025-07-07,2025-07-09,HM30,Black,quart,ProMar200-Black-Quart,148,37.0
4444,2025-07-07,2025-07-10,HM30,Black,quart,ProMar200-Black-Quart,137,34.25
4445,2025-07-07,2025-07-15,HM30,Black,pail_5gal,ProMar200-Black-Pail,5,25.0
4446,2025-07-07,2025-07-11,HM30,Black,gallon,ProMar200-Black-Gallon,53,53.0
4447,2025-07-07,2025-07-09,HM36,White,quart,ProMar200-White-Quart,343,85.75
4448,2025-07-07,2025-07-13,HM36,White,gallon,ProMar200-White-Gallon,16,16.0
4449,2025-07-07,2025-07-12,HM36,White,quart,SuperPaint-White-Quart,86,21.5
4450,2025-07-07,2025-07-09,HM43,Red,gallon,Duration-Red-Gallon,43,43.0
4451,2025-07-07,2025-07-08,HM43,Red,gallon,Emerald-Red-Gallon,97,97.0
4452,2025-07-07,2025-07-12,HM50,Clear,gallon,SuperPaint-Clear-Gallon,29,29.0
4453,2025-07-07,2025-07-10,HM50,Clear,pail_5gal,SuperPaint-Clear-Pail,6,30.0
4454,2025-07-07,2025-07-08,HM50,Clear,gallon,ProMar200-Clear-Gallon,29,29.0
4455,2025-07-07,2025-07-14,HM50,Clear,gallon,ProMar200-Clear-Gallon,24,24.0
4456,2025-07-07,2025-07-10,HM56,White,gallon,Duration-White-Gallon,57,57.0
4457,2025-07-08,2025-07-09,HM01,White,gallon,SuperPaint-White-Gallon,33,33.0
4458,2025-07-08,2025-07-11,HM14,Blue/Green,quart,Emerald-Blue/Green-Quart,39,9.75
4459,2025-07-08,2025-07-10,HM16,Red,quart,Emerald-Red-Quart,111,27.75
4460,2025-07-08,2025-07-14,HM20,Black,gallon,ProMar200-Black-Gallon,23,23.0
4461,2025-07-08,2025-07-09,HM20,Black,pail_5gal,PrepRite-Black-Pail,3,15.0
4462,2025-07-08,2025-07-11,HM25,Black,gallon,PrepRite-Black-Gallon,94,94.0
4463,2025-07-08,2025-07-10,HM25,Black,gallon,ProMar200-Black-Gallon,48,48.0
4464,2025-07-08,2025-07-13,HM47,Red,quart,Duration-Red-Quart,61,15.25
4465,2025-07-08,2025-07-19,HM47,Red,gallon,Emerald-Red-Gallon,23,23.0
4466,2025-07-08,2025-07-09,HM50,Clear,quart,ProMar200-Clear-Quart,80,20.0
4467,2025-07-08,2025-07-10,HM56,White,gallon,SuperPaint-White-Gallon,38,38.0
4468,2025-07-09,2025-07-10,HM13,Blue/Green,pail_5gal,SuperPaint-Blue/Green-Pail,8,40.0
4469,2025-07-09,2025-07-11,HM13,Blue/Green,gallon,Emerald-Blue/Green-Gallon,32,32.0
4470,2025-07-09,2025-07-10,HM13,Blue/Green,quart,Emerald-Blue/Green-Quart,91,22.75
4471,2025-07-09,2025-07-12,HM14,Blue/Green,pail_5gal,Emerald-Blue/Green-Pail,7,35.0
4472,2025-07-09,2025-07-11,HM20,Black,quart,PrepRite-Black-Quart,78,19.5
4473,2025-07-09,2025-07-16,HM25,Black,gallon,ProMar200-Black-Gallon,15,15.0
4474,2025-07-09,2025-07-13,HM30,Black,quart,PrepRite-Black-Quart,169,42.25
4475,2025-07-09,2025-07-10,HM36,White,gallon,ProMar200-White-Gallon,9,9.0
4476,2025-07-09,2025-07-10,HM47,Red,pail_5gal,Duration-Red-Pail,15,75.0
4477,2025-07-09,2025-07-11,HM47,Red,pail_5gal,Emerald-Red-Pail,5,25.0
4478,2025-07-09,2025-07-14,HM47,Red,pail_5gal,Emerald-Red-Pail,5,25.0
4479,2025-07-09,2025-07-12,HM50,Clear,gallon,ProMar200-Clear-Gallon,33,33.0
4480,2025-07-09,2025-07-10,HM50,Clear,gallon,SuperPaint-Clear-Gallon,51,51.0
4481,2025-07-10,2025-07-16,HM12,Blue/Green,pail_5gal,Emerald-Blue/Green-Pail,4,20.0
4482,2025-07-10,2025-07-17,HM13,Blue/Green,quart,Emerald-Blue/Green-Quart,75,18.75
4483,2025-07-10,2025-07-12,HM14,Blue/Green,gallon,SuperPaint-Blue/Green-Gallon,97,97.0
4484,2025-07-10,2025-07-14,HM14,Blue/Green,gallon,SuperPaint-Blue/Green-Gallon,52,52.0
4485,2025-07-10,2025-07-12,HM14,Blue/Green,gallon,Emerald-Blue/Green-Gallon,16,16.0
4486,2025-07-10,2025-07-18,HM16,Red,gallon,Emerald-Red-Gallon,19,19.0
4487,2025-07-10,2025-07-11,HM16,Red,gallon,Duration-Red-Gallon,9,9.0
4488,2025-07-10,2025-07-13,HM25,Black,gallon,PrepRite-Black-Gallon,25,25.0
4489,2025-07-10,2025-07-11,HM36,White,quart,SuperPaint-White-Quart,98,24.5
4490,2025-07-10,2025-07-14,HM36,White,quart,ProMar200-White-Quart,144,36.0
4491,2025-07-10,2025-07-13,HM36,White,quart,Duration-White-Quart,115,28.75
4492,2025-07-10,2025-07-14,HM47,Red,pail_5gal,Emerald-Red-Pail,1,5.0
4493,2025-07-10,2025-07-13,HM47,Red,quart,Duration-Red-Quart,48,12.0
4494,2025-07-10,2025-07-12,HM47,Red,pail_5gal,Emerald-Red-Pail,5,25.0
4495,2025-07-10,2025-07-12,HM47,Red,gallon,Duration-Red-Gallon,55,55.0
4496,2025-07-11,2025-07-12,HM01,White,gallon,SuperPaint-White-Gallon,33,33.0
4497,2025-07-11,2025-07-13,HM12,Blue/Green,quart,Emerald-Blue/Green-Quart,149,37.25
4498,2025-07-11,2025-07-12,HM13,Blue/Green,gallon,SuperPaint-Blue/Green-Gallon,90,90.0
4499,2025-07-11,2025-07-12,HM13,Blue/Green,quart,SuperPaint-Blue/Green-Quart,158,39.5
4500,2025-07-11,2025-07-14,HM13,Blue/Green,gallon,SuperPaint-Blue/Green-Gallon,42,42.0
4501,2025-07-11,2025-07-14,HM16,Red,quart,Duration-Red-Quart,125,31.25
4502,2025-07-11,2025-07-15,HM20,Black,pail_5gal,PrepRite-Black-Pail,8,40.0
4503,2025-07-11,2025-07-13,HM20,Black,gallon,PrepRite-Black-Gallon,43,43.0
4504,2025-07-11,2025-07-12,HM20,Black,pail_5gal,PrepRite-Black-Pail,4,20.0
4505,2025-07-11,2025-07-13,HM20,Black,quart,ProMar200-Black-Quart,102,25.5
4506,2025-07-11,2025-07-18,HM25,Black,gallon,PrepRite-Black-Gallon,29,29.0
4507,2025-07-11,2025-07-15,HM25,Black,quart,ProMar200-Black-Quart,183,45.75
4508,2025-07-11,2025-07-14,HM25,Black,quart,ProMar200-Black-Quart,82,20.5
4509,2025-07-11,2025-07-12,HM30,Black,quart,PrepRite-Black-Quart,103,25.75
4510,2025-07-11,2025-07-12,HM30,Black,gallon,ProMar200-Black-Gallon,21,21.0
4511,2025-07-11,2025-07-15,HM30,Black,pail_5gal,ProMar200-Black-Pail,4,20.0
4512,2025-07-11,2025-07-12,HM30,Black,pail_5gal,ProMar200-Black-Pail,3,15.0
4513,2025-07-11,2025-07-12,HM43,Red,gallon,Duration-Red-Gallon,14,14.0
4514,2025-07-11,2025-07-13,HM43,Red,gallon,Emerald-Red-Gallon,45,45.0
4515,2025-07-11,2025-07-17,HM43,Red,pail_5gal,Emerald-Red-Pail,9,45.0
4516,2025-07-11,2025-07-12,HM47,Red,gallon,Emerald-Red-Gallon,50,50.0
4517,2025-07-11,2025-07-14,HM50,Clear,quart,SuperPaint-Clear-Quart,63,15.75
4518,2025-07-11,2025-07-12,HM50,Clear,gallon,SuperPaint-Clear-Gallon,19,19.0
4519,2025-07-11,2025-07-12,HM50,Clear,quart,ProMar200-Clear-Quart,143,35.75
4520,2025-07-11,2025-07-13,HM56,White,gallon,ProMar200-White-Gallon,22,22.0
4521,2025-07-11,2025-07-14,HM56,White,pail_5gal,SuperPaint-White-Pail,10,50.0
4522,2025-07-12,2025-07-14,HM12,Blue/Green,quart,Emerald-Blue/Green-Quart,151,37.75
4523,2025-07-12,2025-07-14,HM12,Blue/Green,gallon,SuperPaint-Blue/Green-Gallon,44,44.0
4524,2025-07-12,2025-07-15,HM13,Blue/Green,gallon,Emerald-Blue/Green-Gallon,24,24.0
4525,2025-07-12,2025-07-13,HM13,Blue/Green,gallon,SuperPaint-Blue/Green-Gallon,35,35.0
4526,2025-07-12,2025-07-16,HM14,Blue/Green,pail_5gal,SuperPaint-Blue/Green-Pail,8,40.0
4527,2025-07-12,2025-07-19,HM14,Blue/Green,gallon,Emerald-Blue/Green-Gallon,59,59.0
4528,2025-07-12,2025-07-14,HM16,Red,gallon,Duration-Red-Gallon,61,61.0
4529,2025-07-12,2025-07-14,HM16,Red,gallon,Duration-Red-Gallon,27,27.0
4530,2025-07-12,2025-07-13,HM43,Red,quart,Duration-Red-Quart,45,11.25
4531,2025-07-12,2025-07-15,HM47,Red,quart,Duration-Red-Quart,84,21.0
4532,2025-07-12,2025-07-19,HM50,Clear,quart,SuperPaint-Clear-Quart,198,49.5
4533,2025-07-12,2025-07-17,HM56,White,gallon,ProMar200-White-Gallon,19,19.0
4534,2025-07-12,2025-07-14,HM56,White,pail_5gal,Duration-White-Pail,3,15.0
4535,2025-07-13,2025-07-15,HM12,Blue/Green,pail_5gal,SuperPaint-Blue/Green-Pail,3,15.0
4536,2025-07-13,2025-07-18,HM13,Blue/Green,gallon,SuperPaint-Blue/Green-Gallon,11,11.0
4537,2025-07-13,2025-07-17,HM14,Blue/Green,gallon,SuperPaint-Blue/Green-Gallon,34,34.0
4538,2025-07-13,2025-07-14,HM14,Blue/Green,quart,SuperPaint-Blue/Green-Quart,118,29.5
4539,2025-07-13,2025-07-17,HM14,Blue/Green,quart,SuperPaint-Blue/Green-Quart,75,18.75
4540,2025-07-13,2025-07-14,HM14,Blue/Green,pail_5gal,SuperPaint-Blue/Green-Pail,4,20.0
4541,2025-07-13,2025-07-21,HM25,Black,pail_5gal,PrepRite-Black-Pail,9,45.0
4542,2025-07-13,2025-07-16,HM36,White,gallon,SuperPaint-White-Gallon,48,48.0
4543,2025-07-13,2025-07-17,HM47,Red,quart,Emerald-Red-Quart,78,19.5
4544,2025-07-13,2025-07-19,HM47,Red,pail_5gal,Duration-Red-Pail,13,65.0
4545,2025-07-13,2025-07-18,HM47,Red,gallon,Duration-Red-Gallon,39,39.0
4546,2025-07-13,2025-07-16,HM47,Red,pail_5gal,Duration-Red-Pail,3,15.0
4547,2025-07-13,2025-07-15,HM50,Clear,gallon,SuperPaint-Clear-Gallon,22,22.0
4548,2025-07-14,2025-07-15,HM01,White,quart,ProMar200-White-Quart,80,20.0
4549,2025-07-14,2025-07-19,HM12,Blue/Green,gallon,SuperPaint-Blue/Green-Gallon,27,27.0
4550,2025-07-14,2025-07-19,HM14,Blue/Green,pail_5gal,Emerald-Blue/Green-Pail,11,55.0
4551,2025-07-14,2025-07-16,HM16,Red,gallon,Emerald-Red-Gallon,13,13.0
4552,2025-07-14,2025-07-20,HM16,Red,gallon,Duration-Red-Gallon,12,12.0
4553,2025-07-14,2025-07-17,HM16,Red,gallon,Emerald-Red-Gallon,38,38.0
4554,2025-07-14,2025-07-15,HM16,Red,gallon,Emerald-Red-Gallon,30,30.0
4555,2025-07-14,2025-07-17,HM16,Red,quart,Emerald-Red-Quart,126,31.5
4556,2025-07-14,2025-07-19,HM20,Black,gallon,ProMar200-Black-Gallon,63,63.0
4557,2025-07-14,2025-07-16,HM25,Black,pail_5gal,PrepRite-Black-Pail,5,25.0
4558,2025-07-14,2025-07-16,HM30,Black,gallon,ProMar200-Black-Gallon,39,39.0
4559,2025-07-14,2025-07-17,HM36,White,quart,SuperPaint-White-Quart,92,23.0
4560,2025-07-14,2025-07-16,HM43,Red,quart,Duration-Red-Quart,107,26.75
4561,2025-07-14,2025-07-16,HM43,Red,quart,Emerald-Red-Quart,74,18.5
4562,2025-07-14,2025-07-16,HM47,Red,quart,Emerald-Red-Quart,74,18.5
4563,2025-07-14,2025-07-20,HM50,Clear,gallon,SuperPaint-Clear-Gallon,35,35.0
4564,2025-07-15,2025-07-21,HM01,White,quart,SuperPaint-White-Quart,207,51.75
4565,2025-07-15,2025-07-17,HM01,White,gallon,ProMar200-White-Gallon,11,11.0
4566,2025-07-15,2025-07-16,HM13,Blue/Green,quart,SuperPaint-Blue/Green-Quart,178,44.5
4567,2025-07-15,2025-07-18,HM13,Blue/Green,gallon,SuperPaint-Blue/Green-Gallon,8,8.0
4568,2025-07-15,2025-07-18,HM14,Blue/Green,quart,Emerald-Blue/Green-Quart,99,24.75
4569,2025-07-15,2025-07-16,HM14,Blue/Green,quart,Emerald-Blue/Green-Quart,95,23.75
4570,2025-07-15,2025-07-19,HM16,Red,gallon,Emerald-Red-Gallon,19,19.0
4571,2025-07-15,2025-07-17,HM16,Red,gallon,Emerald-Red-Gallon,27,27.0
4572,2025-07-15,2025-07-18,HM16,Red,gallon,Duration-Red-Gallon,32,32.0
4573,2025-07-15,2025-07-16,HM20,Black,gallon,PrepRite-Black-Gallon,11,11.0
4574,2025-07-15,2025-07-19,HM25,Black,gallon,PrepRite-Black-Gallon,52,52.0
4575,2025-07-15,2025-07-21,HM25,Black,quart,PrepRite-Black-Quart,194,48.5
4576,2025-07-15,2025-07-20,HM30,Black,gallon,PrepRite-Black-Gallon,50,50.0
4577,2025-07-15,2025-07-19,HM30,Black,pail_5gal,PrepRite-Black-Pail,4,20.0
4578,2025-07-15,2025-07-19,HM30,Black,pail_5gal,PrepRite-Black-Pail,3,15.0
4579,2025-07-15,2025-07-19,HM36,White,gallon,SuperPaint-White-Gallon,28,28.0
4580,2025-07-15,2025-07-16,HM36,White,quart,SuperPaint-White-Quart,147,36.75
4581,2025-07-15,2025-07-23,HM36,White,quart,Duration-White-Quart,116,29.0
4582,2025-07-15,2025-07-16,HM43,Red,quart,Emerald-Red-Quart,65,16.25
4583,2025-07-15,2025-07-19,HM43,Red,gallon,Emerald-Red-Gallon,68,68.0
4584,2025-07-15,2025-07-17,HM43,Red,gallon,Duration-Red-Gallon,33,33.0
4585,2025-07-15,2025-07-16,HM43,Red,gallon,Emerald-Red-Gallon,11,11.0
4586,2025-07-15,2025-07-16,HM47,Red,pail_5gal,Duration-Red-Pail,13,65.0
4587,2025-07-15,2025-07-17,HM50,Clear,gallon,ProMar200-Clear-Gallon,29,29.0
4588,2025-07-15,2025-07-23,HM56,White,gallon,ProMar200-White-Gallon,39,39.0
4589,2025-07-15,2025-07-16,HM56,White,quart,Duration-White-Quart,88,22.0
4590,2025-07-15,2025-07-18,HM56,White,quart,Duration-White-Quart,219,54.75
4591,2025-07-16,2025-07-20,HM01,White,quart,SuperPaint-White-Quart,102,25.5
4592,2025-07-16,2025-07-19,HM13,Blue/Green,quart,Emerald-Blue/Green-Quart,115,28.75
4593,2025-07-16,2025-07-17,HM13,Blue/Green,gallon,Emerald-Blue/Green-Gallon,69,69.0
4594,2025-07-16,2025-07-19,HM16,Red,quart,Duration-Red-Quart,198,49.5
4595,2025-07-16,2025-07-18,HM20,Black,quart,PrepRite-Black-Quart,151,37.75
4596,2025-07-16,2025-07-19,HM20,Black,gallon,ProMar200-Black-Gallon,94,94.0
4597,2025-07-16,2025-07-19,HM25,Black,gallon,ProMar200-Black-Gallon,54,54.0
4598,2025-07-16,2025-07-18,HM30,Black,gallon,PrepRite-Black-Gallon,43,43.0
4599,2025-07-16,2025-07-20,HM30,Black,gallon,ProMar200-Black-Gallon,18,18.0
4600,2025-07-16,2025-07-19,HM30,Black,pail_5gal,ProMar200-Black-Pail,5,25.0
4601,2025-07-16,2025-07-22,HM30,Black,pail_5gal,ProMar200-Black-Pail,4,20.0
4602,2025-07-16,2025-07-17,HM30,Black,gallon,ProMar200-Black-Gallon,89,89.0
4603,2025-07-16,2025-07-17,HM36,White,gallon,ProMar200-White-Gallon,20,20.0
4604,2025-07-16,2025-07-17,HM50,Clear,gallon,ProMar200-Clear-Gallon,16,16.0
4605,2025-07-16,2025-07-17,HM50,Clear,gallon,ProMar200-Clear-Gallon,42,42.0
4606,2025-07-16,2025-07-22,HM50,Clear,quart,ProMar200-Clear-Quart,138,34.5
4607,2025-07-16,2025-07-18,HM50,Clear,pail_5gal,SuperPaint-Clear-Pail,7,35.0
4608,2025-07-16,2025-07-20,HM50,Clear,gallon,SuperPaint-Clear-Gallon,24,24.0
4609,2025-07-16,2025-07-17,HM56,White,gallon,SuperPaint-White-Gallon,18,18.0
4610,2025-07-17,2025-07-18,HM01,White,quart,Duration-White-Quart,93,23.25
4611,2025-07-17,2025-07-22,HM14,Blue/Green,pail_5gal,SuperPaint-Blue/Green-Pail,2,10.0
4612,2025-07-17,2025-07-19,HM14,Blue/Green,gallon,SuperPaint-Blue/Green-Gallon,17,17.0
4613,2025-07-17,2025-07-19,HM16,Red,gallon,Duration-Red-Gallon,40,40.0
4614,2025-07-17,2025-07-23,HM16,Red,gallon,Duration-Red-Gallon,41,41.0
4615,2025-07-17,2025-07-19,HM16,Red,gallon,Duration-Red-Gallon,42,42.0
4616,2025-07-17,2025-07-18,HM16,Red,gallon,Emerald-Red-Gallon,32,32.0
4617,2025-07-17,2025-07-22,HM20,Black,gallon,ProMar200-Black-Gallon,22,22.0
4618,2025-07-17,2025-07-20,HM30,Black,gallon,ProMar200-Black-Gallon,22,22.0
4619,2025-07-17,2025-07-18,HM30,Black,gallon,PrepRite-Black-Gallon,12,12.0
4620,2025-07-17,2025-07-19,HM47,Red,pail_5gal,Emerald-Red-Pail,7,35.0
4621,2025-07-17,2025-07-19,HM47,Red,gallon,Duration-Red-Gallon,13,13.0
4622,2025-07-17,2025-07-18,HM50,Clear,quart,SuperPaint-Clear-Quart,135,33.75
4623,2025-07-17,2025-07-26,HM50,Clear,gallon,SuperPaint-Clear-Gallon,70,70.0
4624,2025-07-17,2025-07-20,HM56,White,gallon,Duration-White-Gallon,11,11.0
4625,2025-07-17,2025-07-19,HM56,White,quart,SuperPaint-White-Quart,120,30.0
4626,2025-07-18,2025-07-20,HM01,White,quart,ProMar200-White-Quart,60,15.0
4627,2025-07-18,2025-07-21,HM01,White,quart,Duration-White-Quart,147,36.75
4628,2025-07-18,2025-07-20,HM01,White,pail_5gal,ProMar200-White-Pail,10,50.0
4629,2025-07-18,2025-07-19,HM01,White,gallon,Duration-White-Gallon,30,30.0
4630,2025-07-18,2025-07-23,HM12,Blue/Green,quart,SuperPaint-Blue/Green-Quart,96,24.0
4631,2025-07-18,2025-07-20,HM13,Blue/Green,quart,SuperPaint-Blue/Green-Quart,136,34.0
4632,2025-07-18,2025-07-19,HM13,Blue/Green,gallon,SuperPaint-Blue/Green-Gallon,9,9.0
4633,2025-07-18,2025-07-20,HM14,Blue/Green,quart,SuperPaint-Blue/Green-Quart,44,11.0
4634,2025-07-18,2025-07-23,HM14,Blue/Green,quart,Emerald-Blue/Green-Quart,46,11.5
4635,2025-07-18,2025-07-20,HM16,Red,gallon,Duration-Red-Gallon,97,97.0
4636,2025-07-18,2025-07-19,HM30,Black,pail_5gal,ProMar200-Black-Pail,2,10.0
4637,2025-07-18,2025-07-23,HM30,Black,quart,PrepRite-Black-Quart,156,39.0
4638,2025-07-18,2025-07-20,HM30,Black,gallon,PrepRite-Black-Gallon,53,53.0
4639,2025-07-18,2025-07-21,HM30,Black,quart,ProMar200-Black-Quart,113,28.25
4640,2025-07-18,2025-07-21,HM36,White,quart,ProMar200-White-Quart,106,26.5
4641,2025-07-18,2025-07-21,HM43,Red,quart,Emerald-Red-Quart,196,49.0
4642,2025-07-18,2025-07-19,HM47,Red,quart,Duration-Red-Quart,67,16.75
4643,2025-07-18,2025-07-19,HM47,Red,pail_5gal,Emerald-Red-Pail,5,25.0
4644,2025-07-18,2025-07-25,HM50,Clear,quart,ProMar200-Clear-Quart,85,21.25
4645,2025-07-18,2025-07-20,HM50,Clear,quart,SuperPaint-Clear-Quart,65,16.25
4646,2025-07-19,2025-07-20,HM01,White,quart,SuperPaint-White-Quart,53,13.25
4647,2025-07-19,2025-07-20,HM12,Blue/Green,gallon,SuperPaint-Blue/Green-Gallon,70,70.0
4648,2025-07-19,2025-07-21,HM12,Blue/Green,quart,Emerald-Blue/Green-Quart,99,24.75
4649,2025-07-19,2025-07-24,HM12,Blue/Green,gallon,SuperPaint-Blue/Green-Gallon,23,23.0
4650,2025-07-19,2025-07-25,HM14,Blue/Green,quart,Emerald-Blue/Green-Quart,124,31.0
4651,2025-07-19,2025-07-25,HM16,Red,gallon,Duration-Red-Gallon,25,25.0
4652,2025-07-19,2025-07-20,HM16,Red,gallon,Emerald-Red-Gallon,30,30.0
4653,2025-07-19,2025-07-21,HM20,Black,quart,ProMar200-Black-Quart,193,48.25
4654,2025-07-19,2025-07-22,HM20,Black,gallon,ProMar200-Black-Gallon,34,34.0
4655,2025-07-19,2025-07-21,HM25,Black,pail_5gal,ProMar200-Black-Pail,5,25.0
4656,2025-07-19,2025-07-29,HM25,Black,quart,ProMar200-Black-Quart,191,47.75
4657,2025-07-19,2025-07-20,HM30,Black,gallon,PrepRite-Black-Gallon,49,49.0
4658,2025-07-19,2025-07-20,HM36,White,gallon,SuperPaint-White-Gallon,41,41.0
4659,2025-07-19,2025-08-01,HM50,Clear,gallon,ProMar200-Clear-Gallon,22,22.0
4660,2025-07-19,2025-07-21,HM50,Clear,gallon,SuperPaint-Clear-Gallon,23,23.0
4661,2025-07-19,2025-07-22,HM50,Clear,gallon,SuperPaint-Clear-Gallon,31,31.0
4662,2025-07-20,2025-07-23,HM13,Blue/Green,gallon,SuperPaint-Blue/Green-Gallon,16,16.0
4663,2025-07-20,2025-07-27,HM14,Blue/Green,quart,SuperPaint-Blue/Green-Quart,75,18.75
4664,2025-07-20,2025-07-26,HM16,Red,gallon,Duration-Red-Gallon,31,31.0
4665,2025-07-20,2025-07-26,HM20,Black,quart,ProMar200-Black-Quart,285,71.25
4666,2025-07-20,2025-07-21,HM25,Black,pail_5gal,PrepRite-Black-Pail,8,40.0
4667,2025-07-20,2025-07-22,HM30,Black,gallon,ProMar200-Black-Gallon,13,13.0
4668,2025-07-20,2025-07-21,HM36,White,gallon,ProMar200-White-Gallon,42,42.0
4669,2025-07-20,2025-07-30,HM43,Red,gallon,Emerald-Red-Gallon,47,47.0
4670,2025-07-20,2025-07-26,HM47,Red,quart,Emerald-Red-Quart,230,57.5
4671,2025-07-20,2025-07-29,HM56,White,pail_5gal,SuperPaint-White-Pail,4,20.0
4672,2025-07-20,2025-07-23,HM56,White,quart,SuperPaint-White-Quart,28,7.0
4673,2025-07-20,2025-07-21,HM56,White,gallon,ProMar200-White-Gallon,20,20.0
4674,2025-07-20,2025-07-24,HM56,White,quart,SuperPaint-White-Quart,83,20.75
4675,2025-07-21,2025-07-22,HM01,White,quart,Duration-White-Quart,119,29.75
4676,2025-07-21,2025-08-01,HM01,White,quart,SuperPaint-White-Quart,271,67.75
4677,2025-07-21,2025-07-24,HM01,White,gallon,SuperPaint-White-Gallon,41,41.0
4678,2025-07-21,2025-07-22,HM12,Blue/Green,pail_5gal,Emerald-Blue/Green-Pail,12,60.0
4679,2025-07-21,2025-07-22,HM12,Blue/Green,gallon,Emerald-Blue/Green-Gallon,14,14.0
4680,2025-07-21,2025-07-28,HM13,Blue/Green,gallon,SuperPaint-Blue/Green-Gallon,25,25.0
4681,2025-07-21,2025-07-23,HM14,Blue/Green,quart,Emerald-Blue/Green-Quart,46,11.5
4682,2025-07-21,2025-07-22,HM16,Red,gallon,Duration-Red-Gallon,28,28.0
4683,2025-07-21,2025-07-26,HM20,Black,gallon,PrepRite-Black-Gallon,31,31.0
4684,2025-07-21,2025-07-27,HM25,Black,quart,ProMar200-Black-Quart,59,14.75
4685,2025-07-21,2025-07-23,HM25,Black,pail_5gal,ProMar200-Black-Pail,11,55.0
4686,2025-07-21,2025-07-26,HM25,Black,gallon,ProMar200-Black-Gallon,18,18.0
4687,2025-07-21,2025-07-23,HM30,Black,pail_5gal,ProMar200-Black-Pail,3,15.0
4688,2025-07-21,2025-07-24,HM36,White,gallon,ProMar200-White-Gallon,25,25.0
4689,2025-07-21,2025-07-23,HM36,White,quart,Duration-White-Quart,107,26.75
4690,2025-07-21,2025-07-29,HM36,White,quart,ProMar200-White-Quart,262,65.5
4691,2025-07-21,2025-07-23,HM43,Red,pail_5gal,Duration-Red-Pail,3,15.0
4692,2025-07-21,2025-07-24,HM47,Red,pail_5gal,Emerald-Red-Pail,3,15.0
4693,2025-07-21,2025-07-22,HM47,Red,quart,Duration-Red-Quart,172,43.0
4694,2025-07-21,2025-07-24,HM47,Red,quart,Emerald-Red-Quart,139,34.75
4695,2025-07-21,2025-07-23,HM47,Red,pail_5gal,Duration-Red-Pail,9,45.0
4696,2025-07-21,2025-07-22,HM50,Clear,quart,ProMar200-Clear-Quart,161,40.25
4697,2025-07-21,2025-07-23,HM50,Clear,quart,ProMar200-Clear-Quart,54,13.5
4698,2025-07-21,2025-07-30,HM56,White,quart,SuperPaint-White-Quart,111,27.75
4699,2025-07-21,2025-07-27,HM56,White,quart,SuperPaint-White-Quart,142,35.5
4700,2025-07-21,2025-07-28,HM56,White,quart,ProMar200-White-Quart,126,31.5
4701,2025-07-21,2025-07-23,HM56,White,quart,Duration-White-Quart,250,62.5
4702,2025-07-22,2025-07-25,HM01,White,quart,Duration-White-Quart,26,6.5
4703,2025-07-22,2025-07-24,HM01,White,gallon,ProMar200-White-Gallon,83,83.0
4704,2025-07-22,2025-07-24,HM01,White,quart,SuperPaint-White-Quart,151,37.75
4705,2025-07-22,2025-07-24,HM01,White,gallon,SuperPaint-White-Gallon,19,19.0
4706,2025-07-22,2025-07-24,HM13,Blue/Green,quart,Emerald-Blue/Green-Quart,199,49.75
4707,2025-07-22,2025-08-03,HM13,Blue/Green,gallon,SuperPaint-Blue/Green-Gallon,66,66.0
4708,2025-07-22,2025-07-23,HM20,Black,gallon,PrepRite-Black-Gallon,15,15.0
4709,2025-07-22,2025-07-26,HM20,Black,pail_5gal,ProMar200-Black-Pail,4,20.0
4710,2025-07-22,2025-07-23,HM30,Black,pail_5gal,ProMar200-Black-Pail,7,35.0
4711,2025-07-22,2025-07-23,HM36,White,quart,SuperPaint-White-Quart,118,29.5
4712,2025-07-22,2025-07-23,HM36,White,quart,Duration-White-Quart,102,25.5
4713,2025-07-22,2025-07-26,HM36,White,quart,Duration-White-Quart,190,47.5
4714,2025-07-22,2025-07-24,HM43,Red,quart,Duration-Red-Quart,120,30.0
4715,2025-07-22,2025-07-31,HM43,Red,quart,Emerald-Red-Quart,165,41.25
4716,2025-07-22,2025-07-27,HM43,Red,gallon,Emerald-Red-Gallon,35,35.0
4717,2025-07-22,2025-07-29,HM43,Red,quart,Emerald-Red-Quart,162,40.5
4718,2025-07-22,2025-07-24,HM43,Red,gallon,Emerald-Red-Gallon,39,39.0
4719,2025-07-22,2025-07-24,HM47,Red,gallon,Duration-Red-Gallon,97,97.0
4720,2025-07-22,2025-07-25,HM50,Clear,pail_5gal,ProMar200-Clear-Pail,9,45.0
4721,2025-07-22,2025-07-26,HM56,White,pail_5gal,SuperPaint-White-Pail,1,5.0
4722,2025-07-23,2025-07-24,HM01,White,gallon,ProMar200-White-Gallon,34,34.0
4723,2025-07-23,2025-07-27,HM12,Blue/Green,gallon,Emerald-Blue/Green-Gallon,33,33.0
4724,2025-07-23,2025-07-25,HM13,Blue/Green,quart,SuperPaint-Blue/Green-Quart,85,21.25
4725,2025-07-23,2025-07-24,HM13,Blue/Green,gallon,Emerald-Blue/Green-Gallon,28,28.0
4726,2025-07-23,2025-07-26,HM13,Blue/Green,gallon,SuperPaint-Blue/Green-Gallon,150,150.0
4727,2025-07-23,2025-07-24,HM16,Red,pail_5gal,Duration-Red-Pail,6,30.0
4728,2025-07-23,2025-07-28,HM30,Black,pail_5gal,ProMar200-Black-Pail,4,20.0
4729,2025-07-23,2025-07-26,HM30,Black,gallon,PrepRite-Black-Gallon,16,16.0
4730,2025-07-23,2025-07-27,HM36,White,quart,ProMar200-White-Quart,100,25.0
4731,2025-07-23,2025-07-25,HM36,White,gallon,SuperPaint-White-Gallon,32,32.0
4732,2025-07-23,2025-07-31,HM47,Red,quart,Emerald-Red-Quart,121,30.25
4733,2025-07-23,2025-07-25,HM47,Red,gallon,Duration-Red-Gallon,16,16.0
4734,2025-07-23,2025-07-27,HM50,Clear,quart,ProMar200-Clear-Quart,182,45.5
4735,2025-07-23,2025-07-24,HM50,Clear,quart,SuperPaint-Clear-Quart,37,9.25
4736,2025-07-24,2025-07-27,HM01,White,gallon,ProMar200-White-Gallon,40,40.0
4737,2025-07-24,2025-07-30,HM12,Blue/Green,quart,SuperPaint-Blue/Green-Quart,121,30.25
4738,2025-07-24,2025-07-27,HM12,Blue/Green,quart,Emerald-Blue/Green-Quart,60,15.0
4739,2025-07-24,2025-07-26,HM12,Blue/Green,quart,Emerald-Blue/Green-Quart,96,24.0
4740,2025-07-24,2025-07-26,HM13,Blue/Green,quart,Emerald-Blue/Green-Quart,84,21.0
4741,2025-07-24,2025-07-28,HM13,Blue/Green,quart,SuperPaint-Blue/Green-Quart,143,35.75
4742,2025-07-24,2025-07-30,HM16,Red,gallon,Emerald-Red-Gallon,34,34.0
4743,2025-07-24,2025-07-27,HM16,Red,gallon,Duration-Red-Gallon,12,12.0
4744,2025-07-24,2025-07-30,HM16,Red,gallon,Emerald-Red-Gallon,25,25.0
4745,2025-07-24,2025-07-25,HM16,Red,pail_5gal,Emerald-Red-Pail,11,55.0
4746,2025-07-24,2025-07-26,HM16,Red,gallon,Emerald-Red-Gallon,13,13.0
4747,2025-07-24,2025-07-26,HM20,Black,pail_5gal,ProMar200-Black-Pail,16,80.0
4748,2025-07-24,2025-07-26,HM25,Black,quart,ProMar200-Black-Quart,221,55.25
4749,2025-07-24,2025-07-28,HM25,Black,quart,PrepRite-Black-Quart,160,40.0
4750,2025-07-24,2025-07-25,HM36,White,quart,Duration-White-Quart,218,54.5
4751,2025-07-24,2025-07-25,HM43,Red,gallon,Emerald-Red-Gallon,21,21.0
4752,2025-07-24,2025-08-01,HM47,Red,gallon,Duration-Red-Gallon,17,17.0
4753,2025-07-24,2025-07-26,HM47,Red,pail_5gal,Emerald-Red-Pail,5,25.0
4754,2025-07-24,2025-07-30,HM50,Clear,gallon,ProMar200-Clear-Gallon,76,76.0
4755,2025-07-24,2025-07-30,HM56,White,gallon,Duration-White-Gallon,41,41.0
4756,2025-07-24,2025-07-25,HM56,White,gallon,ProMar200-White-Gallon,48,48.0
4757,2025-07-24,2025-07-25,HM56,White,gallon,Duration-White-Gallon,29,29.0
4758,2025-07-24,2025-08-01,HM56,White,gallon,Duration-White-Gallon,31,31.0
4759,2025-07-25,2025-07-29,HM12,Blue/Green,gallon,SuperPaint-Blue/Green-Gallon,80,80.0
4760,2025-07-25,2025-07-26,HM12,Blue/Green,gallon,Emerald-Blue/Green-Gallon,61,61.0
4761,2025-07-25,2025-07-29,HM13,Blue/Green,gallon,SuperPaint-Blue/Green-Gallon,29,29.0
4762,2025-07-25,2025-07-31,HM13,Blue/Green,quart,SuperPaint-Blue/Green-Quart,183,45.75
4763,2025-07-25,2025-07-26,HM13,Blue/Green,quart,Emerald-Blue/Green-Quart,107,26.75
4764,2025-07-25,2025-07-27,HM13,Blue/Green,gallon,Emerald-Blue/Green-Gallon,16,16.0
4765,2025-07-25,2025-07-27,HM13,Blue/Green,quart,SuperPaint-Blue/Green-Quart,61,15.25
4766,2025-07-25,2025-07-28,HM16,Red,pail_5gal,Emerald-Red-Pail,18,90.0
4767,2025-07-25,2025-07-27,HM16,Red,gallon,Emerald-Red-Gallon,45,45.0
4768,2025-07-25,2025-07-28,HM20,Black,gallon,ProMar200-Black-Gallon,62,62.0
4769,2025-07-25,2025-07-27,HM20,Black,quart,PrepRite-Black-Quart,90,22.5
4770,2025-07-25,2025-08-02,HM20,Black,gallon,PrepRite-Black-Gallon,24,24.0
4771,2025-07-25,2025-07-28,HM20,Black,pail_5gal,PrepRite-Black-Pail,30,150.0
4772,2025-07-25,2025-07-29,HM25,Black,quart,ProMar200-Black-Quart,276,69.0
4773,2025-07-25,2025-07-26,HM30,Black,gallon,PrepRite-Black-Gallon,39,39.0
4774,2025-07-25,2025-07-26,HM30,Black,quart,PrepRite-Black-Quart,99,24.75
4775,2025-07-25,2025-07-28,HM36,White,quart,SuperPaint-White-Quart,42,10.5
4776,2025-07-25,2025-07-30,HM36,White,quart,SuperPaint-White-Quart,101,25.25
4777,2025-07-25,2025-07-31,HM36,White,quart,SuperPaint-White-Quart,39,9.75
4778,2025-07-25,2025-08-05,HM43,Red,quart,Emerald-Red-Quart,69,17.25
4779,2025-07-25,2025-07-26,HM43,Red,gallon,Emerald-Red-Gallon,53,53.0
4780,2025-07-25,2025-07-26,HM43,Red,gallon,Emerald-Red-Gallon,18,18.0
4781,2025-07-25,2025-07-26,HM50,Clear,gallon,SuperPaint-Clear-Gallon,30,30.0
4782,2025-07-25,2025-07-29,HM50,Clear,quart,SuperPaint-Clear-Quart,31,7.75
4783,2025-07-25,2025-07-26,HM50,Clear,gallon,SuperPaint-Clear-Gallon,41,41.0
4784,2025-07-25,2025-07-27,HM50,Clear,quart,ProMar200-Clear-Quart,242,60.5
4785,2025-07-25,2025-07-28,HM56,White,pail_5gal,Duration-White-Pail,3,15.0
4786,2025-07-25,2025-07-26,HM56,White,gallon,Duration-White-Gallon,31,31.0
4787,2025-07-25,2025-07-28,HM56,White,quart,Duration-White-Quart,112,28.0
4788,2025-07-26,2025-07-27,HM12,Blue/Green,gallon,Emerald-Blue/Green-Gallon,52,52.0
4789,2025-07-26,2025-07-28,HM13,Blue/Green,quart,Emerald-Blue/Green-Quart,235,58.75
4790,2025-07-26,2025-07-28,HM13,Blue/Green,quart,SuperPaint-Blue/Green-Quart,53,13.25
4791,2025-07-26,2025-07-28,HM13,Blue/Green,quart,Emerald-Blue/Green-Quart,211,52.75
4792,2025-07-26,2025-07-27,HM14,Blue/Green,quart,SuperPaint-Blue/Green-Quart,75,18.75
4793,2025-07-26,2025-07-28,HM14,Blue/Green,quart,SuperPaint-Blue/Green-Quart,31,7.75
4794,2025-07-26,2025-07-31,HM20,Black,quart,PrepRite-Black-Quart,196,49.0
4795,2025-07-26,2025-07-29,HM20,Black,gallon,PrepRite-Black-Gallon,23,23.0
4796,2025-07-26,2025-07-28,HM36,White,quart,SuperPaint-White-Quart,377,94.25
4797,2025-07-26,2025-07-28,HM43,Red,gallon,Duration-Red-Gallon,26,26.0
4798,2025-07-26,2025-07-29,HM47,Red,pail_5gal,Duration-Red-Pail,4,20.0
4799,2025-07-26,2025-07-29,HM56,White,quart,Duration-White-Quart,104,26.0
4800,2025-07-27,2025-07-31,HM01,White,gallon,ProMar200-White-Gallon,20,20.0
4801,2025-07-27,2025-07-28,HM12,Blue/Green,quart,Emerald-Blue/Green-Quart,130,32.5
4802,2025-07-27,2025-07-29,HM12,Blue/Green,quart,Emerald-Blue/Green-Quart,133,33.25
4803,2025-07-27,2025-08-02,HM12,Blue/Green,pail_5gal,SuperPaint-Blue/Green-Pail,18,90.0
4804,2025-07-27,2025-08-01,HM12,Blue/Green,gallon,Emerald-Blue/Green-Gallon,83,83.0
4805,2025-07-27,2025-07-30,HM12,Blue/Green,pail_5gal,Emerald-Blue/Green-Pail,10,50.0
4806,2025-07-27,2025-07-28,HM12,Blue/Green,quart,SuperPaint-Blue/Green-Quart,259,64.75
4807,2025-07-27,2025-07-29,HM13,Blue/Green,gallon,SuperPaint-Blue/Green-Gallon,39,39.0
4808,2025-07-27,2025-07-30,HM14,Blue/Green,pail_5gal,SuperPaint-Blue/Green-Pail,16,80.0
4809,2025-07-27,2025-07-30,HM16,Red,gallon,Emerald-Red-Gallon,23,23.0
4810,2025-07-27,2025-07-30,HM20,Black,quart,PrepRite-Black-Quart,223,55.75
4811,2025-07-27,2025-07-28,HM20,Black,quart,ProMar200-Black-Quart,53,13.25
4812,2025-07-27,2025-08-01,HM25,Black,pail_5gal,PrepRite-Black-Pail,1,5.0
4813,2025-07-27,2025-07-30,HM25,Black,gallon,ProMar200-Black-Gallon,7,7.0
4814,2025-07-27,2025-07-28,HM36,White,gallon,Duration-White-Gallon,37,37.0
4815,2025-07-27,2025-07-28,HM43,Red,gallon,Emerald-Red-Gallon,30,30.0
4816,2025-07-27,2025-07-30,HM43,Red,gallon,Emerald-Red-Gallon,22,22.0
4817,2025-07-27,2025-07-29,HM47,Red,pail_5gal,Duration-Red-Pail,6,30.0
4818,2025-07-27,2025-07-28,HM47,Red,quart,Duration-Red-Quart,71,17.75
4819,2025-07-27,2025-07-28,HM50,Clear,gallon,ProMar200-Clear-Gallon,113,113.0
4820,2025-07-27,2025-08-03,HM56,White,gallon,Duration-White-Gallon,25,25.0
4821,2025-07-28,2025-07-31,HM12,Blue/Green,quart,SuperPaint-Blue/Green-Quart,54,13.5
4822,2025-07-28,2025-07-29,HM13,Blue/Green,gallon,SuperPaint-Blue/Green-Gallon,59,59.0
4823,2025-07-28,2025-08-03,HM14,Blue/Green,gallon,SuperPaint-Blue/Green-Gallon,12,12.0
4824,2025-07-28,2025-07-31,HM16,Red,quart,Duration-Red-Quart,89,22.25
4825,2025-07-28,2025-07-29,HM20,Black,gallon,ProMar200-Black-Gallon,40,40.0
4826,2025-07-28,2025-07-30,HM20,Black,gallon,PrepRite-Black-Gallon,35,35.0
4827,2025-07-28,2025-07-30,HM25,Black,quart,PrepRite-Black-Quart,89,22.25
4828,2025-07-28,2025-08-01,HM25,Black,gallon,ProMar200-Black-Gallon,26,26.0
4829,2025-07-28,2025-07-29,HM36,White,quart,ProMar200-White-Quart,92,23.0
4830,2025-07-28,2025-07-30,HM43,Red,gallon,Emerald-Red-Gallon,8,8.0
4831,2025-07-28,2025-07-30,HM43,Red,gallon,Emerald-Red-Gallon,23,23.0
4832,2025-07-28,2025-07-29,HM50,Clear,quart,ProMar200-Clear-Quart,249,62.25
4833,2025-07-29,2025-07-30,HM01,White,gallon,SuperPaint-White-Gallon,27,27.0
4834,2025-07-29,2025-07-31,HM12,Blue/Green,quart,SuperPaint-Blue/Green-Quart,35,8.75
4835,2025-07-29,2025-08-03,HM12,Blue/Green,gallon,Emerald-Blue/Green-Gallon,32,32.0
4836,2025-07-29,2025-07-30,HM12,Blue/Green,gallon,Emerald-Blue/Green-Gallon,35,35.0
4837,2025-07-29,2025-07-31,HM13,Blue/Green,gallon,SuperPaint-Blue/Green-Gallon,108,108.0
4838,2025-07-29,2025-08-02,HM14,Blue/Green,quart,SuperPaint-Blue/Green-Quart,111,27.75
4839,2025-07-29,2025-08-01,HM16,Red,quart,Emerald-Red-Quart,109,27.25
4840,2025-07-29,2025-08-02,HM20,Black,quart,ProMar200-Black-Quart,110,27.5
4841,2025-07-29,2025-07-30,HM20,Black,gallon,PrepRite-Black-Gallon,21,21.0
4842,2025-07-29,2025-07-30,HM20,Black,quart,PrepRite-Black-Quart,100,25.0
4843,2025-07-29,2025-07-31,HM30,Black,gallon,ProMar200-Black-Gallon,27,27.0
4844,2025-07-29,2025-07-30,HM30,Black,pail_5gal,PrepRite-Black-Pail,2,10.0
4845,2025-07-29,2025-07-30,HM36,White,gallon,ProMar200-White-Gallon,18,18.0
4846,2025-07-29,2025-08-06,HM43,Red,pail_5gal,Duration-Red-Pail,6,30.0
4847,2025-07-29,2025-08-02,HM50,Clear,quart,ProMar200-Clear-Quart,93,23.25
4848,2025-07-29,2025-07-31,HM56,White,gallon,ProMar200-White-Gallon,65,65.0
4849,2025-07-30,2025-07-31,HM01,White,quart,ProMar200-White-Quart,293,73.25
4850,2025-07-30,2025-08-01,HM13,Blue/Green,quart,Emerald-Blue/Green-Quart,73,18.25
4851,2025-07-30,2025-08-01,HM13,Blue/Green,gallon,Emerald-Blue/Green-Gallon,17,17.0
4852,2025-07-30,2025-08-01,HM13,Blue/Green,gallon,Emerald-Blue/Green-Gallon,34,34.0
4853,2025-07-30,2025-07-31,HM16,Red,quart,Emerald-Red-Quart,223,55.75
4854,2025-07-30,2025-07-31,HM16,Red,gallon,Emerald-Red-Gallon,40,40.0
4855,2025-07-30,2025-08-01,HM20,Black,quart,ProMar200-Black-Quart,94,23.5
4856,2025-07-30,2025-08-02,HM20,Black,pail_5gal,PrepRite-Black-Pail,5,25.0
4857,2025-07-30,2025-07-31,HM25,Black,quart,ProMar200-Black-Quart,52,13.0
4858,2025-07-30,2025-07-31,HM25,Black,gallon,PrepRite-Black-Gallon,33,33.0
4859,2025-07-30,2025-08-03,HM30,Black,gallon,PrepRite-Black-Gallon,31,31.0
4860,2025-07-30,2025-08-01,HM30,Black,pail_5gal,ProMar200-Black-Pail,4,20.0
4861,2025-07-30,2025-08-01,HM36,White,gallon,ProMar200-White-Gallon,27,27.0
4862,2025-07-30,2025-07-31,HM43,Red,quart,Emerald-Red-Quart,113,28.25
4863,2025-07-30,2025-08-03,HM47,Red,pail_5gal,Duration-Red-Pail,4,20.0
4864,2025-07-30,2025-08-01,HM47,Red,gallon,Emerald-Red-Gallon,50,50.0
4865,2025-07-30,2025-08-01,HM50,Clear,quart,SuperPaint-Clear-Quart,67,16.75
4866,2025-07-31,2025-08-02,HM01,White,gallon,Duration-White-Gallon,63,63.0
4867,2025-07-31,2025-08-02,HM01,White,quart,SuperPaint-White-Quart,141,35.25
4868,2025-07-31,2025-08-02,HM01,White,gallon,ProMar200-White-Gallon,20,20.0
4869,2025-07-31,2025-08-01,HM12,Blue/Green,quart,SuperPaint-Blue/Green-Quart,254,63.5
4870,2025-07-31,2025-08-04,HM13,Blue/Green,quart,SuperPaint-Blue/Green-Quart,142,35.5
4871,2025-07-31,2025-08-03,HM13,Blue/Green,gallon,Emerald-Blue/Green-Gallon,42,42.0
4872,2025-07-31,2025-08-01,HM14,Blue/Green,gallon,SuperPaint-Blue/Green-Gallon,9,9.0
4873,2025-07-31,2025-08-04,HM16,Red,pail_5gal,Duration-Red-Pail,3,15.0
4874,2025-07-31,2025-08-02,HM20,Black,quart,ProMar200-Black-Quart,113,28.25
4875,2025-07-31,2025-08-04,HM20,Black,gallon,ProMar200-Black-Gallon,60,60.0
4876,2025-07-31,2025-08-06,HM20,Black,quart,PrepRite-Black-Quart,190,47.5
4877,2025-07-31,2025-08-09,HM25,Black,gallon,PrepRite-Black-Gallon,25,25.0
4878,2025-07-31,2025-08-02,HM25,Black,gallon,PrepRite-Black-Gallon,41,41.0
4879,2025-07-31,2025-08-02,HM25,Black,pail_5gal,ProMar200-Black-Pail,4,20.0
4880,2025-07-31,2025-08-08,HM25,Black,quart,ProMar200-Black-Quart,70,17.5
4881,2025-07-31,2025-08-01,HM30,Black,gallon,ProMar200-Black-Gallon,10,10.0
4882,2025-07-31,2025-08-02,HM36,White,gallon,SuperPaint-White-Gallon,30,30.0
4883,2025-07-31,2025-08-02,HM43,Red,quart,Duration-Red-Quart,69,17.25
4884,2025-07-31,2025-08-02,HM43,Red,gallon,Duration-Red-Gallon,96,96.0
4885,2025-07-31,2025-08-06,HM43,Red,quart,Emerald-Red-Quart,37,9.25
4886,2025-07-31,2025-08-02,HM50,Clear,quart,ProMar200-Clear-Quart,24,6.0
4887,2025-07-31,2025-08-05,HM56,White,gallon,Duration-White-Gallon,25,25.0
4888,2025-08-01,2025-08-02,HM01,White,quart,ProMar200-White-Quart,121,30.25
4889,2025-08-01,2025-08-05,HM01,White,quart,SuperPaint-White-Quart,55,13.75
4890,2025-08-01,2025-08-06,HM01,White,quart,Duration-White-Quart,94,23.5
4891,2025-08-01,2025-08-04,HM01,White,quart,Duration-White-Quart,207,51.75
4892,2025-08-01,2025-08-02,HM12,Blue/Green,quart,Emerald-Blue/Green-Quart,128,32.0
4893,2025-08-01,2025-08-04,HM13,Blue/Green,gallon,Emerald-Blue/Green-Gallon,13,13.0
4894,2025-08-01,2025-08-09,HM16,Red,gallon,Emerald-Red-Gallon,29,29.0
4895,2025-08-01,2025-08-06,HM20,Black,quart,ProMar200-Black-Quart,56,14.0
4896,2025-08-01,2025-08-02,HM20,Black,quart,PrepRite-Black-Quart,257,64.25
4897,2025-08-01,2025-08-03,HM25,Black,gallon,PrepRite-Black-Gallon,49,49.0
4898,2025-08-01,2025-08-05,HM30,Black,gallon,ProMar200-Black-Gallon,31,31.0
4899,2025-08-01,2025-08-05,HM36,White,quart,Duration-White-Quart,193,48.25
4900,2025-08-01,2025-08-06,HM36,White,gallon,SuperPaint-White-Gallon,27,27.0
4901,2025-08-01,2025-08-05,HM43,Red,gallon,Emerald-Red-Gallon,13,13.0
4902,2025-08-01,2025-08-11,HM47,Red,quart,Duration-Red-Quart,156,39.0
4903,2025-08-01,2025-08-02,HM50,Clear,quart,ProMar200-Clear-Quart,71,17.75
4904,2025-08-01,2025-08-06,HM50,Clear,gallon,ProMar200-Clear-Gallon,87,87.0
4905,2025-08-01,2025-08-02,HM50,Clear,gallon,SuperPaint-Clear-Gallon,52,52.0
4906,2025-08-01,2025-08-05,HM56,White,quart,ProMar200-White-Quart,189,47.25
4907,2025-08-01,2025-08-05,HM56,White,quart,SuperPaint-White-Quart,172,43.0
4908,2025-08-01,2025-08-02,HM56,White,quart,ProMar200-White-Quart,75,18.75
4909,2025-08-01,2025-08-02,HM56,White,quart,Duration-White-Quart,56,14.0
4910,2025-08-01,2025-08-04,HM56,White,gallon,Duration-White-Gallon,43,43.0
4911,2025-08-01,2025-08-02,HM56,White,gallon,Duration-White-Gallon,24,24.0
4912,2025-08-02,2025-08-04,HM12,Blue/Green,quart,SuperPaint-Blue/Green-Quart,165,41.25
4913,2025-08-02,2025-08-05,HM20,Black,quart,PrepRite-Black-Quart,152,38.0
4914,2025-08-02,2025-08-06,HM20,Black,quart,ProMar200-Black-Quart,52,13.0
4915,2025-08-02,2025-08-05,HM25,Black,gallon,ProMar200-Black-Gallon,83,83.0
4916,2025-08-02,2025-08-03,HM43,Red,quart,Duration-Red-Quart,79,19.75
4917,2025-08-02,2025-08-03,HM47,Red,gallon,Duration-Red-Gallon,87,87.0
4918,2025-08-02,2025-08-03,HM50,Clear,gallon,SuperPaint-Clear-Gallon,149,149.0
4919,2025-08-02,2025-08-08,HM50,Clear,quart,ProMar200-Clear-Quart,130,32.5
4920,2025-08-02,2025-08-07,HM50,Clear,gallon,ProMar200-Clear-Gallon,16,16.0
4921,2025-08-03,2025-08-05,HM01,White,quart,ProMar200-White-Quart,270,67.5
4922,2025-08-03,2025-08-07,HM01,White,gallon,SuperPaint-White-Gallon,30,30.0
4923,2025-08-03,2025-08-04,HM01,White,quart,Duration-White-Quart,123,30.75
4924,2025-08-03,2025-08-05,HM12,Blue/Green,quart,Emerald-Blue/Green-Quart,88,22.0
4925,2025-08-03,2025-08-05,HM13,Blue/Green,quart,SuperPaint-Blue/Green-Quart,177,44.25
4926,2025-08-03,2025-08-06,HM13,Blue/Green,pail_5gal,SuperPaint-Blue/Green-Pail,10,50.0
4927,2025-08-03,2025-08-04,HM14,Blue/Green,gallon,SuperPaint-Blue/Green-Gallon,12,12.0
4928,2025-08-03,2025-08-07,HM16,Red,quart,Duration-Red-Quart,122,30.5
4929,2025-08-03,2025-08-04,HM16,Red,pail_5gal,Emerald-Red-Pail,9,45.0
4930,2025-08-03,2025-08-07,HM16,Red,pail_5gal,Duration-Red-Pail,13,65.0
4931,2025-08-03,2025-08-04,HM20,Black,pail_5gal,PrepRite-Black-Pail,3,15.0
4932,2025-08-03,2025-08-07,HM25,Black,gallon,ProMar200-Black-Gallon,53,53.0
4933,2025-08-03,2025-08-06,HM25,Black,quart,PrepRite-Black-Quart,64,16.0
4934,2025-08-03,2025-08-06,HM30,Black,gallon,PrepRite-Black-Gallon,45,45.0
4935,2025-08-03,2025-08-14,HM50,Clear,quart,ProMar200-Clear-Quart,107,26.75
4936,2025-08-04,2025-08-10,HM12,Blue/Green,quart,SuperPaint-Blue/Green-Quart,120,30.0
4937,2025-08-04,2025-08-09,HM14,Blue/Green,gallon,Emerald-Blue/Green-Gallon,23,23.0
4938,2025-08-04,2025-08-05,HM16,Red,gallon,Duration-Red-Gallon,10,10.0
4939,2025-08-04,2025-08-07,HM16,Red,quart,Duration-Red-Quart,168,42.0
4940,2025-08-04,2025-08-05,HM16,Red,quart,Emerald-Red-Quart,115,28.75
4941,2025-08-04,2025-08-05,HM20,Black,pail_5gal,PrepRite-Black-Pail,3,15.0
4942,2025-08-04,2025-08-06,HM20,Black,gallon,ProMar200-Black-Gallon,90,90.0
4943,2025-08-04,2025-08-06,HM20,Black,gallon,PrepRite-Black-Gallon,39,39.0
4944,2025-08-04,2025-08-11,HM20,Black,quart,PrepRite-Black-Quart,181,45.25
4945,2025-08-04,2025-08-07,HM30,Black,gallon,ProMar200-Black-Gallon,26,26.0
4946,2025-08-04,2025-08-05,HM36,White,quart,Duration-White-Quart,48,12.0
4947,2025-08-04,2025-08-05,HM43,Red,quart,Duration-Red-Quart,67,16.75
4948,2025-08-04,2025-08-07,HM47,Red,gallon,Duration-Red-Gallon,59,59.0
4949,2025-08-04,2025-08-07,HM50,Clear,gallon,SuperPaint-Clear-Gallon,94,94.0
4950,2025-08-04,2025-08-11,HM56,White,quart,SuperPaint-White-Quart,116,29.0
4951,2025-08-04,2025-08-11,HM56,White,quart,SuperPaint-White-Quart,173,43.25
4952,2025-08-05,2025-08-07,HM01,White,quart,SuperPaint-White-Quart,215,53.75
4953,2025-08-05,2025-08-07,HM13,Blue/Green,pail_5gal,SuperPaint-Blue/Green-Pail,3,15.0
4954,2025-08-05,2025-08-07,HM20,Black,gallon,PrepRite-Black-Gallon,83,83.0
4955,2025-08-05,2025-08-09,HM25,Black,pail_5gal,ProMar200-Black-Pail,1,5.0
4956,2025-08-05,2025-08-06,HM30,Black,pail_5gal,ProMar200-Black-Pail,5,25.0
4957,2025-08-05,2025-08-06,HM30,Black,quart,ProMar200-Black-Quart,76,19.0
4958,2025-08-05,2025-08-07,HM30,Black,quart,PrepRite-Black-Quart,27,6.75
4959,2025-08-05,2025-08-06,HM47,Red,quart,Emerald-Red-Quart,101,25.25
4960,2025-08-05,2025-08-09,HM47,Red,gallon,Duration-Red-Gallon,21,21.0
4961,2025-08-05,2025-08-07,HM47,Red,gallon,Emerald-Red-Gallon,17,17.0
4962,2025-08-05,2025-08-06,HM47,Red,gallon,Emerald-Red-Gallon,24,24.0
4963,2025-08-05,2025-08-09,HM50,Clear,gallon,SuperPaint-Clear-Gallon,33,33.0
4964,2025-08-05,2025-08-07,HM56,White,quart,SuperPaint-White-Quart,53,13.25
4965,2025-08-06,2025-08-08,HM12,Blue/Green,pail_5gal,Emerald-Blue/Green-Pail,5,25.0
4966,2025-08-06,2025-08-16,HM12,Blue/Green,gallon,SuperPaint-Blue/Green-Gallon,52,52.0
4967,2025-08-06,2025-08-14,HM12,Blue/Green,quart,Emerald-Blue/Green-Quart,142,35.5
4968,2025-08-06,2025-08-09,HM12,Blue/Green,quart,Emerald-Blue/Green-Quart,150,37.5
4969,2025-08-06,2025-08-07,HM13,Blue/Green,quart,SuperPaint-Blue/Green-Quart,80,20.0
4970,2025-08-06,2025-08-09,HM16,Red,pail_5gal,Duration-Red-Pail,3,15.0
4971,2025-08-06,2025-08-08,HM25,Black,gallon,ProMar200-Black-Gallon,58,58.0
4972,2025-08-06,2025-08-11,HM25,Black,gallon,ProMar200-Black-Gallon,87,87.0
4973,2025-08-06,2025-08-09,HM25,Black,gallon,ProMar200-Black-Gallon,8,8.0
4974,2025-08-06,2025-08-09,HM30,Black,quart,ProMar200-Black-Quart,57,14.25
4975,2025-08-06,2025-08-07,HM30,Black,gallon,ProMar200-Black-Gallon,15,15.0
4976,2025-08-06,2025-08-07,HM30,Black,gallon,ProMar200-Black-Gallon,92,92.0
4977,2025-08-06,2025-08-09,HM30,Black,quart,ProMar200-Black-Quart,110,27.5
4978,2025-08-06,2025-08-07,HM43,Red,gallon,Emerald-Red-Gallon,28,28.0
4979,2025-08-06,2025-08-08,HM43,Red,pail_5gal,Emerald-Red-Pail,5,25.0
4980,2025-08-06,2025-08-07,HM47,Red,gallon,Emerald-Red-Gallon,16,16.0
4981,2025-08-06,2025-08-07,HM47,Red,gallon,Emerald-Red-Gallon,21,21.0
4982,2025-08-06,2025-08-10,HM47,Red,pail_5gal,Emerald-Red-Pail,18,90.0
4983,2025-08-07,2025-08-10,HM01,White,pail_5gal,SuperPaint-White-Pail,1,5.0
4984,2025-08-07,2025-08-12,HM12,Blue/Green,gallon,Emerald-Blue/Green-Gallon,9,9.0
4985,2025-08-07,2025-08-10,HM13,Blue/Green,quart,SuperPaint-Blue/Green-Quart,112,28.0
4986,2025-08-07,2025-08-08,HM14,Blue/Green,quart,SuperPaint-Blue/Green-Quart,102,25.5
4987,2025-08-07,2025-08-10,HM14,Blue/Green,gallon,Emerald-Blue/Green-Gallon,18,18.0
4988,2025-08-07,2025-08-11,HM14,Blue/Green,gallon,Emerald-Blue/Green-Gallon,110,110.0
4989,2025-08-07,2025-08-08,HM14,Blue/Green,quart,Emerald-Blue/Green-Quart,109,27.25
4990,2025-08-07,2025-08-08,HM16,Red,quart,Duration-Red-Quart,141,35.25
4991,2025-08-07,2025-08-11,HM16,Red,quart,Duration-Red-Quart,66,16.5
4992,2025-08-07,2025-08-16,HM20,Black,quart,PrepRite-Black-Quart,146,36.5
4993,2025-08-07,2025-08-10,HM25,Black,gallon,PrepRite-Black-Gallon,18,18.0
4994,2025-08-07,2025-08-09,HM25,Black,gallon,ProMar200-Black-Gallon,30,30.0
4995,2025-08-07,2025-08-08,HM25,Black,quart,PrepRite-Black-Quart,102,25.5
4996,2025-08-07,2025-08-13,HM30,Black,pail_5gal,ProMar200-Black-Pail,10,50.0
4997,2025-08-07,2025-08-10,HM30,Black,gallon,PrepRite-Black-Gallon,68,68.0
4998,2025-08-07,2025-08-08,HM36,White,quart,SuperPaint-White-Quart,145,36.25
4999,2025-08-07,2025-08-11,HM47,Red,gallon,Emerald-Red-Gallon,20,20.0
5000,2025-08-07,2025-08-08,HM47,Red,gallon,Duration-Red-Gallon,10,10.0
5001,2025-08-07,2025-08-08,HM56,White,quart,SuperPaint-White-Quart,72,18.0
5002,2025-08-07,2025-08-08,HM56,White,quart,Duration-White-Quart,57,14.25
5003,2025-08-08,2025-08-11,HM01,White,gallon,Duration-White-Gallon,22,22.0
5004,2025-08-08,2025-08-10,HM01,White,gallon,SuperPaint-White-Gallon,26,26.0
5005,2025-08-08,2025-08-10,HM01,White,gallon,Duration-White-Gallon,39,39.0
5006,2025-08-08,2025-08-12,HM12,Blue/Green,quart,SuperPaint-Blue/Green-Quart,185,46.25
5007,2025-08-08,2025-08-12,HM12,Blue/Green,gallon,SuperPaint-Blue/Green-Gallon,20,20.0
5008,2025-08-08,2025-08-15,HM12,Blue/Green,gallon,SuperPaint-Blue/Green-Gallon,54,54.0
5009,2025-08-08,2025-08-14,HM12,Blue/Green,gallon,Emerald-Blue/Green-Gallon,34,34.0
5010,2025-08-08,2025-08-09,HM14,Blue/Green,gallon,SuperPaint-Blue/Green-Gallon,85,85.0
5011,2025-08-08,2025-08-11,HM14,Blue/Green,gallon,Emerald-Blue/Green-Gallon,18,18.0
5012,2025-08-08,2025-08-10,HM16,Red,gallon,Duration-Red-Gallon,59,59.0
5013,2025-08-08,2025-08-12,HM16,Red,gallon,Emerald-Red-Gallon,56,56.0
5014,2025-08-08,2025-08-09,HM16,Red,quart,Duration-Red-Quart,83,20.75
5015,2025-08-08,2025-08-12,HM16,Red,quart,Duration-Red-Quart,99,24.75
5016,2025-08-08,2025-08-11,HM20,Black,quart,PrepRite-Black-Quart,50,12.5
5017,2025-08-08,2025-08-12,HM20,Black,quart,PrepRite-Black-Quart,244,61.0
5018,2025-08-08,2025-08-12,HM20,Black,gallon,PrepRite-Black-Gallon,23,23.0
5019,2025-08-08,2025-08-10,HM30,Black,quart,PrepRite-Black-Quart,96,24.0
5020,2025-08-08,2025-08-12,HM36,White,gallon,SuperPaint-White-Gallon,14,14.0
5021,2025-08-08,2025-08-09,HM36,White,gallon,ProMar200-White-Gallon,30,30.0
5022,2025-08-08,2025-08-09,HM36,White,quart,ProMar200-White-Quart,354,88.5
5023,2025-08-08,2025-08-10,HM43,Red,pail_5gal,Emerald-Red-Pail,8,40.0
5024,2025-08-08,2025-08-09,HM47,Red,pail_5gal,Emerald-Red-Pail,20,100.0
5025,2025-08-08,2025-08-17,HM50,Clear,gallon,ProMar200-Clear-Gallon,32,32.0
5026,2025-08-08,2025-08-09,HM56,White,quart,SuperPaint-White-Quart,79,19.75
5027,2025-08-08,2025-08-10,HM56,White,gallon,Duration-White-Gallon,20,20.0
5028,2025-08-08,2025-08-16,HM56,White,quart,Duration-White-Quart,52,13.0
5029,2025-08-08,2025-08-12,HM56,White,gallon,Duration-White-Gallon,64,64.0
5030,2025-08-08,2025-08-09,HM56,White,quart,SuperPaint-White-Quart,130,32.5
5031,2025-08-09,2025-08-14,HM12,Blue/Green,quart,SuperPaint-Blue/Green-Quart,301,75.25
5032,2025-08-09,2025-08-10,HM13,Blue/Green,quart,SuperPaint-Blue/Green-Quart,170,42.5
5033,2025-08-09,2025-08-13,HM13,Blue/Green,quart,SuperPaint-Blue/Green-Quart,174,43.5
5034,2025-08-09,2025-08-12,HM14,Blue/Green,gallon,Emerald-Blue/Green-Gallon,63,63.0
5035,2025-08-09,2025-08-11,HM16,Red,gallon,Emerald-Red-Gallon,86,86.0
5036,2025-08-09,2025-08-11,HM16,Red,quart,Emerald-Red-Quart,56,14.0
5037,2025-08-09,2025-08-11,HM20,Black,gallon,ProMar200-Black-Gallon,26,26.0
5038,2025-08-09,2025-08-10,HM56,White,quart,SuperPaint-White-Quart,169,42.25
5039,2025-08-09,2025-08-13,HM56,White,quart,ProMar200-White-Quart,64,16.0
5040,2025-08-09,2025-08-11,HM56,White,gallon,SuperPaint-White-Gallon,37,37.0
5041,2025-08-10,2025-08-16,HM12,Blue/Green,gallon,SuperPaint-Blue/Green-Gallon,40,40.0
5042,2025-08-10,2025-08-12,HM13,Blue/Green,quart,SuperPaint-Blue/Green-Quart,67,16.75
5043,2025-08-10,2025-08-14,HM14,Blue/Green,quart,Emerald-Blue/Green-Quart,113,28.25
5044,2025-08-10,2025-08-12,HM16,Red,gallon,Emerald-Red-Gallon,120,120.0
5045,2025-08-10,2025-08-14,HM20,Black,gallon,ProMar200-Black-Gallon,41,41.0
5046,2025-08-10,2025-08-12,HM20,Black,gallon,ProMar200-Black-Gallon,62,62.0
5047,2025-08-10,2025-08-21,HM20,Black,gallon,ProMar200-Black-Gallon,38,38.0
5048,2025-08-10,2025-08-16,HM25,Black,quart,ProMar200-Black-Quart,37,9.25
5049,2025-08-10,2025-08-12,HM25,Black,pail_5gal,PrepRite-Black-Pail,5,25.0
5050,2025-08-10,2025-08-13,HM25,Black,gallon,ProMar200-Black-Gallon,70,70.0
5051,2025-08-10,2025-08-12,HM25,Black,quart,ProMar200-Black-Quart,57,14.25
5052,2025-08-10,2025-08-14,HM30,Black,gallon,PrepRite-Black-Gallon,44,44.0
5053,2025-08-10,2025-08-12,HM30,Black,gallon,PrepRite-Black-Gallon,36,36.0
5054,2025-08-10,2025-08-14,HM36,White,quart,Duration-White-Quart,101,25.25
5055,2025-08-10,2025-08-13,HM43,Red,pail_5gal,Duration-Red-Pail,6,30.0
5056,2025-08-10,2025-08-11,HM47,Red,gallon,Duration-Red-Gallon,25,25.0
5057,2025-08-10,2025-08-21,HM50,Clear,gallon,ProMar200-Clear-Gallon,28,28.0
5058,2025-08-11,2025-08-17,HM01,White,quart,Duration-White-Quart,40,10.0
5059,2025-08-11,2025-08-14,HM12,Blue/Green,pail_5gal,SuperPaint-Blue/Green-Pail,1,5.0
5060,2025-08-11,2025-08-16,HM13,Blue/Green,quart,SuperPaint-Blue/Green-Quart,82,20.5
5061,2025-08-11,2025-08-12,HM14,Blue/Green,gallon,SuperPaint-Blue/Green-Gallon,43,43.0
5062,2025-08-11,2025-08-16,HM14,Blue/Green,quart,SuperPaint-Blue/Green-Quart,126,31.5
5063,2025-08-11,2025-08-14,HM25,Black,quart,ProMar200-Black-Quart,73,18.25
5064,2025-08-11,2025-08-14,HM25,Black,quart,ProMar200-Black-Quart,227,56.75
5065,2025-08-11,2025-08-14,HM25,Black,quart,ProMar200-Black-Quart,57,14.25
5066,2025-08-11,2025-08-14,HM30,Black,pail_5gal,PrepRite-Black-Pail,4,20.0
5067,2025-08-11,2025-08-12,HM36,White,pail_5gal,SuperPaint-White-Pail,7,35.0
5068,2025-08-11,2025-08-15,HM43,Red,quart,Duration-Red-Quart,152,38.0
5069,2025-08-11,2025-08-13,HM50,Clear,gallon,ProMar200-Clear-Gallon,62,62.0
5070,2025-08-12,2025-08-14,HM12,Blue/Green,quart,Emerald-Blue/Green-Quart,114,28.5
5071,2025-08-12,2025-08-14,HM13,Blue/Green,gallon,SuperPaint-Blue/Green-Gallon,46,46.0
5072,2025-08-12,2025-08-18,HM13,Blue/Green,gallon,SuperPaint-Blue/Green-Gallon,32,32.0
5073,2025-08-12,2025-08-13,HM13,Blue/Green,gallon,Emerald-Blue/Green-Gallon,44,44.0
5074,2025-08-12,2025-08-15,HM14,Blue/Green,gallon,SuperPaint-Blue/Green-Gallon,18,18.0
5075,2025-08-12,2025-08-16,HM16,Red,gallon,Duration-Red-Gallon,100,100.0
5076,2025-08-12,2025-08-17,HM20,Black,pail_5gal,PrepRite-Black-Pail,5,25.0
5077,2025-08-12,2025-08-14,HM20,Black,pail_5gal,ProMar200-Black-Pail,7,35.0
5078,2025-08-12,2025-08-14,HM25,Black,pail_5gal,PrepRite-Black-Pail,6,30.0
5079,2025-08-12,2025-08-17,HM30,Black,pail_5gal,PrepRite-Black-Pail,13,65.0
5080,2025-08-12,2025-08-18,HM30,Black,gallon,ProMar200-Black-Gallon,38,38.0
5081,2025-08-12,2025-08-15,HM36,White,gallon,ProMar200-White-Gallon,23,23.0
5082,2025-08-12,2025-08-15,HM36,White,gallon,ProMar200-White-Gallon,29,29.0
5083,2025-08-12,2025-08-16,HM43,Red,pail_5gal,Duration-Red-Pail,4,20.0
5084,2025-08-12,2025-08-15,HM43,Red,gallon,Emerald-Red-Gallon,66,66.0
5085,2025-08-12,2025-08-16,HM50,Clear,quart,ProMar200-Clear-Quart,117,29.25
5086,2025-08-12,2025-08-14,HM50,Clear,quart,ProMar200-Clear-Quart,110,27.5
5087,2025-08-13,2025-08-15,HM12,Blue/Green,gallon,Emerald-Blue/Green-Gallon,32,32.0
5088,2025-08-13,2025-08-14,HM12,Blue/Green,quart,SuperPaint-Blue/Green-Quart,185,46.25
5089,2025-08-13,2025-08-16,HM13,Blue/Green,pail_5gal,Emerald-Blue/Green-Pail,5,25.0
5090,2025-08-13,2025-08-15,HM13,Blue/Green,gallon,SuperPaint-Blue/Green-Gallon,40,40.0
5091,2025-08-13,2025-08-15,HM14,Blue/Green,gallon,SuperPaint-Blue/Green-Gallon,28,28.0
5092,2025-08-13,2025-08-17,HM14,Blue/Green,gallon,SuperPaint-Blue/Green-Gallon,37,37.0
5093,2025-08-13,2025-08-16,HM16,Red,gallon,Emerald-Red-Gallon,21,21.0
5094,2025-08-13,2025-08-15,HM16,Red,quart,Emerald-Red-Quart,28,7.0
5095,2025-08-13,2025-08-16,HM20,Black,pail_5gal,PrepRite-Black-Pail,3,15.0
5096,2025-08-13,2025-08-15,HM25,Black,quart,PrepRite-Black-Quart,107,26.75
5097,2025-08-13,2025-08-16,HM25,Black,quart,PrepRite-Black-Quart,133,33.25
5098,2025-08-13,2025-08-15,HM25,Black,quart,PrepRite-Black-Quart,62,15.5
5099,2025-08-13,2025-08-17,HM30,Black,gallon,PrepRite-Black-Gallon,5,5.0
5100,2025-08-13,2025-08-15,HM43,Red,gallon,Emerald-Red-Gallon,47,47.0
5101,2025-08-13,2025-08-16,HM43,Red,pail_5gal,Duration-Red-Pail,5,25.0
5102,2025-08-13,2025-08-18,HM47,Red,gallon,Duration-Red-Gallon,23,23.0
5103,2025-08-13,2025-08-16,HM47,Red,pail_5gal,Duration-Red-Pail,1,5.0
5104,2025-08-13,2025-08-15,HM50,Clear,gallon,SuperPaint-Clear-Gallon,37,37.0
5105,2025-08-13,2025-08-15,HM56,White,quart,ProMar200-White-Quart,172,43.0
5106,2025-08-14,2025-08-16,HM01,White,quart,SuperPaint-White-Quart,98,24.5
5107,2025-08-14,2025-08-16,HM12,Blue/Green,gallon,SuperPaint-Blue/Green-Gallon,21,21.0
5108,2025-08-14,2025-08-20,HM12,Blue/Green,pail_5gal,Emerald-Blue/Green-Pail,3,15.0
5109,2025-08-14,2025-08-15,HM13,Blue/Green,quart,SuperPaint-Blue/Green-Quart,115,28.75
5110,2025-08-14,2025-08-15,HM13,Blue/Green,gallon,SuperPaint-Blue/Green-Gallon,50,50.0
5111,2025-08-14,2025-08-28,HM14,Blue/Green,gallon,Emerald-Blue/Green-Gallon,44,44.0
5112,2025-08-14,2025-08-16,HM16,Red,pail_5gal,Duration-Red-Pail,3,15.0
5113,2025-08-14,2025-08-17,HM16,Red,gallon,Emerald-Red-Gallon,32,32.0
5114,2025-08-14,2025-08-19,HM20,Black,gallon,PrepRite-Black-Gallon,62,62.0
5115,2025-08-14,2025-08-19,HM20,Black,quart,ProMar200-Black-Quart,46,11.5
5116,2025-08-14,2025-08-16,HM20,Black,quart,ProMar200-Black-Quart,124,31.0
5117,2025-08-14,2025-08-15,HM20,Black,gallon,PrepRite-Black-Gallon,15,15.0
5118,2025-08-14,2025-08-15,HM30,Black,gallon,PrepRite-Black-Gallon,19,19.0
5119,2025-08-14,2025-08-15,HM30,Black,gallon,ProMar200-Black-Gallon,29,29.0
5120,2025-08-14,2025-08-15,HM36,White,pail_5gal,ProMar200-White-Pail,7,35.0
5121,2025-08-14,2025-08-17,HM43,Red,gallon,Duration-Red-Gallon,55,55.0
5122,2025-08-14,2025-08-17,HM47,Red,pail_5gal,Duration-Red-Pail,3,15.0
5123,2025-08-14,2025-08-15,HM47,Red,gallon,Duration-Red-Gallon,55,55.0
5124,2025-08-14,2025-08-18,HM47,Red,quart,Duration-Red-Quart,63,15.75
5125,2025-08-14,2025-08-19,HM50,Clear,gallon,SuperPaint-Clear-Gallon,14,14.0
5126,2025-08-15,2025-08-29,HM01,White,quart,ProMar200-White-Quart,89,22.25
5127,2025-08-15,2025-08-18,HM01,White,gallon,SuperPaint-White-Gallon,11,11.0
5128,2025-08-15,2025-08-16,HM01,White,quart,ProMar200-White-Quart,347,86.75
5129,2025-08-15,2025-08-25,HM12,Blue/Green,quart,Emerald-Blue/Green-Quart,82,20.5
5130,2025-08-15,2025-08-22,HM12,Blue/Green,quart,SuperPaint-Blue/Green-Quart,249,62.25
5131,2025-08-15,2025-08-19,HM12,Blue/Green,quart,SuperPaint-Blue/Green-Quart,133,33.25
5132,2025-08-15,2025-08-18,HM16,Red,gallon,Emerald-Red-Gallon,31,31.0
5133,2025-08-15,2025-08-18,HM16,Red,quart,Duration-Red-Quart,194,48.5
5134,2025-08-15,2025-08-20,HM20,Black,gallon,ProMar200-Black-Gallon,26,26.0
5135,2025-08-15,2025-08-18,HM25,Black,quart,ProMar200-Black-Quart,213,53.25
5136,2025-08-15,2025-08-18,HM36,White,gallon,SuperPaint-White-Gallon,25,25.0
5137,2025-08-15,2025-08-21,HM36,White,quart,SuperPaint-White-Quart,234,58.5
5138,2025-08-15,2025-08-16,HM36,White,quart,SuperPaint-White-Quart,197,49.25
5139,2025-08-15,2025-08-16,HM43,Red,quart,Duration-Red-Quart,254,63.5
5140,2025-08-15,2025-08-17,HM50,Clear,quart,SuperPaint-Clear-Quart,41,10.25
5141,2025-08-15,2025-08-23,HM50,Clear,gallon,ProMar200-Clear-Gallon,20,20.0
5142,2025-08-15,2025-08-17,HM50,Clear,gallon,SuperPaint-Clear-Gallon,60,60.0
5143,2025-08-16,2025-08-19,HM12,Blue/Green,quart,SuperPaint-Blue/Green-Quart,54,13.5
5144,2025-08-16,2025-08-18,HM12,Blue/Green,gallon,Emerald-Blue/Green-Gallon,20,20.0
5145,2025-08-16,2025-08-20,HM13,Blue/Green,quart,SuperPaint-Blue/Green-Quart,81,20.25
5146,2025-08-16,2025-08-18,HM14,Blue/Green,quart,Emerald-Blue/Green-Quart,109,27.25
5147,2025-08-16,2025-08-19,HM14,Blue/Green,gallon,SuperPaint-Blue/Green-Gallon,48,48.0
5148,2025-08-16,2025-08-19,HM16,Red,pail_5gal,Duration-Red-Pail,9,45.0
5149,2025-08-16,2025-08-18,HM30,Black,gallon,PrepRite-Black-Gallon,14,14.0
5150,2025-08-16,2025-08-17,HM30,Black,pail_5gal,ProMar200-Black-Pail,7,35.0
5151,2025-08-16,2025-08-20,HM43,Red,pail_5gal,Duration-Red-Pail,5,25.0
5152,2025-08-16,2025-08-17,HM43,Red,quart,Duration-Red-Quart,90,22.5
5153,2025-08-16,2025-08-17,HM47,Red,gallon,Emerald-Red-Gallon,23,23.0
5154,2025-08-16,2025-08-18,HM50,Clear,pail_5gal,SuperPaint-Clear-Pail,8,40.0
5155,2025-08-16,2025-08-18,HM50,Clear,gallon,ProMar200-Clear-Gallon,15,15.0
5156,2025-08-16,2025-08-20,HM50,Clear,gallon,ProMar200-Clear-Gallon,19,19.0
5157,2025-08-17,2025-08-19,HM01,White,quart,ProMar200-White-Quart,110,27.5
5158,2025-08-17,2025-08-21,HM30,Black,quart,PrepRite-Black-Quart,68,17.0
5159,2025-08-17,2025-08-21,HM47,Red,gallon,Emerald-Red-Gallon,32,32.0
5160,2025-08-17,2025-08-22,HM47,Red,gallon,Duration-Red-Gallon,21,21.0
5161,2025-08-17,2025-08-19,HM47,Red,pail_5gal,Duration-Red-Pail,3,15.0
5162,2025-08-17,2025-08-21,HM56,White,gallon,SuperPaint-White-Gallon,39,39.0
5163,2025-08-18,2025-08-19,HM01,White,quart,ProMar200-White-Quart,80,20.0
5164,2025-08-18,2025-08-20,HM13,Blue/Green,quart,Emerald-Blue/Green-Quart,42,10.5
5165,2025-08-18,2025-08-29,HM13,Blue/Green,pail_5gal,SuperPaint-Blue/Green-Pail,15,75.0
5166,2025-08-18,2025-08-24,HM13,Blue/Green,quart,Emerald-Blue/Green-Quart,181,45.25
5167,2025-08-18,2025-08-23,HM14,Blue/Green,quart,Emerald-Blue/Green-Quart,234,58.5
5168,2025-08-18,2025-08-23,HM20,Black,gallon,ProMar200-Black-Gallon,49,49.0
5169,2025-08-18,2025-08-19,HM25,Black,gallon,PrepRite-Black-Gallon,71,71.0
5170,2025-08-18,2025-08-23,HM30,Black,quart,PrepRite-Black-Quart,143,35.75
5171,2025-08-18,2025-08-22,HM43,Red,gallon,Emerald-Red-Gallon,56,56.0
5172,2025-08-18,2025-08-19,HM43,Red,pail_5gal,Emerald-Red-Pail,7,35.0
5173,2025-08-18,2025-08-19,HM43,Red,pail_5gal,Duration-Red-Pail,18,90.0
5174,2025-08-18,2025-08-22,HM43,Red,gallon,Emerald-Red-Gallon,30,30.0
5175,2025-08-18,2025-08-22,HM50,Clear,gallon,SuperPaint-Clear-Gallon,73,73.0
5176,2025-08-18,2025-08-19,HM50,Clear,quart,ProMar200-Clear-Quart,177,44.25
5177,2025-08-18,2025-08-21,HM56,White,quart,SuperPaint-White-Quart,31,7.75
5178,2025-08-18,2025-08-19,HM56,White,pail_5gal,ProMar200-White-Pail,7,35.0
5179,2025-08-19,2025-08-20,HM12,Blue/Green,gallon,SuperPaint-Blue/Green-Gallon,71,71.0
5180,2025-08-19,2025-08-20,HM12,Blue/Green,quart,SuperPaint-Blue/Green-Quart,59,14.75
5181,2025-08-19,2025-08-24,HM13,Blue/Green,gallon,SuperPaint-Blue/Green-Gallon,20,20.0
5182,2025-08-19,2025-08-20,HM14,Blue/Green,quart,Emerald-Blue/Green-Quart,77,19.25
5183,2025-08-19,2025-08-21,HM16,Red,gallon,Emerald-Red-Gallon,19,19.0
5184,2025-08-19,2025-08-22,HM16,Red,gallon,Emerald-Red-Gallon,8,8.0
5185,2025-08-19,2025-08-23,HM30,Black,quart,ProMar200-Black-Quart,212,53.0
5186,2025-08-19,2025-08-20,HM30,Black,pail_5gal,PrepRite-Black-Pail,4,20.0
5187,2025-08-19,2025-08-20,HM43,Red,gallon,Duration-Red-Gallon,101,101.0
5188,2025-08-19,2025-08-25,HM50,Clear,gallon,SuperPaint-Clear-Gallon,16,16.0
5189,2025-08-19,2025-08-20,HM50,Clear,gallon,ProMar200-Clear-Gallon,33,33.0
5190,2025-08-19,2025-08-20,HM56,White,quart,SuperPaint-White-Quart,115,28.75
5191,2025-08-19,2025-08-22,HM56,White,quart,SuperPaint-White-Quart,98,24.5
5192,2025-08-19,2025-08-26,HM56,White,quart,SuperPaint-White-Quart,113,28.25
5193,2025-08-20,2025-08-21,HM01,White,quart,ProMar200-White-Quart,78,19.5
5194,2025-08-20,2025-08-21,HM01,White,quart,SuperPaint-White-Quart,71,17.75
5195,2025-08-20,2025-08-22,HM01,White,gallon,ProMar200-White-Gallon,50,50.0
5196,2025-08-20,2025-08-22,HM12,Blue/Green,gallon,Emerald-Blue/Green-Gallon,20,20.0
5197,2025-08-20,2025-08-22,HM12,Blue/Green,quart,Emerald-Blue/Green-Quart,106,26.5
5198,2025-08-20,2025-08-21,HM12,Blue/Green,quart,SuperPaint-Blue/Green-Quart,129,32.25
5199,2025-08-20,2025-08-24,HM13,Blue/Green,quart,Emerald-Blue/Green-Quart,119,29.75
5200,2025-08-20,2025-08-30,HM14,Blue/Green,quart,Emerald-Blue/Green-Quart,259,64.75
5201,2025-08-20,2025-09-01,HM14,Blue/Green,quart,SuperPaint-Blue/Green-Quart,93,23.25
5202,2025-08-20,2025-08-26,HM20,Black,quart,PrepRite-Black-Quart,148,37.0
5203,2025-08-20,2025-08-22,HM25,Black,gallon,ProMar200-Black-Gallon,23,23.0
5204,2025-08-20,2025-08-21,HM25,Black,gallon,PrepRite-Black-Gallon,6,6.0
5205,2025-08-20,2025-08-21,HM30,Black,gallon,ProMar200-Black-Gallon,17,17.0
5206,2025-08-20,2025-08-24,HM36,White,gallon,ProMar200-White-Gallon,13,13.0
5207,2025-08-20,2025-08-22,HM43,Red,pail_5gal,Duration-Red-Pail,7,35.0
5208,2025-08-20,2025-08-25,HM47,Red,gallon,Emerald-Red-Gallon,19,19.0
5209,2025-08-20,2025-08-22,HM50,Clear,pail_5gal,ProMar200-Clear-Pail,5,25.0
5210,2025-08-20,2025-08-23,HM56,White,pail_5gal,Duration-White-Pail,3,15.0
5211,2025-08-20,2025-08-25,HM56,White,quart,Duration-White-Quart,179,44.75
5212,2025-08-20,2025-08-23,HM56,White,gallon,ProMar200-White-Gallon,21,21.0
5213,2025-08-21,2025-08-23,HM01,White,quart,SuperPaint-White-Quart,86,21.5
5214,2025-08-21,2025-08-23,HM01,White,gallon,SuperPaint-White-Gallon,26,26.0
5215,2025-08-21,2025-08-22,HM12,Blue/Green,quart,Emerald-Blue/Green-Quart,138,34.5
5216,2025-08-21,2025-08-22,HM12,Blue/Green,quart,SuperPaint-Blue/Green-Quart,122,30.5
5217,2025-08-21,2025-08-24,HM13,Blue/Green,gallon,SuperPaint-Blue/Green-Gallon,24,24.0
5218,2025-08-21,2025-08-31,HM14,Blue/Green,quart,Emerald-Blue/Green-Quart,95,23.75
5219,2025-08-21,2025-08-23,HM14,Blue/Green,gallon,Emerald-Blue/Green-Gallon,35,35.0
5220,2025-08-21,2025-09-02,HM16,Red,gallon,Emerald-Red-Gallon,21,21.0
5221,2025-08-21,2025-08-25,HM16,Red,gallon,Emerald-Red-Gallon,21,21.0
5222,2025-08-21,2025-08-23,HM30,Black,gallon,ProMar200-Black-Gallon,27,27.0
5223,2025-08-21,2025-08-23,HM30,Black,quart,PrepRite-Black-Quart,60,15.0
5224,2025-08-21,2025-08-27,HM36,White,gallon,SuperPaint-White-Gallon,43,43.0
5225,2025-08-21,2025-08-27,HM47,Red,gallon,Emerald-Red-Gallon,44,44.0
5226,2025-08-21,2025-08-23,HM47,Red,quart,Duration-Red-Quart,98,24.5
5227,2025-08-21,2025-08-24,HM50,Clear,quart,ProMar200-Clear-Quart,155,38.75
5228,2025-08-21,2025-08-23,HM50,Clear,gallon,SuperPaint-Clear-Gallon,19,19.0
5229,2025-08-21,2025-08-22,HM50,Clear,quart,SuperPaint-Clear-Quart,251,62.75
5230,2025-08-21,2025-08-22,HM56,White,pail_5gal,ProMar200-White-Pail,5,25.0
5231,2025-08-21,2025-08-31,HM56,White,pail_5gal,SuperPaint-White-Pail,4,20.0
5232,2025-08-22,2025-08-25,HM01,White,pail_5gal,Duration-White-Pail,5,25.0
5233,2025-08-22,2025-08-26,HM01,White,quart,ProMar200-White-Quart,65,16.25
5234,2025-08-22,2025-08-23,HM12,Blue/Green,quart,SuperPaint-Blue/Green-Quart,323,80.75
5235,2025-08-22,2025-08-26,HM12,Blue/Green,quart,Emerald-Blue/Green-Quart,20,5.0
5236,2025-08-22,2025-08-26,HM12,Blue/Green,quart,Emerald-Blue/Green-Quart,20,5.0
5237,2025-08-22,2025-08-26,HM12,Blue/Green,gallon,Emerald-Blue/Green-Gallon,61,61.0
5238,2025-08-22,2025-08-23,HM13,Blue/Green,gallon,SuperPaint-Blue/Green-Gallon,41,41.0
5239,2025-08-22,2025-08-26,HM13,Blue/Green,gallon,Emerald-Blue/Green-Gallon,21,21.0
5240,2025-08-22,2025-08-24,HM13,Blue/Green,quart,Emerald-Blue/Green-Quart,31,7.75
5241,2025-08-22,2025-08-24,HM13,Blue/Green,quart,SuperPaint-Blue/Green-Quart,204,51.0
5242,2025-08-22,2025-08-24,HM16,Red,pail_5gal,Duration-Red-Pail,2,10.0
5243,2025-08-22,2025-08-25,HM20,Black,gallon,PrepRite-Black-Gallon,29,29.0
5244,2025-08-22,2025-08-23,HM20,Black,gallon,PrepRite-Black-Gallon,17,17.0
5245,2025-08-22,2025-08-23,HM25,Black,pail_5gal,PrepRite-Black-Pail,6,30.0
5246,2025-08-22,2025-08-29,HM30,Black,quart,ProMar200-Black-Quart,183,45.75
5247,2025-08-22,2025-08-23,HM30,Black,quart,ProMar200-Black-Quart,147,36.75
5248,2025-08-22,2025-08-24,HM36,White,pail_5gal,ProMar200-White-Pail,7,35.0
5249,2025-08-22,2025-08-25,HM43,Red,gallon,Duration-Red-Gallon,59,59.0
5250,2025-08-22,2025-08-24,HM43,Red,quart,Duration-Red-Quart,135,33.75
5251,2025-08-22,2025-08-24,HM47,Red,gallon,Emerald-Red-Gallon,39,39.0
5252,2025-08-22,2025-08-24,HM50,Clear,gallon,ProMar200-Clear-Gallon,14,14.0
5253,2025-08-22,2025-08-23,HM56,White,gallon,ProMar200-White-Gallon,12,12.0
5254,2025-08-23,2025-08-27,HM01,White,gallon,ProMar200-White-Gallon,23,23.0
5255,2025-08-23,2025-08-24,HM12,Blue/Green,gallon,SuperPaint-Blue/Green-Gallon,14,14.0
5256,2025-08-23,2025-08-25,HM16,Red,quart,Emerald-Red-Quart,52,13.0
5257,2025-08-23,2025-08-24,HM16,Red,gallon,Duration-Red-Gallon,22,22.0
5258,2025-08-23,2025-08-25,HM25,Black,quart,PrepRite-Black-Quart,149,37.25
5259,2025-08-23,2025-08-26,HM30,Black,gallon,PrepRite-Black-Gallon,59,59.0
5260,2025-08-23,2025-08-25,HM30,Black,gallon,ProMar200-Black-Gallon,21,21.0
5261,2025-08-23,2025-08-24,HM36,White,pail_5gal,Duration-White-Pail,5,25.0
5262,2025-08-23,2025-08-24,HM36,White,gallon,Duration-White-Gallon,16,16.0
5263,2025-08-23,2025-09-01,HM43,Red,quart,Duration-Red-Quart,50,12.5
5264,2025-08-23,2025-08-30,HM43,Red,gallon,Duration-Red-Gallon,57,57.0
5265,2025-08-23,2025-08-24,HM43,Red,pail_5gal,Duration-Red-Pail,8,40.0
5266,2025-08-23,2025-08-27,HM50,Clear,gallon,ProMar200-Clear-Gallon,15,15.0
5267,2025-08-24,2025-08-29,HM13,Blue/Green,quart,SuperPaint-Blue/Green-Quart,95,23.75
5268,2025-08-24,2025-08-30,HM16,Red,quart,Duration-Red-Quart,96,24.0
5269,2025-08-24,2025-08-26,HM16,Red,quart,Duration-Red-Quart,338,84.5
5270,2025-08-24,2025-08-30,HM20,Black,quart,ProMar200-Black-Quart,42,10.5
5271,2025-08-24,2025-08-27,HM25,Black,quart,ProMar200-Black-Quart,109,27.25
5272,2025-08-24,2025-08-29,HM25,Black,gallon,PrepRite-Black-Gallon,24,24.0
5273,2025-08-24,2025-08-25,HM25,Black,quart,ProMar200-Black-Quart,84,21.0
5274,2025-08-24,2025-08-28,HM25,Black,gallon,ProMar200-Black-Gallon,18,18.0
5275,2025-08-24,2025-08-25,HM43,Red,quart,Duration-Red-Quart,63,15.75
5276,2025-08-24,2025-08-27,HM50,Clear,gallon,SuperPaint-Clear-Gallon,22,22.0
5277,2025-08-25,2025-08-26,HM01,White,quart,Duration-White-Quart,111,27.75
5278,2025-08-25,2025-08-27,HM12,Blue/Green,quart,Emerald-Blue/Green-Quart,84,21.0
5279,2025-08-25,2025-08-29,HM13,Blue/Green,quart,Emerald-Blue/Green-Quart,242,60.5
5280,2025-08-25,2025-08-30,HM13,Blue/Green,quart,SuperPaint-Blue/Green-Quart,75,18.75
5281,2025-08-25,2025-08-31,HM16,Red,gallon,Duration-Red-Gallon,81,81.0
5282,2025-08-25,2025-08-27,HM20,Black,gallon,ProMar200-Black-Gallon,19,19.0
5283,2025-08-25,2025-08-27,HM20,Black,quart,ProMar200-Black-Quart,56,14.0
5284,2025-08-25,2025-08-29,HM20,Black,quart,ProMar200-Black-Quart,373,93.25
5285,2025-08-25,2025-09-01,HM25,Black,gallon,ProMar200-Black-Gallon,26,26.0
5286,2025-08-25,2025-08-27,HM30,Black,quart,ProMar200-Black-Quart,20,5.0
5287,2025-08-25,2025-08-29,HM36,White,gallon,SuperPaint-White-Gallon,49,49.0
5288,2025-08-25,2025-08-28,HM36,White,quart,Duration-White-Quart,249,62.25
5289,2025-08-25,2025-08-27,HM43,Red,gallon,Emerald-Red-Gallon,64,64.0
5290,2025-08-25,2025-08-29,HM43,Red,quart,Duration-Red-Quart,91,22.75
5291,2025-08-26,2025-08-28,HM01,White,gallon,SuperPaint-White-Gallon,12,12.0
5292,2025-08-26,2025-08-27,HM01,White,pail_5gal,SuperPaint-White-Pail,9,45.0
5293,2025-08-26,2025-08-28,HM01,White,quart,Duration-White-Quart,130,32.5
5294,2025-08-26,2025-08-28,HM12,Blue/Green,gallon,SuperPaint-Blue/Green-Gallon,35,35.0
5295,2025-08-26,2025-08-31,HM12,Blue/Green,quart,SuperPaint-Blue/Green-Quart,99,24.75
5296,2025-08-26,2025-08-31,HM13,Blue/Green,quart,SuperPaint-Blue/Green-Quart,104,26.0
5297,2025-08-26,2025-08-30,HM36,White,gallon,SuperPaint-White-Gallon,29,29.0
5298,2025-08-26,2025-09-02,HM36,White,pail_5gal,ProMar200-White-Pail,10,50.0
5299,2025-08-26,2025-08-28,HM36,White,quart,SuperPaint-White-Quart,153,38.25
5300,2025-08-26,2025-08-27,HM43,Red,pail_5gal,Duration-Red-Pail,3,15.0
5301,2025-08-26,2025-08-27,HM50,Clear,gallon,SuperPaint-Clear-Gallon,24,24.0
5302,2025-08-26,2025-08-27,HM56,White,pail_5gal,SuperPaint-White-Pail,6,30.0
5303,2025-08-26,2025-08-28,HM56,White,gallon,ProMar200-White-Gallon,40,40.0
5304,2025-08-26,2025-08-27,HM56,White,gallon,ProMar200-White-Gallon,41,41.0
5305,2025-08-26,2025-08-29,HM56,White,quart,SuperPaint-White-Quart,109,27.25
5306,2025-08-26,2025-08-30,HM56,White,gallon,SuperPaint-White-Gallon,8,8.0
5307,2025-08-27,2025-08-28,HM13,Blue/Green,quart,SuperPaint-Blue/Green-Quart,82,20.5
5308,2025-08-27,2025-08-31,HM13,Blue/Green,gallon,Emerald-Blue/Green-Gallon,27,27.0
5309,2025-08-27,2025-08-31,HM14,Blue/Green,gallon,Emerald-Blue/Green-Gallon,29,29.0
5310,2025-08-27,2025-09-05,HM14,Blue/Green,gallon,SuperPaint-Blue/Green-Gallon,30,30.0
5311,2025-08-27,2025-08-30,HM16,Red,quart,Duration-Red-Quart,55,13.75
5312,2025-08-27,2025-09-03,HM20,Black,pail_5gal,PrepRite-Black-Pail,3,15.0
5313,2025-08-27,2025-08-28,HM20,Black,quart,PrepRite-Black-Quart,182,45.5
5314,2025-08-27,2025-08-30,HM20,Black,gallon,PrepRite-Black-Gallon,27,27.0
5315,2025-08-27,2025-08-29,HM20,Black,gallon,PrepRite-Black-Gallon,16,16.0
5316,2025-08-27,2025-08-29,HM20,Black,quart,ProMar200-Black-Quart,207,51.75
5317,2025-08-27,2025-08-29,HM25,Black,gallon,ProMar200-Black-Gallon,46,46.0
5318,2025-08-27,2025-08-30,HM30,Black,pail_5gal,ProMar200-Black-Pail,4,20.0
5319,2025-08-27,2025-08-28,HM36,White,quart,ProMar200-White-Quart,154,38.5
5320,2025-08-27,2025-08-29,HM43,Red,gallon,Duration-Red-Gallon,27,27.0
5321,2025-08-27,2025-08-28,HM43,Red,gallon,Duration-Red-Gallon,145,145.0
5322,2025-08-27,2025-08-29,HM43,Red,gallon,Emerald-Red-Gallon,59,59.0
5323,2025-08-27,2025-08-30,HM43,Red,quart,Duration-Red-Quart,84,21.0
5324,2025-08-27,2025-08-29,HM47,Red,quart,Duration-Red-Quart,171,42.75
5325,2025-08-27,2025-08-28,HM47,Red,quart,Emerald-Red-Quart,56,14.0
5326,2025-08-27,2025-08-31,HM47,Red,quart,Emerald-Red-Quart,93,23.25
5327,2025-08-27,2025-08-28,HM47,Red,gallon,Duration-Red-Gallon,21,21.0
5328,2025-08-27,2025-08-28,HM50,Clear,quart,SuperPaint-Clear-Quart,103,25.75
5329,2025-08-27,2025-09-02,HM50,Clear,pail_5gal,SuperPaint-Clear-Pail,4,20.0
5330,2025-08-27,2025-08-28,HM56,White,quart,ProMar200-White-Quart,192,48.0
5331,2025-08-28,2025-09-02,HM01,White,gallon,ProMar200-White-Gallon,34,34.0
5332,2025-08-28,2025-08-30,HM12,Blue/Green,quart,SuperPaint-Blue/Green-Quart,129,32.25
5333,2025-08-28,2025-08-30,HM13,Blue/Green,gallon,SuperPaint-Blue/Green-Gallon,100,100.0
5334,2025-08-28,2025-08-29,HM14,Blue/Green,gallon,Emerald-Blue/Green-Gallon,44,44.0
5335,2025-08-28,2025-08-29,HM14,Blue/Green,gallon,Emerald-Blue/Green-Gallon,47,47.0
5336,2025-08-28,2025-08-30,HM20,Black,pail_5gal,ProMar200-Black-Pail,5,25.0
5337,2025-08-28,2025-09-01,HM20,Black,gallon,ProMar200-Black-Gallon,71,71.0
5338,2025-08-28,2025-08-29,HM20,Black,quart,ProMar200-Black-Quart,137,34.25
5339,2025-08-28,2025-08-31,HM20,Black,gallon,ProMar200-Black-Gallon,66,66.0
5340,2025-08-28,2025-09-01,HM30,Black,pail_5gal,ProMar200-Black-Pail,9,45.0
5341,2025-08-28,2025-08-29,HM30,Black,pail_5gal,PrepRite-Black-Pail,3,15.0
5342,2025-08-28,2025-08-29,HM30,Black,quart,PrepRite-Black-Quart,110,27.5
5343,2025-08-28,2025-09-04,HM36,White,gallon,SuperPaint-White-Gallon,35,35.0
5344,2025-08-28,2025-09-04,HM36,White,quart,Duration-White-Quart,125,31.25
5345,2025-08-28,2025-08-30,HM43,Red,gallon,Emerald-Red-Gallon,11,11.0
5346,2025-08-28,2025-08-30,HM43,Red,gallon,Emerald-Red-Gallon,22,22.0
5347,2025-08-28,2025-08-31,HM50,Clear,pail_5gal,SuperPaint-Clear-Pail,4,20.0
5348,2025-08-28,2025-08-29,HM50,Clear,gallon,ProMar200-Clear-Gallon,28,28.0
5349,2025-08-28,2025-08-29,HM50,Clear,gallon,ProMar200-Clear-Gallon,66,66.0
5350,2025-08-29,2025-08-31,HM01,White,gallon,Duration-White-Gallon,23,23.0
5351,2025-08-29,2025-08-30,HM12,Blue/Green,pail_5gal,Emerald-Blue/Green-Pail,5,25.0
5352,2025-08-29,2025-09-03,HM13,Blue/Green,gallon,SuperPaint-Blue/Green-Gallon,92,92.0
5353,2025-08-29,2025-08-31,HM13,Blue/Green,quart,SuperPaint-Blue/Green-Quart,51,12.75
5354,2025-08-29,2025-08-31,HM14,Blue/Green,gallon,Emerald-Blue/Green-Gallon,64,64.0
5355,2025-08-29,2025-09-02,HM14,Blue/Green,quart,Emerald-Blue/Green-Quart,150,37.5
5356,2025-08-29,2025-08-30,HM16,Red,gallon,Emerald-Red-Gallon,22,22.0
5357,2025-08-29,2025-08-30,HM20,Black,quart,ProMar200-Black-Quart,55,13.75
5358,2025-08-29,2025-08-31,HM20,Black,pail_5gal,ProMar200-Black-Pail,7,35.0
5359,2025-08-29,2025-08-30,HM20,Black,pail_5gal,PrepRite-Black-Pail,9,45.0
5360,2025-08-29,2025-08-30,HM20,Black,quart,PrepRite-Black-Quart,56,14.0
5361,2025-08-29,2025-09-01,HM20,Black,quart,PrepRite-Black-Quart,46,11.5
5362,2025-08-29,2025-08-31,HM20,Black,gallon,ProMar200-Black-Gallon,20,20.0
5363,2025-08-29,2025-09-03,HM20,Black,gallon,PrepRite-Black-Gallon,50,50.0
5364,2025-08-29,2025-08-31,HM25,Black,pail_5gal,ProMar200-Black-Pail,3,15.0
5365,2025-08-29,2025-08-31,HM30,Black,pail_5gal,ProMar200-Black-Pail,6,30.0
5366,2025-08-29,2025-08-31,HM36,White,gallon,SuperPaint-White-Gallon,13,13.0
5367,2025-08-29,2025-08-31,HM43,Red,pail_5gal,Duration-Red-Pail,6,30.0
5368,2025-08-29,2025-08-30,HM43,Red,gallon,Duration-Red-Gallon,9,9.0
5369,2025-08-29,2025-09-01,HM47,Red,quart,Duration-Red-Quart,45,11.25
5370,2025-08-29,2025-09-01,HM47,Red,gallon,Duration-Red-Gallon,48,48.0
5371,2025-08-29,2025-09-01,HM47,Red,gallon,Duration-Red-Gallon,27,27.0
5372,2025-08-29,2025-08-30,HM47,Red,gallon,Duration-Red-Gallon,35,35.0
5373,2025-08-29,2025-09-01,HM47,Red,gallon,Duration-Red-Gallon,27,27.0
5374,2025-08-30,2025-09-01,HM12,Blue/Green,quart,SuperPaint-Blue/Green-Quart,86,21.5
5375,2025-08-30,2025-09-02,HM12,Blue/Green,quart,SuperPaint-Blue/Green-Quart,78,19.5
5376,2025-08-30,2025-09-03,HM14,Blue/Green,quart,SuperPaint-Blue/Green-Quart,188,47.0
5377,2025-08-30,2025-09-01,HM14,Blue/Green,quart,Emerald-Blue/Green-Quart,62,15.5
5378,2025-08-30,2025-09-03,HM16,Red,gallon,Emerald-Red-Gallon,21,21.0
5379,2025-08-30,2025-09-09,HM30,Black,quart,PrepRite-Black-Quart,123,30.75
5380,2025-08-30,2025-09-01,HM30,Black,gallon,PrepRite-Black-Gallon,36,36.0
5381,2025-08-30,2025-09-03,HM36,White,quart,ProMar200-White-Quart,60,15.0
5382,2025-08-30,2025-09-07,HM36,White,gallon,ProMar200-White-Gallon,28,28.0
5383,2025-08-30,2025-09-01,HM43,Red,gallon,Emerald-Red-Gallon,28,28.0
5384,2025-08-30,2025-09-01,HM43,Red,quart,Duration-Red-Quart,125,31.25
5385,2025-08-30,2025-09-06,HM47,Red,gallon,Duration-Red-Gallon,62,62.0
5386,2025-08-30,2025-09-01,HM50,Clear,quart,ProMar200-Clear-Quart,54,13.5
5387,2025-08-30,2025-09-04,HM50,Clear,quart,SuperPaint-Clear-Quart,98,24.5
5388,2025-08-30,2025-09-02,HM50,Clear,gallon,ProMar200-Clear-Gallon,10,10.0
5389,2025-08-31,2025-09-05,HM12,Blue/Green,gallon,Emerald-Blue/Green-Gallon,57,57.0
5390,2025-08-31,2025-09-01,HM14,Blue/Green,quart,SuperPaint-Blue/Green-Quart,134,33.5
5391,2025-08-31,2025-09-01,HM16,Red,gallon,Duration-Red-Gallon,124,124.0
5392,2025-08-31,2025-09-02,HM16,Red,pail_5gal,Duration-Red-Pail,6,30.0
5393,2025-08-31,2025-09-01,HM20,Black,pail_5gal,ProMar200-Black-Pail,6,30.0
5394,2025-08-31,2025-09-09,HM25,Black,gallon,ProMar200-Black-Gallon,29,29.0
5395,2025-08-31,2025-09-03,HM25,Black,pail_5gal,ProMar200-Black-Pail,6,30.0
5396,2025-08-31,2025-09-03,HM30,Black,pail_5gal,ProMar200-Black-Pail,4,20.0
5397,2025-08-31,2025-09-03,HM36,White,quart,ProMar200-White-Quart,213,53.25
5398,2025-08-31,2025-09-02,HM43,Red,quart,Duration-Red-Quart,166,41.5
5399,2025-08-31,2025-09-02,HM43,Red,gallon,Duration-Red-Gallon,33,33.0
5400,2025-08-31,2025-09-03,HM43,Red,pail_5gal,Duration-Red-Pail,5,25.0
5401,2025-08-31,2025-09-01,HM43,Red,quart,Emerald-Red-Quart,200,50.0
5402,2025-08-31,2025-09-02,HM47,Red,gallon,Duration-Red-Gallon,50,50.0
5403,2025-09-01,2025-09-12,HM01,White,quart,ProMar200-White-Quart,260,65.0
5404,2025-09-01,2025-09-03,HM01,White,gallon,ProMar200-White-Gallon,11,11.0
5405,2025-09-01,2025-09-06,HM01,White,gallon,SuperPaint-White-Gallon,52,52.0
5406,2025-09-01,2025-09-05,HM01,White,gallon,Duration-White-Gallon,47,47.0
5407,2025-09-01,2025-09-02,HM13,Blue/Green,gallon,SuperPaint-Blue/Green-Gallon,12,12.0
5408,2025-09-01,2025-09-07,HM14,Blue/Green,gallon,SuperPaint-Blue/Green-Gallon,22,22.0
5409,2025-09-01,2025-09-04,HM20,Black,pail_5gal,PrepRite-Black-Pail,4,20.0
5410,2025-09-01,2025-09-02,HM25,Black,gallon,ProMar200-Black-Gallon,28,28.0
5411,2025-09-01,2025-09-02,HM30,Black,gallon,PrepRite-Black-Gallon,22,22.0
5412,2025-09-01,2025-09-02,HM30,Black,quart,ProMar200-Black-Quart,42,10.5
5413,2025-09-01,2025-09-02,HM36,White,quart,Duration-White-Quart,79,19.75
5414,2025-09-01,2025-09-02,HM36,White,quart,Duration-White-Quart,158,39.5
5415,2025-09-01,2025-09-03,HM36,White,quart,SuperPaint-White-Quart,107,26.75
5416,2025-09-01,2025-09-06,HM43,Red,gallon,Emerald-Red-Gallon,33,33.0
5417,2025-09-01,2025-09-05,HM43,Red,quart,Duration-Red-Quart,46,11.5
5418,2025-09-01,2025-09-02,HM47,Red,pail_5gal,Emerald-Red-Pail,8,40.0
5419,2025-09-01,2025-09-03,HM50,Clear,gallon,SuperPaint-Clear-Gallon,28,28.0
5420,2025-09-01,2025-09-04,HM56,White,quart,SuperPaint-White-Quart,105,26.25
5421,2025-09-01,2025-09-03,HM56,White,gallon,Duration-White-Gallon,32,32.0
5422,2025-09-02,2025-09-04,HM01,White,quart,ProMar200-White-Quart,37,9.25
5423,2025-09-02,2025-09-11,HM12,Blue/Green,gallon,Emerald-Blue/Green-Gallon,26,26.0
5424,2025-09-02,2025-09-03,HM12,Blue/Green,quart,SuperPaint-Blue/Green-Quart,55,13.75
5425,2025-09-02,2025-09-03,HM13,Blue/Green,quart,SuperPaint-Blue/Green-Quart,150,37.5
5426,2025-09-02,2025-09-04,HM16,Red,quart,Emerald-Red-Quart,94,23.5
5427,2025-09-02,2025-09-06,HM20,Black,quart,ProMar200-Black-Quart,157,39.25
5428,2025-09-02,2025-09-03,HM20,Black,quart,PrepRite-Black-Quart,92,23.0
5429,2025-09-02,2025-09-03,HM30,Black,gallon,ProMar200-Black-Gallon,42,42.0
5430,2025-09-02,2025-09-05,HM36,White,quart,SuperPaint-White-Quart,118,29.5
5431,2025-09-02,2025-09-03,HM36,White,quart,Duration-White-Quart,32,8.0
5432,2025-09-02,2025-09-04,HM43,Red,gallon,Emerald-Red-Gallon,27,27.0
5433,2025-09-02,2025-09-03,HM43,Red,gallon,Duration-Red-Gallon,111,111.0
5434,2025-09-02,2025-09-05,HM43,Red,quart,Emerald-Red-Quart,130,32.5
5435,2025-09-02,2025-09-04,HM43,Red,pail_5gal,Emerald-Red-Pail,2,10.0
5436,2025-09-02,2025-09-07,HM56,White,pail_5gal,ProMar200-White-Pail,4,20.0
5437,2025-09-03,2025-09-04,HM01,White,gallon,ProMar200-White-Gallon,19,19.0
5438,2025-09-03,2025-09-05,HM01,White,quart,ProMar200-White-Quart,106,26.5
5439,2025-09-03,2025-09-04,HM01,White,quart,Duration-White-Quart,125,31.25
5440,2025-09-03,2025-09-05,HM13,Blue/Green,quart,SuperPaint-Blue/Green-Quart,175,43.75
5441,2025-09-03,2025-09-05,HM13,Blue/Green,quart,Emerald-Blue/Green-Quart,69,17.25
5442,2025-09-03,2025-09-08,HM13,Blue/Green,quart,SuperPaint-Blue/Green-Quart,98,24.5
5443,2025-09-03,2025-09-12,HM14,Blue/Green,gallon,SuperPaint-Blue/Green-Gallon,68,68.0
5444,2025-09-03,2025-09-17,HM14,Blue/Green,pail_5gal,Emerald-Blue/Green-Pail,4,20.0
5445,2025-09-03,2025-09-14,HM16,Red,pail_5gal,Duration-Red-Pail,30,150.0
5446,2025-09-03,2025-09-04,HM16,Red,gallon,Duration-Red-Gallon,109,109.0
5447,2025-09-03,2025-09-07,HM20,Black,gallon,ProMar200-Black-Gallon,40,40.0
5448,2025-09-03,2025-09-08,HM20,Black,gallon,PrepRite-Black-Gallon,32,32.0
5449,2025-09-03,2025-09-07,HM25,Black,gallon,ProMar200-Black-Gallon,66,66.0
5450,2025-09-03,2025-09-04,HM30,Black,gallon,ProMar200-Black-Gallon,20,20.0
5451,2025-09-03,2025-09-05,HM30,Black,quart,PrepRite-Black-Quart,156,39.0
5452,2025-09-03,2025-09-09,HM36,White,gallon,SuperPaint-White-Gallon,38,38.0
5453,2025-09-03,2025-09-09,HM43,Red,gallon,Duration-Red-Gallon,62,62.0
5454,2025-09-03,2025-09-07,HM43,Red,gallon,Duration-Red-Gallon,13,13.0
5455,2025-09-03,2025-09-06,HM47,Red,pail_5gal,Duration-Red-Pail,4,20.0
5456,2025-09-03,2025-09-06,HM47,Red,quart,Duration-Red-Quart,79,19.75
5457,2025-09-03,2025-09-04,HM47,Red,gallon,Emerald-Red-Gallon,21,21.0
5458,2025-09-03,2025-09-08,HM50,Clear,quart,ProMar200-Clear-Quart,117,29.25
5459,2025-09-03,2025-09-07,HM50,Clear,pail_5gal,SuperPaint-Clear-Pail,7,35.0
5460,2025-09-03,2025-09-04,HM50,Clear,quart,ProMar200-Clear-Quart,174,43.5
5461,2025-09-03,2025-09-09,HM56,White,quart,ProMar200-White-Quart,341,85.25
5462,2025-09-04,2025-09-08,HM01,White,quart,ProMar200-White-Quart,140,35.0
5463,2025-09-04,2025-09-06,HM13,Blue/Green,quart,Emerald-Blue/Green-Quart,116,29.0
5464,2025-09-04,2025-09-06,HM13,Blue/Green,gallon,Emerald-Blue/Green-Gallon,22,22.0
5465,2025-09-04,2025-09-06,HM14,Blue/Green,quart,SuperPaint-Blue/Green-Quart,92,23.0
5466,2025-09-04,2025-09-09,HM14,Blue/Green,quart,SuperPaint-Blue/Green-Quart,366,91.5
5467,2025-09-04,2025-09-06,HM16,Red,gallon,Duration-Red-Gallon,39,39.0
5468,2025-09-04,2025-09-08,HM16,Red,pail_5gal,Duration-Red-Pail,4,20.0
5469,2025-09-04,2025-09-13,HM20,Black,quart,ProMar200-Black-Quart,99,24.75
5470,2025-09-04,2025-09-15,HM25,Black,gallon,ProMar200-Black-Gallon,32,32.0
5471,2025-09-04,2025-09-06,HM25,Black,gallon,PrepRite-Black-Gallon,35,35.0
5472,2025-09-04,2025-09-06,HM25,Black,pail_5gal,PrepRite-Black-Pail,10,50.0
5473,2025-09-04,2025-09-05,HM30,Black,gallon,PrepRite-Black-Gallon,31,31.0
5474,2025-09-04,2025-09-18,HM30,Black,gallon,ProMar200-Black-Gallon,94,94.0
5475,2025-09-04,2025-09-08,HM30,Black,gallon,PrepRite-Black-Gallon,28,28.0
5476,2025-09-04,2025-09-18,HM36,White,pail_5gal,Duration-White-Pail,3,15.0
5477,2025-09-04,2025-09-06,HM43,Red,gallon,Emerald-Red-Gallon,34,34.0
5478,2025-09-04,2025-09-05,HM47,Red,gallon,Duration-Red-Gallon,38,38.0
5479,2025-09-04,2025-09-07,HM50,Clear,quart,ProMar200-Clear-Quart,87,21.75
5480,2025-09-04,2025-09-09,HM50,Clear,quart,SuperPaint-Clear-Quart,42,10.5
5481,2025-09-04,2025-09-08,HM56,White,quart,ProMar200-White-Quart,134,33.5
5482,2025-09-05,2025-09-10,HM01,White,gallon,SuperPaint-White-Gallon,28,28.0
5483,2025-09-05,2025-09-09,HM12,Blue/Green,gallon,Emerald-Blue/Green-Gallon,22,22.0
5484,2025-09-05,2025-09-06,HM12,Blue/Green,quart,SuperPaint-Blue/Green-Quart,162,40.5
5485,2025-09-05,2025-09-07,HM13,Blue/Green,pail_5gal,Emerald-Blue/Green-Pail,4,20.0
5486,2025-09-05,2025-09-08,HM13,Blue/Green,quart,Emerald-Blue/Green-Quart,309,77.25
5487,2025-09-05,2025-09-14,HM13,Blue/Green,quart,Emerald-Blue/Green-Quart,154,38.5
5488,2025-09-05,2025-09-07,HM13,Blue/Green,pail_5gal,Emerald-Blue/Green-Pail,2,10.0
5489,2025-09-05,2025-09-07,HM16,Red,gallon,Duration-Red-Gallon,53,53.0
5490,2025-09-05,2025-09-14,HM16,Red,gallon,Emerald-Red-Gallon,28,28.0
5491,2025-09-05,2025-09-11,HM16,Red,gallon,Duration-Red-Gallon,31,31.0
5492,2025-09-05,2025-09-06,HM16,Red,quart,Duration-Red-Quart,122,30.5
5493,2025-09-05,2025-09-08,HM16,Red,quart,Duration-Red-Quart,71,17.75
5494,2025-09-05,2025-09-10,HM20,Black,quart,ProMar200-Black-Quart,94,23.5
5495,2025-09-05,2025-09-06,HM20,Black,pail_5gal,PrepRite-Black-Pail,3,15.0
5496,2025-09-05,2025-09-07,HM20,Black,quart,ProMar200-Black-Quart,73,18.25
5497,2025-09-05,2025-09-06,HM20,Black,gallon,PrepRite-Black-Gallon,19,19.0
5498,2025-09-05,2025-09-07,HM20,Black,gallon,PrepRite-Black-Gallon,29,29.0
5499,2025-09-05,2025-09-07,HM25,Black,gallon,ProMar200-Black-Gallon,47,47.0
5500,2025-09-05,2025-09-06,HM25,Black,gallon,PrepRite-Black-Gallon,55,55.0
5501,2025-09-05,2025-09-10,HM30,Black,gallon,ProMar200-Black-Gallon,22,22.0
5502,2025-09-05,2025-09-10,HM30,Black,pail_5gal,PrepRite-Black-Pail,18,90.0
5503,2025-09-05,2025-09-08,HM36,White,gallon,Duration-White-Gallon,46,46.0
5504,2025-09-05,2025-09-12,HM36,White,quart,Duration-White-Quart,95,23.75
5505,2025-09-05,2025-09-06,HM36,White,quart,Duration-White-Quart,42,10.5
5506,2025-09-05,2025-09-10,HM36,White,quart,ProMar200-White-Quart,92,23.0
5507,2025-09-05,2025-09-07,HM36,White,quart,ProMar200-White-Quart,267,66.75
5508,2025-09-05,2025-09-09,HM43,Red,quart,Duration-Red-Quart,108,27.0
5509,2025-09-05,2025-09-11,HM50,Clear,quart,ProMar200-Clear-Quart,129,32.25
5510,2025-09-05,2025-09-06,HM50,Clear,gallon,SuperPaint-Clear-Gallon,51,51.0
5511,2025-09-05,2025-09-07,HM56,White,pail_5gal,ProMar200-White-Pail,5,25.0
5512,2025-09-05,2025-09-06,HM56,White,gallon,Duration-White-Gallon,31,31.0
5513,2025-09-06,2025-09-07,HM01,White,quart,SuperPaint-White-Quart,34,8.5
5514,2025-09-06,2025-09-08,HM14,Blue/Green,pail_5gal,Emerald-Blue/Green-Pail,4,20.0
5515,2025-09-06,2025-09-07,HM14,Blue/Green,gallon,SuperPaint-Blue/Green-Gallon,14,14.0
5516,2025-09-06,2025-09-07,HM20,Black,pail_5gal,PrepRite-Black-Pail,10,50.0
5517,2025-09-06,2025-09-10,HM20,Black,quart,ProMar200-Black-Quart,52,13.0
5518,2025-09-06,2025-09-08,HM25,Black,quart,ProMar200-Black-Quart,83,20.75
5519,2025-09-06,2025-09-11,HM30,Black,pail_5gal,ProMar200-Black-Pail,7,35.0
5520,2025-09-06,2025-09-07,HM43,Red,gallon,Emerald-Red-Gallon,53,53.0
5521,2025-09-06,2025-09-08,HM47,Red,gallon,Emerald-Red-Gallon,14,14.0
5522,2025-09-06,2025-09-09,HM50,Clear,quart,ProMar200-Clear-Quart,122,30.5
5523,2025-09-06,2025-09-11,HM50,Clear,quart,ProMar200-Clear-Quart,67,16.75
5524,2025-09-06,2025-09-09,HM50,Clear,gallon,SuperPaint-Clear-Gallon,68,68.0
5525,2025-09-06,2025-09-09,HM50,Clear,quart,ProMar200-Clear-Quart,173,43.25
5526,2025-09-07,2025-09-10,HM01,White,gallon,Duration-White-Gallon,62,62.0
5527,2025-09-07,2025-09-09,HM01,White,gallon,ProMar200-White-Gallon,18,18.0
5528,2025-09-07,2025-09-09,HM13,Blue/Green,gallon,SuperPaint-Blue/Green-Gallon,31,31.0
5529,2025-09-07,2025-09-12,HM20,Black,quart,PrepRite-Black-Quart,72,18.0
5530,2025-09-07,2025-09-13,HM25,Black,quart,ProMar200-Black-Quart,119,29.75
5531,2025-09-07,2025-09-09,HM25,Black,quart,ProMar200-Black-Quart,95,23.75
5532,2025-09-07,2025-09-10,HM30,Black,quart,PrepRite-Black-Quart,103,25.75
5533,2025-09-07,2025-09-09,HM36,White,quart,Duration-White-Quart,105,26.25
5534,2025-09-07,2025-09-10,HM36,White,quart,SuperPaint-White-Quart,351,87.75
5535,2025-09-07,2025-09-08,HM43,Red,gallon,Emerald-Red-Gallon,79,79.0
5536,2025-09-07,2025-09-13,HM47,Red,gallon,Duration-Red-Gallon,58,58.0
5537,2025-09-07,2025-09-10,HM50,Clear,quart,ProMar200-Clear-Quart,40,10.0
5538,2025-09-07,2025-09-10,HM50,Clear,quart,ProMar200-Clear-Quart,53,13.25
5539,2025-09-08,2025-09-13,HM01,White,gallon,ProMar200-White-Gallon,53,53.0
5540,2025-09-08,2025-09-14,HM01,White,gallon,ProMar200-White-Gallon,36,36.0
5541,2025-09-08,2025-09-14,HM13,Blue/Green,gallon,Emerald-Blue/Green-Gallon,44,44.0
5542,2025-09-08,2025-09-12,HM13,Blue/Green,quart,Emerald-Blue/Green-Quart,153,38.25
5543,2025-09-08,2025-09-12,HM13,Blue/Green,gallon,Emerald-Blue/Green-Gallon,29,29.0
5544,2025-09-08,2025-09-14,HM14,Blue/Green,quart,SuperPaint-Blue/Green-Quart,103,25.75
5545,2025-09-08,2025-09-10,HM16,Red,gallon,Duration-Red-Gallon,96,96.0
5546,2025-09-08,2025-09-12,HM25,Black,gallon,ProMar200-Black-Gallon,26,26.0
5547,2025-09-08,2025-09-10,HM25,Black,quart,PrepRite-Black-Quart,38,9.5
5548,2025-09-08,2025-09-11,HM30,Black,gallon,ProMar200-Black-Gallon,17,17.0
5549,2025-09-08,2025-09-10,HM30,Black,gallon,PrepRite-Black-Gallon,22,22.0
5550,2025-09-08,2025-09-17,HM30,Black,gallon,PrepRite-Black-Gallon,17,17.0
5551,2025-09-08,2025-09-09,HM36,White,gallon,SuperPaint-White-Gallon,45,45.0
5552,2025-09-08,2025-09-11,HM36,White,quart,Duration-White-Quart,210,52.5
5553,2025-09-08,2025-09-15,HM43,Red,pail_5gal,Duration-Red-Pail,4,20.0
5554,2025-09-08,2025-09-11,HM47,Red,gallon,Emerald-Red-Gallon,21,21.0
5555,2025-09-08,2025-09-11,HM47,Red,pail_5gal,Emerald-Red-Pail,14,70.0
5556,2025-09-08,2025-09-14,HM56,White,quart,ProMar200-White-Quart,171,42.75
5557,2025-09-08,2025-09-12,HM56,White,gallon,Duration-White-Gallon,30,30.0
5558,2025-09-08,2025-09-09,HM56,White,pail_5gal,Duration-White-Pail,6,30.0
5559,2025-09-08,2025-09-17,HM56,White,gallon,SuperPaint-White-Gallon,20,20.0
5560,2025-09-09,2025-09-10,HM01,White,gallon,SuperPaint-White-Gallon,8,8.0
5561,2025-09-09,2025-09-13,HM01,White,gallon,Duration-White-Gallon,38,38.0
5562,2025-09-09,2025-09-11,HM12,Blue/Green,quart,SuperPaint-Blue/Green-Quart,93,23.25
5563,2025-09-09,2025-09-11,HM12,Blue/Green,quart,Emerald-Blue/Green-Quart,105,26.25
5564,2025-09-09,2025-09-11,HM13,Blue/Green,quart,Emerald-Blue/Green-Quart,243,60.75
5565,2025-09-09,2025-09-10,HM13,Blue/Green,quart,Emerald-Blue/Green-Quart,50,12.5
5566,2025-09-09,2025-09-12,HM14,Blue/Green,gallon,SuperPaint-Blue/Green-Gallon,32,32.0
5567,2025-09-09,2025-09-11,HM16,Red,gallon,Duration-Red-Gallon,10,10.0
5568,2025-09-09,2025-09-11,HM16,Red,quart,Duration-Red-Quart,27,6.75
5569,2025-09-09,2025-09-11,HM16,Red,gallon,Duration-Red-Gallon,55,55.0
5570,2025-09-09,2025-09-10,HM16,Red,pail_5gal,Emerald-Red-Pail,12,60.0
5571,2025-09-09,2025-09-11,HM20,Black,gallon,PrepRite-Black-Gallon,29,29.0
5572,2025-09-09,2025-09-14,HM25,Black,quart,PrepRite-Black-Quart,358,89.5
5573,2025-09-09,2025-09-10,HM25,Black,quart,PrepRite-Black-Quart,73,18.25
5574,2025-09-09,2025-09-11,HM30,Black,quart,PrepRite-Black-Quart,172,43.0
5575,2025-09-09,2025-09-11,HM36,White,pail_5gal,ProMar200-White-Pail,7,35.0
5576,2025-09-09,2025-09-10,HM43,Red,pail_5gal,Duration-Red-Pail,3,15.0
5577,2025-09-09,2025-09-12,HM43,Red,gallon,Emerald-Red-Gallon,84,84.0
5578,2025-09-09,2025-09-11,HM47,Red,quart,Emerald-Red-Quart,80,20.0
5579,2025-09-09,2025-09-12,HM47,Red,pail_5gal,Duration-Red-Pail,3,15.0
5580,2025-09-09,2025-09-12,HM50,Clear,gallon,SuperPaint-Clear-Gallon,11,11.0
5581,2025-09-09,2025-09-11,HM50,Clear,gallon,SuperPaint-Clear-Gallon,31,31.0
5582,2025-09-10,2025-09-13,HM12,Blue/Green,quart,SuperPaint-Blue/Green-Quart,171,42.75
5583,2025-09-10,2025-09-11,HM13,Blue/Green,quart,Emerald-Blue/Green-Quart,47,11.75
5584,2025-09-10,2025-09-14,HM13,Blue/Green,quart,SuperPaint-Blue/Green-Quart,72,18.0
5585,2025-09-10,2025-09-14,HM13,Blue/Green,quart,SuperPaint-Blue/Green-Quart,97,24.25
5586,2025-09-10,2025-09-13,HM13,Blue/Green,quart,SuperPaint-Blue/Green-Quart,79,19.75
5587,2025-09-10,2025-09-16,HM13,Blue/Green,quart,SuperPaint-Blue/Green-Quart,191,47.75
5588,2025-09-10,2025-09-13,HM13,Blue/Green,pail_5gal,Emerald-Blue/Green-Pail,4,20.0
5589,2025-09-10,2025-09-15,HM16,Red,quart,Duration-Red-Quart,166,41.5
5590,2025-09-10,2025-09-15,HM25,Black,quart,PrepRite-Black-Quart,123,30.75
5591,2025-09-10,2025-09-11,HM25,Black,gallon,ProMar200-Black-Gallon,27,27.0
5592,2025-09-10,2025-09-14,HM30,Black,pail_5gal,PrepRite-Black-Pail,3,15.0
5593,2025-09-10,2025-09-12,HM30,Black,quart,PrepRite-Black-Quart,165,41.25
5594,2025-09-10,2025-09-15,HM36,White,gallon,SuperPaint-White-Gallon,24,24.0
5595,2025-09-10,2025-09-15,HM36,White,quart,ProMar200-White-Quart,89,22.25
5596,2025-09-10,2025-09-13,HM43,Red,gallon,Duration-Red-Gallon,55,55.0
5597,2025-09-10,2025-09-14,HM47,Red,gallon,Duration-Red-Gallon,66,66.0
5598,2025-09-10,2025-09-14,HM47,Red,gallon,Emerald-Red-Gallon,17,17.0
5599,2025-09-10,2025-09-13,HM47,Red,gallon,Emerald-Red-Gallon,56,56.0
5600,2025-09-10,2025-09-12,HM50,Clear,gallon,ProMar200-Clear-Gallon,69,69.0
5601,2025-09-10,2025-09-11,HM56,White,gallon,ProMar200-White-Gallon,37,37.0
5602,2025-09-10,2025-09-11,HM56,White,quart,SuperPaint-White-Quart,228,57.0
5603,2025-09-11,2025-09-14,HM01,White,quart,SuperPaint-White-Quart,401,100.25
5604,2025-09-11,2025-09-13,HM12,Blue/Green,gallon,Emerald-Blue/Green-Gallon,41,41.0
5605,2025-09-11,2025-09-12,HM12,Blue/Green,quart,SuperPaint-Blue/Green-Quart,500,125.0
5606,2025-09-11,2025-09-16,HM13,Blue/Green,quart,SuperPaint-Blue/Green-Quart,94,23.5
5607,2025-09-11,2025-09-13,HM14,Blue/Green,pail_5gal,SuperPaint-Blue/Green-Pail,6,30.0
5608,2025-09-11,2025-09-13,HM14,Blue/Green,quart,SuperPaint-Blue/Green-Quart,48,12.0
5609,2025-09-11,2025-09-13,HM16,Red,quart,Duration-Red-Quart,84,21.0
5610,2025-09-11,2025-09-13,HM16,Red,quart,Duration-Red-Quart,119,29.75
5611,2025-09-11,2025-09-15,HM20,Black,gallon,PrepRite-Black-Gallon,38,38.0
5612,2025-09-11,2025-09-14,HM20,Black,pail_5gal,PrepRite-Black-Pail,4,20.0
5613,2025-09-11,2025-09-12,HM20,Black,gallon,ProMar200-Black-Gallon,24,24.0
5614,2025-09-11,2025-09-12,HM25,Black,pail_5gal,PrepRite-Black-Pail,6,30.0
5615,2025-09-11,2025-09-13,HM30,Black,gallon,PrepRite-Black-Gallon,96,96.0
5616,2025-09-11,2025-09-12,HM30,Black,quart,ProMar200-Black-Quart,71,17.75
5617,2025-09-11,2025-09-13,HM36,White,gallon,Duration-White-Gallon,58,58.0
5618,2025-09-11,2025-09-14,HM43,Red,pail_5gal,Duration-Red-Pail,11,55.0
5619,2025-09-11,2025-09-12,HM47,Red,gallon,Emerald-Red-Gallon,51,51.0
5620,2025-09-11,2025-09-13,HM47,Red,gallon,Duration-Red-Gallon,37,37.0
5621,2025-09-11,2025-09-12,HM50,Clear,quart,SuperPaint-Clear-Quart,105,26.25
5622,2025-09-11,2025-09-16,HM56,White,quart,Duration-White-Quart,76,19.0
5623,2025-09-11,2025-09-15,HM56,White,quart,Duration-White-Quart,65,16.25
5624,2025-09-12,2025-09-16,HM12,Blue/Green,pail_5gal,Emerald-Blue/Green-Pail,7,35.0
5625,2025-09-12,2025-09-17,HM12,Blue/Green,quart,Emerald-Blue/Green-Quart,242,60.5
5626,2025-09-12,2025-09-13,HM13,Blue/Green,gallon,SuperPaint-Blue/Green-Gallon,33,33.0
5627,2025-09-12,2025-09-14,HM13,Blue/Green,quart,SuperPaint-Blue/Green-Quart,110,27.5
5628,2025-09-12,2025-09-14,HM14,Blue/Green,quart,Emerald-Blue/Green-Quart,275,68.75
5629,2025-09-12,2025-09-13,HM14,Blue/Green,gallon,Emerald-Blue/Green-Gallon,81,81.0
5630,2025-09-12,2025-09-14,HM16,Red,gallon,Duration-Red-Gallon,61,61.0
5631,2025-09-12,2025-09-18,HM20,Black,gallon,ProMar200-Black-Gallon,22,22.0
5632,2025-09-12,2025-09-17,HM20,Black,gallon,ProMar200-Black-Gallon,48,48.0
5633,2025-09-12,2025-09-13,HM25,Black,gallon,PrepRite-Black-Gallon,24,24.0
5634,2025-09-12,2025-09-17,HM25,Black,gallon,PrepRite-Black-Gallon,40,40.0
5635,2025-09-12,2025-09-13,HM25,Black,quart,PrepRite-Black-Quart,124,31.0
5636,2025-09-12,2025-09-13,HM30,Black,gallon,ProMar200-Black-Gallon,18,18.0
5637,2025-09-12,2025-09-16,HM30,Black,gallon,PrepRite-Black-Gallon,34,34.0
5638,2025-09-12,2025-09-13,HM30,Black,gallon,ProMar200-Black-Gallon,31,31.0
5639,2025-09-12,2025-09-14,HM36,White,quart,ProMar200-White-Quart,53,13.25
5640,2025-09-12,2025-09-14,HM36,White,pail_5gal,ProMar200-White-Pail,13,65.0
5641,2025-09-12,2025-09-13,HM36,White,pail_5gal,Duration-White-Pail,7,35.0
5642,2025-09-12,2025-09-18,HM36,White,gallon,ProMar200-White-Gallon,19,19.0
5643,2025-09-12,2025-09-20,HM43,Red,gallon,Emerald-Red-Gallon,28,28.0
5644,2025-09-12,2025-09-14,HM47,Red,pail_5gal,Emerald-Red-Pail,13,65.0
5645,2025-09-12,2025-09-18,HM47,Red,quart,Duration-Red-Quart,179,44.75
5646,2025-09-12,2025-09-14,HM47,Red,gallon,Duration-Red-Gallon,11,11.0
5647,2025-09-12,2025-09-13,HM50,Clear,gallon,ProMar200-Clear-Gallon,59,59.0
5648,2025-09-12,2025-09-15,HM50,Clear,gallon,SuperPaint-Clear-Gallon,52,52.0
5649,2025-09-12,2025-09-15,HM50,Clear,pail_5gal,ProMar200-Clear-Pail,19,95.0
5650,2025-09-12,2025-09-17,HM50,Clear,quart,ProMar200-Clear-Quart,44,11.0
5651,2025-09-12,2025-09-18,HM56,White,quart,ProMar200-White-Quart,92,23.0
5652,2025-09-12,2025-09-13,HM56,White,quart,ProMar200-White-Quart,55,13.75
5653,2025-09-13,2025-09-17,HM01,White,gallon,SuperPaint-White-Gallon,18,18.0
5654,2025-09-13,2025-09-16,HM12,Blue/Green,gallon,SuperPaint-Blue/Green-Gallon,20,20.0
5655,2025-09-13,2025-09-14,HM13,Blue/Green,gallon,SuperPaint-Blue/Green-Gallon,14,14.0
5656,2025-09-13,2025-09-16,HM13,Blue/Green,quart,Emerald-Blue/Green-Quart,133,33.25
5657,2025-09-13,2025-09-15,HM13,Blue/Green,gallon,Emerald-Blue/Green-Gallon,84,84.0
5658,2025-09-13,2025-09-15,HM13,Blue/Green,quart,SuperPaint-Blue/Green-Quart,201,50.25
5659,2025-09-13,2025-09-14,HM14,Blue/Green,gallon,SuperPaint-Blue/Green-Gallon,117,117.0
5660,2025-09-13,2025-09-14,HM14,Blue/Green,quart,Emerald-Blue/Green-Quart,104,26.0
5661,2025-09-13,2025-09-19,HM20,Black,pail_5gal,ProMar200-Black-Pail,12,60.0
5662,2025-09-13,2025-09-17,HM20,Black,quart,PrepRite-Black-Quart,258,64.5
5663,2025-09-13,2025-09-15,HM25,Black,gallon,ProMar200-Black-Gallon,37,37.0
5664,2025-09-13,2025-09-15,HM25,Black,pail_5gal,ProMar200-Black-Pail,26,130.0
5665,2025-09-13,2025-09-18,HM30,Black,gallon,PrepRite-Black-Gallon,127,127.0
5666,2025-09-13,2025-09-15,HM36,White,gallon,SuperPaint-White-Gallon,107,107.0
5667,2025-09-13,2025-09-15,HM47,Red,gallon,Duration-Red-Gallon,11,11.0
5668,2025-09-13,2025-09-14,HM50,Clear,quart,SuperPaint-Clear-Quart,57,14.25
5669,2025-09-13,2025-09-16,HM50,Clear,quart,SuperPaint-Clear-Quart,81,20.25
5670,2025-09-14,2025-09-15,HM12,Blue/Green,quart,Emerald-Blue/Green-Quart,76,19.0
5671,2025-09-14,2025-09-19,HM14,Blue/Green,quart,Emerald-Blue/Green-Quart,40,10.0
5672,2025-09-14,2025-09-15,HM20,Black,quart,ProMar200-Black-Quart,198,49.5
5673,2025-09-14,2025-09-23,HM20,Black,quart,ProMar200-Black-Quart,54,13.5
5674,2025-09-14,2025-09-16,HM25,Black,gallon,ProMar200-Black-Gallon,79,79.0
5675,2025-09-14,2025-09-18,HM25,Black,pail_5gal,PrepRite-Black-Pail,5,25.0
5676,2025-09-14,2025-09-16,HM30,Black,gallon,PrepRite-Black-Gallon,108,108.0
5677,2025-09-14,2025-09-20,HM43,Red,gallon,Emerald-Red-Gallon,22,22.0
5678,2025-09-14,2025-09-18,HM47,Red,gallon,Duration-Red-Gallon,27,27.0
5679,2025-09-14,2025-09-15,HM47,Red,quart,Emerald-Red-Quart,75,18.75
5680,2025-09-14,2025-09-19,HM50,Clear,pail_5gal,ProMar200-Clear-Pail,13,65.0
5681,2025-09-15,2025-09-16,HM12,Blue/Green,pail_5gal,SuperPaint-Blue/Green-Pail,2,10.0
5682,2025-09-15,2025-09-16,HM12,Blue/Green,gallon,Emerald-Blue/Green-Gallon,42,42.0
5683,2025-09-15,2025-09-16,HM13,Blue/Green,pail_5gal,SuperPaint-Blue/Green-Pail,25,125.0
5684,2025-09-15,2025-09-18,HM14,Blue/Green,quart,Emerald-Blue/Green-Quart,82,20.5
5685,2025-09-15,2025-09-16,HM20,Black,quart,ProMar200-Black-Quart,61,15.25
5686,2025-09-15,2025-09-19,HM20,Black,quart,PrepRite-Black-Quart,62,15.5
5687,2025-09-15,2025-09-29,HM20,Black,gallon,PrepRite-Black-Gallon,21,21.0
5688,2025-09-15,2025-09-16,HM20,Black,quart,ProMar200-Black-Quart,145,36.25
5689,2025-09-15,2025-09-16,HM20,Black,gallon,PrepRite-Black-Gallon,53,53.0
5690,2025-09-15,2025-09-16,HM25,Black,pail_5gal,ProMar200-Black-Pail,12,60.0
5691,2025-09-15,2025-09-16,HM25,Black,quart,PrepRite-Black-Quart,107,26.75
5692,2025-09-15,2025-09-16,HM30,Black,gallon,ProMar200-Black-Gallon,32,32.0
5693,2025-09-15,2025-09-20,HM30,Black,gallon,ProMar200-Black-Gallon,51,51.0
5694,2025-09-15,2025-09-29,HM43,Red,pail_5gal,Duration-Red-Pail,21,105.0
5695,2025-09-15,2025-09-18,HM43,Red,pail_5gal,Emerald-Red-Pail,4,20.0
5696,2025-09-15,2025-09-16,HM43,Red,gallon,Duration-Red-Gallon,80,80.0
5697,2025-09-15,2025-09-16,HM47,Red,gallon,Duration-Red-Gallon,56,56.0
5698,2025-09-15,2025-09-18,HM47,Red,quart,Emerald-Red-Quart,153,38.25
5699,2025-09-16,2025-09-22,HM12,Blue/Green,quart,Emerald-Blue/Green-Quart,103,25.75
5700,2025-09-16,2025-09-19,HM12,Blue/Green,gallon,SuperPaint-Blue/Green-Gallon,7,7.0
5701,2025-09-16,2025-09-21,HM13,Blue/Green,gallon,SuperPaint-Blue/Green-Gallon,20,20.0
5702,2025-09-16,2025-09-29,HM13,Blue/Green,gallon,Emerald-Blue/Green-Gallon,15,15.0
5703,2025-09-16,2025-09-17,HM14,Blue/Green,gallon,Emerald-Blue/Green-Gallon,37,37.0
5704,2025-09-16,2025-09-18,HM14,Blue/Green,quart,Emerald-Blue/Green-Quart,252,63.0
5705,2025-09-16,2025-09-19,HM14,Blue/Green,quart,SuperPaint-Blue/Green-Quart,84,21.0
5706,2025-09-16,2025-09-19,HM16,Red,gallon,Duration-Red-Gallon,16,16.0
5707,2025-09-16,2025-09-18,HM16,Red,pail_5gal,Emerald-Red-Pail,7,35.0
5708,2025-09-16,2025-09-20,HM20,Black,quart,ProMar200-Black-Quart,66,16.5
5709,2025-09-16,2025-09-25,HM20,Black,pail_5gal,PrepRite-Black-Pail,5,25.0
5710,2025-09-16,2025-09-20,HM20,Black,pail_5gal,ProMar200-Black-Pail,10,50.0
5711,2025-09-16,2025-09-19,HM25,Black,gallon,PrepRite-Black-Gallon,32,32.0
5712,2025-09-16,2025-09-24,HM30,Black,quart,ProMar200-Black-Quart,152,38.0
5713,2025-09-16,2025-09-24,HM30,Black,quart,PrepRite-Black-Quart,69,17.25
5714,2025-09-16,2025-09-18,HM30,Black,gallon,PrepRite-Black-Gallon,62,62.0
5715,2025-09-16,2025-09-18,HM30,Black,gallon,ProMar200-Black-Gallon,39,39.0
5716,2025-09-16,2025-09-17,HM36,White,quart,Duration-White-Quart,290,72.5
5717,2025-09-16,2025-09-18,HM43,Red,gallon,Duration-Red-Gallon,21,21.0
5718,2025-09-16,2025-09-20,HM47,Red,gallon,Emerald-Red-Gallon,75,75.0
5719,2025-09-16,2025-09-18,HM50,Clear,pail_5gal,SuperPaint-Clear-Pail,14,70.0
5720,2025-09-16,2025-09-19,HM50,Clear,pail_5gal,ProMar200-Clear-Pail,2,10.0
5721,2025-09-16,2025-09-19,HM56,White,quart,SuperPaint-White-Quart,69,17.25
5722,2025-09-16,2025-09-18,HM56,White,quart,SuperPaint-White-Quart,82,20.5
5723,2025-09-16,2025-09-17,HM56,White,gallon,ProMar200-White-Gallon,34,34.0
5724,2025-09-16,2025-09-17,HM56,White,gallon,SuperPaint-White-Gallon,12,12.0
5725,2025-09-17,2025-09-24,HM01,White,gallon,Duration-White-Gallon,30,30.0
5726,2025-09-17,2025-09-20,HM13,Blue/Green,gallon,SuperPaint-Blue/Green-Gallon,71,71.0
5727,2025-09-17,2025-09-19,HM14,Blue/Green,gallon,SuperPaint-Blue/Green-Gallon,27,27.0
5728,2025-09-17,2025-09-20,HM14,Blue/Green,gallon,Emerald-Blue/Green-Gallon,35,35.0
5729,2025-09-17,2025-09-20,HM14,Blue/Green,pail_5gal,SuperPaint-Blue/Green-Pail,8,40.0
5730,2025-09-17,2025-09-21,HM14,Blue/Green,gallon,Emerald-Blue/Green-Gallon,62,62.0
5731,2025-09-17,2025-09-19,HM14,Blue/Green,gallon,SuperPaint-Blue/Green-Gallon,49,49.0
5732,2025-09-17,2025-09-20,HM16,Red,gallon,Duration-Red-Gallon,32,32.0
5733,2025-09-17,2025-09-18,HM20,Black,quart,PrepRite-Black-Quart,206,51.5
5734,2025-09-17,2025-09-23,HM20,Black,gallon,ProMar200-Black-Gallon,69,69.0
5735,2025-09-17,2025-09-20,HM20,Black,gallon,ProMar200-Black-Gallon,44,44.0
5736,2025-09-17,2025-09-23,HM30,Black,pail_5gal,ProMar200-Black-Pail,11,55.0
5737,2025-09-17,2025-09-22,HM30,Black,gallon,PrepRite-Black-Gallon,51,51.0
5738,2025-09-17,2025-09-18,HM30,Black,pail_5gal,PrepRite-Black-Pail,5,25.0
5739,2025-09-17,2025-09-21,HM30,Black,gallon,ProMar200-Black-Gallon,45,45.0
5740,2025-09-17,2025-09-29,HM36,White,pail_5gal,ProMar200-White-Pail,4,20.0
5741,2025-09-17,2025-09-24,HM36,White,gallon,ProMar200-White-Gallon,27,27.0
5742,2025-09-17,2025-09-21,HM43,Red,quart,Emerald-Red-Quart,63,15.75
5743,2025-09-17,2025-09-19,HM47,Red,quart,Duration-Red-Quart,70,17.5
5744,2025-09-17,2025-09-23,HM47,Red,pail_5gal,Duration-Red-Pail,6,30.0
5745,2025-09-17,2025-09-19,HM47,Red,quart,Emerald-Red-Quart,246,61.5
5746,2025-09-17,2025-09-20,HM47,Red,pail_5gal,Emerald-Red-Pail,7,35.0
5747,2025-09-17,2025-09-18,HM50,Clear,gallon,SuperPaint-Clear-Gallon,46,46.0
5748,2025-09-17,2025-09-20,HM56,White,gallon,SuperPaint-White-Gallon,55,55.0
5749,2025-09-18,2025-09-21,HM13,Blue/Green,quart,SuperPaint-Blue/Green-Quart,77,19.25
5750,2025-09-18,2025-09-22,HM13,Blue/Green,gallon,Emerald-Blue/Green-Gallon,84,84.0
5751,2025-09-18,2025-09-21,HM14,Blue/Green,quart,Emerald-Blue/Green-Quart,75,18.75
5752,2025-09-18,2025-09-23,HM14,Blue/Green,pail_5gal,SuperPaint-Blue/Green-Pail,5,25.0
5753,2025-09-18,2025-09-20,HM14,Blue/Green,quart,Emerald-Blue/Green-Quart,181,45.25
5754,2025-09-18,2025-09-19,HM16,Red,pail_5gal,Duration-Red-Pail,15,75.0
5755,2025-09-18,2025-09-21,HM16,Red,pail_5gal,Duration-Red-Pail,7,35.0
5756,2025-09-18,2025-09-23,HM25,Black,gallon,PrepRite-Black-Gallon,46,46.0
5757,2025-09-18,2025-09-21,HM30,Black,gallon,ProMar200-Black-Gallon,19,19.0
5758,2025-09-18,2025-09-23,HM30,Black,gallon,PrepRite-Black-Gallon,19,19.0
5759,2025-09-18,2025-09-20,HM36,White,gallon,SuperPaint-White-Gallon,19,19.0
5760,2025-09-18,2025-09-22,HM36,White,quart,SuperPaint-White-Quart,40,10.0
5761,2025-09-18,2025-09-22,HM36,White,quart,ProMar200-White-Quart,163,40.75
5762,2025-09-18,2025-09-22,HM43,Red,quart,Duration-Red-Quart,237,59.25
5763,2025-09-18,2025-09-19,HM43,Red,gallon,Duration-Red-Gallon,42,42.0
5764,2025-09-18,2025-09-20,HM56,White,gallon,SuperPaint-White-Gallon,37,37.0
5765,2025-09-19,2025-09-22,HM01,White,quart,ProMar200-White-Quart,30,7.5
5766,2025-09-19,2025-09-21,HM01,White,quart,SuperPaint-White-Quart,115,28.75
5767,2025-09-19,2025-09-27,HM12,Blue/Green,gallon,Emerald-Blue/Green-Gallon,24,24.0
5768,2025-09-19,2025-09-22,HM13,Blue/Green,pail_5gal,SuperPaint-Blue/Green-Pail,1,5.0
5769,2025-09-19,2025-09-20,HM14,Blue/Green,quart,SuperPaint-Blue/Green-Quart,73,18.25
5770,2025-09-19,2025-09-20,HM14,Blue/Green,pail_5gal,SuperPaint-Blue/Green-Pail,6,30.0
5771,2025-09-19,2025-09-20,HM16,Red,gallon,Duration-Red-Gallon,73,73.0
5772,2025-09-19,2025-09-20,HM16,Red,pail_5gal,Emerald-Red-Pail,8,40.0
5773,2025-09-19,2025-09-21,HM16,Red,pail_5gal,Emerald-Red-Pail,6,30.0
5774,2025-09-19,2025-09-22,HM16,Red,gallon,Duration-Red-Gallon,77,77.0
5775,2025-09-19,2025-09-22,HM16,Red,gallon,Duration-Red-Gallon,18,18.0
5776,2025-09-19,2025-09-26,HM20,Black,gallon,PrepRite-Black-Gallon,39,39.0
5777,2025-09-19,2025-09-21,HM20,Black,gallon,ProMar200-Black-Gallon,14,14.0
5778,2025-09-19,2025-09-22,HM25,Black,quart,ProMar200-Black-Quart,90,22.5
5779,2025-09-19,2025-09-21,HM25,Black,gallon,PrepRite-Black-Gallon,23,23.0
5780,2025-09-19,2025-09-20,HM30,Black,gallon,PrepRite-Black-Gallon,10,10.0
5781,2025-09-19,2025-09-21,HM36,White,gallon,Duration-White-Gallon,15,15.0
5782,2025-09-19,2025-09-20,HM43,Red,gallon,Emerald-Red-Gallon,15,15.0
5783,2025-09-19,2025-09-21,HM43,Red,pail_5gal,Duration-Red-Pail,6,30.0
5784,2025-09-19,2025-09-24,HM47,Red,gallon,Emerald-Red-Gallon,24,24.0
5785,2025-09-19,2025-09-20,HM47,Red,gallon,Emerald-Red-Gallon,127,127.0
5786,2025-09-19,2025-09-21,HM47,Red,pail_5gal,Emerald-Red-Pail,15,75.0
5787,2025-09-19,2025-09-23,HM50,Clear,quart,ProMar200-Clear-Quart,66,16.5
5788,2025-09-19,2025-09-20,HM56,White,gallon,ProMar200-White-Gallon,21,21.0
5789,2025-09-20,2025-10-01,HM01,White,quart,ProMar200-White-Quart,139,34.75
5790,2025-09-20,2025-09-23,HM12,Blue/Green,gallon,SuperPaint-Blue/Green-Gallon,15,15.0
5791,2025-09-20,2025-09-24,HM13,Blue/Green,quart,Emerald-Blue/Green-Quart,73,18.25
5792,2025-09-20,2025-09-23,HM13,Blue/Green,quart,SuperPaint-Blue/Green-Quart,27,6.75
5793,2025-09-20,2025-09-22,HM13,Blue/Green,gallon,SuperPaint-Blue/Green-Gallon,40,40.0
5794,2025-09-20,2025-09-22,HM14,Blue/Green,gallon,Emerald-Blue/Green-Gallon,33,33.0
5795,2025-09-20,2025-09-21,HM16,Red,quart,Emerald-Red-Quart,178,44.5
5796,2025-09-20,2025-09-30,HM20,Black,quart,ProMar200-Black-Quart,122,30.5
5797,2025-09-20,2025-09-23,HM25,Black,gallon,PrepRite-Black-Gallon,29,29.0
5798,2025-09-20,2025-09-27,HM25,Black,pail_5gal,PrepRite-Black-Pail,3,15.0
5799,2025-09-20,2025-10-01,HM30,Black,quart,PrepRite-Black-Quart,159,39.75
5800,2025-09-20,2025-09-23,HM30,Black,pail_5gal,PrepRite-Black-Pail,4,20.0
5801,2025-09-20,2025-09-23,HM30,Black,quart,PrepRite-Black-Quart,132,33.0
5802,2025-09-20,2025-09-28,HM47,Red,gallon,Emerald-Red-Gallon,29,29.0
5803,2025-09-20,2025-09-25,HM47,Red,pail_5gal,Emerald-Red-Pail,8,40.0
5804,2025-09-20,2025-09-21,HM50,Clear,gallon,ProMar200-Clear-Gallon,38,38.0
5805,2025-09-20,2025-09-21,HM56,White,gallon,ProMar200-White-Gallon,93,93.0
5806,2025-09-21,2025-09-22,HM12,Blue/Green,quart,Emerald-Blue/Green-Quart,241,60.25
5807,2025-09-21,2025-09-22,HM12,Blue/Green,gallon,Emerald-Blue/Green-Gallon,53,53.0
5808,2025-09-21,2025-09-24,HM13,Blue/Green,quart,Emerald-Blue/Green-Quart,85,21.25
5809,2025-09-21,2025-09-23,HM14,Blue/Green,pail_5gal,SuperPaint-Blue/Green-Pail,8,40.0
5810,2025-09-21,2025-09-23,HM16,Red,pail_5gal,Duration-Red-Pail,10,50.0
5811,2025-09-21,2025-09-24,HM16,Red,pail_5gal,Emerald-Red-Pail,6,30.0
5812,2025-09-21,2025-09-25,HM20,Black,quart,PrepRite-Black-Quart,128,32.0
5813,2025-09-21,2025-09-23,HM25,Black,quart,ProMar200-Black-Quart,500,125.0
5814,2025-09-21,2025-09-26,HM30,Black,gallon,ProMar200-Black-Gallon,26,26.0
5815,2025-09-21,2025-09-22,HM30,Black,gallon,PrepRite-Black-Gallon,49,49.0
5816,2025-09-21,2025-09-25,HM36,White,pail_5gal,SuperPaint-White-Pail,6,30.0
5817,2025-09-21,2025-09-23,HM36,White,gallon,ProMar200-White-Gallon,23,23.0
5818,2025-09-21,2025-09-23,HM43,Red,quart,Emerald-Red-Quart,260,65.0
5819,2025-09-21,2025-09-27,HM47,Red,gallon,Duration-Red-Gallon,37,37.0
5820,2025-09-21,2025-09-23,HM47,Red,quart,Emerald-Red-Quart,161,40.25
5821,2025-09-21,2025-09-23,HM50,Clear,quart,ProMar200-Clear-Quart,228,57.0
5822,2025-09-21,2025-09-22,HM56,White,quart,ProMar200-White-Quart,125,31.25
5823,2025-09-22,2025-09-27,HM12,Blue/Green,quart,Emerald-Blue/Green-Quart,111,27.75
5824,2025-09-22,2025-09-23,HM12,Blue/Green,quart,Emerald-Blue/Green-Quart,500,125.0
5825,2025-09-22,2025-09-24,HM12,Blue/Green,gallon,SuperPaint-Blue/Green-Gallon,43,43.0
5826,2025-09-22,2025-09-26,HM14,Blue/Green,pail_5gal,Emerald-Blue/Green-Pail,2,10.0
5827,2025-09-22,2025-09-24,HM16,Red,pail_5gal,Duration-Red-Pail,4,20.0
5828,2025-09-22,2025-09-23,HM16,Red,pail_5gal,Emerald-Red-Pail,7,35.0
5829,2025-09-22,2025-09-28,HM30,Black,gallon,ProMar200-Black-Gallon,10,10.0
5830,2025-09-22,2025-09-25,HM36,White,pail_5gal,SuperPaint-White-Pail,14,70.0
5831,2025-09-22,2025-09-25,HM36,White,quart,ProMar200-White-Quart,122,30.5
5832,2025-09-22,2025-09-23,HM43,Red,gallon,Emerald-Red-Gallon,27,27.0
5833,2025-09-22,2025-09-23,HM47,Red,gallon,Duration-Red-Gallon,21,21.0
5834,2025-09-22,2025-09-23,HM47,Red,gallon,Emerald-Red-Gallon,33,33.0
5835,2025-09-22,2025-09-24,HM50,Clear,gallon,ProMar200-Clear-Gallon,10,10.0
5836,2025-09-22,2025-09-27,HM50,Clear,gallon,SuperPaint-Clear-Gallon,14,14.0
5837,2025-09-22,2025-10-06,HM56,White,gallon,SuperPaint-White-Gallon,17,17.0
5838,2025-09-22,2025-09-25,HM56,White,gallon,SuperPaint-White-Gallon,67,67.0
5839,2025-09-23,2025-09-24,HM01,White,gallon,ProMar200-White-Gallon,17,17.0
5840,2025-09-23,2025-09-26,HM01,White,quart,Duration-White-Quart,33,8.25
5841,2025-09-23,2025-09-26,HM01,White,quart,Duration-White-Quart,187,46.75
5842,2025-09-23,2025-09-26,HM12,Blue/Green,quart,SuperPaint-Blue/Green-Quart,141,35.25
5843,2025-09-23,2025-09-25,HM12,Blue/Green,quart,Emerald-Blue/Green-Quart,109,27.25
5844,2025-09-23,2025-09-24,HM13,Blue/Green,quart,SuperPaint-Blue/Green-Quart,90,22.5
5845,2025-09-23,2025-09-24,HM13,Blue/Green,gallon,Emerald-Blue/Green-Gallon,47,47.0
5846,2025-09-23,2025-09-24,HM13,Blue/Green,quart,Emerald-Blue/Green-Quart,51,12.75
5847,2025-09-23,2025-09-25,HM13,Blue/Green,gallon,SuperPaint-Blue/Green-Gallon,90,90.0
5848,2025-09-23,2025-09-29,HM14,Blue/Green,quart,SuperPaint-Blue/Green-Quart,75,18.75
5849,2025-09-23,2025-09-28,HM20,Black,gallon,PrepRite-Black-Gallon,27,27.0
5850,2025-09-23,2025-09-25,HM25,Black,quart,ProMar200-Black-Quart,121,30.25
5851,2025-09-23,2025-09-25,HM30,Black,gallon,PrepRite-Black-Gallon,40,40.0
5852,2025-09-23,2025-09-26,HM30,Black,pail_5gal,ProMar200-Black-Pail,6,30.0
5853,2025-09-23,2025-09-25,HM30,Black,quart,PrepRite-Black-Quart,247,61.75
5854,2025-09-23,2025-09-25,HM30,Black,quart,ProMar200-Black-Quart,109,27.25
5855,2025-09-23,2025-09-26,HM36,White,quart,SuperPaint-White-Quart,200,50.0
5856,2025-09-23,2025-09-26,HM36,White,gallon,SuperPaint-White-Gallon,32,32.0
5857,2025-09-23,2025-09-24,HM43,Red,gallon,Duration-Red-Gallon,41,41.0
5858,2025-09-23,2025-09-25,HM47,Red,gallon,Duration-Red-Gallon,15,15.0
5859,2025-09-23,2025-09-25,HM47,Red,quart,Emerald-Red-Quart,116,29.0
5860,2025-09-23,2025-09-27,HM47,Red,quart,Emerald-Red-Quart,500,125.0
5861,2025-09-23,2025-09-30,HM50,Clear,quart,ProMar200-Clear-Quart,66,16.5
5862,2025-09-23,2025-09-25,HM56,White,quart,Duration-White-Quart,59,14.75
5863,2025-09-24,2025-09-27,HM01,White,gallon,ProMar200-White-Gallon,94,94.0
5864,2025-09-24,2025-10-02,HM01,White,quart,Duration-White-Quart,71,17.75
5865,2025-09-24,2025-09-26,HM01,White,quart,ProMar200-White-Quart,148,37.0
5866,2025-09-24,2025-10-08,HM01,White,quart,ProMar200-White-Quart,59,14.75
5867,2025-09-24,2025-09-29,HM01,White,gallon,Duration-White-Gallon,23,23.0
5868,2025-09-24,2025-09-26,HM13,Blue/Green,gallon,SuperPaint-Blue/Green-Gallon,23,23.0
5869,2025-09-24,2025-09-29,HM13,Blue/Green,quart,SuperPaint-Blue/Green-Quart,48,12.0
5870,2025-09-24,2025-09-25,HM13,Blue/Green,gallon,SuperPaint-Blue/Green-Gallon,38,38.0
5871,2025-09-24,2025-09-28,HM16,Red,quart,Emerald-Red-Quart,129,32.25
5872,2025-09-24,2025-09-26,HM16,Red,quart,Duration-Red-Quart,220,55.0
5873,2025-09-24,2025-09-27,HM16,Red,quart,Duration-Red-Quart,283,70.75
5874,2025-09-24,2025-09-26,HM16,Red,gallon,Emerald-Red-Gallon,57,57.0
5875,2025-09-24,2025-09-27,HM20,Black,pail_5gal,PrepRite-Black-Pail,6,30.0
5876,2025-09-24,2025-09-27,HM20,Black,gallon,PrepRite-Black-Gallon,80,80.0
5877,2025-09-24,2025-09-26,HM25,Black,quart,PrepRite-Black-Quart,271,67.75
5878,2025-09-24,2025-09-25,HM30,Black,quart,ProMar200-Black-Quart,80,20.0
5879,2025-09-24,2025-09-25,HM43,Red,gallon,Duration-Red-Gallon,11,11.0
5880,2025-09-24,2025-09-27,HM43,Red,quart,Emerald-Red-Quart,230,57.5
5881,2025-09-24,2025-09-25,HM47,Red,gallon,Duration-Red-Gallon,23,23.0
5882,2025-09-24,2025-09-25,HM50,Clear,gallon,SuperPaint-Clear-Gallon,36,36.0
5883,2025-09-24,2025-09-25,HM50,Clear,gallon,SuperPaint-Clear-Gallon,43,43.0
5884,2025-09-24,2025-09-29,HM56,White,quart,Duration-White-Quart,82,20.5
5885,2025-09-25,2025-09-28,HM01,White,quart,SuperPaint-White-Quart,191,47.75
5886,2025-09-25,2025-09-28,HM12,Blue/Green,quart,Emerald-Blue/Green-Quart,134,33.5
5887,2025-09-25,2025-09-26,HM13,Blue/Green,quart,SuperPaint-Blue/Green-Quart,99,24.75
5888,2025-09-25,2025-09-30,HM14,Blue/Green,quart,Emerald-Blue/Green-Quart,104,26.0
5889,2025-09-25,2025-09-26,HM16,Red,gallon,Duration-Red-Gallon,25,25.0
5890,2025-09-25,2025-10-02,HM16,Red,gallon,Duration-Red-Gallon,32,32.0
5891,2025-09-25,2025-09-28,HM20,Black,gallon,ProMar200-Black-Gallon,68,68.0
5892,2025-09-25,2025-09-27,HM20,Black,quart,ProMar200-Black-Quart,43,10.75
5893,2025-09-25,2025-10-01,HM25,Black,pail_5gal,ProMar200-Black-Pail,8,40.0
5894,2025-09-25,2025-09-28,HM25,Black,gallon,ProMar200-Black-Gallon,17,17.0
5895,2025-09-25,2025-09-27,HM36,White,quart,SuperPaint-White-Quart,43,10.75
5896,2025-09-25,2025-09-29,HM36,White,quart,Duration-White-Quart,87,21.75
5897,2025-09-25,2025-09-29,HM36,White,quart,SuperPaint-White-Quart,98,24.5
5898,2025-09-25,2025-09-29,HM36,White,quart,SuperPaint-White-Quart,167,41.75
5899,2025-09-25,2025-09-30,HM36,White,pail_5gal,ProMar200-White-Pail,8,40.0
5900,2025-09-25,2025-10-07,HM50,Clear,quart,ProMar200-Clear-Quart,70,17.5
5901,2025-09-25,2025-09-28,HM50,Clear,gallon,SuperPaint-Clear-Gallon,36,36.0
5902,2025-09-25,2025-09-27,HM56,White,gallon,Duration-White-Gallon,28,28.0
5903,2025-09-26,2025-09-29,HM01,White,quart,Duration-White-Quart,225,56.25
5904,2025-09-26,2025-09-30,HM12,Blue/Green,quart,Emerald-Blue/Green-Quart,75,18.75
5905,2025-09-26,2025-09-27,HM12,Blue/Green,gallon,Emerald-Blue/Green-Gallon,21,21.0
5906,2025-09-26,2025-09-27,HM13,Blue/Green,quart,Emerald-Blue/Green-Quart,51,12.75
5907,2025-09-26,2025-09-29,HM13,Blue/Green,quart,Emerald-Blue/Green-Quart,151,37.75
5908,2025-09-26,2025-09-29,HM14,Blue/Green,quart,SuperPaint-Blue/Green-Quart,203,50.75
5909,2025-09-26,2025-09-27,HM16,Red,gallon,Duration-Red-Gallon,14,14.0
5910,2025-09-26,2025-10-03,HM16,Red,gallon,Duration-Red-Gallon,91,91.0
5911,2025-09-26,2025-09-30,HM16,Red,gallon,Emerald-Red-Gallon,34,34.0
5912,2025-09-26,2025-10-02,HM16,Red,pail_5gal,Emerald-Red-Pail,12,60.0
5913,2025-09-26,2025-09-27,HM20,Black,quart,PrepRite-Black-Quart,63,15.75
5914,2025-09-26,2025-09-27,HM20,Black,gallon,PrepRite-Black-Gallon,41,41.0
5915,2025-09-26,2025-09-28,HM20,Black,quart,PrepRite-Black-Quart,170,42.5
5916,2025-09-26,2025-09-30,HM20,Black,pail_5gal,ProMar200-Black-Pail,9,45.0
5917,2025-09-26,2025-09-27,HM25,Black,gallon,PrepRite-Black-Gallon,15,15.0
5918,2025-09-26,2025-09-29,HM30,Black,gallon,ProMar200-Black-Gallon,50,50.0
5919,2025-09-26,2025-09-27,HM30,Black,gallon,PrepRite-Black-Gallon,65,65.0
5920,2025-09-26,2025-09-27,HM30,Black,quart,ProMar200-Black-Quart,251,62.75
5921,2025-09-26,2025-09-28,HM30,Black,gallon,PrepRite-Black-Gallon,83,83.0
5922,2025-09-26,2025-09-30,HM30,Black,gallon,PrepRite-Black-Gallon,29,29.0
5923,2025-09-26,2025-09-27,HM36,White,quart,Duration-White-Quart,41,10.25
5924,2025-09-26,2025-09-30,HM43,Red,quart,Emerald-Red-Quart,62,15.5
5925,2025-09-26,2025-10-08,HM47,Red,pail_5gal,Emerald-Red-Pail,3,15.0
5926,2025-09-26,2025-09-28,HM50,Clear,quart,SuperPaint-Clear-Quart,68,17.0
5927,2025-09-27,2025-10-01,HM01,White,gallon,ProMar200-White-Gallon,44,44.0
5928,2025-09-27,2025-09-29,HM01,White,gallon,Duration-White-Gallon,23,23.0
5929,2025-09-27,2025-09-29,HM01,White,quart,SuperPaint-White-Quart,177,44.25
5930,2025-09-27,2025-09-28,HM12,Blue/Green,quart,Emerald-Blue/Green-Quart,84,21.0
5931,2025-09-27,2025-09-29,HM12,Blue/Green,quart,SuperPaint-Blue/Green-Quart,102,25.5
5932,2025-09-27,2025-09-29,HM12,Blue/Green,quart,SuperPaint-Blue/Green-Quart,107,26.75
5933,2025-09-27,2025-09-29,HM13,Blue/Green,quart,Emerald-Blue/Green-Quart,70,17.5
5934,2025-09-27,2025-09-29,HM13,Blue/Green,quart,SuperPaint-Blue/Green-Quart,113,28.25
5935,2025-09-27,2025-10-03,HM16,Red,gallon,Emerald-Red-Gallon,30,30.0
5936,2025-09-27,2025-09-30,HM20,Black,gallon,PrepRite-Black-Gallon,30,30.0
5937,2025-09-27,2025-10-02,HM20,Black,quart,ProMar200-Black-Quart,50,12.5
5938,2025-09-27,2025-09-28,HM20,Black,quart,ProMar200-Black-Quart,175,43.75
5939,2025-09-27,2025-10-02,HM25,Black,gallon,PrepRite-Black-Gallon,96,96.0
5940,2025-09-27,2025-09-29,HM30,Black,gallon,ProMar200-Black-Gallon,42,42.0
5941,2025-09-27,2025-09-29,HM36,White,gallon,SuperPaint-White-Gallon,13,13.0
5942,2025-09-27,2025-09-28,HM47,Red,gallon,Duration-Red-Gallon,69,69.0
5943,2025-09-27,2025-10-04,HM47,Red,gallon,Emerald-Red-Gallon,46,46.0
5944,2025-09-27,2025-10-04,HM50,Clear,gallon,ProMar200-Clear-Gallon,54,54.0
5945,2025-09-27,2025-09-30,HM50,Clear,pail_5gal,ProMar200-Clear-Pail,14,70.0
5946,2025-09-27,2025-09-28,HM56,White,quart,ProMar200-White-Quart,76,19.0
5947,2025-09-27,2025-10-06,HM56,White,quart,Duration-White-Quart,190,47.5
5948,2025-09-27,2025-09-28,HM56,White,gallon,ProMar200-White-Gallon,25,25.0
5949,2025-09-28,2025-09-30,HM01,White,quart,Duration-White-Quart,75,18.75
5950,2025-09-28,2025-10-03,HM12,Blue/Green,quart,Emerald-Blue/Green-Quart,107,26.75
5951,2025-09-28,2025-09-30,HM12,Blue/Green,quart,Emerald-Blue/Green-Quart,94,23.5
5952,2025-09-28,2025-09-29,HM16,Red,pail_5gal,Emerald-Red-Pail,7,35.0
5953,2025-09-28,2025-09-30,HM20,Black,gallon,ProMar200-Black-Gallon,52,52.0
5954,2025-09-28,2025-10-04,HM30,Black,quart,PrepRite-Black-Quart,69,17.25
5955,2025-09-28,2025-10-03,HM30,Black,quart,PrepRite-Black-Quart,218,54.5
5956,2025-09-28,2025-10-07,HM36,White,gallon,SuperPaint-White-Gallon,32,32.0
5957,2025-09-28,2025-09-29,HM36,White,quart,Duration-White-Quart,62,15.5
5958,2025-09-28,2025-10-01,HM43,Red,gallon,Emerald-Red-Gallon,31,31.0
5959,2025-09-28,2025-10-02,HM43,Red,gallon,Duration-Red-Gallon,12,12.0
5960,2025-09-28,2025-09-30,HM47,Red,gallon,Duration-Red-Gallon,95,95.0
5961,2025-09-28,2025-10-04,HM50,Clear,gallon,ProMar200-Clear-Gallon,15,15.0
5962,2025-09-28,2025-10-03,HM50,Clear,quart,ProMar200-Clear-Quart,94,23.5
5963,2025-09-28,2025-09-30,HM50,Clear,quart,ProMar200-Clear-Quart,93,23.25
5964,2025-09-28,2025-10-01,HM56,White,quart,SuperPaint-White-Quart,167,41.75
5965,2025-09-29,2025-10-04,HM01,White,quart,SuperPaint-White-Quart,76,19.0
5966,2025-09-29,2025-10-02,HM12,Blue/Green,gallon,SuperPaint-Blue/Green-Gallon,52,52.0
5967,2025-09-29,2025-10-02,HM12,Blue/Green,quart,Emerald-Blue/Green-Quart,90,22.5
5968,2025-09-29,2025-10-01,HM12,Blue/Green,quart,Emerald-Blue/Green-Quart,128,32.0
5969,2025-09-29,2025-10-01,HM13,Blue/Green,gallon,Emerald-Blue/Green-Gallon,10,10.0
5970,2025-09-29,2025-09-30,HM13,Blue/Green,gallon,Emerald-Blue/Green-Gallon,21,21.0
5971,2025-09-29,2025-10-03,HM14,Blue/Green,quart,Emerald-Blue/Green-Quart,253,63.25
5972,2025-09-29,2025-10-01,HM14,Blue/Green,pail_5gal,SuperPaint-Blue/Green-Pail,4,20.0
5973,2025-09-29,2025-10-01,HM14,Blue/Green,quart,Emerald-Blue/Green-Quart,218,54.5
5974,2025-09-29,2025-10-01,HM16,Red,gallon,Duration-Red-Gallon,27,27.0
5975,2025-09-29,2025-09-30,HM16,Red,gallon,Emerald-Red-Gallon,17,17.0
5976,2025-09-29,2025-10-02,HM16,Red,gallon,Duration-Red-Gallon,12,12.0
5977,2025-09-29,2025-10-08,HM20,Black,gallon,ProMar200-Black-Gallon,35,35.0
5978,2025-09-29,2025-10-09,HM25,Black,pail_5gal,ProMar200-Black-Pail,5,25.0
5979,2025-09-29,2025-10-13,HM30,Black,quart,PrepRite-Black-Quart,131,32.75
5980,2025-09-29,2025-10-02,HM30,Black,pail_5gal,PrepRite-Black-Pail,4,20.0
5981,2025-09-29,2025-10-01,HM36,White,quart,SuperPaint-White-Quart,101,25.25
5982,2025-09-29,2025-10-12,HM36,White,quart,ProMar200-White-Quart,27,6.75
5983,2025-09-29,2025-10-04,HM43,Red,quart,Duration-Red-Quart,127,31.75
5984,2025-09-29,2025-10-05,HM43,Red,pail_5gal,Duration-Red-Pail,6,30.0
5985,2025-09-29,2025-10-01,HM43,Red,gallon,Duration-Red-Gallon,105,105.0
5986,2025-09-29,2025-10-01,HM43,Red,gallon,Duration-Red-Gallon,42,42.0
5987,2025-09-29,2025-10-01,HM43,Red,gallon,Emerald-Red-Gallon,17,17.0
5988,2025-09-29,2025-10-01,HM43,Red,gallon,Emerald-Red-Gallon,80,80.0
5989,2025-09-29,2025-10-01,HM50,Clear,pail_5gal,ProMar200-Clear-Pail,4,20.0
5990,2025-09-29,2025-09-30,HM56,White,pail_5gal,SuperPaint-White-Pail,4,20.0
5991,2025-09-30,2025-10-01,HM01,White,gallon,ProMar200-White-Gallon,29,29.0
5992,2025-09-30,2025-10-03,HM13,Blue/Green,gallon,Emerald-Blue/Green-Gallon,21,21.0
5993,2025-09-30,2025-10-01,HM13,Blue/Green,quart,SuperPaint-Blue/Green-Quart,248,62.0
5994,2025-09-30,2025-10-02,HM14,Blue/Green,quart,SuperPaint-Blue/Green-Quart,128,32.0
5995,2025-09-30,2025-10-02,HM14,Blue/Green,gallon,Emerald-Blue/Green-Gallon,32,32.0
5996,2025-09-30,2025-10-04,HM16,Red,gallon,Duration-Red-Gallon,30,30.0
5997,2025-09-30,2025-10-01,HM16,Red,gallon,Duration-Red-Gallon,39,39.0
5998,2025-09-30,2025-10-01,HM16,Red,gallon,Duration-Red-Gallon,26,26.0
5999,2025-09-30,2025-10-06,HM16,Red,gallon,Emerald-Red-Gallon,14,14.0
6000,2025-09-30,2025-10-01,HM20,Black,quart,PrepRite-Black-Quart,63,15.75
6001,2025-09-30,2025-10-10,HM20,Black,gallon,PrepRite-Black-Gallon,150,150.0
6002,2025-09-30,2025-10-01,HM20,Black,pail_5gal,ProMar200-Black-Pail,6,30.0
6003,2025-09-30,2025-10-01,HM25,Black,gallon,PrepRite-Black-Gallon,48,48.0
6004,2025-09-30,2025-10-03,HM36,White,quart,Duration-White-Quart,151,37.75
6005,2025-09-30,2025-10-01,HM43,Red,pail_5gal,Emerald-Red-Pail,7,35.0
6006,2025-09-30,2025-10-01,HM43,Red,pail_5gal,Duration-Red-Pail,10,50.0
6007,2025-09-30,2025-10-03,HM50,Clear,quart,SuperPaint-Clear-Quart,134,33.5
6008,2025-09-30,2025-10-01,HM50,Clear,gallon,SuperPaint-Clear-Gallon,5,5.0
6009,2025-09-30,2025-10-01,HM56,White,gallon,ProMar200-White-Gallon,31,31.0
6010,2025-09-30,2025-10-04,HM56,White,quart,Duration-White-Quart,124,31.0
6011,2025-10-01,2025-10-02,HM01,White,gallon,ProMar200-White-Gallon,34,34.0
6012,2025-10-01,2025-10-03,HM12,Blue/Green,quart,Emerald-Blue/Green-Quart,119,29.75
6013,2025-10-01,2025-10-03,HM12,Blue/Green,gallon,SuperPaint-Blue/Green-Gallon,56,56.0
6014,2025-10-01,2025-10-04,HM13,Blue/Green,quart,SuperPaint-Blue/Green-Quart,87,21.75
6015,2025-10-01,2025-10-02,HM14,Blue/Green,quart,SuperPaint-Blue/Green-Quart,134,33.5
6016,2025-10-01,2025-10-06,HM14,Blue/Green,gallon,Emerald-Blue/Green-Gallon,52,52.0
6017,2025-10-01,2025-10-06,HM20,Black,pail_5gal,ProMar200-Black-Pail,9,45.0
6018,2025-10-01,2025-10-02,HM20,Black,pail_5gal,PrepRite-Black-Pail,12,60.0
6019,2025-10-01,2025-10-02,HM20,Black,quart,PrepRite-Black-Quart,65,16.25
6020,2025-10-01,2025-10-06,HM20,Black,gallon,PrepRite-Black-Gallon,22,22.0
6021,2025-10-01,2025-10-03,HM25,Black,pail_5gal,PrepRite-Black-Pail,3,15.0
6022,2025-10-01,2025-10-02,HM25,Black,gallon,PrepRite-Black-Gallon,11,11.0
6023,2025-10-01,2025-10-04,HM30,Black,pail_5gal,PrepRite-Black-Pail,10,50.0
6024,2025-10-01,2025-10-03,HM30,Black,gallon,PrepRite-Black-Gallon,36,36.0
6025,2025-10-01,2025-10-03,HM47,Red,gallon,Emerald-Red-Gallon,12,12.0
6026,2025-10-01,2025-10-05,HM47,Red,pail_5gal,Emerald-Red-Pail,14,70.0
6027,2025-10-01,2025-10-04,HM50,Clear,quart,SuperPaint-Clear-Quart,196,49.0
6028,2025-10-01,2025-10-03,HM56,White,gallon,SuperPaint-White-Gallon,57,57.0
6029,2025-10-01,2025-10-07,HM56,White,quart,ProMar200-White-Quart,153,38.25
6030,2025-10-01,2025-10-02,HM56,White,pail_5gal,SuperPaint-White-Pail,8,40.0
6031,2025-10-02,2025-10-08,HM01,White,gallon,Duration-White-Gallon,32,32.0
6032,2025-10-02,2025-10-05,HM01,White,gallon,Duration-White-Gallon,18,18.0
6033,2025-10-02,2025-10-04,HM12,Blue/Green,quart,SuperPaint-Blue/Green-Quart,75,18.75
6034,2025-10-02,2025-10-03,HM12,Blue/Green,gallon,Emerald-Blue/Green-Gallon,73,73.0
6035,2025-10-02,2025-10-04,HM13,Blue/Green,quart,SuperPaint-Blue/Green-Quart,28,7.0
6036,2025-10-02,2025-10-04,HM14,Blue/Green,quart,Emerald-Blue/Green-Quart,124,31.0
6037,2025-10-02,2025-10-05,HM14,Blue/Green,quart,Emerald-Blue/Green-Quart,93,23.25
6038,2025-10-02,2025-10-05,HM14,Blue/Green,gallon,Emerald-Blue/Green-Gallon,27,27.0
6039,2025-10-02,2025-10-04,HM16,Red,gallon,Duration-Red-Gallon,28,28.0
6040,2025-10-02,2025-10-05,HM16,Red,gallon,Emerald-Red-Gallon,49,49.0
6041,2025-10-02,2025-10-06,HM20,Black,gallon,PrepRite-Black-Gallon,50,50.0
6042,2025-10-02,2025-10-04,HM25,Black,pail_5gal,PrepRite-Black-Pail,8,40.0
6043,2025-10-02,2025-10-03,HM25,Black,gallon,PrepRite-Black-Gallon,56,56.0
6044,2025-10-02,2025-10-07,HM25,Black,gallon,PrepRite-Black-Gallon,23,23.0
6045,2025-10-02,2025-10-05,HM25,Black,gallon,PrepRite-Black-Gallon,31,31.0
6046,2025-10-02,2025-10-03,HM25,Black,gallon,PrepRite-Black-Gallon,46,46.0
6047,2025-10-02,2025-10-04,HM30,Black,gallon,ProMar200-Black-Gallon,43,43.0
6048,2025-10-02,2025-10-06,HM30,Black,pail_5gal,ProMar200-Black-Pail,7,35.0
6049,2025-10-02,2025-10-09,HM36,White,quart,ProMar200-White-Quart,78,19.5
6050,2025-10-02,2025-10-05,HM36,White,gallon,Duration-White-Gallon,19,19.0
6051,2025-10-02,2025-10-03,HM43,Red,gallon,Duration-Red-Gallon,16,16.0
6052,2025-10-02,2025-10-03,HM47,Red,gallon,Duration-Red-Gallon,17,17.0
6053,2025-10-02,2025-10-05,HM56,White,quart,ProMar200-White-Quart,179,44.75
6054,2025-10-02,2025-10-06,HM56,White,quart,Duration-White-Quart,115,28.75
6055,2025-10-02,2025-10-07,HM56,White,gallon,SuperPaint-White-Gallon,18,18.0
6056,2025-10-03,2025-10-07,HM01,White,gallon,ProMar200-White-Gallon,80,80.0
6057,2025-10-03,2025-10-06,HM01,White,quart,SuperPaint-White-Quart,94,23.5
6058,2025-10-03,2025-10-04,HM12,Blue/Green,gallon,SuperPaint-Blue/Green-Gallon,23,23.0
6059,2025-10-03,2025-10-07,HM12,Blue/Green,quart,SuperPaint-Blue/Green-Quart,104,26.0
6060,2025-10-03,2025-10-06,HM12,Blue/Green,quart,Emerald-Blue/Green-Quart,23,5.75
6061,2025-10-03,2025-10-05,HM13,Blue/Green,quart,SuperPaint-Blue/Green-Quart,85,21.25
6062,2025-10-03,2025-10-06,HM13,Blue/Green,gallon,SuperPaint-Blue/Green-Gallon,10,10.0
6063,2025-10-03,2025-10-05,HM13,Blue/Green,gallon,Emerald-Blue/Green-Gallon,37,37.0
6064,2025-10-03,2025-10-06,HM14,Blue/Green,quart,SuperPaint-Blue/Green-Quart,81,20.25
6065,2025-10-03,2025-10-07,HM14,Blue/Green,quart,SuperPaint-Blue/Green-Quart,120,30.0
6066,2025-10-03,2025-10-05,HM14,Blue/Green,quart,Emerald-Blue/Green-Quart,126,31.5
6067,2025-10-03,2025-10-05,HM14,Blue/Green,gallon,SuperPaint-Blue/Green-Gallon,86,86.0
6068,2025-10-03,2025-10-04,HM16,Red,pail_5gal,Duration-Red-Pail,16,80.0
6069,2025-10-03,2025-10-07,HM16,Red,gallon,Duration-Red-Gallon,81,81.0
6070,2025-10-03,2025-10-05,HM20,Black,pail_5gal,ProMar200-Black-Pail,3,15.0
6071,2025-10-03,2025-10-07,HM20,Black,quart,ProMar200-Black-Quart,208,52.0
6072,2025-10-03,2025-10-11,HM25,Black,pail_5gal,ProMar200-Black-Pail,7,35.0
6073,2025-10-03,2025-10-06,HM25,Black,gallon,ProMar200-Black-Gallon,24,24.0
6074,2025-10-03,2025-10-06,HM30,Black,gallon,ProMar200-Black-Gallon,18,18.0
6075,2025-10-03,2025-10-05,HM30,Black,gallon,ProMar200-Black-Gallon,34,34.0
6076,2025-10-03,2025-10-05,HM30,Black,pail_5gal,PrepRite-Black-Pail,18,90.0
6077,2025-10-03,2025-10-04,HM36,White,gallon,SuperPaint-White-Gallon,22,22.0
6078,2025-10-03,2025-10-07,HM36,White,quart,SuperPaint-White-Quart,163,40.75
6079,2025-10-03,2025-10-05,HM36,White,gallon,SuperPaint-White-Gallon,41,41.0
6080,2025-10-03,2025-10-04,HM43,Red,pail_5gal,Emerald-Red-Pail,3,15.0
6081,2025-10-03,2025-10-06,HM43,Red,pail_5gal,Duration-Red-Pail,7,35.0
6082,2025-10-03,2025-10-05,HM47,Red,gallon,Emerald-Red-Gallon,38,38.0
6083,2025-10-03,2025-10-04,HM47,Red,quart,Emerald-Red-Quart,89,22.25
6084,2025-10-03,2025-10-05,HM50,Clear,quart,SuperPaint-Clear-Quart,213,53.25
6085,2025-10-03,2025-10-05,HM50,Clear,quart,ProMar200-Clear-Quart,137,34.25
6086,2025-10-03,2025-10-09,HM56,White,gallon,SuperPaint-White-Gallon,35,35.0
6087,2025-10-03,2025-10-09,HM56,White,quart,SuperPaint-White-Quart,63,15.75
6088,2025-10-04,2025-10-13,HM01,White,quart,SuperPaint-White-Quart,51,12.75
6089,2025-10-04,2025-10-08,HM12,Blue/Green,quart,SuperPaint-Blue/Green-Quart,248,62.0
6090,2025-10-04,2025-10-08,HM12,Blue/Green,quart,Emerald-Blue/Green-Quart,115,28.75
6091,2025-10-04,2025-10-13,HM14,Blue/Green,pail_5gal,SuperPaint-Blue/Green-Pail,5,25.0
6092,2025-10-04,2025-10-05,HM14,Blue/Green,gallon,Emerald-Blue/Green-Gallon,36,36.0
6093,2025-10-04,2025-10-09,HM14,Blue/Green,quart,Emerald-Blue/Green-Quart,190,47.5
6094,2025-10-04,2025-10-06,HM20,Black,pail_5gal,PrepRite-Black-Pail,10,50.0
6095,2025-10-04,2025-10-06,HM25,Black,gallon,ProMar200-Black-Gallon,45,45.0
6096,2025-10-04,2025-10-06,HM25,Black,quart,PrepRite-Black-Quart,50,12.5
6097,2025-10-04,2025-10-07,HM30,Black,quart,PrepRite-Black-Quart,321,80.25
6098,2025-10-04,2025-10-06,HM30,Black,gallon,PrepRite-Black-Gallon,39,39.0
6099,2025-10-04,2025-10-07,HM30,Black,gallon,ProMar200-Black-Gallon,43,43.0
6100,2025-10-04,2025-10-14,HM36,White,gallon,ProMar200-White-Gallon,14,14.0
6101,2025-10-04,2025-10-11,HM47,Red,gallon,Emerald-Red-Gallon,18,18.0
6102,2025-10-04,2025-10-09,HM47,Red,gallon,Duration-Red-Gallon,100,100.0
6103,2025-10-04,2025-10-09,HM50,Clear,quart,SuperPaint-Clear-Quart,44,11.0
6104,2025-10-04,2025-10-09,HM56,White,gallon,SuperPaint-White-Gallon,31,31.0
6105,2025-10-05,2025-10-06,HM01,White,pail_5gal,Duration-White-Pail,15,75.0
6106,2025-10-05,2025-10-10,HM14,Blue/Green,gallon,SuperPaint-Blue/Green-Gallon,22,22.0
6107,2025-10-05,2025-10-08,HM14,Blue/Green,pail_5gal,Emerald-Blue/Green-Pail,7,35.0
6108,2025-10-05,2025-10-06,HM16,Red,pail_5gal,Duration-Red-Pail,6,30.0
6109,2025-10-05,2025-10-08,HM16,Red,quart,Duration-Red-Quart,61,15.25
6110,2025-10-05,2025-10-06,HM20,Black,gallon,PrepRite-Black-Gallon,25,25.0
6111,2025-10-05,2025-10-06,HM25,Black,pail_5gal,PrepRite-Black-Pail,2,10.0
6112,2025-10-05,2025-10-07,HM30,Black,quart,PrepRite-Black-Quart,131,32.75
6113,2025-10-05,2025-10-08,HM30,Black,gallon,ProMar200-Black-Gallon,69,69.0
6114,2025-10-05,2025-10-07,HM36,White,gallon,ProMar200-White-Gallon,12,12.0
6115,2025-10-05,2025-10-08,HM36,White,quart,SuperPaint-White-Quart,299,74.75
6116,2025-10-05,2025-10-08,HM43,Red,pail_5gal,Emerald-Red-Pail,11,55.0
6117,2025-10-05,2025-10-09,HM47,Red,quart,Emerald-Red-Quart,41,10.25
6118,2025-10-05,2025-10-06,HM47,Red,quart,Emerald-Red-Quart,160,40.0
6119,2025-10-05,2025-10-08,HM50,Clear,quart,SuperPaint-Clear-Quart,179,44.75
6120,2025-10-06,2025-10-12,HM01,White,quart,Duration-White-Quart,322,80.5
6121,2025-10-06,2025-10-07,HM01,White,gallon,Duration-White-Gallon,66,66.0
6122,2025-10-06,2025-10-08,HM01,White,quart,ProMar200-White-Quart,150,37.5
6123,2025-10-06,2025-10-08,HM12,Blue/Green,pail_5gal,Emerald-Blue/Green-Pail,12,60.0
6124,2025-10-06,2025-10-09,HM13,Blue/Green,gallon,SuperPaint-Blue/Green-Gallon,90,90.0
6125,2025-10-06,2025-10-08,HM14,Blue/Green,pail_5gal,SuperPaint-Blue/Green-Pail,7,35.0
6126,2025-10-06,2025-10-12,HM14,Blue/Green,gallon,SuperPaint-Blue/Green-Gallon,41,41.0
6127,2025-10-06,2025-10-08,HM14,Blue/Green,pail_5gal,Emerald-Blue/Green-Pail,9,45.0
6128,2025-10-06,2025-10-11,HM16,Red,pail_5gal,Emerald-Red-Pail,15,75.0
6129,2025-10-06,2025-10-07,HM16,Red,pail_5gal,Emerald-Red-Pail,14,70.0
6130,2025-10-06,2025-10-07,HM20,Black,gallon,ProMar200-Black-Gallon,11,11.0
6131,2025-10-06,2025-10-12,HM20,Black,gallon,ProMar200-Black-Gallon,18,18.0
6132,2025-10-06,2025-10-08,HM25,Black,quart,ProMar200-Black-Quart,85,21.25
6133,2025-10-06,2025-10-09,HM43,Red,pail_5gal,Emerald-Red-Pail,5,25.0
6134,2025-10-06,2025-10-10,HM47,Red,gallon,Duration-Red-Gallon,38,38.0
6135,2025-10-06,2025-10-07,HM47,Red,pail_5gal,Emerald-Red-Pail,9,45.0
6136,2025-10-06,2025-10-12,HM47,Red,gallon,Emerald-Red-Gallon,27,27.0
6137,2025-10-06,2025-10-08,HM47,Red,pail_5gal,Duration-Red-Pail,5,25.0
6138,2025-10-06,2025-10-07,HM50,Clear,gallon,SuperPaint-Clear-Gallon,47,47.0
6139,2025-10-06,2025-10-10,HM56,White,quart,SuperPaint-White-Quart,183,45.75
6140,2025-10-06,2025-10-10,HM56,White,gallon,Duration-White-Gallon,16,16.0
6141,2025-10-07,2025-10-13,HM01,White,gallon,SuperPaint-White-Gallon,94,94.0
6142,2025-10-07,2025-10-09,HM01,White,gallon,ProMar200-White-Gallon,24,24.0
6143,2025-10-07,2025-10-16,HM01,White,quart,ProMar200-White-Quart,289,72.25
6144,2025-10-07,2025-10-08,HM12,Blue/Green,quart,SuperPaint-Blue/Green-Quart,87,21.75
6145,2025-10-07,2025-10-10,HM12,Blue/Green,gallon,Emerald-Blue/Green-Gallon,25,25.0
6146,2025-10-07,2025-10-10,HM12,Blue/Green,quart,SuperPaint-Blue/Green-Quart,76,19.0
6147,2025-10-07,2025-10-08,HM12,Blue/Green,gallon,SuperPaint-Blue/Green-Gallon,64,64.0
6148,2025-10-07,2025-10-08,HM13,Blue/Green,quart,Emerald-Blue/Green-Quart,60,15.0
6149,2025-10-07,2025-10-08,HM20,Black,gallon,ProMar200-Black-Gallon,110,110.0
6150,2025-10-07,2025-10-09,HM20,Black,gallon,PrepRite-Black-Gallon,61,61.0
6151,2025-10-07,2025-10-18,HM20,Black,gallon,ProMar200-Black-Gallon,32,32.0
6152,2025-10-07,2025-10-09,HM36,White,pail_5gal,SuperPaint-White-Pail,10,50.0
6153,2025-10-07,2025-10-10,HM36,White,gallon,SuperPaint-White-Gallon,24,24.0
6154,2025-10-07,2025-10-08,HM43,Red,gallon,Emerald-Red-Gallon,19,19.0
6155,2025-10-07,2025-10-08,HM43,Red,quart,Duration-Red-Quart,151,37.75
6156,2025-10-07,2025-10-08,HM43,Red,quart,Emerald-Red-Quart,65,16.25
6157,2025-10-07,2025-10-11,HM47,Red,pail_5gal,Emerald-Red-Pail,13,65.0
6158,2025-10-07,2025-10-09,HM47,Red,gallon,Duration-Red-Gallon,9,9.0
6159,2025-10-07,2025-10-08,HM50,Clear,gallon,ProMar200-Clear-Gallon,37,37.0
6160,2025-10-07,2025-10-13,HM50,Clear,gallon,SuperPaint-Clear-Gallon,13,13.0
6161,2025-10-07,2025-10-08,HM56,White,quart,ProMar200-White-Quart,135,33.75
6162,2025-10-07,2025-10-08,HM56,White,quart,ProMar200-White-Quart,179,44.75
6163,2025-10-07,2025-10-11,HM56,White,gallon,Duration-White-Gallon,20,20.0
6164,2025-10-08,2025-10-13,HM01,White,quart,ProMar200-White-Quart,386,96.5
6165,2025-10-08,2025-10-10,HM13,Blue/Green,gallon,SuperPaint-Blue/Green-Gallon,34,34.0
6166,2025-10-08,2025-10-12,HM13,Blue/Green,gallon,Emerald-Blue/Green-Gallon,67,67.0
6167,2025-10-08,2025-10-09,HM13,Blue/Green,quart,SuperPaint-Blue/Green-Quart,87,21.75
6168,2025-10-08,2025-10-09,HM13,Blue/Green,gallon,SuperPaint-Blue/Green-Gallon,45,45.0
6169,2025-10-08,2025-10-10,HM13,Blue/Green,pail_5gal,SuperPaint-Blue/Green-Pail,7,35.0
6170,2025-10-08,2025-10-12,HM13,Blue/Green,quart,Emerald-Blue/Green-Quart,90,22.5
6171,2025-10-08,2025-10-11,HM16,Red,gallon,Emerald-Red-Gallon,20,20.0
6172,2025-10-08,2025-10-13,HM20,Black,pail_5gal,ProMar200-Black-Pail,3,15.0
6173,2025-10-08,2025-10-12,HM25,Black,gallon,ProMar200-Black-Gallon,82,82.0
6174,2025-10-08,2025-10-12,HM25,Black,quart,ProMar200-Black-Quart,68,17.0
6175,2025-10-08,2025-10-12,HM25,Black,gallon,PrepRite-Black-Gallon,40,40.0
6176,2025-10-08,2025-10-09,HM30,Black,pail_5gal,PrepRite-Black-Pail,4,20.0
6177,2025-10-08,2025-10-13,HM30,Black,quart,ProMar200-Black-Quart,330,82.5
6178,2025-10-08,2025-10-10,HM36,White,gallon,Duration-White-Gallon,46,46.0
6179,2025-10-08,2025-10-14,HM36,White,quart,ProMar200-White-Quart,312,78.0
6180,2025-10-08,2025-10-17,HM50,Clear,pail_5gal,ProMar200-Clear-Pail,2,10.0
6181,2025-10-08,2025-10-11,HM50,Clear,gallon,SuperPaint-Clear-Gallon,103,103.0
6182,2025-10-09,2025-10-14,HM01,White,pail_5gal,Duration-White-Pail,5,25.0
6183,2025-10-09,2025-10-13,HM01,White,quart,SuperPaint-White-Quart,86,21.5
6184,2025-10-09,2025-10-12,HM01,White,quart,Duration-White-Quart,86,21.5
6185,2025-10-09,2025-10-10,HM01,White,quart,Duration-White-Quart,62,15.5
6186,2025-10-09,2025-10-11,HM12,Blue/Green,quart,Emerald-Blue/Green-Quart,116,29.0
6187,2025-10-09,2025-10-10,HM12,Blue/Green,pail_5gal,SuperPaint-Blue/Green-Pail,8,40.0
6188,2025-10-09,2025-10-17,HM13,Blue/Green,gallon,Emerald-Blue/Green-Gallon,44,44.0
6189,2025-10-09,2025-10-14,HM13,Blue/Green,gallon,Emerald-Blue/Green-Gallon,21,21.0
6190,2025-10-09,2025-10-14,HM13,Blue/Green,pail_5gal,SuperPaint-Blue/Green-Pail,4,20.0
6191,2025-10-09,2025-10-10,HM13,Blue/Green,quart,SuperPaint-Blue/Green-Quart,103,25.75
6192,2025-10-09,2025-10-10,HM20,Black,pail_5gal,PrepRite-Black-Pail,8,40.0
6193,2025-10-09,2025-10-12,HM25,Black,quart,ProMar200-Black-Quart,138,34.5
6194,2025-10-09,2025-10-15,HM30,Black,pail_5gal,PrepRite-Black-Pail,8,40.0
6195,2025-10-09,2025-10-12,HM36,White,gallon,SuperPaint-White-Gallon,23,23.0
6196,2025-10-09,2025-10-10,HM36,White,quart,Duration-White-Quart,180,45.0
6197,2025-10-09,2025-10-13,HM36,White,pail_5gal,ProMar200-White-Pail,5,25.0
6198,2025-10-09,2025-10-14,HM43,Red,gallon,Emerald-Red-Gallon,27,27.0
6199,2025-10-09,2025-10-15,HM47,Red,quart,Duration-Red-Quart,76,19.0
6200,2025-10-09,2025-10-12,HM50,Clear,quart,SuperPaint-Clear-Quart,100,25.0
6201,2025-10-09,2025-10-13,HM50,Clear,gallon,ProMar200-Clear-Gallon,43,43.0
6202,2025-10-10,2025-10-14,HM01,White,gallon,Duration-White-Gallon,28,28.0
6203,2025-10-10,2025-10-11,HM12,Blue/Green,quart,SuperPaint-Blue/Green-Quart,291,72.75
6204,2025-10-10,2025-10-14,HM12,Blue/Green,quart,Emerald-Blue/Green-Quart,69,17.25
6205,2025-10-10,2025-10-16,HM13,Blue/Green,quart,Emerald-Blue/Green-Quart,147,36.75
6206,2025-10-10,2025-10-16,HM14,Blue/Green,gallon,Emerald-Blue/Green-Gallon,30,30.0
6207,2025-10-10,2025-10-19,HM14,Blue/Green,pail_5gal,Emerald-Blue/Green-Pail,8,40.0
6208,2025-10-10,2025-10-15,HM14,Blue/Green,quart,SuperPaint-Blue/Green-Quart,89,22.25
6209,2025-10-10,2025-10-15,HM14,Blue/Green,gallon,SuperPaint-Blue/Green-Gallon,28,28.0
6210,2025-10-10,2025-10-12,HM20,Black,gallon,ProMar200-Black-Gallon,47,47.0
6211,2025-10-10,2025-10-12,HM20,Black,quart,PrepRite-Black-Quart,189,47.25
6212,2025-10-10,2025-10-12,HM20,Black,quart,PrepRite-Black-Quart,107,26.75
6213,2025-10-10,2025-10-11,HM25,Black,gallon,PrepRite-Black-Gallon,61,61.0
6214,2025-10-10,2025-10-14,HM25,Black,gallon,PrepRite-Black-Gallon,19,19.0
6215,2025-10-10,2025-10-11,HM25,Black,gallon,ProMar200-Black-Gallon,31,31.0
6216,2025-10-10,2025-10-13,HM30,Black,pail_5gal,PrepRite-Black-Pail,6,30.0
6217,2025-10-10,2025-10-12,HM36,White,quart,Duration-White-Quart,151,37.75
6218,2025-10-10,2025-10-11,HM36,White,gallon,ProMar200-White-Gallon,12,12.0
6219,2025-10-10,2025-10-11,HM36,White,gallon,SuperPaint-White-Gallon,30,30.0
6220,2025-10-10,2025-10-13,HM36,White,quart,SuperPaint-White-Quart,110,27.5
6221,2025-10-10,2025-10-12,HM43,Red,pail_5gal,Duration-Red-Pail,4,20.0
6222,2025-10-10,2025-10-16,HM43,Red,gallon,Emerald-Red-Gallon,28,28.0
6223,2025-10-10,2025-10-12,HM47,Red,quart,Duration-Red-Quart,131,32.75
6224,2025-10-10,2025-10-11,HM50,Clear,quart,ProMar200-Clear-Quart,206,51.5
6225,2025-10-10,2025-10-12,HM50,Clear,gallon,SuperPaint-Clear-Gallon,24,24.0
6226,2025-10-11,2025-10-12,HM01,White,gallon,ProMar200-White-Gallon,23,23.0
6227,2025-10-11,2025-10-16,HM12,Blue/Green,quart,Emerald-Blue/Green-Quart,184,46.0
6228,2025-10-11,2025-10-15,HM12,Blue/Green,pail_5gal,SuperPaint-Blue/Green-Pail,14,70.0
6229,2025-10-11,2025-10-12,HM13,Blue/Green,quart,SuperPaint-Blue/Green-Quart,113,28.25
6230,2025-10-11,2025-10-13,HM13,Blue/Green,quart,SuperPaint-Blue/Green-Quart,118,29.5
6231,2025-10-11,2025-10-13,HM13,Blue/Green,quart,SuperPaint-Blue/Green-Quart,101,25.25
6232,2025-10-11,2025-10-13,HM16,Red,gallon,Duration-Red-Gallon,30,30.0
6233,2025-10-11,2025-10-12,HM16,Red,pail_5gal,Duration-Red-Pail,23,115.0
6234,2025-10-11,2025-10-14,HM20,Black,quart,ProMar200-Black-Quart,214,53.5
6235,2025-10-11,2025-10-12,HM25,Black,pail_5gal,ProMar200-Black-Pail,4,20.0
6236,2025-10-11,2025-10-14,HM30,Black,quart,ProMar200-Black-Quart,138,34.5
6237,2025-10-11,2025-10-13,HM36,White,quart,ProMar200-White-Quart,100,25.0
6238,2025-10-11,2025-10-13,HM43,Red,pail_5gal,Emerald-Red-Pail,5,25.0
6239,2025-10-11,2025-10-14,HM47,Red,quart,Emerald-Red-Quart,207,51.75
6240,2025-10-11,2025-10-19,HM47,Red,pail_5gal,Duration-Red-Pail,7,35.0
6241,2025-10-11,2025-10-21,HM50,Clear,quart,ProMar200-Clear-Quart,307,76.75
6242,2025-10-11,2025-10-12,HM50,Clear,quart,ProMar200-Clear-Quart,43,10.75
6243,2025-10-12,2025-10-14,HM12,Blue/Green,gallon,Emerald-Blue/Green-Gallon,19,19.0
6244,2025-10-12,2025-10-16,HM14,Blue/Green,quart,Emerald-Blue/Green-Quart,49,12.25
6245,2025-10-12,2025-10-14,HM14,Blue/Green,pail_5gal,SuperPaint-Blue/Green-Pail,7,35.0
6246,2025-10-12,2025-10-15,HM14,Blue/Green,gallon,Emerald-Blue/Green-Gallon,25,25.0
6247,2025-10-12,2025-10-15,HM30,Black,gallon,PrepRite-Black-Gallon,39,39.0
6248,2025-10-12,2025-10-13,HM43,Red,quart,Duration-Red-Quart,65,16.25
6249,2025-10-12,2025-10-13,HM56,White,quart,SuperPaint-White-Quart,44,11.0
6250,2025-10-13,2025-10-14,HM01,White,gallon,Duration-White-Gallon,6,6.0
6251,2025-10-13,2025-10-14,HM01,White,quart,Duration-White-Quart,48,12.0
6252,2025-10-13,2025-10-15,HM12,Blue/Green,quart,Emerald-Blue/Green-Quart,69,17.25
6253,2025-10-13,2025-10-22,HM12,Blue/Green,quart,SuperPaint-Blue/Green-Quart,86,21.5
6254,2025-10-13,2025-10-21,HM13,Blue/Green,gallon,Emerald-Blue/Green-Gallon,26,26.0
6255,2025-10-13,2025-10-16,HM14,Blue/Green,quart,Emerald-Blue/Green-Quart,72,18.0
6256,2025-10-13,2025-10-16,HM14,Blue/Green,gallon,Emerald-Blue/Green-Gallon,42,42.0
6257,2025-10-13,2025-10-15,HM25,Black,pail_5gal,ProMar200-Black-Pail,6,30.0
6258,2025-10-13,2025-10-14,HM30,Black,gallon,PrepRite-Black-Gallon,30,30.0
6259,2025-10-13,2025-10-15,HM30,Black,gallon,PrepRite-Black-Gallon,13,13.0
6260,2025-10-13,2025-10-15,HM30,Black,quart,ProMar200-Black-Quart,73,18.25
6261,2025-10-13,2025-10-14,HM30,Black,quart,PrepRite-Black-Quart,116,29.0
6262,2025-10-13,2025-10-14,HM30,Black,pail_5gal,PrepRite-Black-Pail,8,40.0
6263,2025-10-13,2025-10-15,HM36,White,quart,SuperPaint-White-Quart,132,33.0
6264,2025-10-13,2025-10-18,HM47,Red,quart,Emerald-Red-Quart,58,14.5
6265,2025-10-13,2025-10-15,HM56,White,pail_5gal,ProMar200-White-Pail,9,45.0
6266,2025-10-14,2025-10-19,HM14,Blue/Green,quart,SuperPaint-Blue/Green-Quart,182,45.5
6267,2025-10-14,2025-10-16,HM14,Blue/Green,quart,SuperPaint-Blue/Green-Quart,489,122.25
6268,2025-10-14,2025-10-18,HM16,Red,quart,Emerald-Red-Quart,243,60.75
6269,2025-10-14,2025-10-16,HM16,Red,pail_5gal,Emerald-Red-Pail,5,25.0
6270,2025-10-14,2025-10-17,HM16,Red,quart,Duration-Red-Quart,73,18.25
6271,2025-10-14,2025-10-19,HM20,Black,gallon,PrepRite-Black-Gallon,31,31.0
6272,2025-10-14,2025-10-17,HM20,Black,gallon,ProMar200-Black-Gallon,29,29.0
6273,2025-10-14,2025-10-16,HM25,Black,quart,PrepRite-Black-Quart,169,42.25
6274,2025-10-14,2025-10-15,HM30,Black,gallon,ProMar200-Black-Gallon,25,25.0
6275,2025-10-14,2025-10-16,HM30,Black,quart,ProMar200-Black-Quart,87,21.75
6276,2025-10-14,2025-10-22,HM36,White,gallon,Duration-White-Gallon,39,39.0
6277,2025-10-14,2025-10-17,HM50,Clear,quart,SuperPaint-Clear-Quart,76,19.0
6278,2025-10-14,2025-10-16,HM56,White,gallon,SuperPaint-White-Gallon,20,20.0
6279,2025-10-14,2025-10-15,HM56,White,pail_5gal,Duration-White-Pail,11,55.0
6280,2025-10-14,2025-10-20,HM56,White,gallon,Duration-White-Gallon,15,15.0
6281,2025-10-15,2025-10-17,HM01,White,gallon,SuperPaint-White-Gallon,18,18.0
6282,2025-10-15,2025-10-16,HM12,Blue/Green,gallon,SuperPaint-Blue/Green-Gallon,103,103.0
6283,2025-10-15,2025-10-19,HM12,Blue/Green,quart,Emerald-Blue/Green-Quart,156,39.0
6284,2025-10-15,2025-10-18,HM30,Black,quart,PrepRite-Black-Quart,81,20.25
6285,2025-10-15,2025-10-20,HM30,Black,gallon,PrepRite-Black-Gallon,89,89.0
6286,2025-10-15,2025-10-18,HM30,Black,quart,ProMar200-Black-Quart,107,26.75
6287,2025-10-15,2025-10-19,HM30,Black,pail_5gal,PrepRite-Black-Pail,3,15.0
6288,2025-10-15,2025-10-17,HM30,Black,gallon,PrepRite-Black-Gallon,68,68.0
6289,2025-10-15,2025-10-19,HM30,Black,quart,PrepRite-Black-Quart,50,12.5
6290,2025-10-15,2025-10-20,HM30,Black,gallon,ProMar200-Black-Gallon,16,16.0
6291,2025-10-15,2025-10-19,HM30,Black,quart,ProMar200-Black-Quart,107,26.75
6292,2025-10-15,2025-10-19,HM36,White,gallon,ProMar200-White-Gallon,19,19.0
6293,2025-10-15,2025-10-19,HM43,Red,quart,Duration-Red-Quart,59,14.75
6294,2025-10-15,2025-10-17,HM50,Clear,gallon,SuperPaint-Clear-Gallon,71,71.0
6295,2025-10-15,2025-10-17,HM56,White,quart,SuperPaint-White-Quart,52,13.0
6296,2025-10-15,2025-10-16,HM56,White,gallon,ProMar200-White-Gallon,47,47.0
6297,2025-10-15,2025-10-17,HM56,White,quart,Duration-White-Quart,75,18.75
6298,2025-10-16,2025-10-19,HM01,White,gallon,Duration-White-Gallon,58,58.0
6299,2025-10-16,2025-10-20,HM12,Blue/Green,gallon,Emerald-Blue/Green-Gallon,46,46.0
6300,2025-10-16,2025-10-18,HM12,Blue/Green,pail_5gal,Emerald-Blue/Green-Pail,7,35.0
6301,2025-10-16,2025-10-19,HM12,Blue/Green,quart,SuperPaint-Blue/Green-Quart,171,42.75
6302,2025-10-16,2025-10-18,HM12,Blue/Green,gallon,SuperPaint-Blue/Green-Gallon,31,31.0
6303,2025-10-16,2025-10-17,HM12,Blue/Green,quart,SuperPaint-Blue/Green-Quart,105,26.25
6304,2025-10-16,2025-10-19,HM13,Blue/Green,pail_5gal,SuperPaint-Blue/Green-Pail,5,25.0
6305,2025-10-16,2025-10-21,HM16,Red,gallon,Emerald-Red-Gallon,33,33.0
6306,2025-10-16,2025-10-23,HM20,Black,gallon,ProMar200-Black-Gallon,14,14.0
6307,2025-10-16,2025-10-19,HM20,Black,pail_5gal,ProMar200-Black-Pail,5,25.0
6308,2025-10-16,2025-10-18,HM20,Black,quart,ProMar200-Black-Quart,51,12.75
6309,2025-10-16,2025-10-18,HM25,Black,gallon,ProMar200-Black-Gallon,49,49.0
6310,2025-10-16,2025-10-17,HM30,Black,quart,ProMar200-Black-Quart,128,32.0
6311,2025-10-16,2025-10-20,HM30,Black,quart,PrepRite-Black-Quart,218,54.5
6312,2025-10-16,2025-10-26,HM36,White,gallon,ProMar200-White-Gallon,40,40.0
6313,2025-10-16,2025-10-21,HM36,White,quart,ProMar200-White-Quart,89,22.25
6314,2025-10-16,2025-10-17,HM43,Red,pail_5gal,Emerald-Red-Pail,9,45.0
6315,2025-10-16,2025-10-18,HM47,Red,quart,Emerald-Red-Quart,50,12.5
6316,2025-10-16,2025-10-17,HM47,Red,gallon,Emerald-Red-Gallon,50,50.0
6317,2025-10-16,2025-10-26,HM56,White,quart,ProMar200-White-Quart,117,29.25
6318,2025-10-16,2025-10-26,HM56,White,gallon,Duration-White-Gallon,75,75.0
6319,2025-10-16,2025-10-18,HM56,White,gallon,ProMar200-White-Gallon,17,17.0
6320,2025-10-16,2025-10-17,HM56,White,gallon,SuperPaint-White-Gallon,87,87.0
6321,2025-10-16,2025-10-18,HM56,White,quart,SuperPaint-White-Quart,75,18.75
6322,2025-10-17,2025-10-20,HM01,White,quart,SuperPaint-White-Quart,97,24.25
6323,2025-10-17,2025-10-21,HM01,White,quart,ProMar200-White-Quart,233,58.25
6324,2025-10-17,2025-10-21,HM01,White,gallon,ProMar200-White-Gallon,14,14.0
6325,2025-10-17,2025-10-19,HM13,Blue/Green,gallon,Emerald-Blue/Green-Gallon,18,18.0
6326,2025-10-17,2025-10-20,HM13,Blue/Green,gallon,SuperPaint-Blue/Green-Gallon,19,19.0
6327,2025-10-17,2025-10-21,HM13,Blue/Green,pail_5gal,Emerald-Blue/Green-Pail,3,15.0
6328,2025-10-17,2025-10-22,HM14,Blue/Green,gallon,Emerald-Blue/Green-Gallon,21,21.0
6329,2025-10-17,2025-10-21,HM16,Red,quart,Emerald-Red-Quart,169,42.25
6330,2025-10-17,2025-10-21,HM16,Red,gallon,Emerald-Red-Gallon,23,23.0
6331,2025-10-17,2025-10-19,HM20,Black,gallon,ProMar200-Black-Gallon,9,9.0
6332,2025-10-17,2025-10-22,HM25,Black,quart,ProMar200-Black-Quart,94,23.5
6333,2025-10-17,2025-10-18,HM25,Black,pail_5gal,PrepRite-Black-Pail,18,90.0
6334,2025-10-17,2025-10-20,HM43,Red,gallon,Emerald-Red-Gallon,40,40.0
6335,2025-10-17,2025-10-22,HM43,Red,pail_5gal,Emerald-Red-Pail,8,40.0
6336,2025-10-17,2025-10-20,HM43,Red,gallon,Emerald-Red-Gallon,34,34.0
6337,2025-10-17,2025-10-18,HM43,Red,quart,Duration-Red-Quart,412,103.0
6338,2025-10-17,2025-10-18,HM47,Red,pail_5gal,Duration-Red-Pail,11,55.0
6339,2025-10-17,2025-10-18,HM50,Clear,quart,SuperPaint-Clear-Quart,86,21.5
6340,2025-10-17,2025-10-22,HM56,White,gallon,SuperPaint-White-Gallon,50,50.0
6341,2025-10-18,2025-10-24,HM01,White,pail_5gal,SuperPaint-White-Pail,3,15.0
6342,2025-10-18,2025-10-19,HM01,White,quart,SuperPaint-White-Quart,35,8.75
6343,2025-10-18,2025-10-19,HM16,Red,gallon,Emerald-Red-Gallon,28,28.0
6344,2025-10-18,2025-10-24,HM20,Black,gallon,ProMar200-Black-Gallon,67,67.0
6345,2025-10-18,2025-10-20,HM25,Black,quart,PrepRite-Black-Quart,128,32.0
6346,2025-10-18,2025-10-20,HM25,Black,gallon,ProMar200-Black-Gallon,14,14.0
6347,2025-10-18,2025-10-20,HM36,White,pail_5gal,Duration-White-Pail,8,40.0
6348,2025-10-18,2025-10-19,HM43,Red,gallon,Emerald-Red-Gallon,26,26.0
6349,2025-10-18,2025-10-22,HM43,Red,gallon,Emerald-Red-Gallon,23,23.0
6350,2025-10-18,2025-10-23,HM47,Red,quart,Duration-Red-Quart,136,34.0
6351,2025-10-18,2025-10-21,HM50,Clear,quart,SuperPaint-Clear-Quart,161,40.25
6352,2025-10-18,2025-10-19,HM56,White,pail_5gal,Duration-White-Pail,4,20.0
6353,2025-10-18,2025-10-19,HM56,White,quart,ProMar200-White-Quart,178,44.5
6354,2025-10-18,2025-10-26,HM56,White,quart,ProMar200-White-Quart,171,42.75
6355,2025-10-18,2025-10-23,HM56,White,pail_5gal,SuperPaint-White-Pail,8,40.0
6356,2025-10-19,2025-10-22,HM12,Blue/Green,quart,Emerald-Blue/Green-Quart,204,51.0
6357,2025-10-19,2025-10-21,HM13,Blue/Green,quart,SuperPaint-Blue/Green-Quart,69,17.25
6358,2025-10-19,2025-10-22,HM13,Blue/Green,gallon,SuperPaint-Blue/Green-Gallon,59,59.0
6359,2025-10-19,2025-10-26,HM13,Blue/Green,quart,Emerald-Blue/Green-Quart,445,111.25
6360,2025-10-19,2025-10-20,HM13,Blue/Green,pail_5gal,SuperPaint-Blue/Green-Pail,3,15.0
6361,2025-10-19,2025-10-22,HM14,Blue/Green,gallon,Emerald-Blue/Green-Gallon,20,20.0
6362,2025-10-19,2025-10-21,HM14,Blue/Green,pail_5gal,SuperPaint-Blue/Green-Pail,19,95.0
6363,2025-10-19,2025-10-24,HM14,Blue/Green,quart,Emerald-Blue/Green-Quart,72,18.0
6364,2025-10-19,2025-10-21,HM16,Red,gallon,Duration-Red-Gallon,44,44.0
6365,2025-10-19,2025-10-26,HM20,Black,quart,ProMar200-Black-Quart,96,24.0
6366,2025-10-19,2025-10-21,HM25,Black,gallon,ProMar200-Black-Gallon,23,23.0
6367,2025-10-19,2025-10-22,HM30,Black,gallon,PrepRite-Black-Gallon,35,35.0
6368,2025-10-19,2025-10-21,HM30,Black,gallon,PrepRite-Black-Gallon,107,107.0
6369,2025-10-19,2025-10-22,HM36,White,pail_5gal,SuperPaint-White-Pail,3,15.0
6370,2025-10-19,2025-10-25,HM36,White,pail_5gal,SuperPaint-White-Pail,13,65.0
6371,2025-10-19,2025-10-20,HM43,Red,quart,Duration-Red-Quart,146,36.5
6372,2025-10-20,2025-10-22,HM01,White,quart,SuperPaint-White-Quart,90,22.5
6373,2025-10-20,2025-10-24,HM01,White,quart,Duration-White-Quart,429,107.25
6374,2025-10-20,2025-10-24,HM12,Blue/Green,quart,Emerald-Blue/Green-Quart,487,121.75
6375,2025-10-20,2025-10-22,HM13,Blue/Green,quart,SuperPaint-Blue/Green-Quart,183,45.75
6376,2025-10-20,2025-10-23,HM14,Blue/Green,gallon,SuperPaint-Blue/Green-Gallon,49,49.0
6377,2025-10-20,2025-10-21,HM14,Blue/Green,quart,SuperPaint-Blue/Green-Quart,118,29.5
6378,2025-10-20,2025-10-21,HM14,Blue/Green,gallon,Emerald-Blue/Green-Gallon,63,63.0
6379,2025-10-20,2025-10-23,HM20,Black,gallon,PrepRite-Black-Gallon,20,20.0
6380,2025-10-20,2025-10-21,HM20,Black,quart,PrepRite-Black-Quart,320,80.0
6381,2025-10-20,2025-10-24,HM20,Black,gallon,ProMar200-Black-Gallon,29,29.0
6382,2025-10-20,2025-10-25,HM20,Black,quart,PrepRite-Black-Quart,96,24.0
6383,2025-10-20,2025-10-23,HM25,Black,gallon,PrepRite-Black-Gallon,26,26.0
6384,2025-10-20,2025-10-24,HM25,Black,quart,ProMar200-Black-Quart,50,12.5
6385,2025-10-20,2025-10-24,HM30,Black,quart,ProMar200-Black-Quart,82,20.5
6386,2025-10-20,2025-10-23,HM43,Red,quart,Duration-Red-Quart,134,33.5
6387,2025-10-20,2025-10-22,HM43,Red,pail_5gal,Duration-Red-Pail,14,70.0
6388,2025-10-20,2025-10-24,HM43,Red,gallon,Emerald-Red-Gallon,33,33.0
6389,2025-10-20,2025-10-23,HM47,Red,gallon,Emerald-Red-Gallon,14,14.0
6390,2025-10-20,2025-10-21,HM50,Clear,pail_5gal,ProMar200-Clear-Pail,5,25.0
6391,2025-10-21,2025-10-22,HM01,White,quart,Duration-White-Quart,51,12.75
6392,2025-10-21,2025-10-25,HM01,White,pail_5gal,Duration-White-Pail,3,15.0
6393,2025-10-21,2025-10-22,HM12,Blue/Green,quart,SuperPaint-Blue/Green-Quart,98,24.5
6394,2025-10-21,2025-10-22,HM12,Blue/Green,quart,Emerald-Blue/Green-Quart,247,61.75
6395,2025-10-21,2025-10-26,HM14,Blue/Green,quart,SuperPaint-Blue/Green-Quart,122,30.5
6396,2025-10-21,2025-10-23,HM16,Red,pail_5gal,Duration-Red-Pail,4,20.0
6397,2025-10-21,2025-10-28,HM16,Red,gallon,Duration-Red-Gallon,62,62.0
6398,2025-10-21,2025-10-23,HM20,Black,quart,PrepRite-Black-Quart,195,48.75
6399,2025-10-21,2025-10-22,HM20,Black,quart,PrepRite-Black-Quart,218,54.5
6400,2025-10-21,2025-10-24,HM25,Black,gallon,PrepRite-Black-Gallon,51,51.0
6401,2025-10-21,2025-10-28,HM25,Black,gallon,PrepRite-Black-Gallon,13,13.0
6402,2025-10-21,2025-10-23,HM25,Black,quart,ProMar200-Black-Quart,85,21.25
6403,2025-10-21,2025-10-29,HM25,Black,gallon,ProMar200-Black-Gallon,32,32.0
6404,2025-10-21,2025-10-22,HM25,Black,quart,ProMar200-Black-Quart,111,27.75
6405,2025-10-21,2025-10-23,HM25,Black,quart,PrepRite-Black-Quart,87,21.75
6406,2025-10-21,2025-10-29,HM30,Black,quart,PrepRite-Black-Quart,172,43.0
6407,2025-10-21,2025-10-22,HM30,Black,gallon,ProMar200-Black-Gallon,21,21.0
6408,2025-10-21,2025-10-22,HM36,White,quart,Duration-White-Quart,68,17.0
6409,2025-10-21,2025-10-22,HM43,Red,gallon,Duration-Red-Gallon,12,12.0
6410,2025-10-21,2025-10-23,HM50,Clear,quart,ProMar200-Clear-Quart,62,15.5
6411,2025-10-21,2025-10-25,HM56,White,quart,ProMar200-White-Quart,137,34.25
6412,2025-10-22,2025-10-26,HM01,White,pail_5gal,SuperPaint-White-Pail,8,40.0
6413,2025-10-22,2025-10-24,HM12,Blue/Green,quart,SuperPaint-Blue/Green-Quart,127,31.75
6414,2025-10-22,2025-10-25,HM13,Blue/Green,gallon,SuperPaint-Blue/Green-Gallon,43,43.0
6415,2025-10-22,2025-10-26,HM13,Blue/Green,gallon,Emerald-Blue/Green-Gallon,37,37.0
6416,2025-10-22,2025-10-23,HM13,Blue/Green,quart,SuperPaint-Blue/Green-Quart,114,28.5
6417,2025-10-22,2025-11-05,HM14,Blue/Green,quart,Emerald-Blue/Green-Quart,111,27.75
6418,2025-10-22,2025-10-24,HM16,Red,quart,Duration-Red-Quart,267,66.75
6419,2025-10-22,2025-10-23,HM20,Black,quart,ProMar200-Black-Quart,287,71.75
6420,2025-10-22,2025-10-25,HM25,Black,gallon,PrepRite-Black-Gallon,14,14.0
6421,2025-10-22,2025-10-25,HM25,Black,gallon,PrepRite-Black-Gallon,18,18.0
6422,2025-10-22,2025-10-27,HM47,Red,quart,Emerald-Red-Quart,84,21.0
6423,2025-10-22,2025-10-23,HM47,Red,gallon,Duration-Red-Gallon,21,21.0
6424,2025-10-22,2025-10-25,HM50,Clear,gallon,SuperPaint-Clear-Gallon,15,15.0
6425,2025-10-23,2025-10-29,HM01,White,gallon,Duration-White-Gallon,46,46.0
6426,2025-10-23,2025-10-28,HM01,White,quart,ProMar200-White-Quart,82,20.5
6427,2025-10-23,2025-10-25,HM01,White,gallon,ProMar200-White-Gallon,21,21.0
6428,2025-10-23,2025-10-26,HM01,White,gallon,SuperPaint-White-Gallon,28,28.0
6429,2025-10-23,2025-10-30,HM12,Blue/Green,gallon,Emerald-Blue/Green-Gallon,20,20.0
6430,2025-10-23,2025-11-01,HM13,Blue/Green,quart,SuperPaint-Blue/Green-Quart,154,38.5
6431,2025-10-23,2025-11-02,HM14,Blue/Green,gallon,Emerald-Blue/Green-Gallon,55,55.0
6432,2025-10-23,2025-10-24,HM14,Blue/Green,pail_5gal,Emerald-Blue/Green-Pail,6,30.0
6433,2025-10-23,2025-10-24,HM14,Blue/Green,quart,SuperPaint-Blue/Green-Quart,129,32.25
6434,2025-10-23,2025-10-27,HM20,Black,quart,ProMar200-Black-Quart,143,35.75
6435,2025-10-23,2025-10-26,HM20,Black,pail_5gal,PrepRite-Black-Pail,13,65.0
6436,2025-10-23,2025-10-24,HM25,Black,gallon,PrepRite-Black-Gallon,25,25.0
6437,2025-10-23,2025-10-24,HM25,Black,quart,PrepRite-Black-Quart,174,43.5
6438,2025-10-23,2025-10-28,HM30,Black,gallon,PrepRite-Black-Gallon,5,5.0
6439,2025-10-23,2025-10-28,HM30,Black,pail_5gal,PrepRite-Black-Pail,4,20.0
6440,2025-10-23,2025-10-26,HM30,Black,gallon,PrepRite-Black-Gallon,25,25.0
6441,2025-10-23,2025-10-26,HM43,Red,pail_5gal,Duration-Red-Pail,13,65.0
6442,2025-10-23,2025-10-25,HM43,Red,gallon,Duration-Red-Gallon,54,54.0
6443,2025-10-23,2025-10-29,HM43,Red,gallon,Emerald-Red-Gallon,22,22.0
6444,2025-10-23,2025-10-25,HM43,Red,pail_5gal,Emerald-Red-Pail,4,20.0
6445,2025-10-23,2025-10-24,HM47,Red,quart,Emerald-Red-Quart,268,67.0
6446,2025-10-23,2025-10-24,HM50,Clear,gallon,ProMar200-Clear-Gallon,54,54.0
6447,2025-10-23,2025-10-25,HM56,White,quart,ProMar200-White-Quart,192,48.0
6448,2025-10-23,2025-10-30,HM56,White,gallon,Duration-White-Gallon,27,27.0
6449,2025-10-23,2025-10-26,HM56,White,quart,SuperPaint-White-Quart,91,22.75
6450,2025-10-23,2025-10-28,HM56,White,quart,ProMar200-White-Quart,324,81.0
6451,2025-10-23,2025-10-24,HM56,White,gallon,Duration-White-Gallon,40,40.0
6452,2025-10-24,2025-10-26,HM01,White,gallon,Duration-White-Gallon,30,30.0
6453,2025-10-24,2025-10-26,HM01,White,gallon,Duration-White-Gallon,47,47.0
6454,2025-10-24,2025-10-25,HM01,White,quart,Duration-White-Quart,160,40.0
6455,2025-10-24,2025-10-28,HM01,White,gallon,Duration-White-Gallon,22,22.0
6456,2025-10-24,2025-10-27,HM01,White,quart,Duration-White-Quart,65,16.25
6457,2025-10-24,2025-11-01,HM12,Blue/Green,quart,SuperPaint-Blue/Green-Quart,70,17.5
6458,2025-10-24,2025-10-25,HM12,Blue/Green,quart,SuperPaint-Blue/Green-Quart,125,31.25
6459,2025-10-24,2025-10-27,HM12,Blue/Green,gallon,Emerald-Blue/Green-Gallon,39,39.0
6460,2025-10-24,2025-10-25,HM12,Blue/Green,gallon,SuperPaint-Blue/Green-Gallon,44,44.0
6461,2025-10-24,2025-10-28,HM12,Blue/Green,quart,SuperPaint-Blue/Green-Quart,94,23.5
6462,2025-10-24,2025-10-25,HM13,Blue/Green,quart,Emerald-Blue/Green-Quart,50,12.5
6463,2025-10-24,2025-11-01,HM13,Blue/Green,pail_5gal,Emerald-Blue/Green-Pail,5,25.0
6464,2025-10-24,2025-10-27,HM14,Blue/Green,quart,Emerald-Blue/Green-Quart,43,10.75
6465,2025-10-24,2025-10-27,HM14,Blue/Green,gallon,Emerald-Blue/Green-Gallon,36,36.0
6466,2025-10-24,2025-10-25,HM16,Red,gallon,Duration-Red-Gallon,34,34.0
6467,2025-10-24,2025-10-27,HM20,Black,quart,PrepRite-Black-Quart,121,30.25
6468,2025-10-24,2025-10-31,HM25,Black,gallon,ProMar200-Black-Gallon,28,28.0
6469,2025-10-24,2025-10-27,HM25,Black,gallon,ProMar200-Black-Gallon,23,23.0
6470,2025-10-24,2025-10-26,HM30,Black,quart,ProMar200-Black-Quart,85,21.25
6471,2025-10-24,2025-10-26,HM30,Black,gallon,PrepRite-Black-Gallon,51,51.0
6472,2025-10-24,2025-10-26,HM30,Black,gallon,PrepRite-Black-Gallon,34,34.0
6473,2025-10-24,2025-10-27,HM36,White,gallon,ProMar200-White-Gallon,29,29.0
6474,2025-10-24,2025-10-27,HM36,White,quart,Duration-White-Quart,100,25.0
6475,2025-10-24,2025-10-27,HM36,White,pail_5gal,SuperPaint-White-Pail,3,15.0
6476,2025-10-24,2025-10-28,HM36,White,quart,ProMar200-White-Quart,80,20.0
6477,2025-10-24,2025-10-27,HM43,Red,pail_5gal,Duration-Red-Pail,3,15.0
6478,2025-10-24,2025-10-29,HM43,Red,gallon,Duration-Red-Gallon,18,18.0
6479,2025-10-24,2025-10-29,HM47,Red,gallon,Emerald-Red-Gallon,40,40.0
6480,2025-10-24,2025-10-26,HM47,Red,pail_5gal,Emerald-Red-Pail,4,20.0
6481,2025-10-24,2025-10-27,HM47,Red,gallon,Duration-Red-Gallon,15,15.0
6482,2025-10-24,2025-10-28,HM47,Red,gallon,Duration-Red-Gallon,75,75.0
6483,2025-10-24,2025-10-26,HM50,Clear,quart,ProMar200-Clear-Quart,45,11.25
6484,2025-10-24,2025-10-30,HM50,Clear,gallon,ProMar200-Clear-Gallon,43,43.0
6485,2025-10-25,2025-10-26,HM12,Blue/Green,quart,SuperPaint-Blue/Green-Quart,99,24.75
6486,2025-10-25,2025-10-29,HM13,Blue/Green,quart,SuperPaint-Blue/Green-Quart,123,30.75
6487,2025-10-25,2025-10-30,HM14,Blue/Green,gallon,SuperPaint-Blue/Green-Gallon,20,20.0
6488,2025-10-25,2025-10-26,HM14,Blue/Green,gallon,Emerald-Blue/Green-Gallon,27,27.0
6489,2025-10-25,2025-10-27,HM25,Black,quart,PrepRite-Black-Quart,79,19.75
6490,2025-10-25,2025-10-27,HM25,Black,pail_5gal,ProMar200-Black-Pail,21,105.0
6491,2025-10-25,2025-11-05,HM25,Black,gallon,ProMar200-Black-Gallon,14,14.0
6492,2025-10-25,2025-10-26,HM30,Black,pail_5gal,PrepRite-Black-Pail,10,50.0
6493,2025-10-25,2025-10-26,HM30,Black,gallon,PrepRite-Black-Gallon,20,20.0
6494,2025-10-25,2025-11-05,HM30,Black,quart,PrepRite-Black-Quart,107,26.75
6495,2025-10-25,2025-10-27,HM36,White,gallon,Duration-White-Gallon,20,20.0
6496,2025-10-25,2025-10-27,HM43,Red,quart,Emerald-Red-Quart,47,11.75
6497,2025-10-25,2025-10-26,HM43,Red,pail_5gal,Duration-Red-Pail,5,25.0
6498,2025-10-25,2025-10-28,HM43,Red,gallon,Emerald-Red-Gallon,69,69.0
6499,2025-10-25,2025-10-26,HM43,Red,pail_5gal,Emerald-Red-Pail,3,15.0
6500,2025-10-25,2025-10-27,HM43,Red,gallon,Emerald-Red-Gallon,16,16.0
6501,2025-10-25,2025-10-28,HM43,Red,gallon,Duration-Red-Gallon,26,26.0
6502,2025-10-25,2025-10-27,HM47,Red,quart,Duration-Red-Quart,500,125.0
6503,2025-10-25,2025-10-28,HM50,Clear,gallon,SuperPaint-Clear-Gallon,9,9.0
6504,2025-10-26,2025-10-28,HM12,Blue/Green,gallon,Emerald-Blue/Green-Gallon,23,23.0
6505,2025-10-26,2025-10-27,HM13,Blue/Green,quart,SuperPaint-Blue/Green-Quart,55,13.75
6506,2025-10-26,2025-10-28,HM16,Red,quart,Duration-Red-Quart,67,16.75
6507,2025-10-26,2025-10-28,HM20,Black,gallon,PrepRite-Black-Gallon,45,45.0
6508,2025-10-26,2025-11-02,HM20,Black,gallon,PrepRite-Black-Gallon,43,43.0
6509,2025-10-26,2025-11-01,HM20,Black,quart,PrepRite-Black-Quart,97,24.25
6510,2025-10-26,2025-10-29,HM20,Black,gallon,ProMar200-Black-Gallon,36,36.0
6511,2025-10-26,2025-10-29,HM30,Black,gallon,ProMar200-Black-Gallon,9,9.0
6512,2025-10-26,2025-10-27,HM30,Black,gallon,ProMar200-Black-Gallon,32,32.0
6513,2025-10-26,2025-11-02,HM36,White,quart,ProMar200-White-Quart,33,8.25
6514,2025-10-26,2025-10-29,HM43,Red,gallon,Duration-Red-Gallon,10,10.0
6515,2025-10-26,2025-10-30,HM43,Red,pail_5gal,Duration-Red-Pail,5,25.0
6516,2025-10-26,2025-10-27,HM50,Clear,pail_5gal,ProMar200-Clear-Pail,9,45.0
6517,2025-10-26,2025-10-28,HM50,Clear,gallon,ProMar200-Clear-Gallon,44,44.0
6518,2025-10-26,2025-10-27,HM56,White,pail_5gal,ProMar200-White-Pail,7,35.0
6519,2025-10-27,2025-10-31,HM01,White,gallon,Duration-White-Gallon,23,23.0
6520,2025-10-27,2025-10-31,HM13,Blue/Green,quart,Emerald-Blue/Green-Quart,73,18.25
6521,2025-10-27,2025-10-29,HM14,Blue/Green,quart,SuperPaint-Blue/Green-Quart,68,17.0
6522,2025-10-27,2025-10-29,HM16,Red,pail_5gal,Emerald-Red-Pail,4,20.0
6523,2025-10-27,2025-10-29,HM16,Red,gallon,Emerald-Red-Gallon,53,53.0
6524,2025-10-27,2025-10-29,HM20,Black,quart,PrepRite-Black-Quart,57,14.25
6525,2025-10-27,2025-10-29,HM20,Black,quart,ProMar200-Black-Quart,93,23.25
6526,2025-10-27,2025-10-29,HM25,Black,gallon,PrepRite-Black-Gallon,24,24.0
6527,2025-10-27,2025-10-28,HM30,Black,quart,PrepRite-Black-Quart,29,7.25
6528,2025-10-27,2025-10-29,HM30,Black,gallon,ProMar200-Black-Gallon,28,28.0
6529,2025-10-27,2025-10-31,HM30,Black,quart,PrepRite-Black-Quart,55,13.75
6530,2025-10-27,2025-10-31,HM30,Black,gallon,PrepRite-Black-Gallon,31,31.0
6531,2025-10-27,2025-10-29,HM36,White,quart,SuperPaint-White-Quart,63,15.75
6532,2025-10-27,2025-10-28,HM36,White,pail_5gal,Duration-White-Pail,5,25.0
6533,2025-10-27,2025-10-28,HM43,Red,gallon,Emerald-Red-Gallon,88,88.0
6534,2025-10-27,2025-10-30,HM47,Red,quart,Emerald-Red-Quart,40,10.0
6535,2025-10-27,2025-10-28,HM47,Red,gallon,Duration-Red-Gallon,21,21.0
6536,2025-10-27,2025-10-28,HM50,Clear,gallon,SuperPaint-Clear-Gallon,56,56.0
6537,2025-10-27,2025-11-04,HM50,Clear,gallon,ProMar200-Clear-Gallon,34,34.0
6538,2025-10-27,2025-11-03,HM56,White,quart,Duration-White-Quart,103,25.75
6539,2025-10-27,2025-10-28,HM56,White,gallon,SuperPaint-White-Gallon,14,14.0
6540,2025-10-28,2025-11-01,HM01,White,gallon,ProMar200-White-Gallon,39,39.0
6541,2025-10-28,2025-10-30,HM01,White,gallon,SuperPaint-White-Gallon,24,24.0
6542,2025-10-28,2025-10-30,HM12,Blue/Green,quart,SuperPaint-Blue/Green-Quart,34,8.5
6543,2025-10-28,2025-11-04,HM12,Blue/Green,gallon,SuperPaint-Blue/Green-Gallon,78,78.0
6544,2025-10-28,2025-10-31,HM13,Blue/Green,quart,Emerald-Blue/Green-Quart,102,25.5
6545,2025-10-28,2025-10-30,HM13,Blue/Green,quart,Emerald-Blue/Green-Quart,81,20.25
6546,2025-10-28,2025-10-31,HM13,Blue/Green,quart,SuperPaint-Blue/Green-Quart,231,57.75
6547,2025-10-28,2025-11-07,HM16,Red,quart,Duration-Red-Quart,43,10.75
6548,2025-10-28,2025-10-30,HM16,Red,pail_5gal,Duration-Red-Pail,5,25.0
6549,2025-10-28,2025-10-29,HM16,Red,quart,Duration-Red-Quart,180,45.0
6550,2025-10-28,2025-10-29,HM20,Black,quart,PrepRite-Black-Quart,136,34.0
6551,2025-10-28,2025-10-30,HM20,Black,gallon,PrepRite-Black-Gallon,29,29.0
6552,2025-10-28,2025-10-30,HM25,Black,quart,ProMar200-Black-Quart,96,24.0
6553,2025-10-28,2025-10-31,HM30,Black,gallon,PrepRite-Black-Gallon,17,17.0
6554,2025-10-28,2025-11-04,HM30,Black,quart,ProMar200-Black-Quart,166,41.5
6555,2025-10-28,2025-11-02,HM30,Black,gallon,PrepRite-Black-Gallon,33,33.0
6556,2025-10-28,2025-10-30,HM36,White,gallon,Duration-White-Gallon,24,24.0
6557,2025-10-28,2025-11-01,HM36,White,quart,ProMar200-White-Quart,116,29.0
6558,2025-10-28,2025-10-30,HM36,White,quart,Duration-White-Quart,134,33.5
6559,2025-10-28,2025-10-30,HM43,Red,gallon,Emerald-Red-Gallon,23,23.0
6560,2025-10-28,2025-11-01,HM43,Red,pail_5gal,Duration-Red-Pail,8,40.0
6561,2025-10-28,2025-10-30,HM43,Red,gallon,Duration-Red-Gallon,19,19.0
6562,2025-10-28,2025-11-01,HM43,Red,quart,Emerald-Red-Quart,79,19.75
6563,2025-10-28,2025-10-31,HM43,Red,gallon,Duration-Red-Gallon,43,43.0
6564,2025-10-28,2025-11-04,HM50,Clear,quart,SuperPaint-Clear-Quart,77,19.25
6565,2025-10-28,2025-10-29,HM50,Clear,gallon,SuperPaint-Clear-Gallon,51,51.0
6566,2025-10-28,2025-10-30,HM56,White,gallon,ProMar200-White-Gallon,16,16.0
6567,2025-10-28,2025-11-01,HM56,White,quart,Duration-White-Quart,142,35.5
6568,2025-10-28,2025-11-02,HM56,White,quart,SuperPaint-White-Quart,158,39.5
6569,2025-10-29,2025-10-31,HM01,White,quart,ProMar200-White-Quart,51,12.75
6570,2025-10-29,2025-10-31,HM01,White,pail_5gal,Duration-White-Pail,2,10.0
6571,2025-10-29,2025-10-31,HM01,White,gallon,Duration-White-Gallon,90,90.0
6572,2025-10-29,2025-10-30,HM12,Blue/Green,gallon,Emerald-Blue/Green-Gallon,38,38.0
6573,2025-10-29,2025-11-01,HM12,Blue/Green,gallon,Emerald-Blue/Green-Gallon,54,54.0
6574,2025-10-29,2025-10-31,HM13,Blue/Green,quart,SuperPaint-Blue/Green-Quart,305,76.25
6575,2025-10-29,2025-10-30,HM13,Blue/Green,quart,Emerald-Blue/Green-Quart,166,41.5
6576,2025-10-29,2025-10-30,HM14,Blue/Green,gallon,Emerald-Blue/Green-Gallon,18,18.0
6577,2025-10-29,2025-11-02,HM16,Red,pail_5gal,Emerald-Red-Pail,3,15.0
6578,2025-10-29,2025-10-30,HM16,Red,quart,Emerald-Red-Quart,76,19.0
6579,2025-10-29,2025-10-31,HM20,Black,gallon,PrepRite-Black-Gallon,29,29.0
6580,2025-10-29,2025-11-04,HM20,Black,pail_5gal,ProMar200-Black-Pail,11,55.0
6581,2025-10-29,2025-11-01,HM20,Black,quart,PrepRite-Black-Quart,51,12.75
6582,2025-10-29,2025-10-30,HM20,Black,quart,PrepRite-Black-Quart,96,24.0
6583,2025-10-29,2025-11-01,HM30,Black,quart,ProMar200-Black-Quart,65,16.25
6584,2025-10-29,2025-10-31,HM30,Black,gallon,ProMar200-Black-Gallon,11,11.0
6585,2025-10-29,2025-11-07,HM30,Black,gallon,PrepRite-Black-Gallon,18,18.0
6586,2025-10-29,2025-11-03,HM43,Red,gallon,Duration-Red-Gallon,25,25.0
6587,2025-10-29,2025-11-01,HM43,Red,pail_5gal,Emerald-Red-Pail,21,105.0
6588,2025-10-29,2025-10-31,HM47,Red,pail_5gal,Emerald-Red-Pail,9,45.0
6589,2025-10-29,2025-11-10,HM47,Red,quart,Emerald-Red-Quart,94,23.5
6590,2025-10-29,2025-10-30,HM50,Clear,quart,SuperPaint-Clear-Quart,114,28.5
6591,2025-10-30,2025-11-01,HM01,White,pail_5gal,Duration-White-Pail,9,45.0
6592,2025-10-30,2025-11-05,HM01,White,gallon,Duration-White-Gallon,99,99.0
6593,2025-10-30,2025-11-02,HM12,Blue/Green,quart,Emerald-Blue/Green-Quart,78,19.5
6594,2025-10-30,2025-11-02,HM13,Blue/Green,quart,SuperPaint-Blue/Green-Quart,107,26.75
6595,2025-10-30,2025-11-01,HM13,Blue/Green,quart,Emerald-Blue/Green-Quart,218,54.5
6596,2025-10-30,2025-11-02,HM13,Blue/Green,quart,SuperPaint-Blue/Green-Quart,44,11.0
6597,2025-10-30,2025-10-31,HM14,Blue/Green,quart,Emerald-Blue/Green-Quart,119,29.75
6598,2025-10-30,2025-11-04,HM14,Blue/Green,gallon,SuperPaint-Blue/Green-Gallon,42,42.0
6599,2025-10-30,2025-11-01,HM16,Red,pail_5gal,Duration-Red-Pail,8,40.0
6600,2025-10-30,2025-11-05,HM16,Red,gallon,Duration-Red-Gallon,55,55.0
6601,2025-10-30,2025-11-03,HM16,Red,gallon,Duration-Red-Gallon,6,6.0
6602,2025-10-30,2025-11-04,HM16,Red,gallon,Emerald-Red-Gallon,43,43.0
6603,2025-10-30,2025-10-31,HM16,Red,gallon,Emerald-Red-Gallon,33,33.0
6604,2025-10-30,2025-11-04,HM20,Black,gallon,ProMar200-Black-Gallon,12,12.0
6605,2025-10-30,2025-11-04,HM20,Black,quart,ProMar200-Black-Quart,97,24.25
6606,2025-10-30,2025-10-31,HM25,Black,quart,PrepRite-Black-Quart,67,16.75
6607,2025-10-30,2025-10-31,HM25,Black,quart,ProMar200-Black-Quart,63,15.75
6608,2025-10-30,2025-11-01,HM25,Black,pail_5gal,ProMar200-Black-Pail,8,40.0
6609,2025-10-30,2025-11-01,HM25,Black,gallon,PrepRite-Black-Gallon,54,54.0
6610,2025-10-30,2025-11-01,HM25,Black,pail_5gal,PrepRite-Black-Pail,16,80.0
6611,2025-10-30,2025-11-01,HM36,White,quart,ProMar200-White-Quart,92,23.0
6612,2025-10-30,2025-11-03,HM36,White,quart,ProMar200-White-Quart,121,30.25
6613,2025-10-30,2025-11-04,HM36,White,gallon,ProMar200-White-Gallon,35,35.0
6614,2025-10-30,2025-11-02,HM43,Red,gallon,Emerald-Red-Gallon,31,31.0
6615,2025-10-30,2025-11-01,HM43,Red,quart,Duration-Red-Quart,314,78.5
6616,2025-10-30,2025-11-01,HM47,Red,gallon,Emerald-Red-Gallon,24,24.0
6617,2025-10-30,2025-11-01,HM50,Clear,gallon,ProMar200-Clear-Gallon,23,23.0
6618,2025-10-30,2025-10-31,HM50,Clear,quart,SuperPaint-Clear-Quart,42,10.5
6619,2025-10-30,2025-11-01,HM56,White,quart,SuperPaint-White-Quart,82,20.5
6620,2025-10-30,2025-11-01,HM56,White,quart,Duration-White-Quart,69,17.25
6621,2025-10-31,2025-11-02,HM01,White,quart,SuperPaint-White-Quart,91,22.75
6622,2025-10-31,2025-11-04,HM01,White,gallon,Duration-White-Gallon,87,87.0
6623,2025-10-31,2025-11-02,HM01,White,quart,Duration-White-Quart,239,59.75
6624,2025-10-31,2025-11-03,HM12,Blue/Green,gallon,Emerald-Blue/Green-Gallon,18,18.0
6625,2025-10-31,2025-11-03,HM12,Blue/Green,quart,Emerald-Blue/Green-Quart,99,24.75
6626,2025-10-31,2025-11-05,HM12,Blue/Green,quart,SuperPaint-Blue/Green-Quart,81,20.25
6627,2025-10-31,2025-11-04,HM12,Blue/Green,quart,Emerald-Blue/Green-Quart,68,17.0
6628,2025-10-31,2025-11-02,HM13,Blue/Green,gallon,Emerald-Blue/Green-Gallon,60,60.0
6629,2025-10-31,2025-11-01,HM14,Blue/Green,pail_5gal,SuperPaint-Blue/Green-Pail,20,100.0
6630,2025-10-31,2025-11-01,HM14,Blue/Green,pail_5gal,SuperPaint-Blue/Green-Pail,9,45.0
6631,2025-10-31,2025-11-02,HM20,Black,quart,PrepRite-Black-Quart,123,30.75
6632,2025-10-31,2025-11-02,HM20,Black,quart,PrepRite-Black-Quart,190,47.5
6633,2025-10-31,2025-11-04,HM25,Black,gallon,PrepRite-Black-Gallon,14,14.0
6634,2025-10-31,2025-11-07,HM30,Black,gallon,ProMar200-Black-Gallon,18,18.0
6635,2025-10-31,2025-11-02,HM36,White,gallon,SuperPaint-White-Gallon,54,54.0
6636,2025-10-31,2025-11-05,HM43,Red,quart,Emerald-Red-Quart,69,17.25
6637,2025-10-31,2025-11-01,HM43,Red,gallon,Duration-Red-Gallon,11,11.0
6638,2025-10-31,2025-11-02,HM43,Red,gallon,Duration-Red-Gallon,37,37.0
6639,2025-10-31,2025-11-02,HM47,Red,gallon,Emerald-Red-Gallon,35,35.0
6640,2025-10-31,2025-11-03,HM47,Red,quart,Emerald-Red-Quart,140,35.0
6641,2025-10-31,2025-11-02,HM47,Red,pail_5gal,Emerald-Red-Pail,5,25.0
6642,2025-10-31,2025-11-03,HM47,Red,gallon,Duration-Red-Gallon,35,35.0
6643,2025-10-31,2025-11-02,HM50,Clear,gallon,SuperPaint-Clear-Gallon,35,35.0
6644,2025-10-31,2025-11-03,HM56,White,gallon,Duration-White-Gallon,6,6.0
6645,2025-10-31,2025-11-01,HM56,White,gallon,ProMar200-White-Gallon,60,60.0
6646,2025-11-01,2025-11-09,HM01,White,gallon,Duration-White-Gallon,23,23.0
6647,2025-11-01,2025-11-02,HM12,Blue/Green,gallon,Emerald-Blue/Green-Gallon,37,37.0
6648,2025-11-01,2025-11-04,HM14,Blue/Green,pail_5gal,Emerald-Blue/Green-Pail,6,30.0
6649,2025-11-01,2025-11-05,HM16,Red,gallon,Duration-Red-Gallon,41,41.0
6650,2025-11-01,2025-11-05,HM20,Black,gallon,PrepRite-Black-Gallon,18,18.0
6651,2025-11-01,2025-11-07,HM25,Black,gallon,ProMar200-Black-Gallon,16,16.0
6652,2025-11-01,2025-11-10,HM30,Black,pail_5gal,ProMar200-Black-Pail,3,15.0
6653,2025-11-01,2025-11-03,HM43,Red,gallon,Duration-Red-Gallon,61,61.0
6654,2025-11-01,2025-11-09,HM47,Red,pail_5gal,Duration-Red-Pail,4,20.0
6655,2025-11-01,2025-11-06,HM47,Red,pail_5gal,Duration-Red-Pail,5,25.0
6656,2025-11-01,2025-11-04,HM50,Clear,pail_5gal,SuperPaint-Clear-Pail,10,50.0
6657,2025-11-02,2025-11-04,HM01,White,quart,SuperPaint-White-Quart,102,25.5
6658,2025-11-02,2025-11-04,HM01,White,pail_5gal,Duration-White-Pail,10,50.0
6659,2025-11-02,2025-11-04,HM14,Blue/Green,quart,SuperPaint-Blue/Green-Quart,337,84.25
6660,2025-11-02,2025-11-04,HM16,Red,pail_5gal,Duration-Red-Pail,17,85.0
6661,2025-11-02,2025-11-05,HM16,Red,gallon,Emerald-Red-Gallon,33,33.0
6662,2025-11-02,2025-11-07,HM20,Black,quart,ProMar200-Black-Quart,233,58.25
6663,2025-11-02,2025-11-08,HM20,Black,gallon,ProMar200-Black-Gallon,22,22.0
6664,2025-11-02,2025-11-04,HM20,Black,gallon,ProMar200-Black-Gallon,16,16.0
6665,2025-11-02,2025-11-06,HM25,Black,gallon,ProMar200-Black-Gallon,25,25.0
6666,2025-11-02,2025-11-03,HM25,Black,gallon,ProMar200-Black-Gallon,35,35.0
6667,2025-11-02,2025-11-05,HM30,Black,pail_5gal,PrepRite-Black-Pail,13,65.0
6668,2025-11-02,2025-11-04,HM30,Black,quart,ProMar200-Black-Quart,147,36.75
6669,2025-11-02,2025-11-05,HM30,Black,gallon,PrepRite-Black-Gallon,136,136.0
6670,2025-11-02,2025-11-04,HM47,Red,gallon,Duration-Red-Gallon,28,28.0
6671,2025-11-02,2025-11-06,HM50,Clear,gallon,ProMar200-Clear-Gallon,49,49.0
6672,2025-11-02,2025-11-05,HM56,White,quart,SuperPaint-White-Quart,124,31.0
6673,2025-11-03,2025-11-06,HM01,White,quart,ProMar200-White-Quart,163,40.75
6674,2025-11-03,2025-11-06,HM01,White,pail_5gal,Duration-White-Pail,6,30.0
6675,2025-11-03,2025-11-06,HM12,Blue/Green,gallon,Emerald-Blue/Green-Gallon,30,30.0
6676,2025-11-03,2025-11-04,HM12,Blue/Green,pail_5gal,Emerald-Blue/Green-Pail,9,45.0
6677,2025-11-03,2025-11-05,HM14,Blue/Green,quart,SuperPaint-Blue/Green-Quart,135,33.75
6678,2025-11-03,2025-11-17,HM14,Blue/Green,quart,SuperPaint-Blue/Green-Quart,161,40.25
6679,2025-11-03,2025-11-09,HM14,Blue/Green,gallon,SuperPaint-Blue/Green-Gallon,24,24.0
6680,2025-11-03,2025-11-04,HM25,Black,gallon,ProMar200-Black-Gallon,56,56.0
6681,2025-11-03,2025-11-07,HM36,White,gallon,SuperPaint-White-Gallon,150,150.0
6682,2025-11-03,2025-11-08,HM36,White,quart,ProMar200-White-Quart,70,17.5
6683,2025-11-03,2025-11-04,HM36,White,quart,Duration-White-Quart,84,21.0
6684,2025-11-03,2025-11-10,HM43,Red,quart,Duration-Red-Quart,61,15.25
6685,2025-11-03,2025-11-08,HM43,Red,gallon,Emerald-Red-Gallon,41,41.0
6686,2025-11-03,2025-11-05,HM50,Clear,gallon,ProMar200-Clear-Gallon,73,73.0
6687,2025-11-04,2025-11-05,HM01,White,pail_5gal,ProMar200-White-Pail,2,10.0
6688,2025-11-04,2025-11-07,HM12,Blue/Green,quart,SuperPaint-Blue/Green-Quart,27,6.75
6689,2025-11-04,2025-11-07,HM12,Blue/Green,gallon,SuperPaint-Blue/Green-Gallon,15,15.0
6690,2025-11-04,2025-11-07,HM12,Blue/Green,gallon,SuperPaint-Blue/Green-Gallon,79,79.0
6691,2025-11-04,2025-11-07,HM12,Blue/Green,gallon,Emerald-Blue/Green-Gallon,36,36.0
6692,2025-11-04,2025-11-06,HM14,Blue/Green,gallon,Emerald-Blue/Green-Gallon,66,66.0
6693,2025-11-04,2025-11-07,HM16,Red,gallon,Duration-Red-Gallon,54,54.0
6694,2025-11-04,2025-11-06,HM16,Red,gallon,Emerald-Red-Gallon,12,12.0
6695,2025-11-04,2025-11-09,HM16,Red,quart,Emerald-Red-Quart,209,52.25
6696,2025-11-04,2025-11-06,HM20,Black,gallon,ProMar200-Black-Gallon,53,53.0
6697,2025-11-04,2025-11-05,HM20,Black,gallon,PrepRite-Black-Gallon,18,18.0
6698,2025-11-04,2025-11-06,HM20,Black,gallon,ProMar200-Black-Gallon,84,84.0
6699,2025-11-04,2025-11-06,HM25,Black,quart,PrepRite-Black-Quart,174,43.5
6700,2025-11-04,2025-11-06,HM30,Black,gallon,PrepRite-Black-Gallon,18,18.0
6701,2025-11-04,2025-11-11,HM43,Red,quart,Duration-Red-Quart,75,18.75
6702,2025-11-04,2025-11-07,HM43,Red,gallon,Duration-Red-Gallon,28,28.0
6703,2025-11-04,2025-11-05,HM47,Red,quart,Duration-Red-Quart,104,26.0
6704,2025-11-04,2025-11-05,HM47,Red,gallon,Emerald-Red-Gallon,14,14.0
6705,2025-11-04,2025-11-05,HM50,Clear,quart,ProMar200-Clear-Quart,122,30.5
6706,2025-11-04,2025-11-08,HM50,Clear,quart,ProMar200-Clear-Quart,63,15.75
6707,2025-11-04,2025-11-07,HM50,Clear,gallon,ProMar200-Clear-Gallon,14,14.0
6708,2025-11-04,2025-11-05,HM56,White,gallon,ProMar200-White-Gallon,58,58.0
6709,2025-11-04,2025-11-11,HM56,White,pail_5gal,SuperPaint-White-Pail,3,15.0
6710,2025-11-04,2025-11-09,HM56,White,gallon,SuperPaint-White-Gallon,8,8.0
6711,2025-11-05,2025-11-06,HM01,White,quart,ProMar200-White-Quart,36,9.0
6712,2025-11-05,2025-11-08,HM12,Blue/Green,quart,SuperPaint-Blue/Green-Quart,98,24.5
6713,2025-11-05,2025-11-08,HM13,Blue/Green,quart,Emerald-Blue/Green-Quart,62,15.5
6714,2025-11-05,2025-11-10,HM13,Blue/Green,gallon,Emerald-Blue/Green-Gallon,39,39.0
6715,2025-11-05,2025-11-11,HM14,Blue/Green,gallon,Emerald-Blue/Green-Gallon,33,33.0
6716,2025-11-05,2025-11-07,HM14,Blue/Green,pail_5gal,Emerald-Blue/Green-Pail,5,25.0
6717,2025-11-05,2025-11-09,HM16,Red,quart,Emerald-Red-Quart,247,61.75
6718,2025-11-05,2025-11-06,HM16,Red,pail_5gal,Duration-Red-Pail,20,100.0
6719,2025-11-05,2025-11-09,HM16,Red,pail_5gal,Duration-Red-Pail,5,25.0
6720,2025-11-05,2025-11-07,HM16,Red,gallon,Emerald-Red-Gallon,35,35.0
6721,2025-11-05,2025-11-08,HM20,Black,quart,ProMar200-Black-Quart,35,8.75
6722,2025-11-05,2025-11-08,HM20,Black,gallon,PrepRite-Black-Gallon,22,22.0
6723,2025-11-05,2025-11-11,HM20,Black,pail_5gal,ProMar200-Black-Pail,7,35.0
6724,2025-11-05,2025-11-08,HM25,Black,gallon,PrepRite-Black-Gallon,21,21.0
6725,2025-11-05,2025-11-07,HM30,Black,quart,ProMar200-Black-Quart,198,49.5
6726,2025-11-05,2025-11-08,HM36,White,quart,Duration-White-Quart,161,40.25
6727,2025-11-05,2025-11-07,HM36,White,gallon,Duration-White-Gallon,12,12.0
6728,2025-11-05,2025-11-07,HM36,White,quart,SuperPaint-White-Quart,122,30.5
6729,2025-11-05,2025-11-09,HM43,Red,gallon,Emerald-Red-Gallon,91,91.0
6730,2025-11-05,2025-11-06,HM43,Red,quart,Emerald-Red-Quart,202,50.5
6731,2025-11-05,2025-11-09,HM47,Red,quart,Duration-Red-Quart,142,35.5
6732,2025-11-05,2025-11-06,HM47,Red,pail_5gal,Duration-Red-Pail,4,20.0
6733,2025-11-05,2025-11-10,HM47,Red,quart,Duration-Red-Quart,234,58.5
6734,2025-11-05,2025-11-08,HM47,Red,quart,Emerald-Red-Quart,91,22.75
6735,2025-11-05,2025-11-12,HM47,Red,pail_5gal,Emerald-Red-Pail,3,15.0
6736,2025-11-05,2025-11-07,HM47,Red,gallon,Duration-Red-Gallon,43,43.0
6737,2025-11-05,2025-11-07,HM50,Clear,quart,ProMar200-Clear-Quart,52,13.0
6738,2025-11-05,2025-11-07,HM50,Clear,gallon,ProMar200-Clear-Gallon,67,67.0
6739,2025-11-05,2025-11-07,HM50,Clear,quart,ProMar200-Clear-Quart,66,16.5
6740,2025-11-06,2025-11-07,HM01,White,gallon,Duration-White-Gallon,22,22.0
6741,2025-11-06,2025-11-09,HM01,White,quart,Duration-White-Quart,77,19.25
6742,2025-11-06,2025-11-10,HM01,White,quart,ProMar200-White-Quart,119,29.75
6743,2025-11-06,2025-11-08,HM01,White,gallon,Duration-White-Gallon,19,19.0
6744,2025-11-06,2025-11-10,HM12,Blue/Green,quart,Emerald-Blue/Green-Quart,60,15.0
6745,2025-11-06,2025-11-07,HM12,Blue/Green,quart,Emerald-Blue/Green-Quart,35,8.75
6746,2025-11-06,2025-11-10,HM12,Blue/Green,quart,Emerald-Blue/Green-Quart,116,29.0
6747,2025-11-06,2025-11-07,HM13,Blue/Green,quart,SuperPaint-Blue/Green-Quart,85,21.25
6748,2025-11-06,2025-11-09,HM13,Blue/Green,gallon,Emerald-Blue/Green-Gallon,68,68.0
6749,2025-11-06,2025-11-09,HM14,Blue/Green,quart,SuperPaint-Blue/Green-Quart,42,10.5
6750,2025-11-06,2025-11-09,HM14,Blue/Green,gallon,SuperPaint-Blue/Green-Gallon,28,28.0
6751,2025-11-06,2025-11-12,HM16,Red,quart,Duration-Red-Quart,73,18.25
6752,2025-11-06,2025-11-08,HM16,Red,gallon,Duration-Red-Gallon,21,21.0
6753,2025-11-06,2025-11-10,HM16,Red,gallon,Duration-Red-Gallon,35,35.0
6754,2025-11-06,2025-11-07,HM20,Black,gallon,PrepRite-Black-Gallon,71,71.0
6755,2025-11-06,2025-11-08,HM25,Black,quart,ProMar200-Black-Quart,103,25.75
6756,2025-11-06,2025-11-09,HM25,Black,quart,ProMar200-Black-Quart,38,9.5
6757,2025-11-06,2025-11-09,HM25,Black,quart,ProMar200-Black-Quart,55,13.75
6758,2025-11-06,2025-11-07,HM25,Black,gallon,ProMar200-Black-Gallon,28,28.0
6759,2025-11-06,2025-11-07,HM30,Black,quart,PrepRite-Black-Quart,90,22.5
6760,2025-11-06,2025-11-08,HM30,Black,gallon,ProMar200-Black-Gallon,41,41.0
6761,2025-11-06,2025-11-07,HM36,White,quart,Duration-White-Quart,106,26.5
6762,2025-11-06,2025-11-08,HM36,White,gallon,SuperPaint-White-Gallon,36,36.0
6763,2025-11-06,2025-11-07,HM36,White,gallon,ProMar200-White-Gallon,23,23.0
6764,2025-11-06,2025-11-07,HM43,Red,gallon,Emerald-Red-Gallon,13,13.0
6765,2025-11-06,2025-11-08,HM47,Red,gallon,Duration-Red-Gallon,28,28.0
6766,2025-11-06,2025-11-08,HM50,Clear,pail_5gal,SuperPaint-Clear-Pail,10,50.0
6767,2025-11-06,2025-11-07,HM50,Clear,quart,ProMar200-Clear-Quart,438,109.5
6768,2025-11-06,2025-11-11,HM50,Clear,quart,ProMar200-Clear-Quart,66,16.5
6769,2025-11-06,2025-11-07,HM56,White,gallon,Duration-White-Gallon,37,37.0
6770,2025-11-07,2025-11-11,HM12,Blue/Green,gallon,Emerald-Blue/Green-Gallon,23,23.0
6771,2025-11-07,2025-11-08,HM12,Blue/Green,quart,Emerald-Blue/Green-Quart,206,51.5
6772,2025-11-07,2025-11-09,HM13,Blue/Green,gallon,Emerald-Blue/Green-Gallon,19,19.0
6773,2025-11-07,2025-11-10,HM13,Blue/Green,quart,Emerald-Blue/Green-Quart,113,28.25
6774,2025-11-07,2025-11-12,HM13,Blue/Green,quart,Emerald-Blue/Green-Quart,149,37.25
6775,2025-11-07,2025-11-08,HM14,Blue/Green,pail_5gal,SuperPaint-Blue/Green-Pail,11,55.0
6776,2025-11-07,2025-11-08,HM14,Blue/Green,quart,SuperPaint-Blue/Green-Quart,305,76.25
6777,2025-11-07,2025-11-08,HM14,Blue/Green,gallon,SuperPaint-Blue/Green-Gallon,71,71.0
6778,2025-11-07,2025-11-09,HM20,Black,pail_5gal,PrepRite-Black-Pail,7,35.0
6779,2025-11-07,2025-11-11,HM20,Black,gallon,PrepRite-Black-Gallon,16,16.0
6780,2025-11-07,2025-11-08,HM20,Black,pail_5gal,PrepRite-Black-Pail,5,25.0
6781,2025-11-07,2025-11-11,HM30,Black,gallon,ProMar200-Black-Gallon,11,11.0
6782,2025-11-07,2025-11-09,HM43,Red,gallon,Duration-Red-Gallon,42,42.0
6783,2025-11-07,2025-11-12,HM43,Red,quart,Duration-Red-Quart,163,40.75
6784,2025-11-07,2025-11-08,HM47,Red,quart,Duration-Red-Quart,205,51.25
6785,2025-11-07,2025-11-10,HM50,Clear,quart,SuperPaint-Clear-Quart,175,43.75
6786,2025-11-07,2025-11-08,HM50,Clear,gallon,ProMar200-Clear-Gallon,24,24.0
6787,2025-11-07,2025-11-11,HM50,Clear,gallon,SuperPaint-Clear-Gallon,7,7.0
6788,2025-11-07,2025-11-14,HM50,Clear,gallon,SuperPaint-Clear-Gallon,24,24.0
6789,2025-11-07,2025-11-09,HM56,White,quart,Duration-White-Quart,327,81.75
6790,2025-11-08,2025-11-11,HM12,Blue/Green,gallon,SuperPaint-Blue/Green-Gallon,19,19.0
6791,2025-11-08,2025-11-11,HM12,Blue/Green,gallon,SuperPaint-Blue/Green-Gallon,40,40.0
6792,2025-11-08,2025-11-12,HM13,Blue/Green,quart,Emerald-Blue/Green-Quart,69,17.25
6793,2025-11-08,2025-11-11,HM16,Red,pail_5gal,Emerald-Red-Pail,2,10.0
6794,2025-11-08,2025-11-13,HM20,Black,gallon,PrepRite-Black-Gallon,34,34.0
6795,2025-11-08,2025-11-09,HM25,Black,gallon,PrepRite-Black-Gallon,13,13.0
6796,2025-11-08,2025-11-10,HM25,Black,pail_5gal,ProMar200-Black-Pail,5,25.0
6797,2025-11-08,2025-11-12,HM47,Red,quart,Emerald-Red-Quart,500,125.0
6798,2025-11-08,2025-11-13,HM56,White,gallon,Duration-White-Gallon,44,44.0
6799,2025-11-09,2025-11-11,HM01,White,quart,Duration-White-Quart,104,26.0
6800,2025-11-09,2025-11-15,HM14,Blue/Green,gallon,Emerald-Blue/Green-Gallon,34,34.0
6801,2025-11-09,2025-11-13,HM14,Blue/Green,pail_5gal,SuperPaint-Blue/Green-Pail,15,75.0
6802,2025-11-09,2025-11-11,HM16,Red,gallon,Emerald-Red-Gallon,16,16.0
6803,2025-11-09,2025-11-11,HM25,Black,quart,PrepRite-Black-Quart,101,25.25
6804,2025-11-09,2025-11-10,HM25,Black,quart,ProMar200-Black-Quart,329,82.25
6805,2025-11-09,2025-11-11,HM30,Black,gallon,ProMar200-Black-Gallon,116,116.0
6806,2025-11-09,2025-11-13,HM30,Black,gallon,PrepRite-Black-Gallon,23,23.0
6807,2025-11-09,2025-11-11,HM36,White,quart,SuperPaint-White-Quart,159,39.75
6808,2025-11-09,2025-11-12,HM36,White,gallon,Duration-White-Gallon,121,121.0
6809,2025-11-09,2025-11-11,HM36,White,quart,SuperPaint-White-Quart,139,34.75
6810,2025-11-09,2025-11-13,HM47,Red,pail_5gal,Duration-Red-Pail,4,20.0
6811,2025-11-09,2025-11-12,HM50,Clear,gallon,ProMar200-Clear-Gallon,63,63.0
6812,2025-11-09,2025-11-11,HM56,White,quart,Duration-White-Quart,223,55.75
6813,2025-11-09,2025-11-10,HM56,White,pail_5gal,Duration-White-Pail,6,30.0
6814,2025-11-09,2025-11-14,HM56,White,quart,ProMar200-White-Quart,491,122.75
6815,2025-11-10,2025-11-13,HM13,Blue/Green,quart,Emerald-Blue/Green-Quart,142,35.5
6816,2025-11-10,2025-11-13,HM14,Blue/Green,quart,SuperPaint-Blue/Green-Quart,94,23.5
6817,2025-11-10,2025-11-12,HM14,Blue/Green,quart,Emerald-Blue/Green-Quart,72,18.0
6818,2025-11-10,2025-11-12,HM14,Blue/Green,quart,SuperPaint-Blue/Green-Quart,72,18.0
6819,2025-11-10,2025-11-12,HM14,Blue/Green,quart,Emerald-Blue/Green-Quart,63,15.75
6820,2025-11-10,2025-11-11,HM14,Blue/Green,gallon,SuperPaint-Blue/Green-Gallon,39,39.0
6821,2025-11-10,2025-11-17,HM16,Red,pail_5gal,Emerald-Red-Pail,8,40.0
6822,2025-11-10,2025-11-14,HM16,Red,quart,Duration-Red-Quart,56,14.0
6823,2025-11-10,2025-11-13,HM16,Red,gallon,Duration-Red-Gallon,17,17.0
6824,2025-11-10,2025-11-12,HM20,Black,gallon,PrepRite-Black-Gallon,22,22.0
6825,2025-11-10,2025-11-22,HM20,Black,gallon,PrepRite-Black-Gallon,74,74.0
6826,2025-11-10,2025-11-12,HM20,Black,gallon,ProMar200-Black-Gallon,34,34.0
6827,2025-11-10,2025-11-15,HM25,Black,pail_5gal,PrepRite-Black-Pail,3,15.0
6828,2025-11-10,2025-11-13,HM25,Black,gallon,PrepRite-Black-Gallon,69,69.0
6829,2025-11-10,2025-11-12,HM25,Black,pail_5gal,PrepRite-Black-Pail,11,55.0
6830,2025-11-10,2025-11-11,HM25,Black,gallon,ProMar200-Black-Gallon,36,36.0
6831,2025-11-10,2025-11-15,HM30,Black,pail_5gal,ProMar200-Black-Pail,4,20.0
6832,2025-11-10,2025-11-12,HM36,White,gallon,SuperPaint-White-Gallon,39,39.0
6833,2025-11-10,2025-11-12,HM36,White,quart,SuperPaint-White-Quart,39,9.75
6834,2025-11-10,2025-11-12,HM36,White,gallon,Duration-White-Gallon,34,34.0
6835,2025-11-10,2025-11-11,HM43,Red,quart,Emerald-Red-Quart,158,39.5
6836,2025-11-10,2025-11-15,HM47,Red,gallon,Emerald-Red-Gallon,26,26.0
6837,2025-11-10,2025-11-22,HM47,Red,quart,Duration-Red-Quart,199,49.75
6838,2025-11-10,2025-11-14,HM50,Clear,pail_5gal,SuperPaint-Clear-Pail,6,30.0
6839,2025-11-10,2025-11-13,HM56,White,quart,ProMar200-White-Quart,80,20.0
6840,2025-11-11,2025-11-13,HM01,White,gallon,SuperPaint-White-Gallon,42,42.0
6841,2025-11-11,2025-11-14,HM12,Blue/Green,gallon,SuperPaint-Blue/Green-Gallon,14,14.0
6842,2025-11-11,2025-11-12,HM12,Blue/Green,pail_5gal,SuperPaint-Blue/Green-Pail,8,40.0
6843,2025-11-11,2025-11-16,HM12,Blue/Green,quart,Emerald-Blue/Green-Quart,78,19.5
6844,2025-11-11,2025-11-14,HM14,Blue/Green,gallon,Emerald-Blue/Green-Gallon,69,69.0
6845,2025-11-11,2025-11-15,HM14,Blue/Green,quart,SuperPaint-Blue/Green-Quart,104,26.0
6846,2025-11-11,2025-11-12,HM14,Blue/Green,pail_5gal,SuperPaint-Blue/Green-Pail,10,50.0
6847,2025-11-11,2025-11-13,HM16,Red,pail_5gal,Emerald-Red-Pail,3,15.0
6848,2025-11-11,2025-11-13,HM16,Red,pail_5gal,Duration-Red-Pail,26,130.0
6849,2025-11-11,2025-11-14,HM16,Red,quart,Emerald-Red-Quart,288,72.0
6850,2025-11-11,2025-11-12,HM16,Red,quart,Emerald-Red-Quart,193,48.25
6851,2025-11-11,2025-11-20,HM20,Black,quart,PrepRite-Black-Quart,180,45.0
6852,2025-11-11,2025-11-14,HM20,Black,gallon,ProMar200-Black-Gallon,88,88.0
6853,2025-11-11,2025-11-14,HM25,Black,quart,ProMar200-Black-Quart,121,30.25
6854,2025-11-11,2025-11-15,HM30,Black,gallon,ProMar200-Black-Gallon,19,19.0
6855,2025-11-11,2025-11-12,HM30,Black,gallon,ProMar200-Black-Gallon,74,74.0
6856,2025-11-11,2025-11-18,HM36,White,gallon,SuperPaint-White-Gallon,13,13.0
6857,2025-11-11,2025-11-13,HM36,White,gallon,Duration-White-Gallon,21,21.0
6858,2025-11-11,2025-11-15,HM36,White,gallon,Duration-White-Gallon,17,17.0
6859,2025-11-11,2025-11-16,HM43,Red,gallon,Emerald-Red-Gallon,42,42.0
6860,2025-11-11,2025-11-14,HM43,Red,gallon,Duration-Red-Gallon,31,31.0
6861,2025-11-11,2025-11-12,HM56,White,gallon,ProMar200-White-Gallon,72,72.0
6862,2025-11-11,2025-11-12,HM56,White,pail_5gal,SuperPaint-White-Pail,7,35.0
6863,2025-11-12,2025-11-15,HM13,Blue/Green,quart,SuperPaint-Blue/Green-Quart,224,56.0
6864,2025-11-12,2025-11-23,HM13,Blue/Green,quart,SuperPaint-Blue/Green-Quart,153,38.25
6865,2025-11-12,2025-11-13,HM14,Blue/Green,pail_5gal,Emerald-Blue/Green-Pail,8,40.0
6866,2025-11-12,2025-11-13,HM14,Blue/Green,quart,SuperPaint-Blue/Green-Quart,126,31.5
6867,2025-11-12,2025-11-14,HM16,Red,gallon,Duration-Red-Gallon,7,7.0
6868,2025-11-12,2025-11-22,HM16,Red,quart,Duration-Red-Quart,190,47.5
6869,2025-11-12,2025-11-16,HM16,Red,gallon,Duration-Red-Gallon,51,51.0
6870,2025-11-12,2025-11-14,HM20,Black,gallon,PrepRite-Black-Gallon,24,24.0
6871,2025-11-12,2025-11-13,HM25,Black,quart,ProMar200-Black-Quart,133,33.25
6872,2025-11-12,2025-11-15,HM30,Black,quart,PrepRite-Black-Quart,120,30.0
6873,2025-11-12,2025-11-13,HM30,Black,gallon,PrepRite-Black-Gallon,43,43.0
6874,2025-11-12,2025-11-13,HM36,White,quart,ProMar200-White-Quart,95,23.75
6875,2025-11-12,2025-11-16,HM36,White,quart,Duration-White-Quart,30,7.5
6876,2025-11-12,2025-11-14,HM36,White,gallon,Duration-White-Gallon,38,38.0
6877,2025-11-12,2025-11-26,HM43,Red,gallon,Emerald-Red-Gallon,56,56.0
6878,2025-11-12,2025-11-14,HM43,Red,gallon,Emerald-Red-Gallon,18,18.0
6879,2025-11-12,2025-11-15,HM43,Red,gallon,Emerald-Red-Gallon,20,20.0
6880,2025-11-12,2025-11-19,HM47,Red,gallon,Duration-Red-Gallon,42,42.0
6881,2025-11-12,2025-11-15,HM47,Red,pail_5gal,Duration-Red-Pail,11,55.0
6882,2025-11-12,2025-11-13,HM50,Clear,gallon,ProMar200-Clear-Gallon,19,19.0
6883,2025-11-12,2025-11-14,HM56,White,gallon,SuperPaint-White-Gallon,25,25.0
6884,2025-11-12,2025-11-15,HM56,White,quart,ProMar200-White-Quart,99,24.75
6885,2025-11-13,2025-11-14,HM01,White,quart,SuperPaint-White-Quart,57,14.25
6886,2025-11-13,2025-11-14,HM13,Blue/Green,gallon,SuperPaint-Blue/Green-Gallon,36,36.0
6887,2025-11-13,2025-11-15,HM13,Blue/Green,quart,SuperPaint-Blue/Green-Quart,24,6.0
6888,2025-11-13,2025-11-14,HM14,Blue/Green,gallon,SuperPaint-Blue/Green-Gallon,18,18.0
6889,2025-11-13,2025-11-18,HM16,Red,gallon,Duration-Red-Gallon,81,81.0
6890,2025-11-13,2025-11-17,HM16,Red,pail_5gal,Duration-Red-Pail,10,50.0
6891,2025-11-13,2025-11-14,HM16,Red,quart,Duration-Red-Quart,126,31.5
6892,2025-11-13,2025-11-15,HM25,Black,quart,PrepRite-Black-Quart,83,20.75
6893,2025-11-13,2025-11-15,HM25,Black,pail_5gal,ProMar200-Black-Pail,5,25.0
6894,2025-11-13,2025-11-14,HM30,Black,gallon,ProMar200-Black-Gallon,33,33.0
6895,2025-11-13,2025-11-16,HM36,White,gallon,SuperPaint-White-Gallon,24,24.0
6896,2025-11-13,2025-11-15,HM47,Red,gallon,Emerald-Red-Gallon,57,57.0
6897,2025-11-13,2025-11-16,HM47,Red,quart,Duration-Red-Quart,29,7.25
6898,2025-11-14,2025-11-15,HM12,Blue/Green,gallon,Emerald-Blue/Green-Gallon,30,30.0
6899,2025-11-14,2025-11-19,HM12,Blue/Green,quart,Emerald-Blue/Green-Quart,206,51.5
6900,2025-11-14,2025-11-19,HM12,Blue/Green,quart,Emerald-Blue/Green-Quart,74,18.5
6901,2025-11-14,2025-11-18,HM13,Blue/Green,gallon,SuperPaint-Blue/Green-Gallon,21,21.0
6902,2025-11-14,2025-11-15,HM14,Blue/Green,gallon,Emerald-Blue/Green-Gallon,14,14.0
6903,2025-11-14,2025-11-17,HM14,Blue/Green,quart,Emerald-Blue/Green-Quart,167,41.75
6904,2025-11-14,2025-11-16,HM14,Blue/Green,pail_5gal,SuperPaint-Blue/Green-Pail,2,10.0
6905,2025-11-14,2025-11-15,HM14,Blue/Green,quart,Emerald-Blue/Green-Quart,87,21.75
6906,2025-11-14,2025-11-17,HM20,Black,quart,PrepRite-Black-Quart,93,23.25
6907,2025-11-14,2025-11-22,HM20,Black,gallon,PrepRite-Black-Gallon,82,82.0
6908,2025-11-14,2025-11-21,HM25,Black,quart,PrepRite-Black-Quart,115,28.75
6909,2025-11-14,2025-11-19,HM25,Black,pail_5gal,ProMar200-Black-Pail,5,25.0
6910,2025-11-14,2025-11-16,HM30,Black,gallon,PrepRite-Black-Gallon,18,18.0
6911,2025-11-14,2025-11-16,HM30,Black,quart,PrepRite-Black-Quart,39,9.75
6912,2025-11-14,2025-11-16,HM36,White,quart,ProMar200-White-Quart,343,85.75
6913,2025-11-14,2025-11-15,HM36,White,quart,Duration-White-Quart,135,33.75
6914,2025-11-14,2025-11-15,HM43,Red,gallon,Emerald-Red-Gallon,7,7.0
6915,2025-11-14,2025-11-15,HM43,Red,quart,Emerald-Red-Quart,65,16.25
6916,2025-11-14,2025-11-21,HM43,Red,gallon,Emerald-Red-Gallon,22,22.0
6917,2025-11-14,2025-11-18,HM43,Red,pail_5gal,Emerald-Red-Pail,15,75.0
6918,2025-11-14,2025-11-16,HM43,Red,gallon,Emerald-Red-Gallon,44,44.0
6919,2025-11-14,2025-11-16,HM47,Red,gallon,Emerald-Red-Gallon,62,62.0
6920,2025-11-14,2025-11-17,HM47,Red,quart,Duration-Red-Quart,111,27.75
6921,2025-11-14,2025-11-16,HM47,Red,quart,Duration-Red-Quart,73,18.25
6922,2025-11-14,2025-11-16,HM47,Red,quart,Emerald-Red-Quart,103,25.75
6923,2025-11-14,2025-11-18,HM50,Clear,gallon,SuperPaint-Clear-Gallon,15,15.0
6924,2025-11-14,2025-11-15,HM50,Clear,quart,SuperPaint-Clear-Quart,143,35.75
6925,2025-11-14,2025-11-17,HM50,Clear,pail_5gal,SuperPaint-Clear-Pail,6,30.0
6926,2025-11-14,2025-11-15,HM50,Clear,gallon,ProMar200-Clear-Gallon,66,66.0
6927,2025-11-14,2025-11-18,HM50,Clear,gallon,ProMar200-Clear-Gallon,98,98.0
6928,2025-11-14,2025-11-16,HM50,Clear,quart,SuperPaint-Clear-Quart,58,14.5
6929,2025-11-14,2025-11-18,HM50,Clear,gallon,SuperPaint-Clear-Gallon,60,60.0
6930,2025-11-14,2025-11-15,HM50,Clear,pail_5gal,ProMar200-Clear-Pail,3,15.0
6931,2025-11-14,2025-11-18,HM56,White,quart,SuperPaint-White-Quart,42,10.5
6932,2025-11-14,2025-11-15,HM56,White,gallon,SuperPaint-White-Gallon,34,34.0
6933,2025-11-15,2025-11-21,HM01,White,gallon,Duration-White-Gallon,28,28.0
6934,2025-11-15,2025-11-19,HM01,White,quart,SuperPaint-White-Quart,41,10.25
6935,2025-11-15,2025-11-17,HM12,Blue/Green,gallon,SuperPaint-Blue/Green-Gallon,64,64.0
6936,2025-11-15,2025-11-17,HM14,Blue/Green,quart,Emerald-Blue/Green-Quart,76,19.0
6937,2025-11-15,2025-11-16,HM20,Black,quart,PrepRite-Black-Quart,46,11.5
6938,2025-11-15,2025-11-16,HM25,Black,pail_5gal,PrepRite-Black-Pail,18,90.0
6939,2025-11-15,2025-11-19,HM30,Black,quart,ProMar200-Black-Quart,146,36.5
6940,2025-11-15,2025-11-16,HM36,White,quart,Duration-White-Quart,41,10.25
6941,2025-11-15,2025-11-22,HM36,White,quart,SuperPaint-White-Quart,303,75.75
6942,2025-11-15,2025-11-19,HM36,White,gallon,Duration-White-Gallon,52,52.0
6943,2025-11-15,2025-11-19,HM43,Red,pail_5gal,Emerald-Red-Pail,6,30.0
6944,2025-11-15,2025-11-18,HM43,Red,gallon,Emerald-Red-Gallon,38,38.0
6945,2025-11-15,2025-11-19,HM47,Red,gallon,Emerald-Red-Gallon,29,29.0
6946,2025-11-15,2025-11-18,HM47,Red,gallon,Emerald-Red-Gallon,20,20.0
6947,2025-11-15,2025-11-19,HM50,Clear,gallon,ProMar200-Clear-Gallon,52,52.0
6948,2025-11-16,2025-11-20,HM01,White,gallon,Duration-White-Gallon,43,43.0
6949,2025-11-16,2025-11-18,HM12,Blue/Green,quart,SuperPaint-Blue/Green-Quart,61,15.25
6950,2025-11-16,2025-11-18,HM14,Blue/Green,gallon,Emerald-Blue/Green-Gallon,26,26.0
6951,2025-11-16,2025-11-20,HM14,Blue/Green,gallon,SuperPaint-Blue/Green-Gallon,46,46.0
6952,2025-11-16,2025-11-17,HM14,Blue/Green,pail_5gal,Emerald-Blue/Green-Pail,5,25.0
6953,2025-11-16,2025-11-20,HM14,Blue/Green,pail_5gal,Emerald-Blue/Green-Pail,8,40.0
6954,2025-11-16,2025-11-17,HM14,Blue/Green,gallon,Emerald-Blue/Green-Gallon,11,11.0
6955,2025-11-16,2025-11-19,HM16,Red,quart,Duration-Red-Quart,211,52.75
6956,2025-11-16,2025-11-18,HM16,Red,gallon,Emerald-Red-Gallon,50,50.0
6957,2025-11-16,2025-11-21,HM20,Black,pail_5gal,ProMar200-Black-Pail,4,20.0
6958,2025-11-16,2025-11-17,HM20,Black,gallon,ProMar200-Black-Gallon,16,16.0
6959,2025-11-16,2025-11-17,HM25,Black,gallon,ProMar200-Black-Gallon,49,49.0
6960,2025-11-16,2025-11-17,HM36,White,quart,ProMar200-White-Quart,71,17.75
6961,2025-11-16,2025-11-21,HM36,White,gallon,SuperPaint-White-Gallon,48,48.0
6962,2025-11-16,2025-11-20,HM43,Red,quart,Emerald-Red-Quart,69,17.25
6963,2025-11-17,2025-11-18,HM01,White,quart,Duration-White-Quart,181,45.25
6964,2025-11-17,2025-11-19,HM01,White,quart,SuperPaint-White-Quart,63,15.75
6965,2025-11-17,2025-11-20,HM12,Blue/Green,quart,Emerald-Blue/Green-Quart,180,45.0
6966,2025-11-17,2025-11-19,HM13,Blue/Green,gallon,SuperPaint-Blue/Green-Gallon,16,16.0
6967,2025-11-17,2025-11-22,HM14,Blue/Green,pail_5gal,SuperPaint-Blue/Green-Pail,12,60.0
6968,2025-11-17,2025-11-22,HM14,Blue/Green,quart,Emerald-Blue/Green-Quart,75,18.75
6969,2025-11-17,2025-11-18,HM16,Red,quart,Duration-Red-Quart,50,12.5
6970,2025-11-17,2025-11-24,HM16,Red,gallon,Duration-Red-Gallon,71,71.0
6971,2025-11-17,2025-11-23,HM16,Red,gallon,Duration-Red-Gallon,25,25.0
6972,2025-11-17,2025-11-19,HM16,Red,gallon,Emerald-Red-Gallon,40,40.0
6973,2025-11-17,2025-11-19,HM20,Black,gallon,ProMar200-Black-Gallon,48,48.0
6974,2025-11-17,2025-11-20,HM20,Black,gallon,ProMar200-Black-Gallon,59,59.0
6975,2025-11-17,2025-11-21,HM25,Black,pail_5gal,PrepRite-Black-Pail,9,45.0
6976,2025-11-17,2025-11-19,HM25,Black,quart,PrepRite-Black-Quart,178,44.5
6977,2025-11-17,2025-11-22,HM30,Black,gallon,PrepRite-Black-Gallon,10,10.0
6978,2025-11-17,2025-11-20,HM30,Black,pail_5gal,ProMar200-Black-Pail,12,60.0
6979,2025-11-17,2025-11-18,HM30,Black,gallon,PrepRite-Black-Gallon,22,22.0
6980,2025-11-17,2025-11-20,HM36,White,pail_5gal,Duration-White-Pail,10,50.0
6981,2025-11-17,2025-11-19,HM36,White,gallon,Duration-White-Gallon,12,12.0
6982,2025-11-17,2025-11-20,HM43,Red,gallon,Duration-Red-Gallon,21,21.0
6983,2025-11-17,2025-11-19,HM47,Red,quart,Emerald-Red-Quart,166,41.5
6984,2025-11-17,2025-11-24,HM47,Red,gallon,Duration-Red-Gallon,60,60.0
6985,2025-11-17,2025-11-19,HM47,Red,pail_5gal,Emerald-Red-Pail,5,25.0
6986,2025-11-17,2025-11-22,HM47,Red,pail_5gal,Emerald-Red-Pail,7,35.0
6987,2025-11-17,2025-11-20,HM50,Clear,quart,ProMar200-Clear-Quart,149,37.25
6988,2025-11-17,2025-11-27,HM50,Clear,gallon,ProMar200-Clear-Gallon,34,34.0
6989,2025-11-18,2025-11-21,HM01,White,quart,ProMar200-White-Quart,76,19.0
6990,2025-11-18,2025-11-20,HM01,White,gallon,Duration-White-Gallon,39,39.0
6991,2025-11-18,2025-11-19,HM12,Blue/Green,quart,SuperPaint-Blue/Green-Quart,283,70.75
6992,2025-11-18,2025-11-20,HM13,Blue/Green,quart,Emerald-Blue/Green-Quart,61,15.25
6993,2025-11-18,2025-11-20,HM13,Blue/Green,quart,Emerald-Blue/Green-Quart,119,29.75
6994,2025-11-18,2025-11-20,HM14,Blue/Green,gallon,SuperPaint-Blue/Green-Gallon,54,54.0
6995,2025-11-18,2025-11-25,HM14,Blue/Green,gallon,Emerald-Blue/Green-Gallon,30,30.0
6996,2025-11-18,2025-11-20,HM14,Blue/Green,gallon,Emerald-Blue/Green-Gallon,19,19.0
6997,2025-11-18,2025-11-29,HM14,Blue/Green,quart,Emerald-Blue/Green-Quart,74,18.5
6998,2025-11-18,2025-11-27,HM16,Red,gallon,Duration-Red-Gallon,38,38.0
6999,2025-11-18,2025-11-20,HM16,Red,quart,Emerald-Red-Quart,75,18.75
7000,2025-11-18,2025-11-22,HM16,Red,quart,Duration-Red-Quart,289,72.25
7001,2025-11-18,2025-11-20,HM20,Black,gallon,PrepRite-Black-Gallon,116,116.0
7002,2025-11-18,2025-11-22,HM20,Black,gallon,ProMar200-Black-Gallon,78,78.0
7003,2025-11-18,2025-11-22,HM25,Black,gallon,PrepRite-Black-Gallon,57,57.0
7004,2025-11-18,2025-11-19,HM25,Black,pail_5gal,PrepRite-Black-Pail,7,35.0
7005,2025-11-18,2025-11-21,HM25,Black,quart,PrepRite-Black-Quart,85,21.25
7006,2025-11-18,2025-11-20,HM30,Black,gallon,ProMar200-Black-Gallon,61,61.0
7007,2025-11-18,2025-11-20,HM30,Black,gallon,ProMar200-Black-Gallon,23,23.0
7008,2025-11-18,2025-11-22,HM43,Red,gallon,Emerald-Red-Gallon,57,57.0
7009,2025-11-18,2025-11-21,HM47,Red,gallon,Emerald-Red-Gallon,129,129.0
7010,2025-11-18,2025-11-20,HM47,Red,pail_5gal,Emerald-Red-Pail,7,35.0
7011,2025-11-18,2025-11-21,HM47,Red,pail_5gal,Duration-Red-Pail,4,20.0
7012,2025-11-18,2025-11-20,HM47,Red,gallon,Duration-Red-Gallon,52,52.0
7013,2025-11-18,2025-11-19,HM50,Clear,gallon,ProMar200-Clear-Gallon,44,44.0
7014,2025-11-18,2025-11-19,HM50,Clear,quart,SuperPaint-Clear-Quart,151,37.75
7015,2025-11-18,2025-11-20,HM50,Clear,gallon,ProMar200-Clear-Gallon,21,21.0
7016,2025-11-18,2025-11-20,HM56,White,gallon,Duration-White-Gallon,117,117.0
7017,2025-11-19,2025-11-22,HM01,White,gallon,Duration-White-Gallon,8,8.0
7018,2025-11-19,2025-11-21,HM01,White,pail_5gal,ProMar200-White-Pail,1,5.0
7019,2025-11-19,2025-11-22,HM12,Blue/Green,quart,Emerald-Blue/Green-Quart,138,34.5
7020,2025-11-19,2025-11-21,HM12,Blue/Green,quart,SuperPaint-Blue/Green-Quart,63,15.75
7021,2025-11-19,2025-11-23,HM12,Blue/Green,gallon,Emerald-Blue/Green-Gallon,35,35.0
7022,2025-11-19,2025-11-22,HM13,Blue/Green,quart,Emerald-Blue/Green-Quart,38,9.5
7023,2025-11-19,2025-11-20,HM13,Blue/Green,quart,Emerald-Blue/Green-Quart,150,37.5
7024,2025-11-19,2025-11-21,HM13,Blue/Green,quart,SuperPaint-Blue/Green-Quart,193,48.25
7025,2025-11-19,2025-11-21,HM13,Blue/Green,gallon,SuperPaint-Blue/Green-Gallon,24,24.0
7026,2025-11-19,2025-11-26,HM13,Blue/Green,quart,SuperPaint-Blue/Green-Quart,196,49.0
7027,2025-11-19,2025-11-20,HM14,Blue/Green,pail_5gal,Emerald-Blue/Green-Pail,4,20.0
7028,2025-11-19,2025-11-23,HM20,Black,gallon,ProMar200-Black-Gallon,9,9.0
7029,2025-11-19,2025-11-22,HM20,Black,gallon,ProMar200-Black-Gallon,20,20.0
7030,2025-11-19,2025-11-22,HM20,Black,pail_5gal,PrepRite-Black-Pail,5,25.0
7031,2025-11-19,2025-11-21,HM30,Black,gallon,ProMar200-Black-Gallon,15,15.0
7032,2025-11-19,2025-11-21,HM43,Red,gallon,Emerald-Red-Gallon,36,36.0
7033,2025-11-19,2025-11-21,HM43,Red,quart,Emerald-Red-Quart,368,92.0
7034,2025-11-19,2025-11-20,HM47,Red,quart,Duration-Red-Quart,31,7.75
7035,2025-11-19,2025-11-20,HM47,Red,pail_5gal,Emerald-Red-Pail,8,40.0
7036,2025-11-19,2025-11-20,HM50,Clear,gallon,ProMar200-Clear-Gallon,90,90.0
7037,2025-11-19,2025-11-26,HM50,Clear,pail_5gal,ProMar200-Clear-Pail,2,10.0
7038,2025-11-19,2025-11-24,HM50,Clear,gallon,ProMar200-Clear-Gallon,74,74.0
7039,2025-11-19,2025-11-21,HM50,Clear,gallon,SuperPaint-Clear-Gallon,41,41.0
7040,2025-11-19,2025-11-21,HM56,White,pail_5gal,Duration-White-Pail,7,35.0
7041,2025-11-19,2025-11-21,HM56,White,quart,Duration-White-Quart,96,24.0
7042,2025-11-19,2025-11-21,HM56,White,quart,SuperPaint-White-Quart,228,57.0
7043,2025-11-19,2025-11-22,HM56,White,quart,SuperPaint-White-Quart,51,12.75
7044,2025-11-20,2025-11-23,HM01,White,gallon,Duration-White-Gallon,21,21.0
7045,2025-11-20,2025-11-21,HM12,Blue/Green,quart,SuperPaint-Blue/Green-Quart,137,34.25
7046,2025-11-20,2025-11-22,HM13,Blue/Green,gallon,Emerald-Blue/Green-Gallon,35,35.0
7047,2025-11-20,2025-11-27,HM13,Blue/Green,gallon,Emerald-Blue/Green-Gallon,27,27.0
7048,2025-11-20,2025-11-23,HM13,Blue/Green,pail_5gal,Emerald-Blue/Green-Pail,4,20.0
7049,2025-11-20,2025-11-23,HM14,Blue/Green,quart,SuperPaint-Blue/Green-Quart,50,12.5
7050,2025-11-20,2025-11-23,HM14,Blue/Green,pail_5gal,SuperPaint-Blue/Green-Pail,4,20.0
7051,2025-11-20,2025-11-23,HM16,Red,pail_5gal,Emerald-Red-Pail,3,15.0
7052,2025-11-20,2025-11-23,HM16,Red,gallon,Emerald-Red-Gallon,48,48.0
7053,2025-11-20,2025-11-21,HM16,Red,gallon,Duration-Red-Gallon,33,33.0
7054,2025-11-20,2025-11-21,HM16,Red,gallon,Duration-Red-Gallon,35,35.0
7055,2025-11-20,2025-11-28,HM20,Black,quart,PrepRite-Black-Quart,135,33.75
7056,2025-11-20,2025-11-23,HM20,Black,quart,ProMar200-Black-Quart,63,15.75
7057,2025-11-20,2025-11-23,HM25,Black,pail_5gal,ProMar200-Black-Pail,3,15.0
7058,2025-11-20,2025-11-25,HM30,Black,quart,ProMar200-Black-Quart,81,20.25
7059,2025-11-20,2025-11-24,HM36,White,gallon,ProMar200-White-Gallon,30,30.0
7060,2025-11-20,2025-11-24,HM36,White,gallon,ProMar200-White-Gallon,23,23.0
7061,2025-11-20,2025-11-23,HM36,White,gallon,SuperPaint-White-Gallon,55,55.0
7062,2025-11-20,2025-11-23,HM50,Clear,gallon,ProMar200-Clear-Gallon,21,21.0
7063,2025-11-21,2025-11-24,HM01,White,quart,ProMar200-White-Quart,55,13.75
7064,2025-11-21,2025-11-22,HM01,White,quart,SuperPaint-White-Quart,56,14.0
7065,2025-11-21,2025-11-23,HM01,White,pail_5gal,SuperPaint-White-Pail,10,50.0
7066,2025-11-21,2025-11-23,HM12,Blue/Green,gallon,Emerald-Blue/Green-Gallon,35,35.0
7067,2025-11-21,2025-11-26,HM12,Blue/Green,quart,SuperPaint-Blue/Green-Quart,37,9.25
7068,2025-11-21,2025-11-27,HM13,Blue/Green,gallon,SuperPaint-Blue/Green-Gallon,62,62.0
7069,2025-11-21,2025-11-22,HM14,Blue/Green,gallon,Emerald-Blue/Green-Gallon,51,51.0
7070,2025-11-21,2025-11-23,HM16,Red,quart,Emerald-Red-Quart,87,21.75
7071,2025-11-21,2025-11-22,HM20,Black,gallon,ProMar200-Black-Gallon,30,30.0
7072,2025-11-21,2025-11-26,HM25,Black,gallon,ProMar200-Black-Gallon,77,77.0
7073,2025-11-21,2025-11-29,HM30,Black,pail_5gal,ProMar200-Black-Pail,6,30.0
7074,2025-11-21,2025-11-24,HM30,Black,quart,PrepRite-Black-Quart,176,44.0
7075,2025-11-21,2025-11-24,HM30,Black,quart,PrepRite-Black-Quart,41,10.25
7076,2025-11-21,2025-11-23,HM36,White,pail_5gal,SuperPaint-White-Pail,7,35.0
7077,2025-11-21,2025-11-22,HM43,Red,gallon,Emerald-Red-Gallon,32,32.0
7078,2025-11-21,2025-11-23,HM43,Red,gallon,Duration-Red-Gallon,21,21.0
7079,2025-11-21,2025-11-23,HM47,Red,pail_5gal,Emerald-Red-Pail,4,20.0
7080,2025-11-21,2025-11-25,HM47,Red,gallon,Emerald-Red-Gallon,16,16.0
7081,2025-11-21,2025-11-27,HM47,Red,pail_5gal,Duration-Red-Pail,18,90.0
7082,2025-11-21,2025-11-24,HM50,Clear,gallon,ProMar200-Clear-Gallon,45,45.0
7083,2025-11-21,2025-11-24,HM50,Clear,gallon,ProMar200-Clear-Gallon,38,38.0
7084,2025-11-21,2025-11-28,HM50,Clear,gallon,SuperPaint-Clear-Gallon,49,49.0
7085,2025-11-21,2025-11-22,HM50,Clear,pail_5gal,SuperPaint-Clear-Pail,5,25.0
7086,2025-11-21,2025-11-23,HM56,White,quart,SuperPaint-White-Quart,117,29.25
7087,2025-11-22,2025-11-27,HM01,White,gallon,ProMar200-White-Gallon,72,72.0
7088,2025-11-22,2025-11-23,HM14,Blue/Green,gallon,SuperPaint-Blue/Green-Gallon,50,50.0
7089,2025-11-22,2025-11-30,HM14,Blue/Green,quart,SuperPaint-Blue/Green-Quart,59,14.75
7090,2025-11-22,2025-11-24,HM14,Blue/Green,gallon,SuperPaint-Blue/Green-Gallon,27,27.0
7091,2025-11-22,2025-11-24,HM20,Black,quart,PrepRite-Black-Quart,48,12.0
7092,2025-11-22,2025-11-29,HM30,Black,pail_5gal,PrepRite-Black-Pail,22,110.0
7093,2025-11-22,2025-11-26,HM36,White,quart,ProMar200-White-Quart,153,38.25
7094,2025-11-22,2025-11-27,HM36,White,gallon,SuperPaint-White-Gallon,30,30.0
7095,2025-11-22,2025-11-28,HM36,White,quart,SuperPaint-White-Quart,82,20.5
7096,2025-11-22,2025-11-25,HM36,White,quart,Duration-White-Quart,69,17.25
7097,2025-11-22,2025-11-24,HM36,White,gallon,Duration-White-Gallon,14,14.0
7098,2025-11-22,2025-11-23,HM43,Red,pail_5gal,Emerald-Red-Pail,5,25.0
7099,2025-11-22,2025-11-23,HM50,Clear,gallon,SuperPaint-Clear-Gallon,49,49.0
7100,2025-11-22,2025-11-24,HM50,Clear,quart,SuperPaint-Clear-Quart,350,87.5
7101,2025-11-22,2025-11-30,HM50,Clear,gallon,ProMar200-Clear-Gallon,37,37.0
7102,2025-11-22,2025-11-23,HM50,Clear,gallon,ProMar200-Clear-Gallon,82,82.0
7103,2025-11-22,2025-11-25,HM50,Clear,gallon,ProMar200-Clear-Gallon,17,17.0
7104,2025-11-22,2025-11-26,HM56,White,pail_5gal,Duration-White-Pail,5,25.0
7105,2025-11-23,2025-11-26,HM12,Blue/Green,quart,SuperPaint-Blue/Green-Quart,140,35.0
7106,2025-11-23,2025-11-25,HM12,Blue/Green,pail_5gal,Emerald-Blue/Green-Pail,15,75.0
7107,2025-11-23,2025-11-24,HM12,Blue/Green,pail_5gal,SuperPaint-Blue/Green-Pail,9,45.0
7108,2025-11-23,2025-11-25,HM12,Blue/Green,quart,SuperPaint-Blue/Green-Quart,222,55.5
7109,2025-11-23,2025-11-28,HM14,Blue/Green,quart,SuperPaint-Blue/Green-Quart,77,19.25
7110,2025-11-23,2025-11-28,HM14,Blue/Green,quart,SuperPaint-Blue/Green-Quart,97,24.25
7111,2025-11-23,2025-11-26,HM20,Black,quart,ProMar200-Black-Quart,96,24.0
7112,2025-11-23,2025-11-26,HM30,Black,pail_5gal,PrepRite-Black-Pail,4,20.0
7113,2025-11-23,2025-12-07,HM30,Black,quart,ProMar200-Black-Quart,63,15.75
7114,2025-11-23,2025-11-26,HM30,Black,pail_5gal,PrepRite-Black-Pail,2,10.0
7115,2025-11-23,2025-11-26,HM30,Black,gallon,PrepRite-Black-Gallon,33,33.0
7116,2025-11-23,2025-11-27,HM30,Black,pail_5gal,ProMar200-Black-Pail,3,15.0
7117,2025-11-23,2025-11-27,HM30,Black,quart,ProMar200-Black-Quart,79,19.75
7118,2025-11-23,2025-11-27,HM30,Black,quart,PrepRite-Black-Quart,95,23.75
7119,2025-11-23,2025-11-26,HM43,Red,pail_5gal,Emerald-Red-Pail,8,40.0
7120,2025-11-23,2025-11-24,HM43,Red,gallon,Emerald-Red-Gallon,31,31.0
7121,2025-11-23,2025-11-26,HM47,Red,quart,Emerald-Red-Quart,276,69.0
7122,2025-11-23,2025-11-24,HM50,Clear,quart,ProMar200-Clear-Quart,317,79.25
7123,2025-11-24,2025-11-27,HM01,White,gallon,Duration-White-Gallon,27,27.0
7124,2025-11-24,2025-11-26,HM01,White,gallon,SuperPaint-White-Gallon,14,14.0
7125,2025-11-24,2025-11-26,HM13,Blue/Green,quart,SuperPaint-Blue/Green-Quart,71,17.75
7126,2025-11-24,2025-11-30,HM13,Blue/Green,quart,SuperPaint-Blue/Green-Quart,71,17.75
7127,2025-11-24,2025-11-26,HM13,Blue/Green,quart,SuperPaint-Blue/Green-Quart,23,5.75
7128,2025-11-24,2025-11-25,HM13,Blue/Green,quart,Emerald-Blue/Green-Quart,147,36.75
7129,2025-11-24,2025-11-28,HM14,Blue/Green,gallon,SuperPaint-Blue/Green-Gallon,72,72.0
7130,2025-11-24,2025-11-25,HM16,Red,quart,Emerald-Red-Quart,43,10.75
7131,2025-11-24,2025-11-25,HM16,Red,quart,Duration-Red-Quart,112,28.0
7132,2025-11-24,2025-11-26,HM16,Red,quart,Duration-Red-Quart,131,32.75
7133,2025-11-24,2025-11-25,HM20,Black,quart,ProMar200-Black-Quart,34,8.5
7134,2025-11-24,2025-11-26,HM30,Black,quart,PrepRite-Black-Quart,95,23.75
7135,2025-11-24,2025-11-30,HM30,Black,gallon,ProMar200-Black-Gallon,27,27.0
7136,2025-11-24,2025-11-25,HM30,Black,gallon,ProMar200-Black-Gallon,21,21.0
7137,2025-11-24,2025-11-29,HM43,Red,gallon,Duration-Red-Gallon,18,18.0
7138,2025-11-24,2025-11-25,HM43,Red,pail_5gal,Emerald-Red-Pail,4,20.0
7139,2025-11-24,2025-11-28,HM47,Red,gallon,Emerald-Red-Gallon,59,59.0
7140,2025-11-24,2025-12-02,HM56,White,gallon,ProMar200-White-Gallon,16,16.0
7141,2025-11-25,2025-11-26,HM01,White,quart,ProMar200-White-Quart,134,33.5
7142,2025-11-25,2025-11-28,HM01,White,gallon,Duration-White-Gallon,8,8.0
7143,2025-11-25,2025-11-26,HM13,Blue/Green,gallon,SuperPaint-Blue/Green-Gallon,43,43.0
7144,2025-11-25,2025-11-26,HM13,Blue/Green,quart,Emerald-Blue/Green-Quart,196,49.0
7145,2025-11-25,2025-12-02,HM13,Blue/Green,pail_5gal,SuperPaint-Blue/Green-Pail,4,20.0
7146,2025-11-25,2025-11-29,HM14,Blue/Green,quart,Emerald-Blue/Green-Quart,95,23.75
7147,2025-11-25,2025-11-26,HM14,Blue/Green,quart,SuperPaint-Blue/Green-Quart,432,108.0
7148,2025-11-25,2025-11-26,HM20,Black,quart,PrepRite-Black-Quart,125,31.25
7149,2025-11-25,2025-11-26,HM25,Black,quart,ProMar200-Black-Quart,67,16.75
7150,2025-11-25,2025-11-27,HM30,Black,pail_5gal,ProMar200-Black-Pail,17,85.0
7151,2025-11-25,2025-11-27,HM43,Red,gallon,Duration-Red-Gallon,39,39.0
7152,2025-11-25,2025-11-29,HM43,Red,pail_5gal,Duration-Red-Pail,9,45.0
7153,2025-11-25,2025-11-26,HM50,Clear,gallon,SuperPaint-Clear-Gallon,39,39.0
7154,2025-11-25,2025-11-28,HM56,White,quart,ProMar200-White-Quart,322,80.5
7155,2025-11-26,2025-12-05,HM01,White,gallon,Duration-White-Gallon,14,14.0
7156,2025-11-26,2025-11-28,HM01,White,gallon,ProMar200-White-Gallon,34,34.0
7157,2025-11-26,2025-11-30,HM12,Blue/Green,quart,SuperPaint-Blue/Green-Quart,119,29.75
7158,2025-11-26,2025-11-27,HM12,Blue/Green,quart,SuperPaint-Blue/Green-Quart,84,21.0
7159,2025-11-26,2025-12-02,HM12,Blue/Green,gallon,Emerald-Blue/Green-Gallon,49,49.0
7160,2025-11-26,2025-11-28,HM12,Blue/Green,gallon,SuperPaint-Blue/Green-Gallon,29,29.0
7161,2025-11-26,2025-11-29,HM14,Blue/Green,quart,Emerald-Blue/Green-Quart,59,14.75
7162,2025-11-26,2025-11-27,HM14,Blue/Green,pail_5gal,SuperPaint-Blue/Green-Pail,12,60.0
7163,2025-11-26,2025-11-27,HM16,Red,gallon,Duration-Red-Gallon,42,42.0
7164,2025-11-26,2025-11-28,HM16,Red,gallon,Duration-Red-Gallon,12,12.0
7165,2025-11-26,2025-11-27,HM20,Black,gallon,PrepRite-Black-Gallon,43,43.0
7166,2025-11-26,2025-12-06,HM25,Black,quart,PrepRite-Black-Quart,122,30.5
7167,2025-11-26,2025-11-27,HM30,Black,quart,PrepRite-Black-Quart,63,15.75
7168,2025-11-26,2025-11-27,HM36,White,quart,SuperPaint-White-Quart,73,18.25
7169,2025-11-26,2025-11-27,HM36,White,gallon,SuperPaint-White-Gallon,25,25.0
7170,2025-11-26,2025-12-04,HM36,White,quart,SuperPaint-White-Quart,90,22.5
7171,2025-11-26,2025-11-27,HM43,Red,pail_5gal,Duration-Red-Pail,5,25.0
7172,2025-11-26,2025-11-27,HM43,Red,gallon,Emerald-Red-Gallon,33,33.0
7173,2025-11-26,2025-11-27,HM43,Red,gallon,Emerald-Red-Gallon,13,13.0
7174,2025-11-26,2025-12-01,HM43,Red,gallon,Duration-Red-Gallon,50,50.0
7175,2025-11-26,2025-11-27,HM43,Red,gallon,Emerald-Red-Gallon,31,31.0
7176,2025-11-26,2025-11-28,HM47,Red,gallon,Emerald-Red-Gallon,15,15.0
7177,2025-11-26,2025-11-28,HM47,Red,gallon,Emerald-Red-Gallon,17,17.0
7178,2025-11-26,2025-11-29,HM47,Red,quart,Emerald-Red-Quart,104,26.0
7179,2025-11-26,2025-11-28,HM47,Red,quart,Emerald-Red-Quart,164,41.0
7180,2025-11-26,2025-12-04,HM50,Clear,gallon,ProMar200-Clear-Gallon,61,61.0
7181,2025-11-26,2025-11-30,HM50,Clear,gallon,ProMar200-Clear-Gallon,12,12.0
7182,2025-11-26,2025-11-28,HM56,White,gallon,ProMar200-White-Gallon,32,32.0
7183,2025-11-27,2025-11-29,HM01,White,pail_5gal,SuperPaint-White-Pail,5,25.0
7184,2025-11-27,2025-11-29,HM01,White,quart,ProMar200-White-Quart,134,33.5
7185,2025-11-27,2025-11-29,HM12,Blue/Green,gallon,Emerald-Blue/Green-Gallon,31,31.0
7186,2025-11-27,2025-11-29,HM12,Blue/Green,quart,Emerald-Blue/Green-Quart,87,21.75
7187,2025-11-27,2025-11-30,HM12,Blue/Green,pail_5gal,SuperPaint-Blue/Green-Pail,8,40.0
7188,2025-11-27,2025-11-29,HM13,Blue/Green,quart,Emerald-Blue/Green-Quart,90,22.5
7189,2025-11-27,2025-11-30,HM13,Blue/Green,gallon,SuperPaint-Blue/Green-Gallon,49,49.0
7190,2025-11-27,2025-11-29,HM16,Red,quart,Duration-Red-Quart,102,25.5
7191,2025-11-27,2025-11-28,HM20,Black,pail_5gal,ProMar200-Black-Pail,10,50.0
7192,2025-11-27,2025-11-29,HM25,Black,pail_5gal,PrepRite-Black-Pail,5,25.0
7193,2025-11-27,2025-11-28,HM25,Black,gallon,PrepRite-Black-Gallon,46,46.0
7194,2025-11-27,2025-11-28,HM30,Black,gallon,ProMar200-Black-Gallon,27,27.0
7195,2025-11-27,2025-11-30,HM30,Black,gallon,PrepRite-Black-Gallon,14,14.0
7196,2025-11-27,2025-11-29,HM36,White,gallon,Duration-White-Gallon,60,60.0
7197,2025-11-27,2025-11-29,HM36,White,quart,Duration-White-Quart,261,65.25
7198,2025-11-27,2025-11-30,HM36,White,gallon,Duration-White-Gallon,53,53.0
7199,2025-11-27,2025-11-30,HM50,Clear,gallon,ProMar200-Clear-Gallon,19,19.0
7200,2025-11-27,2025-11-28,HM50,Clear,pail_5gal,SuperPaint-Clear-Pail,9,45.0
7201,2025-11-27,2025-12-03,HM50,Clear,gallon,ProMar200-Clear-Gallon,123,123.0
7202,2025-11-28,2025-11-29,HM01,White,pail_5gal,ProMar200-White-Pail,20,100.0
7203,2025-11-28,2025-12-03,HM01,White,quart,ProMar200-White-Quart,176,44.0
7204,2025-11-28,2025-11-30,HM12,Blue/Green,quart,Emerald-Blue/Green-Quart,83,20.75
7205,2025-11-28,2025-12-04,HM12,Blue/Green,pail_5gal,Emerald-Blue/Green-Pail,10,50.0
7206,2025-11-28,2025-12-01,HM12,Blue/Green,gallon,Emerald-Blue/Green-Gallon,18,18.0
7207,2025-11-28,2025-11-30,HM14,Blue/Green,gallon,Emerald-Blue/Green-Gallon,20,20.0
7208,2025-11-28,2025-12-01,HM14,Blue/Green,quart,Emerald-Blue/Green-Quart,32,8.0
7209,2025-11-28,2025-11-30,HM14,Blue/Green,gallon,SuperPaint-Blue/Green-Gallon,79,79.0
7210,2025-11-28,2025-12-01,HM16,Red,gallon,Duration-Red-Gallon,16,16.0
7211,2025-11-28,2025-11-30,HM16,Red,quart,Duration-Red-Quart,186,46.5
7212,2025-11-28,2025-12-01,HM20,Black,gallon,ProMar200-Black-Gallon,51,51.0
7213,2025-11-28,2025-12-10,HM20,Black,pail_5gal,PrepRite-Black-Pail,15,75.0
7214,2025-11-28,2025-11-29,HM20,Black,quart,ProMar200-Black-Quart,500,125.0
7215,2025-11-28,2025-12-01,HM20,Black,gallon,ProMar200-Black-Gallon,119,119.0
7216,2025-11-28,2025-12-03,HM25,Black,gallon,PrepRite-Black-Gallon,40,40.0
7217,2025-11-28,2025-11-30,HM25,Black,quart,ProMar200-Black-Quart,32,8.0
7218,2025-11-28,2025-12-02,HM30,Black,pail_5gal,ProMar200-Black-Pail,16,80.0
7219,2025-11-28,2025-11-30,HM30,Black,quart,ProMar200-Black-Quart,90,22.5
7220,2025-11-28,2025-12-03,HM36,White,quart,SuperPaint-White-Quart,85,21.25
7221,2025-11-28,2025-11-29,HM36,White,gallon,Duration-White-Gallon,9,9.0
7222,2025-11-28,2025-12-01,HM43,Red,gallon,Duration-Red-Gallon,31,31.0
7223,2025-11-28,2025-11-29,HM43,Red,quart,Emerald-Red-Quart,47,11.75
7224,2025-11-28,2025-12-02,HM43,Red,gallon,Emerald-Red-Gallon,20,20.0
7225,2025-11-28,2025-11-29,HM47,Red,quart,Emerald-Red-Quart,63,15.75
7226,2025-11-28,2025-12-05,HM47,Red,gallon,Duration-Red-Gallon,37,37.0
7227,2025-11-28,2025-11-30,HM47,Red,gallon,Emerald-Red-Gallon,51,51.0
7228,2025-11-28,2025-12-02,HM47,Red,gallon,Duration-Red-Gallon,22,22.0
7229,2025-11-28,2025-11-30,HM50,Clear,quart,ProMar200-Clear-Quart,156,39.0
7230,2025-11-28,2025-12-01,HM50,Clear,quart,ProMar200-Clear-Quart,59,14.75
7231,2025-11-28,2025-11-29,HM50,Clear,gallon,SuperPaint-Clear-Gallon,19,19.0
7232,2025-11-28,2025-11-30,HM56,White,gallon,SuperPaint-White-Gallon,19,19.0
7233,2025-11-28,2025-11-29,HM56,White,quart,ProMar200-White-Quart,147,36.75
7234,2025-11-29,2025-12-03,HM01,White,gallon,ProMar200-White-Gallon,7,7.0
7235,2025-11-29,2025-11-30,HM12,Blue/Green,quart,SuperPaint-Blue/Green-Quart,52,13.0
7236,2025-11-29,2025-12-02,HM12,Blue/Green,quart,SuperPaint-Blue/Green-Quart,72,18.0
7237,2025-11-29,2025-11-30,HM13,Blue/Green,quart,Emerald-Blue/Green-Quart,78,19.5
7238,2025-11-29,2025-12-02,HM14,Blue/Green,pail_5gal,SuperPaint-Blue/Green-Pail,4,20.0
7239,2025-11-29,2025-12-02,HM14,Blue/Green,quart,Emerald-Blue/Green-Quart,104,26.0
7240,2025-11-29,2025-12-01,HM16,Red,quart,Emerald-Red-Quart,55,13.75
7241,2025-11-29,2025-12-02,HM16,Red,gallon,Duration-Red-Gallon,41,41.0
7242,2025-11-29,2025-12-10,HM25,Black,quart,PrepRite-Black-Quart,139,34.75
7243,2025-11-29,2025-12-04,HM30,Black,gallon,ProMar200-Black-Gallon,46,46.0
7244,2025-11-29,2025-12-04,HM36,White,gallon,SuperPaint-White-Gallon,26,26.0
7245,2025-11-29,2025-12-02,HM36,White,quart,ProMar200-White-Quart,194,48.5
7246,2025-11-29,2025-12-02,HM47,Red,quart,Duration-Red-Quart,47,11.75
7247,2025-11-29,2025-12-07,HM50,Clear,gallon,ProMar200-Clear-Gallon,33,33.0
7248,2025-11-29,2025-12-04,HM50,Clear,quart,ProMar200-Clear-Quart,166,41.5
7249,2025-11-29,2025-12-03,HM56,White,gallon,ProMar200-White-Gallon,25,25.0
7250,2025-11-30,2025-12-02,HM01,White,gallon,Duration-White-Gallon,65,65.0
7251,2025-11-30,2025-12-01,HM01,White,gallon,Duration-White-Gallon,67,67.0
7252,2025-11-30,2025-12-14,HM14,Blue/Green,quart,SuperPaint-Blue/Green-Quart,87,21.75
7253,2025-11-30,2025-12-03,HM16,Red,gallon,Emerald-Red-Gallon,46,46.0
7254,2025-11-30,2025-12-04,HM16,Red,pail_5gal,Duration-Red-Pail,7,35.0
7255,2025-11-30,2025-12-01,HM16,Red,quart,Emerald-Red-Quart,67,16.75
7256,2025-11-30,2025-12-01,HM30,Black,gallon,PrepRite-Black-Gallon,25,25.0
7257,2025-11-30,2025-12-04,HM30,Black,gallon,ProMar200-Black-Gallon,68,68.0
7258,2025-11-30,2025-12-02,HM36,White,quart,SuperPaint-White-Quart,62,15.5
7259,2025-11-30,2025-12-02,HM47,Red,gallon,Duration-Red-Gallon,27,27.0
7260,2025-11-30,2025-12-02,HM47,Red,gallon,Duration-Red-Gallon,21,21.0
7261,2025-11-30,2025-12-04,HM50,Clear,gallon,ProMar200-Clear-Gallon,28,28.0
7262,2025-11-30,2025-12-01,HM56,White,quart,Duration-White-Quart,79,19.75
7263,2025-12-01,2025-12-05,HM01,White,gallon,ProMar200-White-Gallon,22,22.0
7264,2025-12-01,2025-12-04,HM01,White,gallon,SuperPaint-White-Gallon,52,52.0
7265,2025-12-01,2025-12-07,HM01,White,quart,Duration-White-Quart,264,66.0
7266,2025-12-01,2025-12-02,HM12,Blue/Green,quart,Emerald-Blue/Green-Quart,213,53.25
7267,2025-12-01,2025-12-04,HM12,Blue/Green,gallon,SuperPaint-Blue/Green-Gallon,46,46.0
7268,2025-12-01,2025-12-04,HM13,Blue/Green,quart,Emerald-Blue/Green-Quart,44,11.0
7269,2025-12-01,2025-12-04,HM16,Red,gallon,Duration-Red-Gallon,19,19.0
7270,2025-12-01,2025-12-02,HM20,Black,gallon,ProMar200-Black-Gallon,32,32.0
7271,2025-12-01,2025-12-02,HM25,Black,quart,PrepRite-Black-Quart,81,20.25
7272,2025-12-01,2025-12-03,HM25,Black,pail_5gal,PrepRite-Black-Pail,8,40.0
7273,2025-12-01,2025-12-02,HM30,Black,gallon,PrepRite-Black-Gallon,44,44.0
7274,2025-12-01,2025-12-04,HM30,Black,pail_5gal,PrepRite-Black-Pail,7,35.0
7275,2025-12-01,2025-12-04,HM36,White,gallon,SuperPaint-White-Gallon,93,93.0
7276,2025-12-01,2025-12-06,HM36,White,gallon,ProMar200-White-Gallon,56,56.0
7277,2025-12-01,2025-12-02,HM43,Red,quart,Emerald-Red-Quart,299,74.75
7278,2025-12-01,2025-12-02,HM43,Red,gallon,Duration-Red-Gallon,21,21.0
7279,2025-12-01,2025-12-07,HM43,Red,gallon,Emerald-Red-Gallon,44,44.0
7280,2025-12-01,2025-12-04,HM47,Red,pail_5gal,Emerald-Red-Pail,10,50.0
7281,2025-12-01,2025-12-04,HM47,Red,gallon,Duration-Red-Gallon,89,89.0
7282,2025-12-01,2025-12-03,HM47,Red,quart,Duration-Red-Quart,145,36.25
7283,2025-12-01,2025-12-02,HM50,Clear,quart,ProMar200-Clear-Quart,104,26.0
7284,2025-12-01,2025-12-05,HM50,Clear,gallon,SuperPaint-Clear-Gallon,9,9.0
7285,2025-12-01,2025-12-03,HM50,Clear,gallon,ProMar200-Clear-Gallon,22,22.0
7286,2025-12-01,2025-12-04,HM50,Clear,quart,SuperPaint-Clear-Quart,95,23.75
7287,2025-12-01,2025-12-02,HM56,White,gallon,Duration-White-Gallon,64,64.0
7288,2025-12-01,2025-12-03,HM56,White,gallon,ProMar200-White-Gallon,23,23.0
7289,2025-12-02,2025-12-03,HM01,White,quart,SuperPaint-White-Quart,97,24.25
7290,2025-12-02,2025-12-05,HM01,White,gallon,Duration-White-Gallon,23,23.0
7291,2025-12-02,2025-12-04,HM01,White,gallon,ProMar200-White-Gallon,31,31.0
7292,2025-12-02,2025-12-03,HM13,Blue/Green,quart,Emerald-Blue/Green-Quart,168,42.0
7293,2025-12-02,2025-12-03,HM13,Blue/Green,quart,Emerald-Blue/Green-Quart,138,34.5
7294,2025-12-02,2025-12-03,HM13,Blue/Green,gallon,SuperPaint-Blue/Green-Gallon,55,55.0
7295,2025-12-02,2025-12-15,HM14,Blue/Green,gallon,Emerald-Blue/Green-Gallon,64,64.0
7296,2025-12-02,2025-12-05,HM20,Black,gallon,PrepRite-Black-Gallon,11,11.0
7297,2025-12-02,2025-12-04,HM25,Black,gallon,ProMar200-Black-Gallon,27,27.0
7298,2025-12-02,2025-12-03,HM36,White,quart,SuperPaint-White-Quart,60,15.0
7299,2025-12-02,2025-12-05,HM36,White,gallon,Duration-White-Gallon,20,20.0
7300,2025-12-02,2025-12-03,HM36,White,quart,Duration-White-Quart,292,73.0
7301,2025-12-02,2025-12-08,HM36,White,gallon,SuperPaint-White-Gallon,69,69.0
7302,2025-12-02,2025-12-03,HM43,Red,pail_5gal,Duration-Red-Pail,5,25.0
7303,2025-12-02,2025-12-05,HM43,Red,gallon,Duration-Red-Gallon,36,36.0
7304,2025-12-02,2025-12-10,HM47,Red,quart,Emerald-Red-Quart,117,29.25
7305,2025-12-02,2025-12-05,HM47,Red,quart,Emerald-Red-Quart,86,21.5
7306,2025-12-02,2025-12-06,HM47,Red,quart,Emerald-Red-Quart,124,31.0
7307,2025-12-02,2025-12-04,HM47,Red,quart,Duration-Red-Quart,158,39.5
7308,2025-12-02,2025-12-09,HM50,Clear,gallon,SuperPaint-Clear-Gallon,11,11.0
7309,2025-12-02,2025-12-04,HM56,White,quart,Duration-White-Quart,80,20.0
7310,2025-12-03,2025-12-05,HM01,White,gallon,SuperPaint-White-Gallon,34,34.0
7311,2025-12-03,2025-12-06,HM12,Blue/Green,gallon,Emerald-Blue/Green-Gallon,84,84.0
7312,2025-12-03,2025-12-04,HM13,Blue/Green,pail_5gal,SuperPaint-Blue/Green-Pail,3,15.0
7313,2025-12-03,2025-12-04,HM14,Blue/Green,gallon,Emerald-Blue/Green-Gallon,19,19.0
7314,2025-12-03,2025-12-05,HM14,Blue/Green,quart,SuperPaint-Blue/Green-Quart,140,35.0
7315,2025-12-03,2025-12-04,HM16,Red,gallon,Emerald-Red-Gallon,61,61.0
7316,2025-12-03,2025-12-04,HM16,Red,pail_5gal,Emerald-Red-Pail,11,55.0
7317,2025-12-03,2025-12-09,HM20,Black,pail_5gal,ProMar200-Black-Pail,6,30.0
7318,2025-12-03,2025-12-06,HM20,Black,gallon,ProMar200-Black-Gallon,14,14.0
7319,2025-12-03,2025-12-05,HM25,Black,pail_5gal,ProMar200-Black-Pail,6,30.0
7320,2025-12-03,2025-12-08,HM25,Black,gallon,ProMar200-Black-Gallon,54,54.0
7321,2025-12-03,2025-12-10,HM30,Black,gallon,ProMar200-Black-Gallon,17,17.0
7322,2025-12-03,2025-12-06,HM36,White,gallon,Duration-White-Gallon,33,33.0
7323,2025-12-03,2025-12-06,HM36,White,gallon,ProMar200-White-Gallon,45,45.0
7324,2025-12-03,2025-12-05,HM43,Red,quart,Duration-Red-Quart,23,5.75
7325,2025-12-03,2025-12-06,HM43,Red,quart,Duration-Red-Quart,105,26.25
7326,2025-12-03,2025-12-04,HM50,Clear,quart,SuperPaint-Clear-Quart,410,102.5
7327,2025-12-03,2025-12-05,HM50,Clear,gallon,SuperPaint-Clear-Gallon,44,44.0
7328,2025-12-03,2025-12-13,HM56,White,gallon,ProMar200-White-Gallon,10,10.0
7329,2025-12-03,2025-12-04,HM56,White,gallon,ProMar200-White-Gallon,42,42.0
7330,2025-12-04,2025-12-05,HM12,Blue/Green,gallon,Emerald-Blue/Green-Gallon,92,92.0
7331,2025-12-04,2025-12-06,HM12,Blue/Green,quart,SuperPaint-Blue/Green-Quart,107,26.75
7332,2025-12-04,2025-12-10,HM13,Blue/Green,quart,Emerald-Blue/Green-Quart,107,26.75
7333,2025-12-04,2025-12-07,HM13,Blue/Green,quart,Emerald-Blue/Green-Quart,22,5.5
7334,2025-12-04,2025-12-09,HM13,Blue/Green,quart,SuperPaint-Blue/Green-Quart,58,14.5
7335,2025-12-04,2025-12-08,HM13,Blue/Green,quart,SuperPaint-Blue/Green-Quart,28,7.0
7336,2025-12-04,2025-12-06,HM14,Blue/Green,quart,Emerald-Blue/Green-Quart,24,6.0
7337,2025-12-04,2025-12-07,HM16,Red,quart,Duration-Red-Quart,133,33.25
7338,2025-12-04,2025-12-11,HM16,Red,gallon,Emerald-Red-Gallon,33,33.0
7339,2025-12-04,2025-12-06,HM20,Black,quart,PrepRite-Black-Quart,134,33.5
7340,2025-12-04,2025-12-08,HM20,Black,quart,PrepRite-Black-Quart,119,29.75
7341,2025-12-04,2025-12-05,HM25,Black,gallon,ProMar200-Black-Gallon,39,39.0
7342,2025-12-04,2025-12-06,HM25,Black,quart,PrepRite-Black-Quart,25,6.25
7343,2025-12-04,2025-12-05,HM25,Black,quart,PrepRite-Black-Quart,121,30.25
7344,2025-12-04,2025-12-09,HM25,Black,quart,PrepRite-Black-Quart,55,13.75
7345,2025-12-04,2025-12-10,HM30,Black,gallon,ProMar200-Black-Gallon,10,10.0
7346,2025-12-04,2025-12-11,HM36,White,quart,ProMar200-White-Quart,129,32.25
7347,2025-12-04,2025-12-06,HM36,White,quart,ProMar200-White-Quart,43,10.75
7348,2025-12-04,2025-12-13,HM36,White,gallon,ProMar200-White-Gallon,21,21.0
7349,2025-12-04,2025-12-06,HM43,Red,quart,Duration-Red-Quart,65,16.25
7350,2025-12-04,2025-12-08,HM47,Red,quart,Emerald-Red-Quart,126,31.5
7351,2025-12-04,2025-12-06,HM50,Clear,gallon,ProMar200-Clear-Gallon,94,94.0
7352,2025-12-04,2025-12-05,HM50,Clear,quart,SuperPaint-Clear-Quart,99,24.75
7353,2025-12-05,2025-12-06,HM01,White,quart,Duration-White-Quart,67,16.75
7354,2025-12-05,2025-12-07,HM01,White,gallon,Duration-White-Gallon,29,29.0
7355,2025-12-05,2025-12-06,HM13,Blue/Green,gallon,SuperPaint-Blue/Green-Gallon,27,27.0
7356,2025-12-05,2025-12-10,HM14,Blue/Green,gallon,SuperPaint-Blue/Green-Gallon,35,35.0
7357,2025-12-05,2025-12-13,HM16,Red,gallon,Duration-Red-Gallon,28,28.0
7358,2025-12-05,2025-12-07,HM20,Black,gallon,ProMar200-Black-Gallon,47,47.0
7359,2025-12-05,2025-12-09,HM20,Black,gallon,ProMar200-Black-Gallon,57,57.0
7360,2025-12-05,2025-12-07,HM20,Black,pail_5gal,ProMar200-Black-Pail,7,35.0
7361,2025-12-05,2025-12-06,HM25,Black,quart,ProMar200-Black-Quart,150,37.5
7362,2025-12-05,2025-12-08,HM25,Black,quart,ProMar200-Black-Quart,240,60.0
7363,2025-12-05,2025-12-06,HM25,Black,gallon,PrepRite-Black-Gallon,56,56.0
7364,2025-12-05,2025-12-09,HM36,White,gallon,SuperPaint-White-Gallon,9,9.0
7365,2025-12-05,2025-12-06,HM43,Red,pail_5gal,Emerald-Red-Pail,11,55.0
7366,2025-12-05,2025-12-06,HM47,Red,gallon,Emerald-Red-Gallon,12,12.0
7367,2025-12-05,2025-12-13,HM47,Red,pail_5gal,Duration-Red-Pail,10,50.0
7368,2025-12-05,2025-12-06,HM50,Clear,gallon,ProMar200-Clear-Gallon,44,44.0
7369,2025-12-05,2025-12-19,HM56,White,quart,Duration-White-Quart,106,26.5
7370,2025-12-05,2025-12-06,HM56,White,quart,SuperPaint-White-Quart,251,62.75
7371,2025-12-05,2025-12-17,HM56,White,gallon,SuperPaint-White-Gallon,76,76.0
7372,2025-12-06,2025-12-07,HM01,White,pail_5gal,SuperPaint-White-Pail,8,40.0
7373,2025-12-06,2025-12-08,HM01,White,pail_5gal,SuperPaint-White-Pail,5,25.0
7374,2025-12-06,2025-12-08,HM01,White,quart,Duration-White-Quart,151,37.75
7375,2025-12-06,2025-12-10,HM12,Blue/Green,quart,SuperPaint-Blue/Green-Quart,82,20.5
7376,2025-12-06,2025-12-13,HM12,Blue/Green,quart,SuperPaint-Blue/Green-Quart,62,15.5
7377,2025-12-06,2025-12-07,HM13,Blue/Green,quart,Emerald-Blue/Green-Quart,163,40.75
7378,2025-12-06,2025-12-09,HM13,Blue/Green,pail_5gal,SuperPaint-Blue/Green-Pail,7,35.0
7379,2025-12-06,2025-12-08,HM14,Blue/Green,quart,SuperPaint-Blue/Green-Quart,34,8.5
7380,2025-12-06,2025-12-08,HM14,Blue/Green,gallon,SuperPaint-Blue/Green-Gallon,48,48.0
7381,2025-12-06,2025-12-10,HM14,Blue/Green,gallon,SuperPaint-Blue/Green-Gallon,29,29.0
7382,2025-12-06,2025-12-09,HM16,Red,pail_5gal,Emerald-Red-Pail,4,20.0
7383,2025-12-06,2025-12-09,HM36,White,gallon,ProMar200-White-Gallon,29,29.0
7384,2025-12-06,2025-12-10,HM36,White,quart,SuperPaint-White-Quart,283,70.75
7385,2025-12-06,2025-12-09,HM43,Red,gallon,Duration-Red-Gallon,39,39.0
7386,2025-12-06,2025-12-08,HM47,Red,pail_5gal,Emerald-Red-Pail,9,45.0
7387,2025-12-06,2025-12-08,HM47,Red,gallon,Duration-Red-Gallon,40,40.0
7388,2025-12-06,2025-12-08,HM47,Red,quart,Emerald-Red-Quart,444,111.0
7389,2025-12-06,2025-12-07,HM50,Clear,quart,SuperPaint-Clear-Quart,94,23.5
7390,2025-12-06,2025-12-10,HM56,White,quart,SuperPaint-White-Quart,92,23.0
7391,2025-12-07,2025-12-11,HM12,Blue/Green,gallon,Emerald-Blue/Green-Gallon,26,26.0
7392,2025-12-07,2025-12-10,HM16,Red,gallon,Emerald-Red-Gallon,19,19.0
7393,2025-12-07,2025-12-10,HM20,Black,gallon,PrepRite-Black-Gallon,19,19.0
7394,2025-12-07,2025-12-11,HM20,Black,pail_5gal,PrepRite-Black-Pail,10,50.0
7395,2025-12-07,2025-12-10,HM25,Black,gallon,ProMar200-Black-Gallon,24,24.0
7396,2025-12-07,2025-12-08,HM30,Black,pail_5gal,PrepRite-Black-Pail,9,45.0
7397,2025-12-07,2025-12-11,HM36,White,quart,ProMar200-White-Quart,141,35.25
7398,2025-12-07,2025-12-09,HM36,White,quart,Duration-White-Quart,229,57.25
7399,2025-12-07,2025-12-09,HM36,White,quart,ProMar200-White-Quart,229,57.25
7400,2025-12-07,2025-12-08,HM43,Red,pail_5gal,Emerald-Red-Pail,10,50.0
7401,2025-12-07,2025-12-10,HM47,Red,pail_5gal,Duration-Red-Pail,5,25.0
7402,2025-12-07,2025-12-09,HM47,Red,quart,Duration-Red-Quart,192,48.0
7403,2025-12-07,2025-12-10,HM47,Red,gallon,Emerald-Red-Gallon,31,31.0
7404,2025-12-07,2025-12-11,HM47,Red,pail_5gal,Duration-Red-Pail,3,15.0
7405,2025-12-07,2025-12-09,HM47,Red,gallon,Emerald-Red-Gallon,53,53.0
7406,2025-12-07,2025-12-10,HM50,Clear,gallon,ProMar200-Clear-Gallon,43,43.0
7407,2025-12-08,2025-12-13,HM01,White,quart,ProMar200-White-Quart,68,17.0
7408,2025-12-08,2025-12-10,HM01,White,gallon,ProMar200-White-Gallon,21,21.0
7409,2025-12-08,2025-12-09,HM12,Blue/Green,quart,SuperPaint-Blue/Green-Quart,92,23.0
7410,2025-12-08,2025-12-10,HM12,Blue/Green,pail_5gal,SuperPaint-Blue/Green-Pail,17,85.0
7411,2025-12-08,2025-12-10,HM16,Red,pail_5gal,Emerald-Red-Pail,8,40.0
7412,2025-12-08,2025-12-12,HM16,Red,pail_5gal,Emerald-Red-Pail,3,15.0
7413,2025-12-08,2025-12-09,HM20,Black,quart,ProMar200-Black-Quart,344,86.0
7414,2025-12-08,2025-12-11,HM20,Black,gallon,PrepRite-Black-Gallon,30,30.0
7415,2025-12-08,2025-12-09,HM20,Black,quart,PrepRite-Black-Quart,67,16.75
7416,2025-12-08,2025-12-16,HM25,Black,gallon,ProMar200-Black-Gallon,72,72.0
7417,2025-12-08,2025-12-13,HM25,Black,gallon,PrepRite-Black-Gallon,41,41.0
7418,2025-12-08,2025-12-10,HM30,Black,gallon,PrepRite-Black-Gallon,47,47.0
7419,2025-12-08,2025-12-11,HM36,White,pail_5gal,SuperPaint-White-Pail,5,25.0
7420,2025-12-08,2025-12-14,HM43,Red,pail_5gal,Emerald-Red-Pail,3,15.0
7421,2025-12-08,2025-12-10,HM47,Red,pail_5gal,Emerald-Red-Pail,4,20.0
7422,2025-12-08,2025-12-11,HM50,Clear,pail_5gal,SuperPaint-Clear-Pail,10,50.0
7423,2025-12-08,2025-12-09,HM56,White,gallon,SuperPaint-White-Gallon,72,72.0
7424,2025-12-09,2025-12-12,HM01,White,quart,SuperPaint-White-Quart,35,8.75
7425,2025-12-09,2025-12-16,HM01,White,quart,ProMar200-White-Quart,67,16.75
7426,2025-12-09,2025-12-10,HM13,Blue/Green,quart,Emerald-Blue/Green-Quart,270,67.5
7427,2025-12-09,2025-12-10,HM13,Blue/Green,quart,Emerald-Blue/Green-Quart,500,125.0
7428,2025-12-09,2025-12-10,HM13,Blue/Green,gallon,SuperPaint-Blue/Green-Gallon,21,21.0
7429,2025-12-09,2025-12-11,HM14,Blue/Green,quart,Emerald-Blue/Green-Quart,149,37.25
7430,2025-12-09,2025-12-12,HM14,Blue/Green,quart,Emerald-Blue/Green-Quart,261,65.25
7431,2025-12-09,2025-12-10,HM14,Blue/Green,gallon,SuperPaint-Blue/Green-Gallon,54,54.0
7432,2025-12-09,2025-12-17,HM25,Black,quart,ProMar200-Black-Quart,116,29.0
7433,2025-12-09,2025-12-11,HM25,Black,gallon,ProMar200-Black-Gallon,25,25.0
7434,2025-12-09,2025-12-11,HM25,Black,gallon,PrepRite-Black-Gallon,55,55.0
7435,2025-12-09,2025-12-11,HM30,Black,gallon,ProMar200-Black-Gallon,40,40.0
7436,2025-12-09,2025-12-10,HM36,White,gallon,Duration-White-Gallon,29,29.0
7437,2025-12-09,2025-12-10,HM43,Red,gallon,Duration-Red-Gallon,16,16.0
7438,2025-12-09,2025-12-12,HM43,Red,gallon,Emerald-Red-Gallon,35,35.0
7439,2025-12-09,2025-12-10,HM43,Red,gallon,Emerald-Red-Gallon,57,57.0
7440,2025-12-09,2025-12-12,HM43,Red,gallon,Duration-Red-Gallon,25,25.0
7441,2025-12-09,2025-12-11,HM43,Red,quart,Duration-Red-Quart,86,21.5
7442,2025-12-09,2025-12-11,HM47,Red,gallon,Duration-Red-Gallon,32,32.0
7443,2025-12-09,2025-12-11,HM50,Clear,quart,ProMar200-Clear-Quart,99,24.75
7444,2025-12-09,2025-12-14,HM56,White,gallon,ProMar200-White-Gallon,21,21.0
7445,2025-12-09,2025-12-11,HM56,White,quart,Duration-White-Quart,79,19.75
7446,2025-12-09,2025-12-13,HM56,White,gallon,ProMar200-White-Gallon,54,54.0
7447,2025-12-10,2025-12-13,HM01,White,quart,Duration-White-Quart,94,23.5
7448,2025-12-10,2025-12-12,HM12,Blue/Green,gallon,Emerald-Blue/Green-Gallon,26,26.0
7449,2025-12-10,2025-12-12,HM12,Blue/Green,quart,SuperPaint-Blue/Green-Quart,89,22.25
7450,2025-12-10,2025-12-12,HM14,Blue/Green,quart,SuperPaint-Blue/Green-Quart,43,10.75
7451,2025-12-10,2025-12-12,HM16,Red,gallon,Emerald-Red-Gallon,18,18.0
7452,2025-12-10,2025-12-13,HM16,Red,gallon,Duration-Red-Gallon,15,15.0
7453,2025-12-10,2025-12-16,HM16,Red,pail_5gal,Emerald-Red-Pail,7,35.0
7454,2025-12-10,2025-12-11,HM20,Black,quart,PrepRite-Black-Quart,110,27.5
7455,2025-12-10,2025-12-14,HM20,Black,gallon,ProMar200-Black-Gallon,9,9.0
7456,2025-12-10,2025-12-16,HM20,Black,quart,ProMar200-Black-Quart,125,31.25
7457,2025-12-10,2025-12-12,HM36,White,gallon,Duration-White-Gallon,95,95.0
7458,2025-12-10,2025-12-12,HM36,White,gallon,Duration-White-Gallon,81,81.0
7459,2025-12-10,2025-12-14,HM36,White,quart,Duration-White-Quart,103,25.75
7460,2025-12-10,2025-12-11,HM47,Red,gallon,Emerald-Red-Gallon,30,30.0
7461,2025-12-10,2025-12-14,HM56,White,gallon,ProMar200-White-Gallon,41,41.0
7462,2025-12-10,2025-12-13,HM56,White,quart,ProMar200-White-Quart,76,19.0
7463,2025-12-11,2025-12-15,HM01,White,pail_5gal,SuperPaint-White-Pail,20,100.0
7464,2025-12-11,2025-12-14,HM01,White,gallon,ProMar200-White-Gallon,42,42.0
7465,2025-12-11,2025-12-12,HM01,White,quart,Duration-White-Quart,21,5.25
7466,2025-12-11,2025-12-13,HM12,Blue/Green,quart,Emerald-Blue/Green-Quart,166,41.5
7467,2025-12-11,2025-12-12,HM12,Blue/Green,gallon,SuperPaint-Blue/Green-Gallon,14,14.0
7468,2025-12-11,2025-12-13,HM13,Blue/Green,pail_5gal,Emerald-Blue/Green-Pail,8,40.0
7469,2025-12-11,2025-12-16,HM14,Blue/Green,quart,SuperPaint-Blue/Green-Quart,84,21.0
7470,2025-12-11,2025-12-15,HM14,Blue/Green,quart,SuperPaint-Blue/Green-Quart,292,73.0
7471,2025-12-11,2025-12-12,HM20,Black,gallon,ProMar200-Black-Gallon,67,67.0
7472,2025-12-11,2025-12-14,HM20,Black,quart,ProMar200-Black-Quart,205,51.25
7473,2025-12-11,2025-12-14,HM25,Black,quart,PrepRite-Black-Quart,94,23.5
7474,2025-12-11,2025-12-13,HM25,Black,pail_5gal,ProMar200-Black-Pail,14,70.0
7475,2025-12-11,2025-12-12,HM25,Black,gallon,ProMar200-Black-Gallon,35,35.0
7476,2025-12-11,2025-12-13,HM25,Black,pail_5gal,PrepRite-Black-Pail,9,45.0
7477,2025-12-11,2025-12-12,HM30,Black,quart,PrepRite-Black-Quart,111,27.75
7478,2025-12-11,2025-12-15,HM30,Black,pail_5gal,ProMar200-Black-Pail,8,40.0
7479,2025-12-11,2025-12-13,HM30,Black,pail_5gal,ProMar200-Black-Pail,5,25.0
7480,2025-12-11,2025-12-13,HM30,Black,quart,PrepRite-Black-Quart,107,26.75
7481,2025-12-11,2025-12-12,HM30,Black,quart,PrepRite-Black-Quart,52,13.0
7482,2025-12-11,2025-12-12,HM36,White,pail_5gal,Duration-White-Pail,28,140.0
7483,2025-12-11,2025-12-12,HM43,Red,pail_5gal,Duration-Red-Pail,12,60.0
7484,2025-12-11,2025-12-22,HM47,Red,quart,Duration-Red-Quart,154,38.5
7485,2025-12-12,2025-12-17,HM01,White,gallon,SuperPaint-White-Gallon,14,14.0
7486,2025-12-12,2025-12-20,HM01,White,gallon,ProMar200-White-Gallon,48,48.0
7487,2025-12-12,2025-12-14,HM01,White,gallon,ProMar200-White-Gallon,90,90.0
7488,2025-12-12,2025-12-15,HM13,Blue/Green,quart,Emerald-Blue/Green-Quart,243,60.75
7489,2025-12-12,2025-12-19,HM14,Blue/Green,quart,Emerald-Blue/Green-Quart,52,13.0
7490,2025-12-12,2025-12-14,HM14,Blue/Green,pail_5gal,SuperPaint-Blue/Green-Pail,10,50.0
7491,2025-12-12,2025-12-14,HM14,Blue/Green,pail_5gal,Emerald-Blue/Green-Pail,2,10.0
7492,2025-12-12,2025-12-15,HM14,Blue/Green,quart,Emerald-Blue/Green-Quart,79,19.75
7493,2025-12-12,2025-12-15,HM14,Blue/Green,pail_5gal,SuperPaint-Blue/Green-Pail,7,35.0
7494,2025-12-12,2025-12-13,HM16,Red,quart,Duration-Red-Quart,81,20.25
7495,2025-12-12,2025-12-13,HM16,Red,gallon,Emerald-Red-Gallon,59,59.0
7496,2025-12-12,2025-12-13,HM16,Red,gallon,Duration-Red-Gallon,57,57.0
7497,2025-12-12,2025-12-13,HM20,Black,quart,PrepRite-Black-Quart,156,39.0
7498,2025-12-12,2025-12-18,HM20,Black,quart,PrepRite-Black-Quart,157,39.25
7499,2025-12-12,2025-12-13,HM25,Black,pail_5gal,PrepRite-Black-Pail,13,65.0
7500,2025-12-12,2025-12-14,HM30,Black,quart,PrepRite-Black-Quart,279,69.75
7501,2025-12-12,2025-12-13,HM30,Black,pail_5gal,ProMar200-Black-Pail,2,10.0
7502,2025-12-12,2025-12-22,HM30,Black,gallon,PrepRite-Black-Gallon,101,101.0
7503,2025-12-12,2025-12-19,HM30,Black,gallon,PrepRite-Black-Gallon,12,12.0
7504,2025-12-12,2025-12-16,HM36,White,gallon,Duration-White-Gallon,15,15.0
7505,2025-12-12,2025-12-14,HM43,Red,quart,Duration-Red-Quart,71,17.75
7506,2025-12-12,2025-12-15,HM43,Red,quart,Emerald-Red-Quart,94,23.5
7507,2025-12-12,2025-12-14,HM47,Red,gallon,Duration-Red-Gallon,35,35.0
7508,2025-12-12,2025-12-13,HM47,Red,quart,Emerald-Red-Quart,287,71.75
7509,2025-12-12,2025-12-13,HM50,Clear,quart,ProMar200-Clear-Quart,214,53.5
7510,2025-12-12,2025-12-16,HM56,White,gallon,ProMar200-White-Gallon,29,29.0
7511,2025-12-12,2025-12-16,HM56,White,gallon,Duration-White-Gallon,33,33.0
7512,2025-12-13,2025-12-16,HM13,Blue/Green,gallon,Emerald-Blue/Green-Gallon,100,100.0
7513,2025-12-13,2025-12-16,HM13,Blue/Green,quart,Emerald-Blue/Green-Quart,210,52.5
7514,2025-12-13,2025-12-17,HM14,Blue/Green,gallon,Emerald-Blue/Green-Gallon,20,20.0
7515,2025-12-13,2025-12-15,HM14,Blue/Green,quart,Emerald-Blue/Green-Quart,64,16.0
7516,2025-12-13,2025-12-15,HM16,Red,gallon,Emerald-Red-Gallon,40,40.0
7517,2025-12-13,2025-12-14,HM16,Red,quart,Duration-Red-Quart,185,46.25
7518,2025-12-13,2025-12-15,HM16,Red,pail_5gal,Duration-Red-Pail,4,20.0
7519,2025-12-13,2025-12-14,HM16,Red,gallon,Duration-Red-Gallon,19,19.0
7520,2025-12-13,2025-12-19,HM16,Red,quart,Emerald-Red-Quart,187,46.75
7521,2025-12-13,2025-12-15,HM20,Black,quart,PrepRite-Black-Quart,34,8.5
7522,2025-12-13,2025-12-15,HM20,Black,quart,ProMar200-Black-Quart,67,16.75
7523,2025-12-13,2025-12-15,HM20,Black,pail_5gal,PrepRite-Black-Pail,10,50.0
7524,2025-12-13,2025-12-15,HM25,Black,quart,PrepRite-Black-Quart,268,67.0
7525,2025-12-13,2025-12-21,HM30,Black,pail_5gal,PrepRite-Black-Pail,5,25.0
7526,2025-12-13,2025-12-18,HM30,Black,gallon,PrepRite-Black-Gallon,26,26.0
7527,2025-12-13,2025-12-14,HM30,Black,quart,PrepRite-Black-Quart,67,16.75
7528,2025-12-13,2025-12-16,HM36,White,quart,ProMar200-White-Quart,286,71.5
7529,2025-12-13,2025-12-14,HM36,White,quart,ProMar200-White-Quart,94,23.5
7530,2025-12-13,2025-12-16,HM50,Clear,pail_5gal,ProMar200-Clear-Pail,5,25.0
7531,2025-12-13,2025-12-19,HM56,White,quart,ProMar200-White-Quart,137,34.25
7532,2025-12-14,2025-12-17,HM01,White,gallon,ProMar200-White-Gallon,42,42.0
7533,2025-12-14,2025-12-15,HM01,White,pail_5gal,Duration-White-Pail,7,35.0
7534,2025-12-14,2025-12-17,HM12,Blue/Green,quart,Emerald-Blue/Green-Quart,314,78.5
7535,2025-12-14,2025-12-15,HM13,Blue/Green,quart,SuperPaint-Blue/Green-Quart,175,43.75
7536,2025-12-14,2025-12-16,HM13,Blue/Green,quart,Emerald-Blue/Green-Quart,40,10.0
7537,2025-12-14,2025-12-17,HM14,Blue/Green,gallon,SuperPaint-Blue/Green-Gallon,12,12.0
7538,2025-12-14,2025-12-17,HM14,Blue/Green,gallon,Emerald-Blue/Green-Gallon,34,34.0
7539,2025-12-14,2025-12-16,HM14,Blue/Green,pail_5gal,Emerald-Blue/Green-Pail,2,10.0
7540,2025-12-14,2025-12-15,HM16,Red,quart,Duration-Red-Quart,102,25.5
7541,2025-12-14,2025-12-18,HM20,Black,gallon,ProMar200-Black-Gallon,18,18.0
7542,2025-12-14,2025-12-20,HM43,Red,gallon,Emerald-Red-Gallon,14,14.0
7543,2025-12-15,2025-12-16,HM01,White,gallon,ProMar200-White-Gallon,38,38.0
7544,2025-12-15,2025-12-22,HM01,White,gallon,Duration-White-Gallon,42,42.0
7545,2025-12-15,2025-12-19,HM01,White,quart,Duration-White-Quart,124,31.0
7546,2025-12-15,2025-12-16,HM12,Blue/Green,gallon,SuperPaint-Blue/Green-Gallon,57,57.0
7547,2025-12-15,2025-12-18,HM13,Blue/Green,quart,SuperPaint-Blue/Green-Quart,199,49.75
7548,2025-12-15,2025-12-17,HM13,Blue/Green,gallon,Emerald-Blue/Green-Gallon,35,35.0
7549,2025-12-15,2025-12-18,HM13,Blue/Green,quart,SuperPaint-Blue/Green-Quart,201,50.25
7550,2025-12-15,2025-12-18,HM14,Blue/Green,pail_5gal,Emerald-Blue/Green-Pail,8,40.0
7551,2025-12-15,2025-12-22,HM14,Blue/Green,quart,SuperPaint-Blue/Green-Quart,59,14.75
7552,2025-12-15,2025-12-18,HM14,Blue/Green,gallon,Emerald-Blue/Green-Gallon,34,34.0
7553,2025-12-15,2025-12-16,HM16,Red,gallon,Emerald-Red-Gallon,9,9.0
7554,2025-12-15,2025-12-25,HM16,Red,gallon,Duration-Red-Gallon,14,14.0
7555,2025-12-15,2025-12-19,HM20,Black,gallon,PrepRite-Black-Gallon,40,40.0
7556,2025-12-15,2025-12-18,HM25,Black,gallon,ProMar200-Black-Gallon,33,33.0
7557,2025-12-15,2025-12-19,HM25,Black,gallon,PrepRite-Black-Gallon,22,22.0
7558,2025-12-15,2025-12-18,HM25,Black,gallon,ProMar200-Black-Gallon,28,28.0
7559,2025-12-15,2025-12-17,HM30,Black,quart,ProMar200-Black-Quart,114,28.5
7560,2025-12-15,2025-12-18,HM30,Black,gallon,ProMar200-Black-Gallon,54,54.0
7561,2025-12-15,2025-12-20,HM36,White,quart,SuperPaint-White-Quart,276,69.0
7562,2025-12-15,2025-12-17,HM43,Red,quart,Duration-Red-Quart,48,12.0
7563,2025-12-15,2025-12-19,HM47,Red,gallon,Duration-Red-Gallon,13,13.0
7564,2025-12-15,2025-12-17,HM47,Red,pail_5gal,Duration-Red-Pail,4,20.0
7565,2025-12-15,2025-12-16,HM50,Clear,quart,ProMar200-Clear-Quart,260,65.0
7566,2025-12-15,2025-12-20,HM50,Clear,gallon,ProMar200-Clear-Gallon,22,22.0
7567,2025-12-15,2025-12-21,HM56,White,quart,SuperPaint-White-Quart,30,7.5
7568,2025-12-15,2025-12-19,HM56,White,gallon,Duration-White-Gallon,48,48.0
7569,2025-12-15,2025-12-16,HM56,White,gallon,Duration-White-Gallon,27,27.0
7570,2025-12-16,2025-12-21,HM01,White,quart,ProMar200-White-Quart,87,21.75
7571,2025-12-16,2025-12-18,HM01,White,gallon,ProMar200-White-Gallon,11,11.0
7572,2025-12-16,2025-12-19,HM12,Blue/Green,gallon,SuperPaint-Blue/Green-Gallon,68,68.0
7573,2025-12-16,2025-12-21,HM13,Blue/Green,quart,SuperPaint-Blue/Green-Quart,111,27.75
7574,2025-12-16,2025-12-18,HM14,Blue/Green,pail_5gal,SuperPaint-Blue/Green-Pail,3,15.0
7575,2025-12-16,2025-12-20,HM16,Red,quart,Duration-Red-Quart,121,30.25
7576,2025-12-16,2025-12-21,HM20,Black,pail_5gal,PrepRite-Black-Pail,5,25.0
7577,2025-12-16,2025-12-18,HM25,Black,gallon,PrepRite-Black-Gallon,23,23.0
7578,2025-12-16,2025-12-17,HM25,Black,quart,ProMar200-Black-Quart,77,19.25
7579,2025-12-16,2025-12-17,HM25,Black,pail_5gal,PrepRite-Black-Pail,14,70.0
7580,2025-12-16,2025-12-21,HM25,Black,quart,ProMar200-Black-Quart,160,40.0
7581,2025-12-16,2025-12-17,HM30,Black,gallon,PrepRite-Black-Gallon,36,36.0
7582,2025-12-16,2025-12-18,HM36,White,quart,Duration-White-Quart,148,37.0
7583,2025-12-16,2025-12-19,HM36,White,quart,ProMar200-White-Quart,349,87.25
7584,2025-12-16,2025-12-18,HM43,Red,gallon,Emerald-Red-Gallon,20,20.0
7585,2025-12-16,2025-12-17,HM43,Red,gallon,Emerald-Red-Gallon,24,24.0
7586,2025-12-16,2025-12-20,HM47,Red,pail_5gal,Emerald-Red-Pail,4,20.0
7587,2025-12-16,2025-12-17,HM47,Red,gallon,Duration-Red-Gallon,39,39.0
7588,2025-12-16,2025-12-18,HM50,Clear,gallon,ProMar200-Clear-Gallon,24,24.0
7589,2025-12-17,2025-12-22,HM01,White,gallon,Duration-White-Gallon,15,15.0
7590,2025-12-17,2025-12-21,HM01,White,gallon,Duration-White-Gallon,9,9.0
7591,2025-12-17,2025-12-26,HM13,Blue/Green,quart,Emerald-Blue/Green-Quart,89,22.25
7592,2025-12-17,2025-12-21,HM13,Blue/Green,quart,Emerald-Blue/Green-Quart,137,34.25
7593,2025-12-17,2025-12-19,HM13,Blue/Green,quart,SuperPaint-Blue/Green-Quart,81,20.25
7594,2025-12-17,2025-12-21,HM13,Blue/Green,gallon,Emerald-Blue/Green-Gallon,6,6.0
7595,2025-12-17,2025-12-19,HM13,Blue/Green,gallon,SuperPaint-Blue/Green-Gallon,63,63.0
7596,2025-12-17,2025-12-20,HM13,Blue/Green,gallon,SuperPaint-Blue/Green-Gallon,14,14.0
7597,2025-12-17,2025-12-20,HM14,Blue/Green,gallon,Emerald-Blue/Green-Gallon,41,41.0
7598,2025-12-17,2025-12-19,HM20,Black,pail_5gal,PrepRite-Black-Pail,8,40.0
7599,2025-12-17,2025-12-18,HM20,Black,quart,PrepRite-Black-Quart,42,10.5
7600,2025-12-17,2025-12-20,HM25,Black,quart,ProMar200-Black-Quart,69,17.25
7601,2025-12-17,2025-12-19,HM25,Black,pail_5gal,ProMar200-Black-Pail,8,40.0
7602,2025-12-17,2025-12-19,HM25,Black,pail_5gal,ProMar200-Black-Pail,3,15.0
7603,2025-12-17,2025-12-19,HM30,Black,quart,ProMar200-Black-Quart,131,32.75
7604,2025-12-17,2025-12-22,HM30,Black,quart,ProMar200-Black-Quart,172,43.0
7605,2025-12-17,2025-12-18,HM36,White,gallon,SuperPaint-White-Gallon,61,61.0
7606,2025-12-17,2025-12-22,HM36,White,quart,ProMar200-White-Quart,81,20.25
7607,2025-12-17,2025-12-18,HM36,White,gallon,SuperPaint-White-Gallon,100,100.0
7608,2025-12-17,2025-12-21,HM43,Red,gallon,Emerald-Red-Gallon,63,63.0
7609,2025-12-17,2025-12-18,HM43,Red,gallon,Emerald-Red-Gallon,68,68.0
7610,2025-12-17,2025-12-19,HM50,Clear,gallon,SuperPaint-Clear-Gallon,22,22.0
7611,2025-12-17,2025-12-20,HM56,White,quart,SuperPaint-White-Quart,87,21.75
7612,2025-12-17,2025-12-18,HM56,White,gallon,Duration-White-Gallon,38,38.0
7613,2025-12-17,2025-12-19,HM56,White,quart,Duration-White-Quart,101,25.25
7614,2025-12-18,2025-12-22,HM01,White,quart,SuperPaint-White-Quart,96,24.0
7615,2025-12-18,2025-12-20,HM01,White,quart,Duration-White-Quart,64,16.0
7616,2025-12-18,2025-12-21,HM01,White,pail_5gal,SuperPaint-White-Pail,6,30.0
7617,2025-12-18,2025-12-22,HM01,White,quart,Duration-White-Quart,316,79.0
7618,2025-12-18,2025-12-21,HM01,White,gallon,Duration-White-Gallon,30,30.0
7619,2025-12-18,2025-12-20,HM01,White,quart,SuperPaint-White-Quart,221,55.25
7620,2025-12-18,2025-12-20,HM13,Blue/Green,pail_5gal,SuperPaint-Blue/Green-Pail,4,20.0
7621,2025-12-18,2025-12-19,HM13,Blue/Green,quart,Emerald-Blue/Green-Quart,248,62.0
7622,2025-12-18,2025-12-25,HM13,Blue/Green,quart,SuperPaint-Blue/Green-Quart,34,8.5
7623,2025-12-18,2025-12-20,HM14,Blue/Green,gallon,SuperPaint-Blue/Green-Gallon,35,35.0
7624,2025-12-18,2025-12-19,HM16,Red,gallon,Duration-Red-Gallon,22,22.0
7625,2025-12-18,2025-12-19,HM16,Red,quart,Duration-Red-Quart,140,35.0
7626,2025-12-18,2025-12-20,HM20,Black,gallon,PrepRite-Black-Gallon,21,21.0
7627,2025-12-18,2025-12-19,HM25,Black,gallon,ProMar200-Black-Gallon,53,53.0
7628,2025-12-18,2025-12-20,HM25,Black,gallon,ProMar200-Black-Gallon,66,66.0
7629,2025-12-18,2025-12-19,HM25,Black,quart,ProMar200-Black-Quart,163,40.75
7630,2025-12-18,2025-12-21,HM25,Black,quart,ProMar200-Black-Quart,71,17.75
7631,2025-12-18,2025-12-30,HM30,Black,gallon,PrepRite-Black-Gallon,23,23.0
7632,2025-12-18,2025-12-22,HM36,White,quart,Duration-White-Quart,41,10.25
7633,2025-12-18,2025-12-20,HM36,White,gallon,Duration-White-Gallon,39,39.0
7634,2025-12-18,2025-12-21,HM43,Red,quart,Duration-Red-Quart,68,17.0
7635,2025-12-18,2025-12-21,HM47,Red,pail_5gal,Emerald-Red-Pail,10,50.0
7636,2025-12-18,2025-12-19,HM47,Red,gallon,Emerald-Red-Gallon,17,17.0
7637,2025-12-18,2025-12-20,HM50,Clear,pail_5gal,SuperPaint-Clear-Pail,4,20.0
7638,2025-12-18,2025-12-20,HM50,Clear,gallon,ProMar200-Clear-Gallon,28,28.0
7639,2025-12-18,2025-12-19,HM50,Clear,quart,ProMar200-Clear-Quart,110,27.5
7640,2025-12-18,2025-12-20,HM56,White,pail_5gal,SuperPaint-White-Pail,7,35.0
7641,2025-12-18,2025-12-22,HM56,White,pail_5gal,Duration-White-Pail,1,5.0
7642,2025-12-18,2025-12-20,HM56,White,quart,Duration-White-Quart,100,25.0
7643,2025-12-18,2025-12-19,HM56,White,gallon,Duration-White-Gallon,18,18.0
7644,2025-12-19,2025-12-21,HM13,Blue/Green,gallon,SuperPaint-Blue/Green-Gallon,31,31.0
7645,2025-12-19,2026-01-02,HM13,Blue/Green,gallon,Emerald-Blue/Green-Gallon,27,27.0
7646,2025-12-19,2025-12-23,HM14,Blue/Green,gallon,SuperPaint-Blue/Green-Gallon,65,65.0
7647,2025-12-19,2025-12-21,HM14,Blue/Green,gallon,SuperPaint-Blue/Green-Gallon,10,10.0
7648,2025-12-19,2025-12-23,HM20,Black,gallon,ProMar200-Black-Gallon,24,24.0
7649,2025-12-19,2025-12-24,HM25,Black,quart,ProMar200-Black-Quart,63,15.75
7650,2025-12-19,2025-12-24,HM30,Black,quart,PrepRite-Black-Quart,121,30.25
7651,2025-12-19,2025-12-24,HM36,White,quart,SuperPaint-White-Quart,53,13.25
7652,2025-12-19,2025-12-21,HM43,Red,pail_5gal,Duration-Red-Pail,10,50.0
7653,2025-12-19,2025-12-21,HM50,Clear,quart,SuperPaint-Clear-Quart,90,22.5
7654,2025-12-19,2025-12-21,HM50,Clear,quart,SuperPaint-Clear-Quart,96,24.0
7655,2025-12-19,2025-12-23,HM50,Clear,gallon,SuperPaint-Clear-Gallon,76,76.0
7656,2025-12-19,2025-12-21,HM56,White,pail_5gal,SuperPaint-White-Pail,4,20.0
7657,2025-12-19,2025-12-23,HM56,White,quart,ProMar200-White-Quart,142,35.5
7658,2025-12-19,2025-12-21,HM56,White,pail_5gal,Duration-White-Pail,2,10.0
7659,2025-12-20,2025-12-23,HM01,White,quart,ProMar200-White-Quart,178,44.5
7660,2025-12-20,2025-12-21,HM01,White,quart,SuperPaint-White-Quart,276,69.0
7661,2025-12-20,2025-12-23,HM12,Blue/Green,quart,Emerald-Blue/Green-Quart,70,17.5
7662,2025-12-20,2025-12-21,HM12,Blue/Green,quart,Emerald-Blue/Green-Quart,239,59.75
7663,2025-12-20,2025-12-22,HM12,Blue/Green,gallon,Emerald-Blue/Green-Gallon,22,22.0
7664,2025-12-20,2026-01-01,HM13,Blue/Green,gallon,Emerald-Blue/Green-Gallon,20,20.0
7665,2025-12-20,2025-12-27,HM13,Blue/Green,quart,SuperPaint-Blue/Green-Quart,202,50.5
7666,2025-12-20,2025-12-23,HM13,Blue/Green,quart,SuperPaint-Blue/Green-Quart,234,58.5
7667,2025-12-20,2025-12-26,HM14,Blue/Green,quart,Emerald-Blue/Green-Quart,92,23.0
7668,2025-12-20,2025-12-29,HM16,Red,gallon,Emerald-Red-Gallon,30,30.0
7669,2025-12-20,2025-12-25,HM20,Black,gallon,PrepRite-Black-Gallon,34,34.0
7670,2025-12-20,2025-12-21,HM25,Black,pail_5gal,ProMar200-Black-Pail,8,40.0
7671,2025-12-20,2025-12-24,HM30,Black,quart,PrepRite-Black-Quart,78,19.5
7672,2025-12-20,2025-12-29,HM30,Black,quart,PrepRite-Black-Quart,69,17.25
7673,2025-12-20,2026-01-03,HM47,Red,gallon,Duration-Red-Gallon,25,25.0
7674,2025-12-20,2025-12-21,HM56,White,quart,ProMar200-White-Quart,103,25.75
7675,2025-12-21,2025-12-29,HM01,White,quart,ProMar200-White-Quart,176,44.0
7676,2025-12-21,2025-12-22,HM01,White,gallon,Duration-White-Gallon,37,37.0
7677,2025-12-21,2025-12-23,HM01,White,pail_5gal,ProMar200-White-Pail,12,60.0
7678,2025-12-21,2025-12-22,HM12,Blue/Green,pail_5gal,SuperPaint-Blue/Green-Pail,3,15.0
7679,2025-12-21,2025-12-25,HM13,Blue/Green,quart,Emerald-Blue/Green-Quart,104,26.0
7680,2025-12-21,2025-12-23,HM14,Blue/Green,pail_5gal,SuperPaint-Blue/Green-Pail,5,25.0
7681,2025-12-21,2025-12-22,HM20,Black,pail_5gal,PrepRite-Black-Pail,5,25.0
7682,2025-12-21,2025-12-23,HM25,Black,quart,ProMar200-Black-Quart,59,14.75
7683,2025-12-21,2025-12-22,HM30,Black,gallon,PrepRite-Black-Gallon,14,14.0
7684,2025-12-21,2025-12-25,HM30,Black,pail_5gal,PrepRite-Black-Pail,5,25.0
7685,2025-12-21,2025-12-23,HM36,White,gallon,Duration-White-Gallon,24,24.0
7686,2025-12-21,2025-12-22,HM36,White,quart,Duration-White-Quart,101,25.25
7687,2025-12-21,2025-12-23,HM50,Clear,gallon,SuperPaint-Clear-Gallon,16,16.0
7688,2025-12-22,2025-12-23,HM01,White,quart,Duration-White-Quart,118,29.5
7689,2025-12-22,2025-12-26,HM01,White,quart,Duration-White-Quart,31,7.75
7690,2025-12-22,2025-12-24,HM01,White,quart,SuperPaint-White-Quart,58,14.5
7691,2025-12-22,2025-12-24,HM12,Blue/Green,quart,Emerald-Blue/Green-Quart,83,20.75
7692,2025-12-22,2025-12-23,HM14,Blue/Green,pail_5gal,Emerald-Blue/Green-Pail,2,10.0
7693,2025-12-22,2025-12-25,HM20,Black,quart,ProMar200-Black-Quart,57,14.25
7694,2025-12-22,2025-12-23,HM20,Black,gallon,PrepRite-Black-Gallon,90,90.0
7695,2025-12-22,2025-12-23,HM20,Black,gallon,PrepRite-Black-Gallon,23,23.0
7696,2025-12-22,2025-12-29,HM30,Black,quart,ProMar200-Black-Quart,43,10.75
7697,2025-12-22,2025-12-25,HM36,White,gallon,Duration-White-Gallon,48,48.0
7698,2025-12-22,2025-12-23,HM43,Red,quart,Duration-Red-Quart,179,44.75
7699,2025-12-22,2025-12-25,HM43,Red,quart,Emerald-Red-Quart,94,23.5
7700,2025-12-22,2026-01-05,HM56,White,quart,Duration-White-Quart,106,26.5
7701,2025-12-23,2025-12-24,HM01,White,quart,Duration-White-Quart,68,17.0
7702,2025-12-23,2025-12-26,HM01,White,quart,Duration-White-Quart,42,10.5
7703,2025-12-23,2025-12-26,HM12,Blue/Green,gallon,SuperPaint-Blue/Green-Gallon,74,74.0
7704,2025-12-23,2025-12-26,HM12,Blue/Green,quart,SuperPaint-Blue/Green-Quart,88,22.0
7705,2025-12-23,2025-12-24,HM12,Blue/Green,quart,SuperPaint-Blue/Green-Quart,176,44.0
7706,2025-12-23,2025-12-24,HM13,Blue/Green,quart,Emerald-Blue/Green-Quart,56,14.0
7707,2025-12-23,2025-12-27,HM13,Blue/Green,quart,SuperPaint-Blue/Green-Quart,95,23.75
7708,2025-12-23,2025-12-25,HM13,Blue/Green,gallon,SuperPaint-Blue/Green-Gallon,9,9.0
7709,2025-12-23,2025-12-28,HM14,Blue/Green,quart,SuperPaint-Blue/Green-Quart,61,15.25
7710,2025-12-23,2025-12-25,HM14,Blue/Green,gallon,Emerald-Blue/Green-Gallon,53,53.0
7711,2025-12-23,2025-12-25,HM14,Blue/Green,quart,Emerald-Blue/Green-Quart,129,32.25
7712,2025-12-23,2025-12-26,HM20,Black,gallon,PrepRite-Black-Gallon,64,64.0
7713,2025-12-23,2025-12-29,HM36,White,gallon,ProMar200-White-Gallon,23,23.0
7714,2025-12-23,2025-12-26,HM43,Red,quart,Duration-Red-Quart,369,92.25
7715,2025-12-23,2025-12-24,HM43,Red,quart,Emerald-Red-Quart,44,11.0
7716,2025-12-23,2025-12-27,HM43,Red,gallon,Duration-Red-Gallon,24,24.0
7717,2025-12-23,2025-12-26,HM43,Red,gallon,Emerald-Red-Gallon,55,55.0
7718,2025-12-23,2025-12-26,HM47,Red,gallon,Emerald-Red-Gallon,21,21.0
7719,2025-12-23,2025-12-24,HM47,Red,quart,Duration-Red-Quart,69,17.25
7720,2025-12-23,2025-12-28,HM47,Red,pail_5gal,Emerald-Red-Pail,6,30.0
7721,2025-12-23,2025-12-25,HM56,White,gallon,ProMar200-White-Gallon,12,12.0
7722,2025-12-24,2025-12-29,HM01,White,gallon,SuperPaint-White-Gallon,10,10.0
7723,2025-12-24,2025-12-30,HM01,White,quart,SuperPaint-White-Quart,326,81.5
7724,2025-12-24,2025-12-28,HM01,White,pail_5gal,ProMar200-White-Pail,6,30.0
7725,2025-12-24,2025-12-28,HM12,Blue/Green,quart,Emerald-Blue/Green-Quart,95,23.75
7726,2025-12-24,2025-12-31,HM12,Blue/Green,quart,SuperPaint-Blue/Green-Quart,187,46.75
7727,2025-12-24,2025-12-29,HM13,Blue/Green,quart,SuperPaint-Blue/Green-Quart,286,71.5
7728,2025-12-24,2025-12-25,HM20,Black,pail_5gal,PrepRite-Black-Pail,23,115.0
7729,2025-12-24,2025-12-25,HM20,Black,pail_5gal,ProMar200-Black-Pail,8,40.0
7730,2025-12-24,2025-12-28,HM20,Black,gallon,PrepRite-Black-Gallon,61,61.0
7731,2025-12-24,2025-12-25,HM25,Black,gallon,ProMar200-Black-Gallon,61,61.0
7732,2025-12-24,2025-12-25,HM25,Black,gallon,ProMar200-Black-Gallon,28,28.0
7733,2025-12-24,2025-12-28,HM25,Black,pail_5gal,PrepRite-Black-Pail,4,20.0
7734,2025-12-24,2025-12-29,HM25,Black,gallon,ProMar200-Black-Gallon,82,82.0
7735,2025-12-24,2025-12-26,HM25,Black,gallon,PrepRite-Black-Gallon,31,31.0
7736,2025-12-24,2025-12-25,HM30,Black,quart,ProMar200-Black-Quart,193,48.25
7737,2025-12-24,2025-12-26,HM30,Black,quart,ProMar200-Black-Quart,122,30.5
7738,2025-12-24,2025-12-26,HM36,White,gallon,ProMar200-White-Gallon,21,21.0
7739,2025-12-24,2025-12-26,HM47,Red,gallon,Emerald-Red-Gallon,54,54.0
7740,2025-12-24,2025-12-25,HM47,Red,quart,Emerald-Red-Quart,68,17.0
7741,2025-12-24,2025-12-27,HM50,Clear,pail_5gal,ProMar200-Clear-Pail,10,50.0
7742,2025-12-24,2025-12-28,HM56,White,quart,Duration-White-Quart,58,14.5
7743,2025-12-24,2025-12-28,HM56,White,quart,Duration-White-Quart,90,22.5
7744,2025-12-24,2025-12-26,HM56,White,gallon,Duration-White-Gallon,75,75.0
7745,2025-12-25,2025-12-29,HM01,White,gallon,Duration-White-Gallon,23,23.0
7746,2025-12-25,2025-12-27,HM01,White,gallon,SuperPaint-White-Gallon,9,9.0
7747,2025-12-25,2025-12-29,HM01,White,pail_5gal,SuperPaint-White-Pail,30,150.0
7748,2025-12-25,2025-12-28,HM12,Blue/Green,gallon,Emerald-Blue/Green-Gallon,45,45.0
7749,2025-12-25,2025-12-28,HM12,Blue/Green,quart,SuperPaint-Blue/Green-Quart,25,6.25
7750,2025-12-25,2025-12-26,HM13,Blue/Green,quart,Emerald-Blue/Green-Quart,171,42.75
7751,2025-12-25,2025-12-31,HM14,Blue/Green,gallon,Emerald-Blue/Green-Gallon,38,38.0
7752,2025-12-25,2025-12-27,HM16,Red,gallon,Emerald-Red-Gallon,26,26.0
7753,2025-12-25,2025-12-27,HM20,Black,gallon,PrepRite-Black-Gallon,15,15.0
7754,2025-12-25,2025-12-27,HM20,Black,gallon,PrepRite-Black-Gallon,53,53.0
7755,2025-12-25,2025-12-30,HM25,Black,pail_5gal,PrepRite-Black-Pail,3,15.0
7756,2025-12-25,2025-12-26,HM25,Black,quart,ProMar200-Black-Quart,366,91.5
7757,2025-12-25,2025-12-29,HM30,Black,quart,PrepRite-Black-Quart,141,35.25
7758,2025-12-25,2025-12-27,HM30,Black,pail_5gal,PrepRite-Black-Pail,5,25.0
7759,2025-12-25,2025-12-26,HM43,Red,quart,Duration-Red-Quart,152,38.0
7760,2025-12-25,2025-12-26,HM43,Red,quart,Emerald-Red-Quart,63,15.75
7761,2025-12-25,2025-12-28,HM43,Red,gallon,Duration-Red-Gallon,13,13.0
7762,2025-12-25,2025-12-26,HM43,Red,pail_5gal,Emerald-Red-Pail,5,25.0
7763,2025-12-25,2025-12-30,HM43,Red,pail_5gal,Emerald-Red-Pail,4,20.0
7764,2025-12-25,2025-12-26,HM47,Red,gallon,Duration-Red-Gallon,35,35.0
7765,2025-12-25,2025-12-27,HM47,Red,pail_5gal,Emerald-Red-Pail,7,35.0
7766,2025-12-25,2026-01-01,HM47,Red,quart,Duration-Red-Quart,37,9.25
7767,2025-12-25,2025-12-28,HM50,Clear,quart,ProMar200-Clear-Quart,95,23.75
7768,2025-12-25,2025-12-26,HM56,White,gallon,SuperPaint-White-Gallon,39,39.0
7769,2025-12-25,2025-12-26,HM56,White,gallon,Duration-White-Gallon,69,69.0
7770,2025-12-26,2025-12-27,HM13,Blue/Green,gallon,Emerald-Blue/Green-Gallon,11,11.0
7771,2025-12-26,2025-12-27,HM14,Blue/Green,quart,SuperPaint-Blue/Green-Quart,183,45.75
7772,2025-12-26,2025-12-30,HM14,Blue/Green,quart,Emerald-Blue/Green-Quart,83,20.75
7773,2025-12-26,2026-01-08,HM16,Red,gallon,Duration-Red-Gallon,34,34.0
7774,2025-12-26,2026-01-01,HM16,Red,gallon,Emerald-Red-Gallon,18,18.0
7775,2025-12-26,2025-12-31,HM20,Black,quart,ProMar200-Black-Quart,98,24.5
7776,2025-12-26,2025-12-28,HM20,Black,quart,PrepRite-Black-Quart,127,31.75
7777,2025-12-26,2025-12-28,HM20,Black,pail_5gal,ProMar200-Black-Pail,8,40.0
7778,2025-12-26,2025-12-28,HM20,Black,quart,PrepRite-Black-Quart,181,45.25
7779,2025-12-26,2025-12-27,HM25,Black,quart,PrepRite-Black-Quart,252,63.0
7780,2025-12-26,2025-12-27,HM30,Black,pail_5gal,PrepRite-Black-Pail,14,70.0
7781,2025-12-26,2025-12-27,HM36,White,gallon,ProMar200-White-Gallon,33,33.0
7782,2025-12-26,2025-12-28,HM36,White,gallon,ProMar200-White-Gallon,29,29.0
7783,2025-12-26,2025-12-27,HM43,Red,gallon,Emerald-Red-Gallon,10,10.0
7784,2025-12-26,2026-01-01,HM43,Red,gallon,Duration-Red-Gallon,29,29.0
7785,2025-12-26,2025-12-28,HM50,Clear,quart,ProMar200-Clear-Quart,156,39.0
7786,2025-12-27,2025-12-29,HM01,White,quart,SuperPaint-White-Quart,150,37.5
7787,2025-12-27,2025-12-30,HM12,Blue/Green,gallon,Emerald-Blue/Green-Gallon,28,28.0
7788,2025-12-27,2025-12-30,HM13,Blue/Green,quart,Emerald-Blue/Green-Quart,45,11.25
7789,2025-12-27,2025-12-30,HM13,Blue/Green,gallon,SuperPaint-Blue/Green-Gallon,44,44.0
7790,2025-12-27,2026-01-01,HM13,Blue/Green,pail_5gal,Emerald-Blue/Green-Pail,7,35.0
7791,2025-12-27,2025-12-30,HM14,Blue/Green,gallon,Emerald-Blue/Green-Gallon,30,30.0
7792,2025-12-27,2026-01-01,HM14,Blue/Green,quart,Emerald-Blue/Green-Quart,30,7.5
7793,2025-12-27,2025-12-29,HM14,Blue/Green,quart,SuperPaint-Blue/Green-Quart,118,29.5
7794,2025-12-27,2025-12-28,HM14,Blue/Green,quart,Emerald-Blue/Green-Quart,54,13.5
7795,2025-12-27,2026-01-03,HM14,Blue/Green,pail_5gal,Emerald-Blue/Green-Pail,1,5.0
7796,2025-12-27,2026-01-01,HM20,Black,gallon,PrepRite-Black-Gallon,43,43.0
7797,2025-12-27,2025-12-28,HM20,Black,quart,ProMar200-Black-Quart,129,32.25
7798,2025-12-27,2026-01-03,HM30,Black,gallon,ProMar200-Black-Gallon,23,23.0
7799,2025-12-27,2025-12-29,HM36,White,pail_5gal,Duration-White-Pail,8,40.0
7800,2025-12-27,2025-12-29,HM43,Red,pail_5gal,Duration-Red-Pail,5,25.0
7801,2025-12-27,2025-12-29,HM50,Clear,pail_5gal,ProMar200-Clear-Pail,15,75.0
7802,2025-12-27,2025-12-28,HM50,Clear,gallon,ProMar200-Clear-Gallon,63,63.0
7803,2025-12-27,2025-12-28,HM50,Clear,gallon,SuperPaint-Clear-Gallon,85,85.0
7804,2025-12-28,2025-12-29,HM13,Blue/Green,quart,SuperPaint-Blue/Green-Quart,112,28.0
7805,2025-12-28,2025-12-30,HM13,Blue/Green,quart,SuperPaint-Blue/Green-Quart,123,30.75
7806,2025-12-28,2025-12-30,HM13,Blue/Green,quart,SuperPaint-Blue/Green-Quart,150,37.5
7807,2025-12-28,2026-01-01,HM14,Blue/Green,quart,SuperPaint-Blue/Green-Quart,42,10.5
7808,2025-12-28,2025-12-30,HM14,Blue/Green,quart,SuperPaint-Blue/Green-Quart,44,11.0
7809,2025-12-28,2026-01-04,HM20,Black,gallon,ProMar200-Black-Gallon,41,41.0
7810,2025-12-28,2026-01-03,HM36,White,pail_5gal,ProMar200-White-Pail,2,10.0
7811,2025-12-28,2025-12-31,HM36,White,gallon,SuperPaint-White-Gallon,24,24.0
7812,2025-12-28,2026-01-04,HM43,Red,gallon,Duration-Red-Gallon,50,50.0
7813,2025-12-28,2025-12-30,HM43,Red,pail_5gal,Emerald-Red-Pail,7,35.0
7814,2025-12-28,2025-12-30,HM43,Red,quart,Emerald-Red-Quart,20,5.0
7815,2025-12-28,2026-01-02,HM50,Clear,quart,ProMar200-Clear-Quart,80,20.0
7816,2025-12-28,2025-12-31,HM56,White,gallon,Duration-White-Gallon,27,27.0
7817,2025-12-29,2025-12-31,HM01,White,pail_5gal,ProMar200-White-Pail,12,60.0
7818,2025-12-29,2026-01-01,HM01,White,gallon,ProMar200-White-Gallon,82,82.0
7819,2025-12-29,2026-01-02,HM13,Blue/Green,quart,Emerald-Blue/Green-Quart,191,47.75
7820,2025-12-29,2026-01-01,HM13,Blue/Green,quart,SuperPaint-Blue/Green-Quart,58,14.5
7821,2025-12-29,2026-01-02,HM16,Red,pail_5gal,Emerald-Red-Pail,2,10.0
7822,2025-12-29,2026-01-05,HM16,Red,gallon,Emerald-Red-Gallon,13,13.0
7823,2025-12-29,2026-01-02,HM20,Black,gallon,PrepRite-Black-Gallon,64,64.0
7824,2025-12-29,2026-01-01,HM25,Black,gallon,PrepRite-Black-Gallon,27,27.0
7825,2025-12-29,2026-01-01,HM25,Black,gallon,PrepRite-Black-Gallon,75,75.0
7826,2025-12-29,2025-12-31,HM25,Black,pail_5gal,ProMar200-Black-Pail,2,10.0
7827,2025-12-29,2025-12-30,HM36,White,quart,SuperPaint-White-Quart,61,15.25
7828,2025-12-29,2026-01-01,HM36,White,gallon,ProMar200-White-Gallon,46,46.0
7829,2025-12-29,2025-12-31,HM36,White,quart,ProMar200-White-Quart,35,8.75
7830,2025-12-29,2025-12-30,HM36,White,quart,Duration-White-Quart,69,17.25
7831,2025-12-29,2025-12-31,HM43,Red,quart,Emerald-Red-Quart,147,36.75
7832,2025-12-29,2026-01-02,HM47,Red,quart,Emerald-Red-Quart,86,21.5
7833,2025-12-29,2025-12-31,HM50,Clear,pail_5gal,ProMar200-Clear-Pail,25,125.0
7834,2025-12-29,2026-01-02,HM50,Clear,quart,ProMar200-Clear-Quart,343,85.75
7835,2025-12-29,2026-01-03,HM50,Clear,gallon,SuperPaint-Clear-Gallon,12,12.0
7836,2025-12-29,2025-12-30,HM56,White,pail_5gal,ProMar200-White-Pail,6,30.0
7837,2025-12-30,2026-01-03,HM01,White,gallon,Duration-White-Gallon,12,12.0
7838,2025-12-30,2026-01-01,HM01,White,quart,Duration-White-Quart,128,32.0
7839,2025-12-30,2026-01-04,HM12,Blue/Green,quart,Emerald-Blue/Green-Quart,147,36.75
7840,2025-12-30,2026-01-06,HM13,Blue/Green,pail_5gal,SuperPaint-Blue/Green-Pail,3,15.0
7841,2025-12-30,2025-12-31,HM13,Blue/Green,gallon,Emerald-Blue/Green-Gallon,33,33.0
7842,2025-12-30,2025-12-31,HM13,Blue/Green,quart,SuperPaint-Blue/Green-Quart,170,42.5
7843,2025-12-30,2026-01-01,HM14,Blue/Green,gallon,Emerald-Blue/Green-Gallon,5,5.0
7844,2025-12-30,2025-12-31,HM14,Blue/Green,quart,SuperPaint-Blue/Green-Quart,76,19.0
7845,2025-12-30,2026-01-01,HM16,Red,gallon,Emerald-Red-Gallon,5,5.0
7846,2025-12-30,2025-12-31,HM16,Red,quart,Duration-Red-Quart,105,26.25
7847,2025-12-30,2026-01-11,HM20,Black,pail_5gal,PrepRite-Black-Pail,8,40.0
7848,2025-12-30,2026-01-01,HM20,Black,pail_5gal,ProMar200-Black-Pail,5,25.0
7849,2025-12-30,2025-12-31,HM20,Black,gallon,PrepRite-Black-Gallon,20,20.0
7850,2025-12-30,2026-01-02,HM25,Black,quart,PrepRite-Black-Quart,327,81.75
7851,2025-12-30,2025-12-31,HM25,Black,pail_5gal,PrepRite-Black-Pail,30,150.0
7852,2025-12-30,2025-12-31,HM25,Black,gallon,ProMar200-Black-Gallon,64,64.0
7853,2025-12-30,2026-01-02,HM30,Black,quart,PrepRite-Black-Quart,192,48.0
7854,2025-12-30,2026-01-05,HM36,White,quart,SuperPaint-White-Quart,40,10.0
7855,2025-12-30,2025-12-31,HM43,Red,pail_5gal,Duration-Red-Pail,7,35.0
7856,2025-12-30,2026-01-04,HM43,Red,quart,Duration-Red-Quart,118,29.5
7857,2025-12-30,2026-01-01,HM43,Red,pail_5gal,Duration-Red-Pail,3,15.0
7858,2025-12-30,2025-12-31,HM43,Red,gallon,Emerald-Red-Gallon,25,25.0
7859,2025-12-30,2026-01-02,HM50,Clear,gallon,ProMar200-Clear-Gallon,13,13.0
7860,2025-12-30,2025-12-31,HM56,White,gallon,SuperPaint-White-Gallon,32,32.0
7861,2025-12-30,2026-01-02,HM56,White,gallon,SuperPaint-White-Gallon,5,5.0
7862,2025-12-31,2026-01-02,HM01,White,pail_5gal,Duration-White-Pail,10,50.0
7863,2025-12-31,2026-01-01,HM13,Blue/Green,gallon,Emerald-Blue/Green-Gallon,24,24.0
7864,2025-12-31,2026-01-04,HM13,Blue/Green,pail_5gal,SuperPaint-Blue/Green-Pail,12,60.0
7865,2025-12-31,2026-01-05,HM14,Blue/Green,quart,SuperPaint-Blue/Green-Quart,155,38.75
7866,2025-12-31,2026-01-04,HM14,Blue/Green,quart,Emerald-Blue/Green-Quart,290,72.5
7867,2025-12-31,2026-01-03,HM16,Red,quart,Duration-Red-Quart,76,19.0
7868,2025-12-31,2026-01-03,HM20,Black,pail_5gal,ProMar200-Black-Pail,3,15.0
7869,2025-12-31,2026-01-03,HM20,Black,gallon,ProMar200-Black-Gallon,19,19.0
7870,2025-12-31,2026-01-02,HM20,Black,pail_5gal,ProMar200-Black-Pail,7,35.0
7871,2025-12-31,2026-01-02,HM25,Black,gallon,PrepRite-Black-Gallon,57,57.0
7872,2025-12-31,2026-01-01,HM25,Black,quart,ProMar200-Black-Quart,143,35.75
7873,2025-12-31,2026-01-01,HM30,Black,pail_5gal,ProMar200-Black-Pail,3,15.0
7874,2025-12-31,2026-01-01,HM30,Black,quart,PrepRite-Black-Quart,59,14.75
7875,2025-12-31,2026-01-03,HM36,White,gallon,ProMar200-White-Gallon,25,25.0
7876,2025-12-31,2026-01-03,HM36,White,quart,SuperPaint-White-Quart,352,88.0
7877,2025-12-31,2026-01-04,HM36,White,quart,Duration-White-Quart,91,22.75
7878,2025-12-31,2026-01-02,HM43,Red,pail_5gal,Duration-Red-Pail,4,20.0
7879,2025-12-31,2026-01-01,HM43,Red,gallon,Emerald-Red-Gallon,44,44.0
7880,2025-12-31,2026-01-02,HM56,White,gallon,Duration-White-Gallon,19,19.0
7881,2026-01-01,2026-01-04,HM01,White,gallon,Duration-White-Gallon,45,45.0
7882,2026-01-01,2026-01-05,HM01,White,gallon,SuperPaint-White-Gallon,18,18.0
7883,2026-01-01,2026-01-11,HM12,Blue/Green,gallon,SuperPaint-Blue/Green-Gallon,47,47.0
7884,2026-01-01,2026-01-04,HM12,Blue/Green,gallon,SuperPaint-Blue/Green-Gallon,43,43.0
7885,2026-01-01,2026-01-04,HM13,Blue/Green,quart,Emerald-Blue/Green-Quart,132,33.0
7886,2026-01-01,2026-01-08,HM13,Blue/Green,quart,Emerald-Blue/Green-Quart,124,31.0
7887,2026-01-01,2026-01-02,HM16,Red,quart,Duration-Red-Quart,28,7.0
7888,2026-01-01,2026-01-04,HM25,Black,gallon,PrepRite-Black-Gallon,37,37.0
7889,2026-01-01,2026-01-02,HM25,Black,gallon,ProMar200-Black-Gallon,60,60.0
7890,2026-01-01,2026-01-04,HM25,Black,gallon,PrepRite-Black-Gallon,19,19.0
7891,2026-01-01,2026-01-06,HM43,Red,quart,Emerald-Red-Quart,232,58.0
7892,2026-01-01,2026-01-06,HM43,Red,gallon,Duration-Red-Gallon,11,11.0
7893,2026-01-01,2026-01-04,HM43,Red,quart,Duration-Red-Quart,50,12.5
7894,2026-01-01,2026-01-02,HM47,Red,pail_5gal,Emerald-Red-Pail,4,20.0
7895,2026-01-01,2026-01-03,HM47,Red,pail_5gal,Emerald-Red-Pail,4,20.0
7896,2026-01-01,2026-01-02,HM56,White,pail_5gal,Duration-White-Pail,6,30.0
7897,2026-01-02,2026-01-05,HM01,White,gallon,Duration-White-Gallon,25,25.0
7898,2026-01-02,2026-01-10,HM13,Blue/Green,gallon,Emerald-Blue/Green-Gallon,79,79.0
7899,2026-01-02,2026-01-06,HM13,Blue/Green,quart,SuperPaint-Blue/Green-Quart,89,22.25
7900,2026-01-02,2026-01-03,HM13,Blue/Green,pail_5gal,Emerald-Blue/Green-Pail,8,40.0
7901,2026-01-02,2026-01-06,HM13,Blue/Green,gallon,Emerald-Blue/Green-Gallon,31,31.0
7902,2026-01-02,2026-01-09,HM13,Blue/Green,quart,Emerald-Blue/Green-Quart,114,28.5
7903,2026-01-02,2026-01-03,HM14,Blue/Green,pail_5gal,SuperPaint-Blue/Green-Pail,11,55.0
7904,2026-01-02,2026-01-07,HM14,Blue/Green,quart,SuperPaint-Blue/Green-Quart,68,17.0
7905,2026-01-02,2026-01-04,HM14,Blue/Green,quart,Emerald-Blue/Green-Quart,58,14.5
7906,2026-01-02,2026-01-03,HM16,Red,quart,Emerald-Red-Quart,186,46.5
7907,2026-01-02,2026-01-03,HM20,Black,pail_5gal,ProMar200-Black-Pail,9,45.0
7908,2026-01-02,2026-01-12,HM20,Black,pail_5gal,ProMar200-Black-Pail,3,15.0
7909,2026-01-02,2026-01-03,HM25,Black,gallon,PrepRite-Black-Gallon,83,83.0
7910,2026-01-02,2026-01-04,HM36,White,gallon,Duration-White-Gallon,29,29.0
7911,2026-01-02,2026-01-05,HM43,Red,pail_5gal,Duration-Red-Pail,7,35.0
7912,2026-01-02,2026-01-09,HM47,Red,quart,Duration-Red-Quart,171,42.75
7913,2026-01-02,2026-01-03,HM50,Clear,gallon,SuperPaint-Clear-Gallon,147,147.0
7914,2026-01-02,2026-01-06,HM56,White,gallon,SuperPaint-White-Gallon,16,16.0
7915,2026-01-02,2026-01-05,HM56,White,gallon,SuperPaint-White-Gallon,36,36.0
7916,2026-01-02,2026-01-07,HM56,White,quart,SuperPaint-White-Quart,83,20.75
7917,2026-01-02,2026-01-07,HM56,White,quart,SuperPaint-White-Quart,45,11.25
7918,2026-01-03,2026-01-05,HM01,White,quart,ProMar200-White-Quart,126,31.5
7919,2026-01-03,2026-01-04,HM01,White,quart,ProMar200-White-Quart,278,69.5
7920,2026-01-03,2026-01-06,HM01,White,gallon,ProMar200-White-Gallon,41,41.0
7921,2026-01-03,2026-01-06,HM01,White,quart,Duration-White-Quart,211,52.75
7922,2026-01-03,2026-01-05,HM01,White,pail_5gal,Duration-White-Pail,3,15.0
7923,2026-01-03,2026-01-04,HM12,Blue/Green,gallon,SuperPaint-Blue/Green-Gallon,92,92.0
7924,2026-01-03,2026-01-04,HM12,Blue/Green,gallon,Emerald-Blue/Green-Gallon,27,27.0
7925,2026-01-03,2026-01-04,HM12,Blue/Green,gallon,Emerald-Blue/Green-Gallon,80,80.0
7926,2026-01-03,2026-01-07,HM13,Blue/Green,quart,Emerald-Blue/Green-Quart,273,68.25
7927,2026-01-03,2026-01-04,HM13,Blue/Green,gallon,Emerald-Blue/Green-Gallon,37,37.0
7928,2026-01-03,2026-01-06,HM30,Black,quart,ProMar200-Black-Quart,89,22.25
7929,2026-01-03,2026-01-04,HM43,Red,pail_5gal,Duration-Red-Pail,2,10.0
7930,2026-01-03,2026-01-04,HM43,Red,quart,Emerald-Red-Quart,45,11.25
7931,2026-01-03,2026-01-06,HM47,Red,gallon,Duration-Red-Gallon,59,59.0
7932,2026-01-03,2026-01-07,HM50,Clear,quart,ProMar200-Clear-Quart,84,21.0
7933,2026-01-03,2026-01-08,HM56,White,quart,SuperPaint-White-Quart,178,44.5
7934,2026-01-04,2026-01-06,HM01,White,quart,SuperPaint-White-Quart,39,9.75
7935,2026-01-04,2026-01-06,HM01,White,quart,SuperPaint-White-Quart,108,27.0
7936,2026-01-04,2026-01-09,HM13,Blue/Green,quart,Emerald-Blue/Green-Quart,83,20.75
7937,2026-01-04,2026-01-05,HM13,Blue/Green,quart,Emerald-Blue/Green-Quart,419,104.75
7938,2026-01-04,2026-01-06,HM16,Red,gallon,Emerald-Red-Gallon,27,27.0
7939,2026-01-04,2026-01-06,HM16,Red,gallon,Duration-Red-Gallon,34,34.0
7940,2026-01-04,2026-01-06,HM16,Red,quart,Duration-Red-Quart,161,40.25
7941,2026-01-04,2026-01-05,HM20,Black,pail_5gal,ProMar200-Black-Pail,16,80.0
7942,2026-01-04,2026-01-05,HM30,Black,quart,ProMar200-Black-Quart,87,21.75
7943,2026-01-04,2026-01-05,HM30,Black,pail_5gal,ProMar200-Black-Pail,5,25.0
7944,2026-01-04,2026-01-06,HM36,White,quart,ProMar200-White-Quart,134,33.5
7945,2026-01-04,2026-01-08,HM43,Red,quart,Emerald-Red-Quart,42,10.5
7946,2026-01-04,2026-01-11,HM47,Red,quart,Emerald-Red-Quart,266,66.5
7947,2026-01-04,2026-01-06,HM47,Red,pail_5gal,Emerald-Red-Pail,1,5.0
7948,2026-01-04,2026-01-08,HM47,Red,gallon,Emerald-Red-Gallon,20,20.0
7949,2026-01-04,2026-01-05,HM47,Red,gallon,Emerald-Red-Gallon,32,32.0
7950,2026-01-04,2026-01-11,HM50,Clear,gallon,SuperPaint-Clear-Gallon,38,38.0
7951,2026-01-05,2026-01-06,HM12,Blue/Green,gallon,SuperPaint-Blue/Green-Gallon,21,21.0
7952,2026-01-05,2026-01-08,HM12,Blue/Green,quart,Emerald-Blue/Green-Quart,214,53.5
7953,2026-01-05,2026-01-08,HM13,Blue/Green,gallon,Emerald-Blue/Green-Gallon,14,14.0
7954,2026-01-05,2026-01-08,HM13,Blue/Green,quart,SuperPaint-Blue/Green-Quart,67,16.75
7955,2026-01-05,2026-01-08,HM16,Red,quart,Duration-Red-Quart,85,21.25
7956,2026-01-05,2026-01-09,HM20,Black,gallon,ProMar200-Black-Gallon,37,37.0
7957,2026-01-05,2026-01-09,HM25,Black,gallon,PrepRite-Black-Gallon,78,78.0
7958,2026-01-05,2026-01-06,HM25,Black,pail_5gal,ProMar200-Black-Pail,2,10.0
7959,2026-01-05,2026-01-08,HM30,Black,gallon,PrepRite-Black-Gallon,71,71.0
7960,2026-01-05,2026-01-07,HM30,Black,quart,PrepRite-Black-Quart,92,23.0
7961,2026-01-05,2026-01-10,HM36,White,quart,ProMar200-White-Quart,92,23.0
7962,2026-01-05,2026-01-07,HM36,White,gallon,SuperPaint-White-Gallon,44,44.0
7963,2026-01-05,2026-01-09,HM36,White,pail_5gal,ProMar200-White-Pail,6,30.0
7964,2026-01-05,2026-01-08,HM43,Red,gallon,Duration-Red-Gallon,39,39.0
7965,2026-01-05,2026-01-07,HM50,Clear,quart,SuperPaint-Clear-Quart,147,36.75
7966,2026-01-05,2026-01-06,HM50,Clear,quart,ProMar200-Clear-Quart,115,28.75
7967,2026-01-06,2026-01-07,HM12,Blue/Green,pail_5gal,Emerald-Blue/Green-Pail,4,20.0
7968,2026-01-06,2026-01-07,HM13,Blue/Green,pail_5gal,Emerald-Blue/Green-Pail,26,130.0
7969,2026-01-06,2026-01-07,HM14,Blue/Green,gallon,Emerald-Blue/Green-Gallon,28,28.0
7970,2026-01-06,2026-01-11,HM16,Red,gallon,Emerald-Red-Gallon,21,21.0
7971,2026-01-06,2026-01-11,HM16,Red,pail_5gal,Emerald-Red-Pail,5,25.0
7972,2026-01-06,2026-01-08,HM16,Red,pail_5gal,Emerald-Red-Pail,30,150.0
7973,2026-01-06,2026-01-07,HM25,Black,pail_5gal,PrepRite-Black-Pail,16,80.0
7974,2026-01-06,2026-01-07,HM25,Black,quart,PrepRite-Black-Quart,91,22.75
7975,2026-01-06,2026-01-08,HM30,Black,quart,PrepRite-Black-Quart,77,19.25
7976,2026-01-06,2026-01-07,HM30,Black,quart,PrepRite-Black-Quart,63,15.75
7977,2026-01-06,2026-01-08,HM30,Black,quart,PrepRite-Black-Quart,114,28.5
7978,2026-01-06,2026-01-07,HM36,White,quart,SuperPaint-White-Quart,262,65.5
7979,2026-01-06,2026-01-08,HM43,Red,pail_5gal,Duration-Red-Pail,4,20.0
7980,2026-01-06,2026-01-09,HM47,Red,quart,Duration-Red-Quart,126,31.5
7981,2026-01-06,2026-01-10,HM47,Red,gallon,Duration-Red-Gallon,8,8.0
7982,2026-01-06,2026-01-07,HM47,Red,pail_5gal,Emerald-Red-Pail,21,105.0
7983,2026-01-06,2026-01-11,HM50,Clear,pail_5gal,ProMar200-Clear-Pail,9,45.0
7984,2026-01-06,2026-01-08,HM50,Clear,quart,SuperPaint-Clear-Quart,50,12.5
7985,2026-01-06,2026-01-11,HM50,Clear,gallon,ProMar200-Clear-Gallon,58,58.0
7986,2026-01-07,2026-01-10,HM01,White,quart,ProMar200-White-Quart,66,16.5
7987,2026-01-07,2026-01-14,HM01,White,gallon,Duration-White-Gallon,40,40.0
7988,2026-01-07,2026-01-11,HM12,Blue/Green,quart,Emerald-Blue/Green-Quart,179,44.75
7989,2026-01-07,2026-01-08,HM13,Blue/Green,quart,Emerald-Blue/Green-Quart,78,19.5
7990,2026-01-07,2026-01-12,HM13,Blue/Green,quart,Emerald-Blue/Green-Quart,209,52.25
7991,2026-01-07,2026-01-12,HM13,Blue/Green,gallon,Emerald-Blue/Green-Gallon,10,10.0
7992,2026-01-07,2026-01-09,HM13,Blue/Green,gallon,Emerald-Blue/Green-Gallon,28,28.0
7993,2026-01-07,2026-01-10,HM14,Blue/Green,quart,Emerald-Blue/Green-Quart,166,41.5
7994,2026-01-07,2026-01-10,HM20,Black,gallon,ProMar200-Black-Gallon,77,77.0
7995,2026-01-07,2026-01-09,HM30,Black,quart,PrepRite-Black-Quart,56,14.0
7996,2026-01-07,2026-01-10,HM43,Red,gallon,Duration-Red-Gallon,14,14.0
7997,2026-01-07,2026-01-09,HM43,Red,gallon,Duration-Red-Gallon,18,18.0
7998,2026-01-07,2026-01-11,HM47,Red,pail_5gal,Emerald-Red-Pail,13,65.0
7999,2026-01-07,2026-01-08,HM47,Red,gallon,Emerald-Red-Gallon,19,19.0
8000,2026-01-07,2026-01-10,HM47,Red,pail_5gal,Duration-Red-Pail,5,25.0
8001,2026-01-07,2026-01-08,HM50,Clear,gallon,ProMar200-Clear-Gallon,22,22.0
8002,2026-01-07,2026-01-09,HM50,Clear,quart,ProMar200-Clear-Quart,89,22.25
8003,2026-01-07,2026-01-10,HM56,White,pail_5gal,Duration-White-Pail,8,40.0
8004,2026-01-08,2026-01-09,HM12,Blue/Green,quart,Emerald-Blue/Green-Quart,129,32.25
8005,2026-01-08,2026-01-11,HM13,Blue/Green,quart,SuperPaint-Blue/Green-Quart,78,19.5
8006,2026-01-08,2026-01-13,HM13,Blue/Green,quart,SuperPaint-Blue/Green-Quart,144,36.0
8007,2026-01-08,2026-01-13,HM13,Blue/Green,gallon,Emerald-Blue/Green-Gallon,36,36.0
8008,2026-01-08,2026-01-13,HM14,Blue/Green,gallon,Emerald-Blue/Green-Gallon,54,54.0
8009,2026-01-08,2026-01-10,HM14,Blue/Green,quart,SuperPaint-Blue/Green-Quart,166,41.5
8010,2026-01-08,2026-01-12,HM14,Blue/Green,quart,SuperPaint-Blue/Green-Quart,85,21.25
8011,2026-01-08,2026-01-09,HM16,Red,gallon,Emerald-Red-Gallon,41,41.0
8012,2026-01-08,2026-01-10,HM20,Black,quart,ProMar200-Black-Quart,113,28.25
8013,2026-01-08,2026-01-12,HM20,Black,pail_5gal,PrepRite-Black-Pail,20,100.0
8014,2026-01-08,2026-01-09,HM25,Black,gallon,PrepRite-Black-Gallon,17,17.0
8015,2026-01-08,2026-01-10,HM25,Black,quart,ProMar200-Black-Quart,148,37.0
8016,2026-01-08,2026-01-09,HM30,Black,gallon,ProMar200-Black-Gallon,22,22.0
8017,2026-01-08,2026-01-09,HM30,Black,gallon,ProMar200-Black-Gallon,44,44.0
8018,2026-01-08,2026-01-09,HM30,Black,gallon,ProMar200-Black-Gallon,35,35.0
8019,2026-01-08,2026-01-10,HM30,Black,quart,PrepRite-Black-Quart,186,46.5
8020,2026-01-08,2026-01-09,HM36,White,quart,SuperPaint-White-Quart,82,20.5
8021,2026-01-08,2026-01-09,HM43,Red,gallon,Emerald-Red-Gallon,17,17.0
8022,2026-01-08,2026-01-14,HM50,Clear,gallon,ProMar200-Clear-Gallon,48,48.0
8023,2026-01-08,2026-01-10,HM56,White,pail_5gal,SuperPaint-White-Pail,5,25.0
8024,2026-01-08,2026-01-09,HM56,White,gallon,SuperPaint-White-Gallon,64,64.0
8025,2026-01-09,2026-01-12,HM01,White,pail_5gal,Duration-White-Pail,6,30.0
8026,2026-01-09,2026-01-10,HM01,White,quart,Duration-White-Quart,126,31.5
8027,2026-01-09,2026-01-18,HM16,Red,quart,Emerald-Red-Quart,500,125.0
8028,2026-01-09,2026-01-10,HM16,Red,gallon,Duration-Red-Gallon,52,52.0
8029,2026-01-09,2026-01-16,HM20,Black,quart,PrepRite-Black-Quart,92,23.0
8030,2026-01-09,2026-01-19,HM25,Black,pail_5gal,ProMar200-Black-Pail,3,15.0
8031,2026-01-09,2026-01-14,HM25,Black,gallon,PrepRite-Black-Gallon,14,14.0
8032,2026-01-09,2026-01-12,HM25,Black,quart,ProMar200-Black-Quart,142,35.5
8033,2026-01-09,2026-01-16,HM30,Black,gallon,ProMar200-Black-Gallon,19,19.0
8034,2026-01-09,2026-01-10,HM30,Black,quart,PrepRite-Black-Quart,56,14.0
8035,2026-01-09,2026-01-12,HM36,White,gallon,ProMar200-White-Gallon,17,17.0
8036,2026-01-09,2026-01-11,HM36,White,quart,ProMar200-White-Quart,48,12.0
8037,2026-01-09,2026-01-11,HM43,Red,gallon,Duration-Red-Gallon,69,69.0
8038,2026-01-09,2026-01-11,HM43,Red,gallon,Duration-Red-Gallon,102,102.0
8039,2026-01-09,2026-01-12,HM47,Red,gallon,Emerald-Red-Gallon,55,55.0
8040,2026-01-09,2026-01-12,HM47,Red,quart,Emerald-Red-Quart,92,23.0
8041,2026-01-09,2026-01-23,HM50,Clear,quart,ProMar200-Clear-Quart,111,27.75
8042,2026-01-09,2026-01-19,HM50,Clear,gallon,ProMar200-Clear-Gallon,9,9.0
8043,2026-01-09,2026-01-12,HM50,Clear,quart,ProMar200-Clear-Quart,43,10.75
8044,2026-01-10,2026-01-15,HM01,White,gallon,SuperPaint-White-Gallon,48,48.0
8045,2026-01-10,2026-01-11,HM16,Red,quart,Emerald-Red-Quart,166,41.5
8046,2026-01-10,2026-01-11,HM16,Red,gallon,Emerald-Red-Gallon,30,30.0
8047,2026-01-10,2026-01-12,HM16,Red,quart,Emerald-Red-Quart,116,29.0
8048,2026-01-10,2026-01-12,HM25,Black,quart,PrepRite-Black-Quart,52,13.0
8049,2026-01-10,2026-01-11,HM25,Black,gallon,ProMar200-Black-Gallon,15,15.0
8050,2026-01-10,2026-01-13,HM25,Black,quart,ProMar200-Black-Quart,128,32.0
8051,2026-01-10,2026-01-14,HM30,Black,gallon,PrepRite-Black-Gallon,23,23.0
8052,2026-01-10,2026-01-18,HM36,White,gallon,SuperPaint-White-Gallon,7,7.0
8053,2026-01-10,2026-01-13,HM50,Clear,gallon,ProMar200-Clear-Gallon,21,21.0
8054,2026-01-11,2026-01-17,HM13,Blue/Green,quart,SuperPaint-Blue/Green-Quart,220,55.0
8055,2026-01-11,2026-01-16,HM14,Blue/Green,quart,SuperPaint-Blue/Green-Quart,145,36.25
8056,2026-01-11,2026-01-12,HM14,Blue/Green,gallon,Emerald-Blue/Green-Gallon,49,49.0
8057,2026-01-11,2026-01-12,HM30,Black,gallon,ProMar200-Black-Gallon,10,10.0
8058,2026-01-11,2026-01-12,HM30,Black,gallon,ProMar200-Black-Gallon,50,50.0
8059,2026-01-11,2026-01-16,HM30,Black,quart,ProMar200-Black-Quart,230,57.5
8060,2026-01-11,2026-01-14,HM30,Black,pail_5gal,PrepRite-Black-Pail,4,20.0
8061,2026-01-11,2026-01-15,HM50,Clear,gallon,ProMar200-Clear-Gallon,33,33.0
8062,2026-01-12,2026-01-13,HM01,White,gallon,SuperPaint-White-Gallon,33,33.0
8063,2026-01-12,2026-01-15,HM01,White,gallon,ProMar200-White-Gallon,21,21.0
8064,2026-01-12,2026-01-13,HM01,White,gallon,Duration-White-Gallon,53,53.0
8065,2026-01-12,2026-01-15,HM01,White,gallon,Duration-White-Gallon,18,18.0
8066,2026-01-12,2026-01-19,HM12,Blue/Green,quart,Emerald-Blue/Green-Quart,201,50.25
8067,2026-01-12,2026-01-17,HM13,Blue/Green,quart,SuperPaint-Blue/Green-Quart,99,24.75
8068,2026-01-12,2026-01-21,HM13,Blue/Green,gallon,SuperPaint-Blue/Green-Gallon,7,7.0
8069,2026-01-12,2026-01-13,HM14,Blue/Green,quart,SuperPaint-Blue/Green-Quart,142,35.5
8070,2026-01-12,2026-01-14,HM14,Blue/Green,pail_5gal,Emerald-Blue/Green-Pail,5,25.0
8071,2026-01-12,2026-01-13,HM20,Black,pail_5gal,ProMar200-Black-Pail,8,40.0
8072,2026-01-12,2026-01-15,HM25,Black,gallon,ProMar200-Black-Gallon,53,53.0
8073,2026-01-12,2026-01-15,HM30,Black,quart,PrepRite-Black-Quart,153,38.25
8074,2026-01-12,2026-01-21,HM36,White,pail_5gal,SuperPaint-White-Pail,8,40.0
8075,2026-01-12,2026-01-15,HM36,White,gallon,Duration-White-Gallon,43,43.0
8076,2026-01-12,2026-01-13,HM43,Red,pail_5gal,Emerald-Red-Pail,7,35.0
8077,2026-01-12,2026-01-13,HM43,Red,quart,Emerald-Red-Quart,80,20.0
8078,2026-01-12,2026-01-18,HM47,Red,pail_5gal,Duration-Red-Pail,6,30.0
8079,2026-01-12,2026-01-14,HM47,Red,gallon,Emerald-Red-Gallon,51,51.0
8080,2026-01-12,2026-01-15,HM47,Red,gallon,Emerald-Red-Gallon,21,21.0
8081,2026-01-12,2026-01-19,HM47,Red,quart,Duration-Red-Quart,50,12.5
8082,2026-01-12,2026-01-14,HM50,Clear,pail_5gal,ProMar200-Clear-Pail,9,45.0
8083,2026-01-12,2026-01-13,HM56,White,quart,ProMar200-White-Quart,135,33.75
8084,2026-01-12,2026-01-13,HM56,White,quart,Duration-White-Quart,285,71.25
8085,2026-01-13,2026-01-16,HM01,White,quart,SuperPaint-White-Quart,39,9.75
8086,2026-01-13,2026-01-15,HM01,White,quart,ProMar200-White-Quart,459,114.75
8087,2026-01-13,2026-01-17,HM12,Blue/Green,quart,SuperPaint-Blue/Green-Quart,322,80.5
8088,2026-01-13,2026-01-14,HM13,Blue/Green,quart,SuperPaint-Blue/Green-Quart,141,35.25
8089,2026-01-13,2026-01-22,HM14,Blue/Green,gallon,Emerald-Blue/Green-Gallon,55,55.0
8090,2026-01-13,2026-01-16,HM16,Red,pail_5gal,Duration-Red-Pail,4,20.0
8091,2026-01-13,2026-01-19,HM20,Black,quart,ProMar200-Black-Quart,87,21.75
8092,2026-01-13,2026-01-14,HM20,Black,pail_5gal,PrepRite-Black-Pail,7,35.0
8093,2026-01-13,2026-01-14,HM25,Black,gallon,ProMar200-Black-Gallon,25,25.0
8094,2026-01-13,2026-01-17,HM30,Black,gallon,PrepRite-Black-Gallon,43,43.0
8095,2026-01-13,2026-01-15,HM30,Black,gallon,PrepRite-Black-Gallon,87,87.0
8096,2026-01-13,2026-01-16,HM36,White,pail_5gal,ProMar200-White-Pail,3,15.0
8097,2026-01-13,2026-01-14,HM43,Red,gallon,Duration-Red-Gallon,46,46.0
8098,2026-01-13,2026-01-14,HM43,Red,pail_5gal,Emerald-Red-Pail,11,55.0
8099,2026-01-13,2026-01-14,HM47,Red,quart,Duration-Red-Quart,230,57.5
8100,2026-01-13,2026-01-15,HM50,Clear,quart,SuperPaint-Clear-Quart,49,12.25
8101,2026-01-14,2026-01-18,HM01,White,gallon,ProMar200-White-Gallon,19,19.0
8102,2026-01-14,2026-01-16,HM01,White,gallon,ProMar200-White-Gallon,61,61.0
8103,2026-01-14,2026-01-16,HM12,Blue/Green,gallon,SuperPaint-Blue/Green-Gallon,84,84.0
8104,2026-01-14,2026-01-18,HM14,Blue/Green,quart,SuperPaint-Blue/Green-Quart,100,25.0
8105,2026-01-14,2026-01-15,HM16,Red,gallon,Duration-Red-Gallon,62,62.0
8106,2026-01-14,2026-01-27,HM20,Black,quart,ProMar200-Black-Quart,129,32.25
8107,2026-01-14,2026-01-17,HM25,Black,pail_5gal,PrepRite-Black-Pail,23,115.0
8108,2026-01-14,2026-01-15,HM25,Black,pail_5gal,PrepRite-Black-Pail,2,10.0
8109,2026-01-14,2026-01-17,HM30,Black,gallon,PrepRite-Black-Gallon,83,83.0
8110,2026-01-14,2026-01-19,HM30,Black,pail_5gal,PrepRite-Black-Pail,10,50.0
8111,2026-01-14,2026-01-19,HM43,Red,pail_5gal,Duration-Red-Pail,17,85.0
8112,2026-01-14,2026-01-16,HM50,Clear,pail_5gal,SuperPaint-Clear-Pail,7,35.0
8113,2026-01-14,2026-01-15,HM50,Clear,gallon,SuperPaint-Clear-Gallon,21,21.0
8114,2026-01-15,2026-01-23,HM01,White,gallon,ProMar200-White-Gallon,32,32.0
8115,2026-01-15,2026-01-19,HM01,White,quart,SuperPaint-White-Quart,63,15.75
8116,2026-01-15,2026-01-18,HM01,White,quart,Duration-White-Quart,105,26.25
8117,2026-01-15,2026-01-18,HM01,White,quart,Duration-White-Quart,155,38.75
8118,2026-01-15,2026-01-17,HM01,White,pail_5gal,Duration-White-Pail,10,50.0
8119,2026-01-15,2026-01-16,HM12,Blue/Green,gallon,SuperPaint-Blue/Green-Gallon,48,48.0
8120,2026-01-15,2026-01-26,HM13,Blue/Green,quart,SuperPaint-Blue/Green-Quart,151,37.75
8121,2026-01-15,2026-01-17,HM14,Blue/Green,pail_5gal,Emerald-Blue/Green-Pail,7,35.0
8122,2026-01-15,2026-01-17,HM16,Red,gallon,Emerald-Red-Gallon,46,46.0
8123,2026-01-15,2026-01-20,HM20,Black,gallon,ProMar200-Black-Gallon,29,29.0
8124,2026-01-15,2026-01-18,HM25,Black,pail_5gal,PrepRite-Black-Pail,8,40.0
8125,2026-01-15,2026-01-17,HM25,Black,gallon,ProMar200-Black-Gallon,16,16.0
8126,2026-01-15,2026-01-17,HM30,Black,gallon,PrepRite-Black-Gallon,54,54.0
8127,2026-01-15,2026-01-22,HM30,Black,gallon,ProMar200-Black-Gallon,43,43.0
8128,2026-01-15,2026-01-16,HM36,White,gallon,Duration-White-Gallon,25,25.0
8129,2026-01-15,2026-01-19,HM36,White,gallon,Duration-White-Gallon,61,61.0
8130,2026-01-15,2026-01-21,HM36,White,pail_5gal,Duration-White-Pail,8,40.0
8131,2026-01-15,2026-01-16,HM43,Red,gallon,Emerald-Red-Gallon,30,30.0
8132,2026-01-15,2026-01-18,HM50,Clear,pail_5gal,ProMar200-Clear-Pail,7,35.0
8133,2026-01-16,2026-01-20,HM01,White,pail_5gal,ProMar200-White-Pail,6,30.0
8134,2026-01-16,2026-01-17,HM01,White,gallon,Duration-White-Gallon,22,22.0
8135,2026-01-16,2026-01-18,HM01,White,quart,ProMar200-White-Quart,70,17.5
8136,2026-01-16,2026-01-18,HM12,Blue/Green,quart,SuperPaint-Blue/Green-Quart,47,11.75
8137,2026-01-16,2026-01-23,HM12,Blue/Green,gallon,SuperPaint-Blue/Green-Gallon,11,11.0
8138,2026-01-16,2026-01-17,HM13,Blue/Green,pail_5gal,SuperPaint-Blue/Green-Pail,12,60.0
8139,2026-01-16,2026-01-23,HM13,Blue/Green,gallon,SuperPaint-Blue/Green-Gallon,38,38.0
8140,2026-01-16,2026-01-21,HM14,Blue/Green,pail_5gal,Emerald-Blue/Green-Pail,2,10.0
8141,2026-01-16,2026-01-18,HM14,Blue/Green,quart,SuperPaint-Blue/Green-Quart,117,29.25
8142,2026-01-16,2026-01-21,HM16,Red,gallon,Duration-Red-Gallon,17,17.0
8143,2026-01-16,2026-01-18,HM16,Red,gallon,Duration-Red-Gallon,13,13.0
8144,2026-01-16,2026-01-20,HM25,Black,quart,ProMar200-Black-Quart,120,30.0
8145,2026-01-16,2026-01-20,HM25,Black,pail_5gal,ProMar200-Black-Pail,4,20.0
8146,2026-01-16,2026-01-17,HM25,Black,gallon,PrepRite-Black-Gallon,52,52.0
8147,2026-01-16,2026-01-19,HM30,Black,gallon,PrepRite-Black-Gallon,18,18.0
8148,2026-01-16,2026-01-19,HM36,White,gallon,SuperPaint-White-Gallon,34,34.0
8149,2026-01-16,2026-01-20,HM43,Red,quart,Duration-Red-Quart,410,102.5
8150,2026-01-16,2026-01-23,HM47,Red,pail_5gal,Duration-Red-Pail,8,40.0
8151,2026-01-16,2026-01-21,HM47,Red,gallon,Emerald-Red-Gallon,60,60.0
8152,2026-01-16,2026-01-21,HM50,Clear,gallon,SuperPaint-Clear-Gallon,58,58.0
8153,2026-01-16,2026-01-19,HM50,Clear,pail_5gal,ProMar200-Clear-Pail,10,50.0
8154,2026-01-16,2026-01-18,HM56,White,gallon,Duration-White-Gallon,23,23.0
8155,2026-01-17,2026-01-23,HM12,Blue/Green,quart,Emerald-Blue/Green-Quart,265,66.25
8156,2026-01-17,2026-01-21,HM13,Blue/Green,gallon,Emerald-Blue/Green-Gallon,16,16.0
8157,2026-01-17,2026-01-19,HM16,Red,gallon,Emerald-Red-Gallon,67,67.0
8158,2026-01-17,2026-01-21,HM20,Black,quart,ProMar200-Black-Quart,161,40.25
8159,2026-01-17,2026-01-18,HM36,White,quart,Duration-White-Quart,234,58.5
8160,2026-01-17,2026-01-27,HM43,Red,pail_5gal,Emerald-Red-Pail,5,25.0
8161,2026-01-17,2026-01-18,HM47,Red,pail_5gal,Emerald-Red-Pail,4,20.0
8162,2026-01-17,2026-01-19,HM50,Clear,gallon,ProMar200-Clear-Gallon,19,19.0
8163,2026-01-17,2026-01-18,HM50,Clear,quart,ProMar200-Clear-Quart,381,95.25
8164,2026-01-17,2026-01-22,HM56,White,quart,ProMar200-White-Quart,263,65.75
8165,2026-01-18,2026-01-19,HM01,White,pail_5gal,Duration-White-Pail,8,40.0
8166,2026-01-18,2026-01-23,HM01,White,quart,ProMar200-White-Quart,276,69.0
8167,2026-01-18,2026-01-22,HM12,Blue/Green,quart,Emerald-Blue/Green-Quart,74,18.5
8168,2026-01-18,2026-01-21,HM13,Blue/Green,pail_5gal,Emerald-Blue/Green-Pail,3,15.0
8169,2026-01-18,2026-01-22,HM13,Blue/Green,gallon,Emerald-Blue/Green-Gallon,67,67.0
8170,2026-01-18,2026-01-21,HM14,Blue/Green,quart,SuperPaint-Blue/Green-Quart,280,70.0
8171,2026-01-18,2026-01-21,HM20,Black,quart,ProMar200-Black-Quart,115,28.75
8172,2026-01-18,2026-01-27,HM20,Black,quart,ProMar200-Black-Quart,54,13.5
8173,2026-01-18,2026-01-19,HM20,Black,quart,PrepRite-Black-Quart,41,10.25
8174,2026-01-18,2026-01-19,HM25,Black,pail_5gal,PrepRite-Black-Pail,15,75.0
8175,2026-01-18,2026-01-20,HM25,Black,quart,PrepRite-Black-Quart,124,31.0
8176,2026-01-18,2026-01-20,HM25,Black,gallon,ProMar200-Black-Gallon,35,35.0
8177,2026-01-18,2026-01-20,HM30,Black,gallon,PrepRite-Black-Gallon,14,14.0
8178,2026-01-18,2026-01-20,HM30,Black,pail_5gal,PrepRite-Black-Pail,7,35.0
8179,2026-01-18,2026-01-22,HM36,White,gallon,Duration-White-Gallon,46,46.0
8180,2026-01-18,2026-01-20,HM43,Red,gallon,Duration-Red-Gallon,18,18.0
8181,2026-01-18,2026-01-22,HM50,Clear,gallon,ProMar200-Clear-Gallon,17,17.0
8182,2026-01-19,2026-01-21,HM01,White,quart,Duration-White-Quart,103,25.75
8183,2026-01-19,2026-01-21,HM01,White,quart,ProMar200-White-Quart,66,16.5
8184,2026-01-19,2026-01-21,HM01,White,gallon,ProMar200-White-Gallon,24,24.0
8185,2026-01-19,2026-01-21,HM13,Blue/Green,gallon,Emerald-Blue/Green-Gallon,30,30.0
8186,2026-01-19,2026-01-23,HM16,Red,quart,Duration-Red-Quart,211,52.75
8187,2026-01-19,2026-01-22,HM20,Black,gallon,ProMar200-Black-Gallon,42,42.0
8188,2026-01-19,2026-01-21,HM25,Black,gallon,PrepRite-Black-Gallon,40,40.0
8189,2026-01-19,2026-01-30,HM30,Black,gallon,PrepRite-Black-Gallon,15,15.0
8190,2026-01-19,2026-01-20,HM30,Black,pail_5gal,PrepRite-Black-Pail,5,25.0
8191,2026-01-19,2026-01-20,HM36,White,pail_5gal,Duration-White-Pail,7,35.0
8192,2026-01-19,2026-01-23,HM36,White,quart,SuperPaint-White-Quart,181,45.25
8193,2026-01-19,2026-01-23,HM47,Red,quart,Duration-Red-Quart,149,37.25
8194,2026-01-19,2026-01-21,HM47,Red,pail_5gal,Duration-Red-Pail,5,25.0
8195,2026-01-19,2026-01-21,HM47,Red,gallon,Emerald-Red-Gallon,68,68.0
8196,2026-01-19,2026-02-01,HM50,Clear,quart,ProMar200-Clear-Quart,279,69.75
8197,2026-01-19,2026-01-21,HM56,White,gallon,Duration-White-Gallon,29,29.0
8198,2026-01-20,2026-01-25,HM12,Blue/Green,pail_5gal,SuperPaint-Blue/Green-Pail,3,15.0
8199,2026-01-20,2026-01-22,HM12,Blue/Green,gallon,SuperPaint-Blue/Green-Gallon,41,41.0
8200,2026-01-20,2026-01-21,HM13,Blue/Green,pail_5gal,Emerald-Blue/Green-Pail,6,30.0
8201,2026-01-20,2026-01-21,HM14,Blue/Green,gallon,SuperPaint-Blue/Green-Gallon,28,28.0
8202,2026-01-20,2026-01-22,HM16,Red,quart,Duration-Red-Quart,115,28.75
8203,2026-01-20,2026-01-21,HM16,Red,quart,Duration-Red-Quart,108,27.0
8204,2026-01-20,2026-01-22,HM20,Black,pail_5gal,ProMar200-Black-Pail,13,65.0
8205,2026-01-20,2026-01-21,HM25,Black,quart,ProMar200-Black-Quart,44,11.0
8206,2026-01-20,2026-01-23,HM25,Black,gallon,ProMar200-Black-Gallon,28,28.0
8207,2026-01-20,2026-01-24,HM25,Black,quart,ProMar200-Black-Quart,176,44.0
8208,2026-01-20,2026-01-23,HM36,White,quart,ProMar200-White-Quart,61,15.25
8209,2026-01-20,2026-02-01,HM36,White,quart,ProMar200-White-Quart,64,16.0
8210,2026-01-20,2026-01-22,HM36,White,gallon,ProMar200-White-Gallon,24,24.0
8211,2026-01-20,2026-01-25,HM47,Red,pail_5gal,Duration-Red-Pail,14,70.0
8212,2026-01-20,2026-01-28,HM47,Red,quart,Emerald-Red-Quart,307,76.75
8213,2026-01-20,2026-01-25,HM50,Clear,quart,SuperPaint-Clear-Quart,104,26.0
8214,2026-01-20,2026-01-26,HM50,Clear,quart,ProMar200-Clear-Quart,144,36.0
8215,2026-01-20,2026-01-25,HM50,Clear,quart,SuperPaint-Clear-Quart,47,11.75
8216,2026-01-20,2026-01-23,HM56,White,quart,SuperPaint-White-Quart,96,24.0
8217,2026-01-20,2026-01-26,HM56,White,quart,ProMar200-White-Quart,49,12.25
8218,2026-01-20,2026-01-22,HM56,White,quart,ProMar200-White-Quart,36,9.0
8219,2026-01-20,2026-01-25,HM56,White,gallon,Duration-White-Gallon,18,18.0
8220,2026-01-21,2026-01-23,HM13,Blue/Green,quart,Emerald-Blue/Green-Quart,97,24.25
8221,2026-01-21,2026-01-29,HM14,Blue/Green,quart,Emerald-Blue/Green-Quart,114,28.5
8222,2026-01-21,2026-01-22,HM14,Blue/Green,gallon,SuperPaint-Blue/Green-Gallon,32,32.0
8223,2026-01-21,2026-01-25,HM16,Red,gallon,Emerald-Red-Gallon,10,10.0
8224,2026-01-21,2026-01-26,HM16,Red,gallon,Emerald-Red-Gallon,20,20.0
8225,2026-01-21,2026-01-26,HM25,Black,gallon,PrepRite-Black-Gallon,16,16.0
8226,2026-01-21,2026-01-23,HM25,Black,quart,PrepRite-Black-Quart,182,45.5
8227,2026-01-21,2026-01-29,HM25,Black,gallon,ProMar200-Black-Gallon,33,33.0
8228,2026-01-21,2026-01-25,HM30,Black,gallon,PrepRite-Black-Gallon,25,25.0
8229,2026-01-21,2026-01-24,HM36,White,gallon,ProMar200-White-Gallon,61,61.0
8230,2026-01-21,2026-01-25,HM36,White,quart,SuperPaint-White-Quart,80,20.0
8231,2026-01-21,2026-01-22,HM36,White,gallon,SuperPaint-White-Gallon,42,42.0
8232,2026-01-21,2026-01-23,HM36,White,pail_5gal,Duration-White-Pail,4,20.0
8233,2026-01-21,2026-01-26,HM43,Red,pail_5gal,Duration-Red-Pail,11,55.0
8234,2026-01-21,2026-01-24,HM47,Red,quart,Emerald-Red-Quart,96,24.0
8235,2026-01-21,2026-01-23,HM50,Clear,quart,SuperPaint-Clear-Quart,251,62.75
8236,2026-01-21,2026-01-25,HM50,Clear,quart,SuperPaint-Clear-Quart,375,93.75
8237,2026-01-21,2026-01-23,HM50,Clear,gallon,SuperPaint-Clear-Gallon,11,11.0
8238,2026-01-22,2026-01-24,HM01,White,gallon,Duration-White-Gallon,23,23.0
8239,2026-01-22,2026-01-26,HM13,Blue/Green,gallon,SuperPaint-Blue/Green-Gallon,106,106.0
8240,2026-01-22,2026-01-23,HM16,Red,quart,Emerald-Red-Quart,96,24.0
8241,2026-01-22,2026-01-24,HM16,Red,pail_5gal,Emerald-Red-Pail,6,30.0
8242,2026-01-22,2026-01-24,HM16,Red,quart,Emerald-Red-Quart,71,17.75
8243,2026-01-22,2026-01-28,HM16,Red,gallon,Duration-Red-Gallon,17,17.0
8244,2026-01-22,2026-01-23,HM16,Red,quart,Duration-Red-Quart,92,23.0
8245,2026-01-22,2026-01-25,HM16,Red,pail_5gal,Emerald-Red-Pail,9,45.0
8246,2026-01-22,2026-01-27,HM25,Black,pail_5gal,PrepRite-Black-Pail,8,40.0
8247,2026-01-22,2026-01-25,HM25,Black,gallon,PrepRite-Black-Gallon,30,30.0
8248,2026-01-22,2026-01-24,HM30,Black,pail_5gal,PrepRite-Black-Pail,5,25.0
8249,2026-01-22,2026-01-24,HM36,White,quart,ProMar200-White-Quart,148,37.0
8250,2026-01-22,2026-01-25,HM43,Red,pail_5gal,Emerald-Red-Pail,5,25.0
8251,2026-01-22,2026-01-23,HM43,Red,gallon,Emerald-Red-Gallon,29,29.0
8252,2026-01-22,2026-01-24,HM47,Red,pail_5gal,Emerald-Red-Pail,5,25.0
8253,2026-01-22,2026-01-23,HM50,Clear,quart,ProMar200-Clear-Quart,59,14.75
8254,2026-01-22,2026-01-23,HM50,Clear,quart,ProMar200-Clear-Quart,59,14.75
8255,2026-01-22,2026-01-25,HM56,White,gallon,SuperPaint-White-Gallon,20,20.0
8256,2026-01-23,2026-01-25,HM01,White,quart,ProMar200-White-Quart,242,60.5
8257,2026-01-23,2026-01-25,HM12,Blue/Green,gallon,Emerald-Blue/Green-Gallon,20,20.0
8258,2026-01-23,2026-01-25,HM12,Blue/Green,quart,SuperPaint-Blue/Green-Quart,58,14.5
8259,2026-01-23,2026-01-24,HM14,Blue/Green,quart,Emerald-Blue/Green-Quart,45,11.25
8260,2026-01-23,2026-01-24,HM16,Red,quart,Emerald-Red-Quart,285,71.25
8261,2026-01-23,2026-01-24,HM16,Red,gallon,Duration-Red-Gallon,41,41.0
8262,2026-01-23,2026-01-25,HM20,Black,gallon,ProMar200-Black-Gallon,25,25.0
8263,2026-01-23,2026-02-01,HM20,Black,pail_5gal,PrepRite-Black-Pail,1,5.0
8264,2026-01-23,2026-01-25,HM20,Black,gallon,ProMar200-Black-Gallon,39,39.0
8265,2026-01-23,2026-01-25,HM30,Black,gallon,ProMar200-Black-Gallon,39,39.0
8266,2026-01-23,2026-01-24,HM30,Black,pail_5gal,PrepRite-Black-Pail,3,15.0
8267,2026-01-23,2026-01-30,HM30,Black,gallon,PrepRite-Black-Gallon,15,15.0
8268,2026-01-23,2026-01-25,HM43,Red,pail_5gal,Emerald-Red-Pail,6,30.0
8269,2026-01-23,2026-01-28,HM47,Red,pail_5gal,Emerald-Red-Pail,6,30.0
8270,2026-01-23,2026-01-26,HM50,Clear,gallon,SuperPaint-Clear-Gallon,52,52.0
8271,2026-01-23,2026-01-24,HM50,Clear,pail_5gal,ProMar200-Clear-Pail,9,45.0
8272,2026-01-23,2026-01-25,HM56,White,quart,SuperPaint-White-Quart,104,26.0
8273,2026-01-23,2026-01-25,HM56,White,gallon,ProMar200-White-Gallon,70,70.0
8274,2026-01-24,2026-01-25,HM12,Blue/Green,quart,Emerald-Blue/Green-Quart,58,14.5
8275,2026-01-24,2026-01-28,HM14,Blue/Green,gallon,Emerald-Blue/Green-Gallon,10,10.0
8276,2026-01-24,2026-01-27,HM16,Red,gallon,Duration-Red-Gallon,40,40.0
8277,2026-01-24,2026-01-29,HM16,Red,quart,Duration-Red-Quart,87,21.75
8278,2026-01-24,2026-01-25,HM30,Black,gallon,ProMar200-Black-Gallon,13,13.0
8279,2026-01-24,2026-01-26,HM30,Black,pail_5gal,ProMar200-Black-Pail,5,25.0
8280,2026-01-24,2026-01-27,HM30,Black,gallon,ProMar200-Black-Gallon,44,44.0
8281,2026-01-24,2026-01-26,HM30,Black,pail_5gal,PrepRite-Black-Pail,5,25.0
8282,2026-01-24,2026-01-27,HM30,Black,quart,ProMar200-Black-Quart,49,12.25
8283,2026-01-24,2026-01-25,HM43,Red,pail_5gal,Duration-Red-Pail,6,30.0
8284,2026-01-24,2026-01-26,HM47,Red,gallon,Duration-Red-Gallon,23,23.0
8285,2026-01-25,2026-01-26,HM01,White,gallon,Duration-White-Gallon,35,35.0
8286,2026-01-25,2026-02-05,HM12,Blue/Green,quart,SuperPaint-Blue/Green-Quart,52,13.0
8287,2026-01-25,2026-01-26,HM12,Blue/Green,pail_5gal,Emerald-Blue/Green-Pail,10,50.0
8288,2026-01-25,2026-01-26,HM12,Blue/Green,gallon,SuperPaint-Blue/Green-Gallon,32,32.0
8289,2026-01-25,2026-01-26,HM14,Blue/Green,gallon,SuperPaint-Blue/Green-Gallon,44,44.0
8290,2026-01-25,2026-01-26,HM14,Blue/Green,gallon,SuperPaint-Blue/Green-Gallon,86,86.0
8291,2026-01-25,2026-02-03,HM20,Black,gallon,ProMar200-Black-Gallon,40,40.0
8292,2026-01-25,2026-01-28,HM20,Black,quart,PrepRite-Black-Quart,68,17.0
8293,2026-01-25,2026-01-27,HM20,Black,gallon,PrepRite-Black-Gallon,83,83.0
8294,2026-01-25,2026-01-27,HM25,Black,quart,ProMar200-Black-Quart,130,32.5
8295,2026-01-25,2026-01-27,HM25,Black,gallon,PrepRite-Black-Gallon,18,18.0
8296,2026-01-25,2026-02-03,HM36,White,gallon,SuperPaint-White-Gallon,49,49.0
8297,2026-01-25,2026-01-28,HM43,Red,gallon,Emerald-Red-Gallon,32,32.0
8298,2026-01-25,2026-01-30,HM43,Red,quart,Emerald-Red-Quart,89,22.25
8299,2026-01-25,2026-01-26,HM43,Red,pail_5gal,Duration-Red-Pail,6,30.0
8300,2026-01-25,2026-01-29,HM56,White,pail_5gal,ProMar200-White-Pail,6,30.0
8301,2026-01-25,2026-01-26,HM56,White,gallon,Duration-White-Gallon,39,39.0
8302,2026-01-25,2026-01-27,HM56,White,quart,Duration-White-Quart,73,18.25
8303,2026-01-25,2026-01-26,HM56,White,gallon,ProMar200-White-Gallon,43,43.0
8304,2026-01-26,2026-01-31,HM12,Blue/Green,gallon,Emerald-Blue/Green-Gallon,28,28.0
8305,2026-01-26,2026-01-31,HM16,Red,quart,Duration-Red-Quart,98,24.5
8306,2026-01-26,2026-01-30,HM20,Black,gallon,PrepRite-Black-Gallon,45,45.0
8307,2026-01-26,2026-01-27,HM25,Black,pail_5gal,PrepRite-Black-Pail,3,15.0
8308,2026-01-26,2026-01-28,HM25,Black,gallon,ProMar200-Black-Gallon,44,44.0
8309,2026-01-26,2026-01-27,HM30,Black,quart,ProMar200-Black-Quart,50,12.5
8310,2026-01-26,2026-01-27,HM30,Black,gallon,ProMar200-Black-Gallon,25,25.0
8311,2026-01-26,2026-02-03,HM30,Black,pail_5gal,PrepRite-Black-Pail,17,85.0
8312,2026-01-26,2026-01-28,HM43,Red,quart,Duration-Red-Quart,125,31.25
8313,2026-01-26,2026-01-28,HM43,Red,gallon,Emerald-Red-Gallon,21,21.0
8314,2026-01-26,2026-01-28,HM43,Red,gallon,Emerald-Red-Gallon,11,11.0
8315,2026-01-26,2026-01-27,HM50,Clear,gallon,SuperPaint-Clear-Gallon,21,21.0
8316,2026-01-27,2026-02-02,HM01,White,gallon,Duration-White-Gallon,12,12.0
8317,2026-01-27,2026-01-31,HM12,Blue/Green,gallon,SuperPaint-Blue/Green-Gallon,22,22.0
8318,2026-01-27,2026-01-30,HM13,Blue/Green,gallon,Emerald-Blue/Green-Gallon,55,55.0
8319,2026-01-27,2026-01-29,HM13,Blue/Green,quart,Emerald-Blue/Green-Quart,159,39.75
8320,2026-01-27,2026-01-28,HM14,Blue/Green,pail_5gal,Emerald-Blue/Green-Pail,10,50.0
8321,2026-01-27,2026-01-30,HM14,Blue/Green,quart,SuperPaint-Blue/Green-Quart,239,59.75
8322,2026-01-27,2026-01-30,HM14,Blue/Green,gallon,SuperPaint-Blue/Green-Gallon,43,43.0
8323,2026-01-27,2026-01-28,HM14,Blue/Green,quart,Emerald-Blue/Green-Quart,67,16.75
8324,2026-01-27,2026-02-02,HM14,Blue/Green,gallon,Emerald-Blue/Green-Gallon,36,36.0
8325,2026-01-27,2026-02-02,HM14,Blue/Green,quart,SuperPaint-Blue/Green-Quart,359,89.75
8326,2026-01-27,2026-01-28,HM14,Blue/Green,quart,SuperPaint-Blue/Green-Quart,104,26.0
8327,2026-01-27,2026-01-28,HM16,Red,quart,Duration-Red-Quart,30,7.5
8328,2026-01-27,2026-01-31,HM20,Black,quart,ProMar200-Black-Quart,36,9.0
8329,2026-01-27,2026-01-28,HM25,Black,gallon,ProMar200-Black-Gallon,43,43.0
8330,2026-01-27,2026-01-28,HM25,Black,pail_5gal,PrepRite-Black-Pail,6,30.0
8331,2026-01-27,2026-02-02,HM30,Black,pail_5gal,ProMar200-Black-Pail,9,45.0
8332,2026-01-27,2026-01-29,HM30,Black,quart,PrepRite-Black-Quart,118,29.5
8333,2026-01-27,2026-01-29,HM36,White,gallon,Duration-White-Gallon,12,12.0
8334,2026-01-27,2026-01-28,HM47,Red,quart,Duration-Red-Quart,86,21.5
8335,2026-01-27,2026-01-30,HM47,Red,quart,Emerald-Red-Quart,172,43.0
8336,2026-01-27,2026-01-31,HM50,Clear,gallon,ProMar200-Clear-Gallon,18,18.0
8337,2026-01-27,2026-01-30,HM56,White,quart,ProMar200-White-Quart,122,30.5
8338,2026-01-27,2026-02-02,HM56,White,quart,SuperPaint-White-Quart,89,22.25
8339,2026-01-28,2026-01-31,HM01,White,quart,SuperPaint-White-Quart,72,18.0
8340,2026-01-28,2026-01-29,HM13,Blue/Green,quart,Emerald-Blue/Green-Quart,262,65.5
8341,2026-01-28,2026-02-02,HM13,Blue/Green,gallon,Emerald-Blue/Green-Gallon,35,35.0
8342,2026-01-28,2026-02-02,HM14,Blue/Green,gallon,SuperPaint-Blue/Green-Gallon,17,17.0
8343,2026-01-28,2026-01-30,HM14,Blue/Green,gallon,Emerald-Blue/Green-Gallon,39,39.0
8344,2026-01-28,2026-02-04,HM14,Blue/Green,gallon,SuperPaint-Blue/Green-Gallon,93,93.0
8345,2026-01-28,2026-01-31,HM25,Black,gallon,PrepRite-Black-Gallon,32,32.0
8346,2026-01-28,2026-01-30,HM25,Black,gallon,PrepRite-Black-Gallon,20,20.0
8347,2026-01-28,2026-01-29,HM25,Black,gallon,ProMar200-Black-Gallon,6,6.0
8348,2026-01-28,2026-01-29,HM30,Black,pail_5gal,ProMar200-Black-Pail,3,15.0
8349,2026-01-28,2026-01-29,HM30,Black,gallon,PrepRite-Black-Gallon,62,62.0
8350,2026-01-28,2026-01-30,HM30,Black,quart,ProMar200-Black-Quart,124,31.0
8351,2026-01-28,2026-01-29,HM30,Black,gallon,ProMar200-Black-Gallon,23,23.0
8352,2026-01-28,2026-01-31,HM36,White,pail_5gal,Duration-White-Pail,6,30.0
8353,2026-01-28,2026-01-31,HM43,Red,quart,Emerald-Red-Quart,129,32.25
8354,2026-01-28,2026-01-31,HM43,Red,quart,Emerald-Red-Quart,231,57.75
8355,2026-01-28,2026-01-29,HM43,Red,gallon,Duration-Red-Gallon,9,9.0
8356,2026-01-28,2026-01-30,HM47,Red,gallon,Emerald-Red-Gallon,18,18.0
8357,2026-01-28,2026-01-30,HM50,Clear,quart,SuperPaint-Clear-Quart,20,5.0
8358,2026-01-28,2026-02-01,HM50,Clear,quart,ProMar200-Clear-Quart,224,56.0
8359,2026-01-28,2026-01-30,HM56,White,gallon,SuperPaint-White-Gallon,16,16.0
8360,2026-01-28,2026-01-31,HM56,White,gallon,SuperPaint-White-Gallon,119,119.0
8361,2026-01-29,2026-01-30,HM01,White,gallon,ProMar200-White-Gallon,58,58.0
8362,2026-01-29,2026-02-01,HM13,Blue/Green,quart,Emerald-Blue/Green-Quart,142,35.5
8363,2026-01-29,2026-02-01,HM13,Blue/Green,quart,SuperPaint-Blue/Green-Quart,225,56.25
8364,2026-01-29,2026-01-30,HM14,Blue/Green,quart,Emerald-Blue/Green-Quart,54,13.5
8365,2026-01-29,2026-01-31,HM14,Blue/Green,quart,Emerald-Blue/Green-Quart,130,32.5
8366,2026-01-29,2026-01-31,HM16,Red,gallon,Emerald-Red-Gallon,50,50.0
8367,2026-01-29,2026-02-01,HM16,Red,gallon,Duration-Red-Gallon,38,38.0
8368,2026-01-29,2026-01-31,HM16,Red,quart,Duration-Red-Quart,146,36.5
8369,2026-01-29,2026-01-30,HM20,Black,gallon,ProMar200-Black-Gallon,22,22.0
8370,2026-01-29,2026-01-30,HM25,Black,quart,ProMar200-Black-Quart,122,30.5
8371,2026-01-29,2026-02-04,HM25,Black,pail_5gal,ProMar200-Black-Pail,6,30.0
8372,2026-01-29,2026-02-02,HM30,Black,gallon,ProMar200-Black-Gallon,18,18.0
8373,2026-01-29,2026-02-03,HM30,Black,quart,ProMar200-Black-Quart,52,13.0
8374,2026-01-29,2026-02-02,HM36,White,pail_5gal,SuperPaint-White-Pail,5,25.0
8375,2026-01-29,2026-02-01,HM36,White,quart,ProMar200-White-Quart,395,98.75
8376,2026-01-29,2026-01-31,HM43,Red,quart,Duration-Red-Quart,170,42.5
8377,2026-01-29,2026-02-02,HM43,Red,quart,Duration-Red-Quart,106,26.5
8378,2026-01-29,2026-02-01,HM43,Red,gallon,Duration-Red-Gallon,27,27.0
8379,2026-01-29,2026-01-30,HM43,Red,pail_5gal,Duration-Red-Pail,2,10.0
8380,2026-01-29,2026-02-03,HM47,Red,quart,Duration-Red-Quart,180,45.0
8381,2026-01-29,2026-02-03,HM47,Red,quart,Emerald-Red-Quart,117,29.25
8382,2026-01-30,2026-01-31,HM01,White,gallon,ProMar200-White-Gallon,18,18.0
8383,2026-01-30,2026-02-03,HM13,Blue/Green,gallon,SuperPaint-Blue/Green-Gallon,52,52.0
8384,2026-01-30,2026-01-31,HM14,Blue/Green,quart,SuperPaint-Blue/Green-Quart,80,20.0
8385,2026-01-30,2026-02-01,HM14,Blue/Green,quart,SuperPaint-Blue/Green-Quart,203,50.75
8386,2026-01-30,2026-01-31,HM16,Red,gallon,Duration-Red-Gallon,56,56.0
8387,2026-01-30,2026-02-01,HM16,Red,quart,Emerald-Red-Quart,91,22.75
8388,2026-01-30,2026-02-01,HM20,Black,gallon,ProMar200-Black-Gallon,25,25.0
8389,2026-01-30,2026-02-03,HM20,Black,quart,PrepRite-Black-Quart,135,33.75
8390,2026-01-30,2026-02-01,HM20,Black,gallon,PrepRite-Black-Gallon,31,31.0
8391,2026-01-30,2026-02-02,HM25,Black,quart,ProMar200-Black-Quart,174,43.5
8392,2026-01-30,2026-02-02,HM25,Black,pail_5gal,PrepRite-Black-Pail,4,20.0
8393,2026-01-30,2026-02-01,HM25,Black,quart,ProMar200-Black-Quart,173,43.25
8394,2026-01-30,2026-01-31,HM30,Black,quart,PrepRite-Black-Quart,179,44.75
8395,2026-01-30,2026-01-31,HM30,Black,gallon,PrepRite-Black-Gallon,33,33.0
8396,2026-01-30,2026-02-04,HM36,White,gallon,SuperPaint-White-Gallon,15,15.0
8397,2026-01-30,2026-01-31,HM36,White,pail_5gal,Duration-White-Pail,5,25.0
8398,2026-01-30,2026-02-04,HM43,Red,gallon,Duration-Red-Gallon,69,69.0
8399,2026-01-30,2026-02-07,HM43,Red,gallon,Emerald-Red-Gallon,12,12.0
8400,2026-01-30,2026-01-31,HM43,Red,quart,Emerald-Red-Quart,400,100.0
8401,2026-01-30,2026-02-02,HM47,Red,pail_5gal,Duration-Red-Pail,13,65.0
8402,2026-01-30,2026-02-03,HM50,Clear,quart,SuperPaint-Clear-Quart,84,21.0
8403,2026-01-30,2026-02-01,HM50,Clear,quart,SuperPaint-Clear-Quart,49,12.25
8404,2026-01-30,2026-01-31,HM50,Clear,pail_5gal,ProMar200-Clear-Pail,12,60.0
8405,2026-01-30,2026-02-03,HM50,Clear,quart,ProMar200-Clear-Quart,156,39.0
8406,2026-01-31,2026-02-01,HM12,Blue/Green,quart,Emerald-Blue/Green-Quart,140,35.0
8407,2026-01-31,2026-02-02,HM13,Blue/Green,gallon,SuperPaint-Blue/Green-Gallon,32,32.0
8408,2026-01-31,2026-02-09,HM13,Blue/Green,quart,SuperPaint-Blue/Green-Quart,71,17.75
8409,2026-01-31,2026-02-02,HM25,Black,quart,PrepRite-Black-Quart,102,25.5
8410,2026-01-31,2026-02-01,HM30,Black,quart,PrepRite-Black-Quart,117,29.25
8411,2026-01-31,2026-02-02,HM30,Black,gallon,PrepRite-Black-Gallon,9,9.0
8412,2026-01-31,2026-02-03,HM36,White,gallon,SuperPaint-White-Gallon,48,48.0
8413,2026-01-31,2026-02-02,HM36,White,gallon,ProMar200-White-Gallon,28,28.0
8414,2026-01-31,2026-02-03,HM43,Red,quart,Duration-Red-Quart,65,16.25
8415,2026-01-31,2026-02-04,HM43,Red,quart,Duration-Red-Quart,117,29.25
8416,2026-01-31,2026-02-01,HM56,White,gallon,ProMar200-White-Gallon,36,36.0
8417,2026-02-01,2026-02-03,HM01,White,gallon,Duration-White-Gallon,32,32.0
8418,2026-02-01,2026-02-03,HM01,White,pail_5gal,SuperPaint-White-Pail,19,95.0
8419,2026-02-01,2026-02-04,HM01,White,pail_5gal,SuperPaint-White-Pail,3,15.0
8420,2026-02-01,2026-02-02,HM01,White,pail_5gal,Duration-White-Pail,1,5.0
8421,2026-02-01,2026-02-05,HM01,White,quart,SuperPaint-White-Quart,32,8.0
8422,2026-02-01,2026-02-09,HM12,Blue/Green,gallon,SuperPaint-Blue/Green-Gallon,43,43.0
8423,2026-02-01,2026-02-08,HM13,Blue/Green,gallon,Emerald-Blue/Green-Gallon,57,57.0
8424,2026-02-01,2026-02-07,HM13,Blue/Green,pail_5gal,SuperPaint-Blue/Green-Pail,7,35.0
8425,2026-02-01,2026-02-02,HM14,Blue/Green,gallon,SuperPaint-Blue/Green-Gallon,63,63.0
8426,2026-02-01,2026-02-05,HM16,Red,pail_5gal,Duration-Red-Pail,5,25.0
8427,2026-02-01,2026-02-02,HM16,Red,gallon,Duration-Red-Gallon,22,22.0
8428,2026-02-01,2026-02-05,HM20,Black,quart,PrepRite-Black-Quart,76,19.0
8429,2026-02-01,2026-02-02,HM20,Black,quart,ProMar200-Black-Quart,55,13.75
8430,2026-02-01,2026-02-05,HM36,White,quart,SuperPaint-White-Quart,91,22.75
8431,2026-02-01,2026-02-07,HM43,Red,gallon,Duration-Red-Gallon,28,28.0
8432,2026-02-01,2026-02-02,HM43,Red,quart,Emerald-Red-Quart,68,17.0
8433,2026-02-01,2026-02-15,HM47,Red,gallon,Duration-Red-Gallon,29,29.0
8434,2026-02-01,2026-02-04,HM47,Red,quart,Duration-Red-Quart,88,22.0
8435,2026-02-01,2026-02-03,HM47,Red,gallon,Emerald-Red-Gallon,20,20.0
8436,2026-02-01,2026-02-07,HM47,Red,gallon,Duration-Red-Gallon,16,16.0
8437,2026-02-01,2026-02-05,HM47,Red,gallon,Emerald-Red-Gallon,42,42.0
8438,2026-02-01,2026-02-03,HM50,Clear,gallon,ProMar200-Clear-Gallon,46,46.0
8439,2026-02-01,2026-02-03,HM50,Clear,quart,SuperPaint-Clear-Quart,121,30.25
8440,2026-02-02,2026-02-03,HM12,Blue/Green,gallon,SuperPaint-Blue/Green-Gallon,27,27.0
8441,2026-02-02,2026-02-04,HM13,Blue/Green,gallon,SuperPaint-Blue/Green-Gallon,41,41.0
8442,2026-02-02,2026-02-06,HM13,Blue/Green,pail_5gal,SuperPaint-Blue/Green-Pail,8,40.0
8443,2026-02-02,2026-02-04,HM14,Blue/Green,gallon,Emerald-Blue/Green-Gallon,32,32.0
8444,2026-02-02,2026-02-05,HM14,Blue/Green,quart,Emerald-Blue/Green-Quart,41,10.25
8445,2026-02-02,2026-02-11,HM20,Black,quart,PrepRite-Black-Quart,103,25.75
8446,2026-02-02,2026-02-05,HM20,Black,gallon,ProMar200-Black-Gallon,85,85.0
8447,2026-02-02,2026-02-05,HM25,Black,gallon,PrepRite-Black-Gallon,14,14.0
8448,2026-02-02,2026-02-03,HM25,Black,quart,PrepRite-Black-Quart,127,31.75
8449,2026-02-02,2026-02-05,HM30,Black,gallon,PrepRite-Black-Gallon,23,23.0
8450,2026-02-02,2026-02-04,HM30,Black,pail_5gal,PrepRite-Black-Pail,5,25.0
8451,2026-02-02,2026-02-11,HM43,Red,quart,Emerald-Red-Quart,55,13.75
8452,2026-02-02,2026-02-04,HM47,Red,quart,Emerald-Red-Quart,82,20.5
8453,2026-02-02,2026-02-14,HM56,White,gallon,SuperPaint-White-Gallon,11,11.0
8454,2026-02-02,2026-02-05,HM56,White,gallon,ProMar200-White-Gallon,47,47.0
8455,2026-02-03,2026-02-05,HM01,White,pail_5gal,ProMar200-White-Pail,20,100.0
8456,2026-02-03,2026-02-07,HM01,White,quart,SuperPaint-White-Quart,163,40.75
8457,2026-02-03,2026-02-05,HM01,White,pail_5gal,Duration-White-Pail,4,20.0
8458,2026-02-03,2026-02-04,HM01,White,gallon,Duration-White-Gallon,49,49.0
8459,2026-02-03,2026-02-05,HM12,Blue/Green,quart,SuperPaint-Blue/Green-Quart,500,125.0
8460,2026-02-03,2026-02-07,HM12,Blue/Green,quart,SuperPaint-Blue/Green-Quart,118,29.5
8461,2026-02-03,2026-02-04,HM12,Blue/Green,quart,SuperPaint-Blue/Green-Quart,180,45.0
8462,2026-02-03,2026-02-09,HM14,Blue/Green,gallon,SuperPaint-Blue/Green-Gallon,20,20.0
8463,2026-02-03,2026-02-05,HM14,Blue/Green,quart,SuperPaint-Blue/Green-Quart,122,30.5
8464,2026-02-03,2026-02-08,HM14,Blue/Green,gallon,SuperPaint-Blue/Green-Gallon,21,21.0
8465,2026-02-03,2026-02-06,HM14,Blue/Green,gallon,SuperPaint-Blue/Green-Gallon,7,7.0
8466,2026-02-03,2026-02-05,HM14,Blue/Green,gallon,SuperPaint-Blue/Green-Gallon,41,41.0
8467,2026-02-03,2026-02-05,HM16,Red,gallon,Duration-Red-Gallon,22,22.0
8468,2026-02-03,2026-02-06,HM20,Black,gallon,ProMar200-Black-Gallon,36,36.0
8469,2026-02-03,2026-02-06,HM20,Black,gallon,PrepRite-Black-Gallon,19,19.0
8470,2026-02-03,2026-02-05,HM25,Black,gallon,PrepRite-Black-Gallon,24,24.0
8471,2026-02-03,2026-02-15,HM25,Black,pail_5gal,ProMar200-Black-Pail,8,40.0
8472,2026-02-03,2026-02-06,HM25,Black,pail_5gal,ProMar200-Black-Pail,5,25.0
8473,2026-02-03,2026-02-04,HM30,Black,pail_5gal,ProMar200-Black-Pail,5,25.0
8474,2026-02-03,2026-02-07,HM30,Black,gallon,PrepRite-Black-Gallon,32,32.0
8475,2026-02-03,2026-02-06,HM30,Black,quart,PrepRite-Black-Quart,123,30.75
8476,2026-02-03,2026-02-06,HM47,Red,quart,Duration-Red-Quart,82,20.5
8477,2026-02-03,2026-02-05,HM47,Red,quart,Duration-Red-Quart,156,39.0
8478,2026-02-03,2026-02-06,HM47,Red,quart,Emerald-Red-Quart,139,34.75
8479,2026-02-03,2026-02-07,HM50,Clear,gallon,ProMar200-Clear-Gallon,16,16.0
8480,2026-02-03,2026-02-05,HM50,Clear,quart,ProMar200-Clear-Quart,37,9.25
8481,2026-02-04,2026-02-08,HM01,White,gallon,SuperPaint-White-Gallon,24,24.0
8482,2026-02-04,2026-02-05,HM12,Blue/Green,gallon,SuperPaint-Blue/Green-Gallon,36,36.0
8483,2026-02-04,2026-02-05,HM12,Blue/Green,quart,Emerald-Blue/Green-Quart,265,66.25
8484,2026-02-04,2026-02-08,HM12,Blue/Green,quart,Emerald-Blue/Green-Quart,155,38.75
8485,2026-02-04,2026-02-07,HM12,Blue/Green,quart,Emerald-Blue/Green-Quart,249,62.25
8486,2026-02-04,2026-02-05,HM14,Blue/Green,gallon,SuperPaint-Blue/Green-Gallon,23,23.0
8487,2026-02-04,2026-02-05,HM14,Blue/Green,quart,Emerald-Blue/Green-Quart,27,6.75
8488,2026-02-04,2026-02-08,HM20,Black,quart,PrepRite-Black-Quart,73,18.25
8489,2026-02-04,2026-02-10,HM20,Black,pail_5gal,PrepRite-Black-Pail,7,35.0
8490,2026-02-04,2026-02-06,HM20,Black,gallon,ProMar200-Black-Gallon,32,32.0
8491,2026-02-04,2026-02-05,HM20,Black,quart,PrepRite-Black-Quart,137,34.25
8492,2026-02-04,2026-02-05,HM25,Black,pail_5gal,ProMar200-Black-Pail,5,25.0
8493,2026-02-04,2026-02-12,HM30,Black,quart,PrepRite-Black-Quart,118,29.5
8494,2026-02-04,2026-02-05,HM36,White,pail_5gal,Duration-White-Pail,5,25.0
8495,2026-02-04,2026-02-07,HM43,Red,quart,Emerald-Red-Quart,131,32.75
8496,2026-02-04,2026-02-10,HM43,Red,gallon,Duration-Red-Gallon,20,20.0
8497,2026-02-04,2026-02-06,HM56,White,quart,SuperPaint-White-Quart,194,48.5
8498,2026-02-04,2026-02-06,HM56,White,quart,Duration-White-Quart,45,11.25
8499,2026-02-05,2026-02-06,HM12,Blue/Green,gallon,Emerald-Blue/Green-Gallon,9,9.0
8500,2026-02-05,2026-02-07,HM12,Blue/Green,gallon,SuperPaint-Blue/Green-Gallon,42,42.0
8501,2026-02-05,2026-02-06,HM12,Blue/Green,quart,Emerald-Blue/Green-Quart,71,17.75
8502,2026-02-05,2026-02-06,HM13,Blue/Green,gallon,Emerald-Blue/Green-Gallon,22,22.0
8503,2026-02-05,2026-02-06,HM14,Blue/Green,quart,SuperPaint-Blue/Green-Quart,63,15.75
8504,2026-02-05,2026-02-11,HM14,Blue/Green,gallon,Emerald-Blue/Green-Gallon,36,36.0
8505,2026-02-05,2026-02-08,HM14,Blue/Green,quart,Emerald-Blue/Green-Quart,39,9.75
8506,2026-02-05,2026-02-07,HM20,Black,quart,PrepRite-Black-Quart,311,77.75
8507,2026-02-05,2026-02-08,HM30,Black,gallon,ProMar200-Black-Gallon,20,20.0
8508,2026-02-05,2026-02-11,HM43,Red,quart,Duration-Red-Quart,45,11.25
8509,2026-02-05,2026-02-07,HM47,Red,pail_5gal,Emerald-Red-Pail,10,50.0
8510,2026-02-05,2026-02-07,HM47,Red,gallon,Emerald-Red-Gallon,28,28.0
8511,2026-02-05,2026-02-07,HM47,Red,pail_5gal,Emerald-Red-Pail,4,20.0
8512,2026-02-05,2026-02-06,HM47,Red,gallon,Emerald-Red-Gallon,79,79.0
8513,2026-02-05,2026-02-06,HM56,White,quart,SuperPaint-White-Quart,41,10.25
8514,2026-02-05,2026-02-07,HM56,White,quart,ProMar200-White-Quart,275,68.75
8515,2026-02-06,2026-02-12,HM01,White,gallon,ProMar200-White-Gallon,53,53.0
8516,2026-02-06,2026-02-10,HM01,White,gallon,SuperPaint-White-Gallon,56,56.0
8517,2026-02-06,2026-02-17,HM12,Blue/Green,gallon,SuperPaint-Blue/Green-Gallon,28,28.0
8518,2026-02-06,2026-02-10,HM12,Blue/Green,gallon,SuperPaint-Blue/Green-Gallon,53,53.0
8519,2026-02-06,2026-02-09,HM13,Blue/Green,gallon,SuperPaint-Blue/Green-Gallon,36,36.0
8520,2026-02-06,2026-02-10,HM14,Blue/Green,quart,Emerald-Blue/Green-Quart,68,17.0
8521,2026-02-06,2026-02-08,HM16,Red,quart,Emerald-Red-Quart,104,26.0
8522,2026-02-06,2026-02-08,HM20,Black,gallon,ProMar200-Black-Gallon,5,5.0
8523,2026-02-06,2026-02-10,HM25,Black,gallon,PrepRite-Black-Gallon,28,28.0
8524,2026-02-06,2026-02-09,HM25,Black,gallon,ProMar200-Black-Gallon,10,10.0
8525,2026-02-06,2026-02-10,HM25,Black,quart,ProMar200-Black-Quart,116,29.0
8526,2026-02-06,2026-02-13,HM25,Black,gallon,PrepRite-Black-Gallon,74,74.0
8527,2026-02-06,2026-02-09,HM30,Black,pail_5gal,PrepRite-Black-Pail,11,55.0
8528,2026-02-06,2026-02-08,HM30,Black,quart,PrepRite-Black-Quart,137,34.25
8529,2026-02-06,2026-02-07,HM30,Black,gallon,PrepRite-Black-Gallon,8,8.0
8530,2026-02-06,2026-02-10,HM36,White,pail_5gal,ProMar200-White-Pail,9,45.0
8531,2026-02-06,2026-02-07,HM47,Red,quart,Duration-Red-Quart,107,26.75
8532,2026-02-06,2026-02-19,HM47,Red,gallon,Emerald-Red-Gallon,39,39.0
8533,2026-02-06,2026-02-07,HM50,Clear,gallon,SuperPaint-Clear-Gallon,37,37.0
8534,2026-02-06,2026-02-13,HM50,Clear,quart,ProMar200-Clear-Quart,66,16.5
8535,2026-02-06,2026-02-09,HM50,Clear,quart,ProMar200-Clear-Quart,101,25.25
8536,2026-02-06,2026-02-15,HM56,White,pail_5gal,ProMar200-White-Pail,20,100.0
8537,2026-02-07,2026-02-08,HM01,White,quart,ProMar200-White-Quart,117,29.25
8538,2026-02-07,2026-02-11,HM01,White,quart,ProMar200-White-Quart,197,49.25
8539,2026-02-07,2026-02-09,HM14,Blue/Green,quart,Emerald-Blue/Green-Quart,118,29.5
8540,2026-02-07,2026-02-09,HM14,Blue/Green,quart,SuperPaint-Blue/Green-Quart,127,31.75
8541,2026-02-07,2026-02-08,HM14,Blue/Green,quart,Emerald-Blue/Green-Quart,247,61.75
8542,2026-02-07,2026-02-08,HM14,Blue/Green,gallon,SuperPaint-Blue/Green-Gallon,23,23.0
8543,2026-02-07,2026-02-11,HM20,Black,quart,ProMar200-Black-Quart,158,39.5
8544,2026-02-07,2026-02-12,HM50,Clear,gallon,ProMar200-Clear-Gallon,32,32.0
8545,2026-02-07,2026-02-11,HM56,White,quart,Duration-White-Quart,160,40.0
8546,2026-02-08,2026-02-09,HM01,White,quart,Duration-White-Quart,42,10.5
8547,2026-02-08,2026-02-09,HM01,White,quart,SuperPaint-White-Quart,85,21.25
8548,2026-02-08,2026-02-10,HM12,Blue/Green,quart,SuperPaint-Blue/Green-Quart,48,12.0
8549,2026-02-08,2026-02-09,HM13,Blue/Green,quart,Emerald-Blue/Green-Quart,52,13.0
8550,2026-02-08,2026-02-09,HM16,Red,quart,Duration-Red-Quart,107,26.75
8551,2026-02-08,2026-02-11,HM25,Black,pail_5gal,ProMar200-Black-Pail,16,80.0
8552,2026-02-08,2026-02-10,HM36,White,quart,Duration-White-Quart,68,17.0
8553,2026-02-08,2026-02-11,HM36,White,pail_5gal,SuperPaint-White-Pail,2,10.0
8554,2026-02-08,2026-02-11,HM43,Red,quart,Duration-Red-Quart,176,44.0
8555,2026-02-08,2026-02-11,HM43,Red,gallon,Duration-Red-Gallon,74,74.0
8556,2026-02-08,2026-02-11,HM47,Red,gallon,Duration-Red-Gallon,27,27.0
8557,2026-02-08,2026-02-10,HM56,White,gallon,Duration-White-Gallon,28,28.0
8558,2026-02-09,2026-02-11,HM01,White,pail_5gal,ProMar200-White-Pail,11,55.0
8559,2026-02-09,2026-02-10,HM01,White,quart,Duration-White-Quart,68,17.0
8560,2026-02-09,2026-02-20,HM01,White,gallon,ProMar200-White-Gallon,61,61.0
8561,2026-02-09,2026-02-11,HM14,Blue/Green,pail_5gal,SuperPaint-Blue/Green-Pail,8,40.0
8562,2026-02-09,2026-02-11,HM16,Red,pail_5gal,Emerald-Red-Pail,8,40.0
8563,2026-02-09,2026-02-12,HM20,Black,quart,PrepRite-Black-Quart,159,39.75
8564,2026-02-09,2026-02-15,HM20,Black,gallon,PrepRite-Black-Gallon,47,47.0
8565,2026-02-09,2026-02-10,HM25,Black,gallon,PrepRite-Black-Gallon,48,48.0
8566,2026-02-09,2026-02-11,HM30,Black,gallon,ProMar200-Black-Gallon,150,150.0
8567,2026-02-09,2026-02-11,HM30,Black,gallon,ProMar200-Black-Gallon,36,36.0
8568,2026-02-09,2026-02-12,HM50,Clear,quart,SuperPaint-Clear-Quart,155,38.75
8569,2026-02-09,2026-02-13,HM56,White,quart,ProMar200-White-Quart,346,86.5
8570,2026-02-09,2026-02-10,HM56,White,pail_5gal,ProMar200-White-Pail,7,35.0
8571,2026-02-09,2026-02-13,HM56,White,quart,Duration-White-Quart,85,21.25
8572,2026-02-09,2026-02-20,HM56,White,quart,SuperPaint-White-Quart,133,33.25
8573,2026-02-10,2026-02-14,HM01,White,quart,SuperPaint-White-Quart,81,20.25
8574,2026-02-10,2026-02-12,HM12,Blue/Green,pail_5gal,Emerald-Blue/Green-Pail,3,15.0
8575,2026-02-10,2026-02-13,HM12,Blue/Green,pail_5gal,Emerald-Blue/Green-Pail,9,45.0
8576,2026-02-10,2026-02-11,HM13,Blue/Green,quart,Emerald-Blue/Green-Quart,76,19.0
8577,2026-02-10,2026-02-12,HM13,Blue/Green,quart,SuperPaint-Blue/Green-Quart,86,21.5
8578,2026-02-10,2026-02-17,HM13,Blue/Green,quart,Emerald-Blue/Green-Quart,64,16.0
8579,2026-02-10,2026-02-11,HM14,Blue/Green,gallon,Emerald-Blue/Green-Gallon,27,27.0
8580,2026-02-10,2026-02-11,HM14,Blue/Green,pail_5gal,Emerald-Blue/Green-Pail,2,10.0
8581,2026-02-10,2026-02-11,HM14,Blue/Green,pail_5gal,SuperPaint-Blue/Green-Pail,3,15.0
8582,2026-02-10,2026-02-14,HM16,Red,pail_5gal,Emerald-Red-Pail,4,20.0
8583,2026-02-10,2026-02-16,HM16,Red,pail_5gal,Duration-Red-Pail,5,25.0
8584,2026-02-10,2026-02-13,HM16,Red,quart,Emerald-Red-Quart,133,33.25
8585,2026-02-10,2026-02-11,HM25,Black,gallon,PrepRite-Black-Gallon,83,83.0
8586,2026-02-10,2026-02-17,HM30,Black,gallon,PrepRite-Black-Gallon,15,15.0
8587,2026-02-10,2026-02-13,HM43,Red,pail_5gal,Emerald-Red-Pail,6,30.0
8588,2026-02-10,2026-02-12,HM43,Red,gallon,Emerald-Red-Gallon,34,34.0
8589,2026-02-10,2026-02-11,HM43,Red,gallon,Duration-Red-Gallon,23,23.0
8590,2026-02-10,2026-02-12,HM47,Red,gallon,Emerald-Red-Gallon,43,43.0
8591,2026-02-11,2026-02-14,HM13,Blue/Green,quart,SuperPaint-Blue/Green-Quart,136,34.0
8592,2026-02-11,2026-02-14,HM16,Red,quart,Emerald-Red-Quart,74,18.5
8593,2026-02-11,2026-02-13,HM16,Red,quart,Emerald-Red-Quart,113,28.25
8594,2026-02-11,2026-02-14,HM20,Black,quart,ProMar200-Black-Quart,163,40.75
8595,2026-02-11,2026-02-14,HM20,Black,gallon,ProMar200-Black-Gallon,150,150.0
8596,2026-02-11,2026-02-12,HM20,Black,gallon,ProMar200-Black-Gallon,45,45.0
8597,2026-02-11,2026-02-15,HM25,Black,gallon,ProMar200-Black-Gallon,10,10.0
8598,2026-02-11,2026-02-12,HM25,Black,pail_5gal,ProMar200-Black-Pail,5,25.0
8599,2026-02-11,2026-02-16,HM25,Black,gallon,PrepRite-Black-Gallon,11,11.0
8600,2026-02-11,2026-02-17,HM30,Black,gallon,ProMar200-Black-Gallon,14,14.0
8601,2026-02-11,2026-02-24,HM36,White,quart,ProMar200-White-Quart,76,19.0
8602,2026-02-11,2026-02-15,HM36,White,gallon,Duration-White-Gallon,69,69.0
8603,2026-02-11,2026-02-13,HM43,Red,gallon,Duration-Red-Gallon,13,13.0
8604,2026-02-11,2026-02-13,HM47,Red,gallon,Duration-Red-Gallon,57,57.0
8605,2026-02-11,2026-02-12,HM50,Clear,gallon,SuperPaint-Clear-Gallon,40,40.0
8606,2026-02-11,2026-02-13,HM56,White,quart,ProMar200-White-Quart,149,37.25
8607,2026-02-12,2026-02-22,HM01,White,gallon,Duration-White-Gallon,81,81.0
8608,2026-02-12,2026-02-17,HM12,Blue/Green,quart,SuperPaint-Blue/Green-Quart,500,125.0
8609,2026-02-12,2026-02-13,HM12,Blue/Green,gallon,Emerald-Blue/Green-Gallon,7,7.0
8610,2026-02-12,2026-02-13,HM12,Blue/Green,quart,SuperPaint-Blue/Green-Quart,54,13.5
8611,2026-02-12,2026-02-14,HM12,Blue/Green,gallon,Emerald-Blue/Green-Gallon,50,50.0
8612,2026-02-12,2026-02-17,HM12,Blue/Green,quart,Emerald-Blue/Green-Quart,343,85.75
8613,2026-02-12,2026-02-15,HM13,Blue/Green,pail_5gal,SuperPaint-Blue/Green-Pail,29,145.0
8614,2026-02-12,2026-02-13,HM16,Red,quart,Duration-Red-Quart,242,60.5
8615,2026-02-12,2026-02-18,HM16,Red,quart,Duration-Red-Quart,163,40.75
8616,2026-02-12,2026-02-13,HM16,Red,pail_5gal,Duration-Red-Pail,1,5.0
8617,2026-02-12,2026-02-20,HM16,Red,gallon,Emerald-Red-Gallon,70,70.0
8618,2026-02-12,2026-02-16,HM20,Black,quart,ProMar200-Black-Quart,87,21.75
8619,2026-02-12,2026-02-14,HM20,Black,gallon,PrepRite-Black-Gallon,17,17.0
8620,2026-02-12,2026-02-15,HM25,Black,pail_5gal,PrepRite-Black-Pail,10,50.0
8621,2026-02-12,2026-02-18,HM30,Black,gallon,PrepRite-Black-Gallon,16,16.0
8622,2026-02-12,2026-02-15,HM43,Red,pail_5gal,Emerald-Red-Pail,3,15.0
8623,2026-02-12,2026-02-17,HM43,Red,gallon,Duration-Red-Gallon,56,56.0
8624,2026-02-12,2026-02-14,HM43,Red,pail_5gal,Emerald-Red-Pail,12,60.0
8625,2026-02-12,2026-02-14,HM43,Red,gallon,Duration-Red-Gallon,55,55.0
8626,2026-02-12,2026-02-14,HM50,Clear,gallon,ProMar200-Clear-Gallon,49,49.0
8627,2026-02-12,2026-02-15,HM50,Clear,gallon,ProMar200-Clear-Gallon,27,27.0
8628,2026-02-12,2026-02-14,HM56,White,gallon,Duration-White-Gallon,40,40.0
8629,2026-02-13,2026-02-14,HM01,White,quart,SuperPaint-White-Quart,112,28.0
8630,2026-02-13,2026-02-16,HM12,Blue/Green,quart,SuperPaint-Blue/Green-Quart,99,24.75
8631,2026-02-13,2026-02-17,HM13,Blue/Green,gallon,SuperPaint-Blue/Green-Gallon,20,20.0
8632,2026-02-13,2026-02-14,HM13,Blue/Green,gallon,Emerald-Blue/Green-Gallon,17,17.0
8633,2026-02-13,2026-02-17,HM13,Blue/Green,gallon,SuperPaint-Blue/Green-Gallon,52,52.0
8634,2026-02-13,2026-02-14,HM16,Red,gallon,Duration-Red-Gallon,88,88.0
8635,2026-02-13,2026-02-18,HM16,Red,gallon,Emerald-Red-Gallon,38,38.0
8636,2026-02-13,2026-02-15,HM30,Black,pail_5gal,ProMar200-Black-Pail,13,65.0
8637,2026-02-13,2026-02-17,HM43,Red,quart,Emerald-Red-Quart,44,11.0
8638,2026-02-13,2026-02-14,HM50,Clear,gallon,SuperPaint-Clear-Gallon,34,34.0
8639,2026-02-13,2026-02-14,HM50,Clear,quart,SuperPaint-Clear-Quart,125,31.25
8640,2026-02-13,2026-02-18,HM56,White,quart,Duration-White-Quart,307,76.75
8641,2026-02-13,2026-02-14,HM56,White,gallon,SuperPaint-White-Gallon,10,10.0
8642,2026-02-14,2026-02-18,HM01,White,quart,ProMar200-White-Quart,71,17.75
8643,2026-02-14,2026-02-18,HM14,Blue/Green,gallon,SuperPaint-Blue/Green-Gallon,39,39.0
8644,2026-02-14,2026-02-15,HM16,Red,pail_5gal,Duration-Red-Pail,8,40.0
8645,2026-02-14,2026-02-17,HM25,Black,pail_5gal,ProMar200-Black-Pail,10,50.0
8646,2026-02-14,2026-02-17,HM30,Black,pail_5gal,ProMar200-Black-Pail,10,50.0
8647,2026-02-14,2026-02-17,HM43,Red,gallon,Emerald-Red-Gallon,107,107.0
8648,2026-02-14,2026-02-16,HM56,White,gallon,Duration-White-Gallon,53,53.0
8649,2026-02-15,2026-02-18,HM01,White,gallon,ProMar200-White-Gallon,39,39.0
8650,2026-02-15,2026-02-16,HM01,White,quart,Duration-White-Quart,207,51.75
8651,2026-02-15,2026-02-17,HM01,White,quart,Duration-White-Quart,73,18.25
8652,2026-02-15,2026-02-16,HM12,Blue/Green,gallon,Emerald-Blue/Green-Gallon,49,49.0
8653,2026-02-15,2026-02-17,HM13,Blue/Green,quart,SuperPaint-Blue/Green-Quart,50,12.5
8654,2026-02-15,2026-02-22,HM14,Blue/Green,quart,SuperPaint-Blue/Green-Quart,53,13.25
8655,2026-02-15,2026-02-19,HM14,Blue/Green,gallon,SuperPaint-Blue/Green-Gallon,13,13.0
8656,2026-02-15,2026-02-18,HM25,Black,gallon,PrepRite-Black-Gallon,22,22.0
8657,2026-02-15,2026-02-17,HM30,Black,pail_5gal,ProMar200-Black-Pail,3,15.0
8658,2026-02-15,2026-02-16,HM30,Black,gallon,PrepRite-Black-Gallon,9,9.0
8659,2026-02-15,2026-02-26,HM43,Red,quart,Duration-Red-Quart,168,42.0
8660,2026-02-15,2026-02-16,HM43,Red,gallon,Emerald-Red-Gallon,20,20.0
8661,2026-02-15,2026-02-16,HM50,Clear,gallon,SuperPaint-Clear-Gallon,118,118.0
8662,2026-02-15,2026-03-01,HM50,Clear,quart,ProMar200-Clear-Quart,119,29.75
8663,2026-02-15,2026-02-17,HM50,Clear,quart,ProMar200-Clear-Quart,113,28.25
8664,2026-02-15,2026-02-16,HM56,White,quart,ProMar200-White-Quart,177,44.25
8665,2026-02-16,2026-02-20,HM01,White,quart,SuperPaint-White-Quart,112,28.0
8666,2026-02-16,2026-02-17,HM12,Blue/Green,gallon,Emerald-Blue/Green-Gallon,22,22.0
8667,2026-02-16,2026-02-19,HM12,Blue/Green,gallon,Emerald-Blue/Green-Gallon,41,41.0
8668,2026-02-16,2026-02-19,HM12,Blue/Green,quart,Emerald-Blue/Green-Quart,70,17.5
8669,2026-02-16,2026-02-17,HM12,Blue/Green,quart,SuperPaint-Blue/Green-Quart,219,54.75
8670,2026-02-16,2026-02-28,HM12,Blue/Green,gallon,Emerald-Blue/Green-Gallon,24,24.0
8671,2026-02-16,2026-02-17,HM13,Blue/Green,gallon,SuperPaint-Blue/Green-Gallon,15,15.0
8672,2026-02-16,2026-02-18,HM13,Blue/Green,gallon,SuperPaint-Blue/Green-Gallon,21,21.0
8673,2026-02-16,2026-02-24,HM14,Blue/Green,gallon,SuperPaint-Blue/Green-Gallon,32,32.0
8674,2026-02-16,2026-02-19,HM14,Blue/Green,gallon,Emerald-Blue/Green-Gallon,25,25.0
8675,2026-02-16,2026-02-17,HM14,Blue/Green,gallon,SuperPaint-Blue/Green-Gallon,66,66.0
8676,2026-02-16,2026-02-18,HM14,Blue/Green,quart,Emerald-Blue/Green-Quart,133,33.25
8677,2026-02-16,2026-02-17,HM16,Red,pail_5gal,Duration-Red-Pail,9,45.0
8678,2026-02-16,2026-02-18,HM25,Black,quart,PrepRite-Black-Quart,90,22.5
8679,2026-02-16,2026-02-18,HM25,Black,pail_5gal,PrepRite-Black-Pail,5,25.0
8680,2026-02-16,2026-02-17,HM30,Black,pail_5gal,PrepRite-Black-Pail,3,15.0
8681,2026-02-16,2026-02-18,HM30,Black,gallon,ProMar200-Black-Gallon,20,20.0
8682,2026-02-16,2026-02-21,HM36,White,quart,SuperPaint-White-Quart,51,12.75
8683,2026-02-16,2026-02-18,HM36,White,gallon,SuperPaint-White-Gallon,37,37.0
8684,2026-02-16,2026-02-28,HM36,White,gallon,Duration-White-Gallon,35,35.0
8685,2026-02-16,2026-02-18,HM36,White,gallon,Duration-White-Gallon,46,46.0
8686,2026-02-16,2026-02-17,HM36,White,quart,ProMar200-White-Quart,70,17.5
8687,2026-02-16,2026-02-18,HM43,Red,pail_5gal,Duration-Red-Pail,8,40.0
8688,2026-02-16,2026-02-17,HM43,Red,quart,Duration-Red-Quart,336,84.0
8689,2026-02-16,2026-02-18,HM47,Red,pail_5gal,Duration-Red-Pail,11,55.0
8690,2026-02-16,2026-02-24,HM47,Red,quart,Duration-Red-Quart,82,20.5
8691,2026-02-17,2026-02-21,HM01,White,quart,ProMar200-White-Quart,110,27.5
8692,2026-02-17,2026-02-18,HM12,Blue/Green,pail_5gal,Emerald-Blue/Green-Pail,4,20.0
8693,2026-02-17,2026-02-18,HM12,Blue/Green,gallon,SuperPaint-Blue/Green-Gallon,9,9.0
8694,2026-02-17,2026-02-19,HM13,Blue/Green,quart,Emerald-Blue/Green-Quart,121,30.25
8695,2026-02-17,2026-02-18,HM14,Blue/Green,quart,Emerald-Blue/Green-Quart,98,24.5
8696,2026-02-17,2026-02-19,HM14,Blue/Green,pail_5gal,SuperPaint-Blue/Green-Pail,11,55.0
8697,2026-02-17,2026-02-19,HM14,Blue/Green,gallon,SuperPaint-Blue/Green-Gallon,28,28.0
8698,2026-02-17,2026-02-19,HM16,Red,quart,Emerald-Red-Quart,268,67.0
8699,2026-02-17,2026-02-20,HM16,Red,gallon,Emerald-Red-Gallon,12,12.0
8700,2026-02-17,2026-02-19,HM16,Red,gallon,Duration-Red-Gallon,32,32.0
8701,2026-02-17,2026-02-19,HM20,Black,quart,ProMar200-Black-Quart,85,21.25
8702,2026-02-17,2026-02-18,HM25,Black,gallon,ProMar200-Black-Gallon,35,35.0
8703,2026-02-17,2026-02-18,HM30,Black,quart,PrepRite-Black-Quart,90,22.5
8704,2026-02-17,2026-02-21,HM36,White,quart,SuperPaint-White-Quart,68,17.0
8705,2026-02-17,2026-02-19,HM43,Red,pail_5gal,Duration-Red-Pail,2,10.0
8706,2026-02-17,2026-02-27,HM50,Clear,gallon,ProMar200-Clear-Gallon,90,90.0
8707,2026-02-17,2026-02-18,HM56,White,pail_5gal,SuperPaint-White-Pail,8,40.0
8708,2026-02-18,2026-02-19,HM01,White,quart,SuperPaint-White-Quart,335,83.75
8709,2026-02-18,2026-02-22,HM12,Blue/Green,quart,SuperPaint-Blue/Green-Quart,116,29.0
8710,2026-02-18,2026-02-21,HM25,Black,gallon,PrepRite-Black-Gallon,47,47.0
8711,2026-02-18,2026-02-24,HM43,Red,gallon,Emerald-Red-Gallon,32,32.0
8712,2026-02-18,2026-02-22,HM47,Red,pail_5gal,Emerald-Red-Pail,7,35.0
8713,2026-02-18,2026-02-21,HM47,Red,quart,Emerald-Red-Quart,73,18.25
8714,2026-02-18,2026-02-19,HM47,Red,quart,Emerald-Red-Quart,90,22.5
8715,2026-02-18,2026-02-19,HM50,Clear,gallon,SuperPaint-Clear-Gallon,75,75.0
8716,2026-02-18,2026-02-21,HM50,Clear,gallon,ProMar200-Clear-Gallon,69,69.0
8717,2026-02-18,2026-02-22,HM50,Clear,gallon,SuperPaint-Clear-Gallon,38,38.0
8718,2026-02-18,2026-02-19,HM50,Clear,quart,SuperPaint-Clear-Quart,179,44.75
8719,2026-02-18,2026-02-19,HM56,White,quart,ProMar200-White-Quart,156,39.0
8720,2026-02-18,2026-02-19,HM56,White,quart,Duration-White-Quart,104,26.0
8721,2026-02-19,2026-02-23,HM01,White,gallon,ProMar200-White-Gallon,40,40.0
8722,2026-02-19,2026-02-25,HM12,Blue/Green,quart,Emerald-Blue/Green-Quart,129,32.25
8723,2026-02-19,2026-02-23,HM13,Blue/Green,quart,SuperPaint-Blue/Green-Quart,56,14.0
8724,2026-02-19,2026-02-24,HM13,Blue/Green,quart,SuperPaint-Blue/Green-Quart,157,39.25
8725,2026-02-19,2026-02-21,HM14,Blue/Green,gallon,SuperPaint-Blue/Green-Gallon,36,36.0
8726,2026-02-19,2026-02-25,HM14,Blue/Green,pail_5gal,SuperPaint-Blue/Green-Pail,6,30.0
8727,2026-02-19,2026-02-21,HM16,Red,quart,Duration-Red-Quart,165,41.25
8728,2026-02-19,2026-02-25,HM16,Red,quart,Emerald-Red-Quart,83,20.75
8729,2026-02-19,2026-02-21,HM16,Red,gallon,Duration-Red-Gallon,33,33.0
8730,2026-02-19,2026-02-21,HM20,Black,pail_5gal,PrepRite-Black-Pail,1,5.0
8731,2026-02-19,2026-02-21,HM20,Black,quart,PrepRite-Black-Quart,34,8.5
8732,2026-02-19,2026-02-22,HM25,Black,quart,ProMar200-Black-Quart,102,25.5
8733,2026-02-19,2026-02-22,HM25,Black,quart,ProMar200-Black-Quart,78,19.5
8734,2026-02-19,2026-02-20,HM30,Black,quart,PrepRite-Black-Quart,343,85.75
8735,2026-02-19,2026-02-22,HM30,Black,gallon,ProMar200-Black-Gallon,55,55.0
8736,2026-02-19,2026-02-20,HM36,White,gallon,SuperPaint-White-Gallon,29,29.0
8737,2026-02-19,2026-02-20,HM43,Red,quart,Emerald-Red-Quart,150,37.5
8738,2026-02-19,2026-02-22,HM43,Red,gallon,Duration-Red-Gallon,40,40.0
8739,2026-02-19,2026-02-23,HM47,Red,quart,Duration-Red-Quart,61,15.25
8740,2026-02-19,2026-02-21,HM47,Red,pail_5gal,Duration-Red-Pail,6,30.0
8741,2026-02-19,2026-02-21,HM50,Clear,quart,SuperPaint-Clear-Quart,193,48.25
8742,2026-02-19,2026-02-23,HM50,Clear,quart,SuperPaint-Clear-Quart,49,12.25
8743,2026-02-19,2026-02-22,HM56,White,quart,SuperPaint-White-Quart,116,29.0
8744,2026-02-19,2026-02-22,HM56,White,gallon,Duration-White-Gallon,52,52.0
8745,2026-02-20,2026-02-25,HM01,White,quart,ProMar200-White-Quart,236,59.0
8746,2026-02-20,2026-02-24,HM01,White,gallon,Duration-White-Gallon,39,39.0
8747,2026-02-20,2026-02-23,HM12,Blue/Green,quart,Emerald-Blue/Green-Quart,87,21.75
8748,2026-02-20,2026-02-22,HM13,Blue/Green,pail_5gal,SuperPaint-Blue/Green-Pail,2,10.0
8749,2026-02-20,2026-02-22,HM13,Blue/Green,quart,Emerald-Blue/Green-Quart,298,74.5
8750,2026-02-20,2026-02-24,HM14,Blue/Green,quart,SuperPaint-Blue/Green-Quart,193,48.25
8751,2026-02-20,2026-02-24,HM14,Blue/Green,quart,SuperPaint-Blue/Green-Quart,62,15.5
8752,2026-02-20,2026-02-22,HM16,Red,quart,Emerald-Red-Quart,212,53.0
8753,2026-02-20,2026-02-22,HM16,Red,quart,Emerald-Red-Quart,205,51.25
8754,2026-02-20,2026-02-26,HM20,Black,pail_5gal,PrepRite-Black-Pail,27,135.0
8755,2026-02-20,2026-02-22,HM20,Black,quart,PrepRite-Black-Quart,100,25.0
8756,2026-02-20,2026-02-25,HM25,Black,gallon,PrepRite-Black-Gallon,6,6.0
8757,2026-02-20,2026-02-21,HM30,Black,quart,ProMar200-Black-Quart,173,43.25
8758,2026-02-20,2026-02-23,HM36,White,gallon,SuperPaint-White-Gallon,12,12.0
8759,2026-02-20,2026-02-23,HM43,Red,gallon,Emerald-Red-Gallon,36,36.0
8760,2026-02-20,2026-02-22,HM43,Red,pail_5gal,Duration-Red-Pail,3,15.0
8761,2026-02-20,2026-03-01,HM43,Red,gallon,Duration-Red-Gallon,104,104.0
8762,2026-02-20,2026-02-24,HM50,Clear,quart,SuperPaint-Clear-Quart,226,56.5
8763,2026-02-20,2026-02-26,HM56,White,quart,SuperPaint-White-Quart,493,123.25
8764,2026-02-21,2026-02-23,HM13,Blue/Green,gallon,Emerald-Blue/Green-Gallon,28,28.0
8765,2026-02-21,2026-02-24,HM14,Blue/Green,quart,Emerald-Blue/Green-Quart,203,50.75
8766,2026-02-21,2026-02-26,HM20,Black,gallon,ProMar200-Black-Gallon,29,29.0
8767,2026-02-21,2026-02-24,HM25,Black,quart,ProMar200-Black-Quart,105,26.25
8768,2026-02-21,2026-02-22,HM25,Black,quart,PrepRite-Black-Quart,39,9.75
8769,2026-02-21,2026-02-23,HM36,White,gallon,ProMar200-White-Gallon,41,41.0
8770,2026-02-21,2026-02-23,HM36,White,quart,ProMar200-White-Quart,95,23.75
8771,2026-02-21,2026-02-22,HM36,White,quart,Duration-White-Quart,221,55.25
8772,2026-02-21,2026-02-26,HM36,White,quart,ProMar200-White-Quart,70,17.5
8773,2026-02-21,2026-02-22,HM43,Red,gallon,Duration-Red-Gallon,62,62.0
8774,2026-02-21,2026-02-22,HM50,Clear,quart,ProMar200-Clear-Quart,35,8.75
8775,2026-02-21,2026-02-22,HM56,White,gallon,ProMar200-White-Gallon,30,30.0
8776,2026-02-22,2026-03-05,HM01,White,quart,ProMar200-White-Quart,261,65.25
8777,2026-02-22,2026-02-25,HM12,Blue/Green,gallon,SuperPaint-Blue/Green-Gallon,76,76.0
8778,2026-02-22,2026-02-27,HM13,Blue/Green,gallon,SuperPaint-Blue/Green-Gallon,23,23.0
8779,2026-02-22,2026-02-23,HM13,Blue/Green,quart,Emerald-Blue/Green-Quart,224,56.0
8780,2026-02-22,2026-02-27,HM13,Blue/Green,quart,SuperPaint-Blue/Green-Quart,56,14.0
8781,2026-02-22,2026-02-23,HM14,Blue/Green,quart,SuperPaint-Blue/Green-Quart,138,34.5
8782,2026-02-22,2026-02-23,HM25,Black,gallon,PrepRite-Black-Gallon,32,32.0
8783,2026-02-22,2026-02-27,HM25,Black,gallon,PrepRite-Black-Gallon,18,18.0
8784,2026-02-22,2026-02-26,HM30,Black,pail_5gal,ProMar200-Black-Pail,9,45.0
8785,2026-02-22,2026-02-23,HM30,Black,pail_5gal,ProMar200-Black-Pail,3,15.0
8786,2026-02-22,2026-02-24,HM30,Black,quart,PrepRite-Black-Quart,35,8.75
8787,2026-02-22,2026-03-06,HM30,Black,pail_5gal,PrepRite-Black-Pail,16,80.0
8788,2026-02-22,2026-02-26,HM43,Red,gallon,Duration-Red-Gallon,25,25.0
8789,2026-02-22,2026-03-06,HM50,Clear,pail_5gal,SuperPaint-Clear-Pail,7,35.0
8790,2026-02-22,2026-02-23,HM50,Clear,quart,SuperPaint-Clear-Quart,87,21.75
8791,2026-02-23,2026-03-01,HM01,White,quart,Duration-White-Quart,172,43.0
8792,2026-02-23,2026-02-25,HM01,White,gallon,Duration-White-Gallon,30,30.0
8793,2026-02-23,2026-02-26,HM12,Blue/Green,quart,SuperPaint-Blue/Green-Quart,149,37.25
8794,2026-02-23,2026-02-24,HM12,Blue/Green,quart,Emerald-Blue/Green-Quart,104,26.0
8795,2026-02-23,2026-02-28,HM12,Blue/Green,quart,Emerald-Blue/Green-Quart,85,21.25
8796,2026-02-23,2026-02-26,HM20,Black,quart,PrepRite-Black-Quart,41,10.25
8797,2026-02-23,2026-02-26,HM20,Black,quart,PrepRite-Black-Quart,146,36.5
8798,2026-02-23,2026-02-26,HM30,Black,pail_5gal,PrepRite-Black-Pail,5,25.0
8799,2026-02-23,2026-02-26,HM36,White,gallon,ProMar200-White-Gallon,33,33.0
8800,2026-02-23,2026-03-01,HM43,Red,quart,Duration-Red-Quart,312,78.0
8801,2026-02-23,2026-02-25,HM43,Red,gallon,Duration-Red-Gallon,41,41.0
8802,2026-02-23,2026-02-26,HM47,Red,quart,Duration-Red-Quart,24,6.0
8803,2026-02-23,2026-03-04,HM56,White,quart,SuperPaint-White-Quart,110,27.5
8804,2026-02-23,2026-02-24,HM56,White,quart,ProMar200-White-Quart,84,21.0
8805,2026-02-24,2026-02-28,HM01,White,quart,ProMar200-White-Quart,43,10.75
8806,2026-02-24,2026-02-25,HM01,White,gallon,ProMar200-White-Gallon,34,34.0
8807,2026-02-24,2026-02-25,HM01,White,pail_5gal,Duration-White-Pail,6,30.0
8808,2026-02-24,2026-02-25,HM01,White,quart,Duration-White-Quart,32,8.0
8809,2026-02-24,2026-02-25,HM12,Blue/Green,gallon,Emerald-Blue/Green-Gallon,43,43.0
8810,2026-02-24,2026-02-26,HM12,Blue/Green,gallon,Emerald-Blue/Green-Gallon,15,15.0
8811,2026-02-24,2026-02-26,HM12,Blue/Green,quart,SuperPaint-Blue/Green-Quart,159,39.75
8812,2026-02-24,2026-03-02,HM13,Blue/Green,quart,Emerald-Blue/Green-Quart,129,32.25
8813,2026-02-24,2026-03-01,HM13,Blue/Green,quart,Emerald-Blue/Green-Quart,279,69.75
8814,2026-02-24,2026-03-01,HM13,Blue/Green,gallon,Emerald-Blue/Green-Gallon,52,52.0
8815,2026-02-24,2026-02-27,HM13,Blue/Green,quart,Emerald-Blue/Green-Quart,142,35.5
8816,2026-02-24,2026-02-27,HM14,Blue/Green,gallon,SuperPaint-Blue/Green-Gallon,49,49.0
8817,2026-02-24,2026-02-25,HM16,Red,gallon,Emerald-Red-Gallon,18,18.0
8818,2026-02-24,2026-02-26,HM16,Red,gallon,Emerald-Red-Gallon,24,24.0
8819,2026-02-24,2026-02-27,HM20,Black,gallon,PrepRite-Black-Gallon,19,19.0
8820,2026-02-24,2026-02-27,HM20,Black,quart,PrepRite-Black-Quart,90,22.5
8821,2026-02-24,2026-03-01,HM30,Black,gallon,PrepRite-Black-Gallon,46,46.0
8822,2026-02-24,2026-02-26,HM30,Black,pail_5gal,ProMar200-Black-Pail,8,40.0
8823,2026-02-24,2026-02-26,HM30,Black,gallon,ProMar200-Black-Gallon,55,55.0
8824,2026-02-24,2026-02-28,HM36,White,gallon,Duration-White-Gallon,48,48.0
8825,2026-02-24,2026-02-27,HM56,White,gallon,SuperPaint-White-Gallon,27,27.0
8826,2026-02-25,2026-03-03,HM01,White,quart,SuperPaint-White-Quart,91,22.75
8827,2026-02-25,2026-03-02,HM01,White,quart,SuperPaint-White-Quart,144,36.0
8828,2026-02-25,2026-03-04,HM13,Blue/Green,gallon,Emerald-Blue/Green-Gallon,21,21.0
8829,2026-02-25,2026-02-27,HM13,Blue/Green,quart,Emerald-Blue/Green-Quart,94,23.5
8830,2026-02-25,2026-03-02,HM13,Blue/Green,quart,SuperPaint-Blue/Green-Quart,127,31.75
8831,2026-02-25,2026-02-28,HM14,Blue/Green,quart,SuperPaint-Blue/Green-Quart,74,18.5
8832,2026-02-25,2026-02-26,HM16,Red,gallon,Duration-Red-Gallon,80,80.0
8833,2026-02-25,2026-02-26,HM16,Red,gallon,Duration-Red-Gallon,33,33.0
8834,2026-02-25,2026-02-26,HM20,Black,quart,PrepRite-Black-Quart,57,14.25
8835,2026-02-25,2026-02-26,HM30,Black,pail_5gal,PrepRite-Black-Pail,5,25.0
8836,2026-02-25,2026-02-28,HM30,Black,gallon,ProMar200-Black-Gallon,79,79.0
8837,2026-02-25,2026-02-27,HM43,Red,quart,Duration-Red-Quart,86,21.5
8838,2026-02-25,2026-02-26,HM47,Red,pail_5gal,Emerald-Red-Pail,2,10.0
8839,2026-02-25,2026-02-26,HM47,Red,gallon,Emerald-Red-Gallon,14,14.0
8840,2026-02-25,2026-02-26,HM50,Clear,gallon,SuperPaint-Clear-Gallon,28,28.0
8841,2026-02-25,2026-02-26,HM56,White,pail_5gal,Duration-White-Pail,3,15.0
8842,2026-02-25,2026-03-01,HM56,White,quart,SuperPaint-White-Quart,66,16.5
8843,2026-02-25,2026-02-28,HM56,White,quart,SuperPaint-White-Quart,82,20.5
8844,2026-02-25,2026-02-26,HM56,White,gallon,SuperPaint-White-Gallon,22,22.0
8845,2026-02-25,2026-02-26,HM56,White,pail_5gal,SuperPaint-White-Pail,3,15.0
8846,2026-02-25,2026-02-27,HM56,White,pail_5gal,Duration-White-Pail,4,20.0
8847,2026-02-26,2026-02-28,HM01,White,pail_5gal,Duration-White-Pail,6,30.0
8848,2026-02-26,2026-03-06,HM12,Blue/Green,gallon,SuperPaint-Blue/Green-Gallon,26,26.0
8849,2026-02-26,2026-03-03,HM12,Blue/Green,quart,SuperPaint-Blue/Green-Quart,125,31.25
8850,2026-02-26,2026-03-04,HM13,Blue/Green,gallon,SuperPaint-Blue/Green-Gallon,32,32.0
8851,2026-02-26,2026-03-01,HM14,Blue/Green,quart,SuperPaint-Blue/Green-Quart,86,21.5
8852,2026-02-26,2026-02-28,HM16,Red,gallon,Emerald-Red-Gallon,35,35.0
8853,2026-02-26,2026-02-27,HM20,Black,gallon,PrepRite-Black-Gallon,15,15.0
8854,2026-02-26,2026-03-01,HM20,Black,quart,PrepRite-Black-Quart,99,24.75
8855,2026-02-26,2026-02-28,HM20,Black,pail_5gal,ProMar200-Black-Pail,12,60.0
8856,2026-02-26,2026-02-27,HM20,Black,gallon,PrepRite-Black-Gallon,20,20.0
8857,2026-02-26,2026-03-05,HM30,Black,quart,PrepRite-Black-Quart,133,33.25
8858,2026-02-26,2026-02-27,HM36,White,quart,SuperPaint-White-Quart,86,21.5
8859,2026-02-26,2026-02-28,HM43,Red,quart,Emerald-Red-Quart,63,15.75
8860,2026-02-26,2026-02-27,HM43,Red,quart,Emerald-Red-Quart,187,46.75
8861,2026-02-26,2026-03-05,HM50,Clear,gallon,SuperPaint-Clear-Gallon,17,17.0
8862,2026-02-26,2026-03-02,HM56,White,pail_5gal,Duration-White-Pail,4,20.0
8863,2026-02-26,2026-03-07,HM56,White,pail_5gal,ProMar200-White-Pail,4,20.0
8864,2026-02-27,2026-02-28,HM01,White,gallon,ProMar200-White-Gallon,67,67.0
8865,2026-02-27,2026-03-02,HM01,White,gallon,ProMar200-White-Gallon,64,64.0
8866,2026-02-27,2026-02-28,HM12,Blue/Green,pail_5gal,Emerald-Blue/Green-Pail,4,20.0
8867,2026-02-27,2026-02-28,HM12,Blue/Green,quart,SuperPaint-Blue/Green-Quart,151,37.75
8868,2026-02-27,2026-03-01,HM13,Blue/Green,quart,SuperPaint-Blue/Green-Quart,54,13.5
8869,2026-02-27,2026-03-03,HM13,Blue/Green,quart,Emerald-Blue/Green-Quart,114,28.5
8870,2026-02-27,2026-03-04,HM14,Blue/Green,gallon,SuperPaint-Blue/Green-Gallon,21,21.0
8871,2026-02-27,2026-03-02,HM14,Blue/Green,gallon,SuperPaint-Blue/Green-Gallon,44,44.0
8872,2026-02-27,2026-03-01,HM20,Black,gallon,ProMar200-Black-Gallon,56,56.0
8873,2026-02-27,2026-03-01,HM20,Black,quart,ProMar200-Black-Quart,83,20.75
8874,2026-02-27,2026-02-28,HM25,Black,gallon,PrepRite-Black-Gallon,10,10.0
8875,2026-02-27,2026-03-01,HM25,Black,quart,PrepRite-Black-Quart,125,31.25
8876,2026-02-27,2026-02-28,HM30,Black,gallon,ProMar200-Black-Gallon,5,5.0
8877,2026-02-27,2026-03-03,HM30,Black,pail_5gal,PrepRite-Black-Pail,8,40.0
8878,2026-02-27,2026-03-05,HM30,Black,gallon,ProMar200-Black-Gallon,11,11.0
8879,2026-02-27,2026-02-28,HM36,White,gallon,ProMar200-White-Gallon,34,34.0
8880,2026-02-27,2026-03-02,HM43,Red,gallon,Duration-Red-Gallon,33,33.0
8881,2026-02-27,2026-02-28,HM43,Red,gallon,Duration-Red-Gallon,27,27.0
8882,2026-02-27,2026-03-03,HM47,Red,pail_5gal,Duration-Red-Pail,6,30.0
8883,2026-02-27,2026-03-02,HM47,Red,quart,Emerald-Red-Quart,126,31.5
8884,2026-02-27,2026-03-01,HM47,Red,gallon,Duration-Red-Gallon,25,25.0
8885,2026-02-27,2026-03-01,HM50,Clear,gallon,SuperPaint-Clear-Gallon,17,17.0
8886,2026-02-27,2026-03-01,HM50,Clear,quart,ProMar200-Clear-Quart,33,8.25
8887,2026-02-28,2026-03-02,HM01,White,gallon,ProMar200-White-Gallon,44,44.0
8888,2026-02-28,2026-03-02,HM14,Blue/Green,gallon,SuperPaint-Blue/Green-Gallon,22,22.0
8889,2026-02-28,2026-03-03,HM16,Red,gallon,Emerald-Red-Gallon,8,8.0
8890,2026-02-28,2026-03-05,HM16,Red,gallon,Emerald-Red-Gallon,53,53.0
8891,2026-02-28,2026-03-05,HM25,Black,quart,ProMar200-Black-Quart,74,18.5
8892,2026-02-28,2026-03-03,HM30,Black,gallon,ProMar200-Black-Gallon,86,86.0
8893,2026-02-28,2026-03-02,HM30,Black,gallon,ProMar200-Black-Gallon,19,19.0
8894,2026-02-28,2026-03-02,HM30,Black,gallon,ProMar200-Black-Gallon,33,33.0
8895,2026-02-28,2026-03-01,HM43,Red,pail_5gal,Duration-Red-Pail,3,15.0
8896,2026-02-28,2026-03-03,HM47,Red,pail_5gal,Duration-Red-Pail,1,5.0
8897,2026-02-28,2026-03-02,HM50,Clear,quart,SuperPaint-Clear-Quart,259,64.75
8898,2026-02-28,2026-03-01,HM50,Clear,quart,ProMar200-Clear-Quart,107,26.75
8899,2026-02-28,2026-03-02,HM56,White,quart,Duration-White-Quart,81,20.25
8900,2026-03-01,2026-03-03,HM01,White,gallon,Duration-White-Gallon,48,48.0
8901,2026-03-01,2026-03-04,HM01,White,quart,SuperPaint-White-Quart,60,15.0
8902,2026-03-01,2026-03-03,HM12,Blue/Green,quart,Emerald-Blue/Green-Quart,138,34.5
8903,2026-03-01,2026-03-03,HM13,Blue/Green,pail_5gal,SuperPaint-Blue/Green-Pail,5,25.0
8904,2026-03-01,2026-03-06,HM13,Blue/Green,quart,SuperPaint-Blue/Green-Quart,65,16.25
8905,2026-03-01,2026-03-07,HM14,Blue/Green,quart,Emerald-Blue/Green-Quart,41,10.25
8906,2026-03-01,2026-03-05,HM16,Red,gallon,Emerald-Red-Gallon,73,73.0
8907,2026-03-01,2026-03-03,HM16,Red,gallon,Emerald-Red-Gallon,51,51.0
8908,2026-03-01,2026-03-02,HM16,Red,gallon,Emerald-Red-Gallon,20,20.0
8909,2026-03-01,2026-03-03,HM20,Black,quart,ProMar200-Black-Quart,39,9.75
8910,2026-03-01,2026-03-03,HM25,Black,gallon,PrepRite-Black-Gallon,63,63.0
8911,2026-03-01,2026-03-03,HM30,Black,gallon,ProMar200-Black-Gallon,37,37.0
8912,2026-03-01,2026-03-02,HM36,White,quart,SuperPaint-White-Quart,55,13.75
8913,2026-03-01,2026-03-05,HM43,Red,pail_5gal,Duration-Red-Pail,8,40.0
8914,2026-03-01,2026-03-04,HM47,Red,gallon,Duration-Red-Gallon,30,30.0
8915,2026-03-01,2026-03-04,HM56,White,quart,SuperPaint-White-Quart,100,25.0
8916,2026-03-02,2026-03-04,HM12,Blue/Green,gallon,SuperPaint-Blue/Green-Gallon,47,47.0
8917,2026-03-02,2026-03-06,HM12,Blue/Green,gallon,SuperPaint-Blue/Green-Gallon,43,43.0
8918,2026-03-02,2026-03-05,HM12,Blue/Green,gallon,Emerald-Blue/Green-Gallon,26,26.0
8919,2026-03-02,2026-03-04,HM14,Blue/Green,gallon,SuperPaint-Blue/Green-Gallon,68,68.0
8920,2026-03-02,2026-03-08,HM14,Blue/Green,quart,SuperPaint-Blue/Green-Quart,118,29.5
8921,2026-03-02,2026-03-04,HM20,Black,gallon,PrepRite-Black-Gallon,30,30.0
8922,2026-03-02,2026-03-04,HM25,Black,gallon,ProMar200-Black-Gallon,19,19.0
8923,2026-03-02,2026-03-06,HM30,Black,gallon,ProMar200-Black-Gallon,115,115.0
8924,2026-03-02,2026-03-08,HM30,Black,gallon,PrepRite-Black-Gallon,26,26.0
8925,2026-03-02,2026-03-03,HM36,White,gallon,Duration-White-Gallon,11,11.0
8926,2026-03-02,2026-03-04,HM50,Clear,pail_5gal,SuperPaint-Clear-Pail,6,30.0
8927,2026-03-02,2026-03-05,HM50,Clear,quart,ProMar200-Clear-Quart,160,40.0
8928,2026-03-02,2026-03-05,HM56,White,quart,ProMar200-White-Quart,123,30.75
8929,2026-03-02,2026-03-05,HM56,White,gallon,ProMar200-White-Gallon,29,29.0
8930,2026-03-03,2026-03-06,HM01,White,gallon,SuperPaint-White-Gallon,27,27.0
8931,2026-03-03,2026-03-05,HM01,White,gallon,SuperPaint-White-Gallon,15,15.0
8932,2026-03-03,2026-03-05,HM12,Blue/Green,pail_5gal,Emerald-Blue/Green-Pail,4,20.0
8933,2026-03-03,2026-03-05,HM14,Blue/Green,quart,SuperPaint-Blue/Green-Quart,119,29.75
8934,2026-03-03,2026-03-05,HM14,Blue/Green,gallon,Emerald-Blue/Green-Gallon,137,137.0
8935,2026-03-03,2026-03-05,HM25,Black,gallon,ProMar200-Black-Gallon,135,135.0
8936,2026-03-03,2026-03-04,HM30,Black,pail_5gal,PrepRite-Black-Pail,4,20.0
8937,2026-03-03,2026-03-05,HM36,White,gallon,Duration-White-Gallon,67,67.0
8938,2026-03-03,2026-03-06,HM36,White,pail_5gal,ProMar200-White-Pail,22,110.0
8939,2026-03-03,2026-03-07,HM36,White,quart,Duration-White-Quart,149,37.25
8940,2026-03-03,2026-03-04,HM43,Red,pail_5gal,Duration-Red-Pail,7,35.0
8941,2026-03-03,2026-03-06,HM43,Red,quart,Emerald-Red-Quart,72,18.0
8942,2026-03-03,2026-03-05,HM47,Red,quart,Duration-Red-Quart,72,18.0
8943,2026-03-03,2026-03-04,HM56,White,quart,ProMar200-White-Quart,68,17.0
8944,2026-03-04,2026-03-08,HM01,White,quart,SuperPaint-White-Quart,80,20.0
8945,2026-03-04,2026-03-07,HM01,White,quart,SuperPaint-White-Quart,243,60.75
8946,2026-03-04,2026-03-05,HM01,White,gallon,SuperPaint-White-Gallon,18,18.0
8947,2026-03-04,2026-03-10,HM13,Blue/Green,gallon,Emerald-Blue/Green-Gallon,33,33.0
8948,2026-03-04,2026-03-07,HM14,Blue/Green,gallon,SuperPaint-Blue/Green-Gallon,26,26.0
8949,2026-03-04,2026-03-07,HM16,Red,gallon,Duration-Red-Gallon,31,31.0
8950,2026-03-04,2026-03-06,HM16,Red,gallon,Emerald-Red-Gallon,73,73.0
8951,2026-03-04,2026-03-13,HM20,Black,pail_5gal,ProMar200-Black-Pail,4,20.0
8952,2026-03-04,2026-03-05,HM20,Black,quart,PrepRite-Black-Quart,64,16.0
8953,2026-03-04,2026-03-05,HM20,Black,pail_5gal,ProMar200-Black-Pail,8,40.0
8954,2026-03-04,2026-03-06,HM25,Black,pail_5gal,ProMar200-Black-Pail,5,25.0
8955,2026-03-04,2026-03-09,HM30,Black,quart,ProMar200-Black-Quart,139,34.75
8956,2026-03-04,2026-03-05,HM43,Red,gallon,Duration-Red-Gallon,51,51.0
8957,2026-03-04,2026-03-11,HM43,Red,gallon,Emerald-Red-Gallon,16,16.0
8958,2026-03-04,2026-03-06,HM43,Red,gallon,Duration-Red-Gallon,38,38.0
8959,2026-03-04,2026-03-09,HM50,Clear,quart,SuperPaint-Clear-Quart,63,15.75
8960,2026-03-04,2026-03-14,HM50,Clear,pail_5gal,SuperPaint-Clear-Pail,2,10.0
8961,2026-03-04,2026-03-10,HM56,White,quart,SuperPaint-White-Quart,62,15.5
8962,2026-03-05,2026-03-10,HM01,White,gallon,SuperPaint-White-Gallon,35,35.0
8963,2026-03-05,2026-03-08,HM01,White,gallon,Duration-White-Gallon,14,14.0
8964,2026-03-05,2026-03-07,HM01,White,quart,Duration-White-Quart,127,31.75
8965,2026-03-05,2026-03-07,HM01,White,gallon,Duration-White-Gallon,15,15.0
8966,2026-03-05,2026-03-10,HM13,Blue/Green,gallon,Emerald-Blue/Green-Gallon,76,76.0
8967,2026-03-05,2026-03-13,HM16,Red,gallon,Duration-Red-Gallon,28,28.0
8968,2026-03-05,2026-03-11,HM16,Red,gallon,Duration-Red-Gallon,27,27.0
8969,2026-03-05,2026-03-07,HM20,Black,gallon,ProMar200-Black-Gallon,112,112.0
8970,2026-03-05,2026-03-07,HM20,Black,quart,PrepRite-Black-Quart,84,21.0
8971,2026-03-05,2026-03-14,HM20,Black,gallon,PrepRite-Black-Gallon,47,47.0
8972,2026-03-05,2026-03-08,HM20,Black,quart,PrepRite-Black-Quart,167,41.75
8973,2026-03-05,2026-03-07,HM30,Black,gallon,PrepRite-Black-Gallon,58,58.0
8974,2026-03-05,2026-03-06,HM30,Black,gallon,ProMar200-Black-Gallon,14,14.0
8975,2026-03-05,2026-03-07,HM43,Red,pail_5gal,Emerald-Red-Pail,3,15.0
8976,2026-03-05,2026-03-07,HM47,Red,gallon,Emerald-Red-Gallon,17,17.0
8977,2026-03-05,2026-03-09,HM56,White,quart,SuperPaint-White-Quart,277,69.25
8978,2026-03-05,2026-03-07,HM56,White,gallon,Duration-White-Gallon,94,94.0
8979,2026-03-05,2026-03-12,HM56,White,gallon,SuperPaint-White-Gallon,19,19.0
8980,2026-03-05,2026-03-06,HM56,White,pail_5gal,ProMar200-White-Pail,7,35.0
8981,2026-03-05,2026-03-08,HM56,White,gallon,ProMar200-White-Gallon,22,22.0
8982,2026-03-05,2026-03-07,HM56,White,quart,ProMar200-White-Quart,95,23.75
8983,2026-03-06,2026-03-07,HM01,White,quart,SuperPaint-White-Quart,99,24.75
8984,2026-03-06,2026-03-07,HM12,Blue/Green,quart,SuperPaint-Blue/Green-Quart,132,33.0
8985,2026-03-06,2026-03-08,HM12,Blue/Green,quart,Emerald-Blue/Green-Quart,63,15.75
8986,2026-03-06,2026-03-08,HM13,Blue/Green,quart,SuperPaint-Blue/Green-Quart,109,27.25
8987,2026-03-06,2026-03-11,HM13,Blue/Green,quart,SuperPaint-Blue/Green-Quart,124,31.0
8988,2026-03-06,2026-03-08,HM14,Blue/Green,gallon,SuperPaint-Blue/Green-Gallon,77,77.0
8989,2026-03-06,2026-03-12,HM14,Blue/Green,gallon,Emerald-Blue/Green-Gallon,9,9.0
8990,2026-03-06,2026-03-10,HM14,Blue/Green,gallon,SuperPaint-Blue/Green-Gallon,35,35.0
8991,2026-03-06,2026-03-08,HM16,Red,gallon,Duration-Red-Gallon,38,38.0
8992,2026-03-06,2026-03-10,HM16,Red,quart,Duration-Red-Quart,163,40.75
8993,2026-03-06,2026-03-08,HM16,Red,gallon,Emerald-Red-Gallon,22,22.0
8994,2026-03-06,2026-03-08,HM16,Red,gallon,Emerald-Red-Gallon,44,44.0
8995,2026-03-06,2026-03-09,HM20,Black,gallon,ProMar200-Black-Gallon,33,33.0
8996,2026-03-06,2026-03-08,HM20,Black,gallon,PrepRite-Black-Gallon,32,32.0
8997,2026-03-06,2026-03-11,HM25,Black,gallon,ProMar200-Black-Gallon,24,24.0
8998,2026-03-06,2026-03-07,HM25,Black,quart,PrepRite-Black-Quart,230,57.5
8999,2026-03-06,2026-03-12,HM25,Black,pail_5gal,PrepRite-Black-Pail,9,45.0
9000,2026-03-06,2026-03-13,HM30,Black,quart,ProMar200-Black-Quart,109,27.25
9001,2026-03-06,2026-03-09,HM36,White,pail_5gal,Duration-White-Pail,4,20.0
9002,2026-03-06,2026-03-07,HM36,White,gallon,Duration-White-Gallon,105,105.0
9003,2026-03-06,2026-03-09,HM43,Red,gallon,Emerald-Red-Gallon,13,13.0
9004,2026-03-06,2026-03-11,HM43,Red,pail_5gal,Emerald-Red-Pail,12,60.0
9005,2026-03-06,2026-03-11,HM47,Red,quart,Duration-Red-Quart,214,53.5
9006,2026-03-06,2026-03-07,HM50,Clear,gallon,ProMar200-Clear-Gallon,50,50.0
9007,2026-03-06,2026-03-09,HM50,Clear,gallon,SuperPaint-Clear-Gallon,59,59.0
9008,2026-03-07,2026-03-08,HM01,White,gallon,SuperPaint-White-Gallon,16,16.0
9009,2026-03-07,2026-03-12,HM12,Blue/Green,quart,SuperPaint-Blue/Green-Quart,103,25.75
9010,2026-03-07,2026-03-08,HM14,Blue/Green,quart,SuperPaint-Blue/Green-Quart,116,29.0
9011,2026-03-07,2026-03-08,HM30,Black,quart,PrepRite-Black-Quart,110,27.5
9012,2026-03-07,2026-03-10,HM43,Red,gallon,Duration-Red-Gallon,34,34.0
9013,2026-03-07,2026-03-08,HM50,Clear,gallon,ProMar200-Clear-Gallon,33,33.0
9014,2026-03-07,2026-03-13,HM56,White,quart,Duration-White-Quart,141,35.25
9015,2026-03-08,2026-03-10,HM12,Blue/Green,quart,Emerald-Blue/Green-Quart,90,22.5
9016,2026-03-08,2026-03-11,HM12,Blue/Green,quart,SuperPaint-Blue/Green-Quart,55,13.75
9017,2026-03-08,2026-03-10,HM16,Red,gallon,Emerald-Red-Gallon,53,53.0
9018,2026-03-08,2026-03-15,HM16,Red,gallon,Duration-Red-Gallon,29,29.0
9019,2026-03-08,2026-03-10,HM16,Red,pail_5gal,Emerald-Red-Pail,9,45.0
9020,2026-03-08,2026-03-09,HM20,Black,quart,ProMar200-Black-Quart,45,11.25
9021,2026-03-08,2026-03-10,HM20,Black,gallon,ProMar200-Black-Gallon,32,32.0
9022,2026-03-08,2026-03-10,HM25,Black,gallon,ProMar200-Black-Gallon,91,91.0
9023,2026-03-08,2026-03-14,HM25,Black,quart,PrepRite-Black-Quart,108,27.0
9024,2026-03-08,2026-03-10,HM36,White,gallon,ProMar200-White-Gallon,14,14.0
9025,2026-03-08,2026-03-10,HM43,Red,gallon,Duration-Red-Gallon,28,28.0
9026,2026-03-08,2026-03-11,HM50,Clear,pail_5gal,ProMar200-Clear-Pail,2,10.0
9027,2026-03-08,2026-03-09,HM56,White,gallon,ProMar200-White-Gallon,71,71.0
9028,2026-03-09,2026-03-11,HM01,White,quart,ProMar200-White-Quart,270,67.5
9029,2026-03-09,2026-03-14,HM13,Blue/Green,quart,SuperPaint-Blue/Green-Quart,34,8.5
9030,2026-03-09,2026-03-10,HM13,Blue/Green,quart,SuperPaint-Blue/Green-Quart,130,32.5
9031,2026-03-09,2026-03-10,HM13,Blue/Green,quart,SuperPaint-Blue/Green-Quart,182,45.5
9032,2026-03-09,2026-03-14,HM14,Blue/Green,gallon,SuperPaint-Blue/Green-Gallon,52,52.0
9033,2026-03-09,2026-03-14,HM16,Red,gallon,Emerald-Red-Gallon,25,25.0
9034,2026-03-09,2026-03-12,HM16,Red,pail_5gal,Emerald-Red-Pail,13,65.0
9035,2026-03-09,2026-03-10,HM16,Red,quart,Duration-Red-Quart,112,28.0
9036,2026-03-09,2026-03-11,HM20,Black,gallon,PrepRite-Black-Gallon,8,8.0
9037,2026-03-09,2026-03-12,HM20,Black,quart,ProMar200-Black-Quart,316,79.0
9038,2026-03-09,2026-03-10,HM20,Black,pail_5gal,PrepRite-Black-Pail,8,40.0
9039,2026-03-09,2026-03-10,HM25,Black,gallon,PrepRite-Black-Gallon,31,31.0
9040,2026-03-09,2026-03-12,HM25,Black,quart,ProMar200-Black-Quart,417,104.25
9041,2026-03-09,2026-03-11,HM25,Black,pail_5gal,PrepRite-Black-Pail,3,15.0
9042,2026-03-09,2026-03-16,HM47,Red,quart,Duration-Red-Quart,161,40.25
9043,2026-03-10,2026-03-11,HM12,Blue/Green,quart,SuperPaint-Blue/Green-Quart,85,21.25
9044,2026-03-10,2026-03-14,HM12,Blue/Green,gallon,SuperPaint-Blue/Green-Gallon,21,21.0
9045,2026-03-10,2026-03-14,HM14,Blue/Green,quart,SuperPaint-Blue/Green-Quart,157,39.25
9046,2026-03-10,2026-03-13,HM14,Blue/Green,gallon,Emerald-Blue/Green-Gallon,32,32.0
9047,2026-03-10,2026-03-13,HM16,Red,quart,Duration-Red-Quart,32,8.0
9048,2026-03-10,2026-03-21,HM16,Red,gallon,Duration-Red-Gallon,56,56.0
9049,2026-03-10,2026-03-14,HM16,Red,quart,Emerald-Red-Quart,97,24.25
9050,2026-03-10,2026-03-18,HM16,Red,quart,Emerald-Red-Quart,22,5.5
9051,2026-03-10,2026-03-11,HM25,Black,gallon,ProMar200-Black-Gallon,22,22.0
9052,2026-03-10,2026-03-12,HM30,Black,quart,PrepRite-Black-Quart,152,38.0
9053,2026-03-10,2026-03-12,HM30,Black,pail_5gal,ProMar200-Black-Pail,2,10.0
9054,2026-03-10,2026-03-13,HM36,White,gallon,ProMar200-White-Gallon,46,46.0
9055,2026-03-10,2026-03-16,HM36,White,gallon,SuperPaint-White-Gallon,34,34.0
9056,2026-03-10,2026-03-11,HM36,White,pail_5gal,ProMar200-White-Pail,5,25.0
9057,2026-03-10,2026-03-11,HM43,Red,pail_5gal,Duration-Red-Pail,9,45.0
9058,2026-03-10,2026-03-11,HM43,Red,gallon,Emerald-Red-Gallon,56,56.0
9059,2026-03-10,2026-03-14,HM43,Red,gallon,Emerald-Red-Gallon,38,38.0
9060,2026-03-10,2026-03-13,HM43,Red,pail_5gal,Emerald-Red-Pail,7,35.0
9061,2026-03-10,2026-03-15,HM47,Red,gallon,Emerald-Red-Gallon,24,24.0
9062,2026-03-10,2026-03-13,HM50,Clear,gallon,SuperPaint-Clear-Gallon,38,38.0
9063,2026-03-11,2026-03-14,HM01,White,quart,Duration-White-Quart,41,10.25
9064,2026-03-11,2026-03-13,HM12,Blue/Green,gallon,Emerald-Blue/Green-Gallon,15,15.0
9065,2026-03-11,2026-03-13,HM12,Blue/Green,gallon,SuperPaint-Blue/Green-Gallon,22,22.0
9066,2026-03-11,2026-03-20,HM13,Blue/Green,quart,Emerald-Blue/Green-Quart,114,28.5
9067,2026-03-11,2026-03-15,HM13,Blue/Green,quart,SuperPaint-Blue/Green-Quart,151,37.75
9068,2026-03-11,2026-03-12,HM13,Blue/Green,quart,SuperPaint-Blue/Green-Quart,42,10.5
9069,2026-03-11,2026-03-15,HM14,Blue/Green,gallon,SuperPaint-Blue/Green-Gallon,37,37.0
9070,2026-03-11,2026-03-15,HM16,Red,gallon,Duration-Red-Gallon,41,41.0
9071,2026-03-11,2026-03-17,HM16,Red,pail_5gal,Duration-Red-Pail,2,10.0
9072,2026-03-11,2026-03-12,HM25,Black,gallon,ProMar200-Black-Gallon,19,19.0
9073,2026-03-11,2026-03-17,HM30,Black,gallon,ProMar200-Black-Gallon,6,6.0
9074,2026-03-11,2026-03-13,HM36,White,quart,ProMar200-White-Quart,258,64.5
9075,2026-03-11,2026-03-13,HM36,White,quart,ProMar200-White-Quart,130,32.5
9076,2026-03-11,2026-03-13,HM43,Red,gallon,Emerald-Red-Gallon,18,18.0
9077,2026-03-11,2026-03-12,HM47,Red,gallon,Duration-Red-Gallon,23,23.0
9078,2026-03-11,2026-03-13,HM47,Red,quart,Emerald-Red-Quart,190,47.5
9079,2026-03-11,2026-03-16,HM50,Clear,pail_5gal,SuperPaint-Clear-Pail,3,15.0
9080,2026-03-11,2026-03-14,HM56,White,gallon,Duration-White-Gallon,27,27.0
9081,2026-03-11,2026-03-13,HM56,White,quart,Duration-White-Quart,125,31.25
9082,2026-03-12,2026-03-16,HM01,White,quart,SuperPaint-White-Quart,67,16.75
9083,2026-03-12,2026-03-14,HM13,Blue/Green,gallon,Emerald-Blue/Green-Gallon,11,11.0
9084,2026-03-12,2026-03-13,HM14,Blue/Green,gallon,Emerald-Blue/Green-Gallon,43,43.0
9085,2026-03-12,2026-03-26,HM14,Blue/Green,pail_5gal,Emerald-Blue/Green-Pail,1,5.0
9086,2026-03-12,2026-03-13,HM14,Blue/Green,quart,SuperPaint-Blue/Green-Quart,259,64.75
9087,2026-03-12,2026-03-15,HM14,Blue/Green,gallon,SuperPaint-Blue/Green-Gallon,53,53.0
9088,2026-03-12,2026-03-15,HM14,Blue/Green,pail_5gal,Emerald-Blue/Green-Pail,3,15.0
9089,2026-03-12,2026-03-13,HM14,Blue/Green,quart,Emerald-Blue/Green-Quart,106,26.5
9090,2026-03-12,2026-03-15,HM16,Red,quart,Duration-Red-Quart,74,18.5
9091,2026-03-12,2026-03-16,HM20,Black,pail_5gal,PrepRite-Black-Pail,3,15.0
9092,2026-03-12,2026-03-25,HM25,Black,gallon,ProMar200-Black-Gallon,11,11.0
9093,2026-03-12,2026-03-14,HM30,Black,quart,ProMar200-Black-Quart,176,44.0
9094,2026-03-12,2026-03-14,HM36,White,quart,SuperPaint-White-Quart,128,32.0
9095,2026-03-12,2026-03-15,HM43,Red,quart,Emerald-Red-Quart,111,27.75
9096,2026-03-12,2026-03-13,HM43,Red,gallon,Duration-Red-Gallon,27,27.0
9097,2026-03-12,2026-03-16,HM43,Red,gallon,Duration-Red-Gallon,20,20.0
9098,2026-03-12,2026-03-13,HM47,Red,gallon,Emerald-Red-Gallon,36,36.0
9099,2026-03-12,2026-03-16,HM47,Red,gallon,Emerald-Red-Gallon,23,23.0
9100,2026-03-12,2026-03-14,HM50,Clear,gallon,ProMar200-Clear-Gallon,98,98.0
9101,2026-03-13,2026-03-14,HM01,White,pail_5gal,Duration-White-Pail,18,90.0
9102,2026-03-13,2026-03-17,HM01,White,quart,ProMar200-White-Quart,134,33.5
9103,2026-03-13,2026-03-14,HM01,White,quart,Duration-White-Quart,217,54.25
9104,2026-03-13,2026-03-14,HM01,White,gallon,Duration-White-Gallon,41,41.0
9105,2026-03-13,2026-03-15,HM01,White,gallon,Duration-White-Gallon,48,48.0
9106,2026-03-13,2026-03-15,HM01,White,gallon,SuperPaint-White-Gallon,68,68.0
9107,2026-03-13,2026-03-19,HM12,Blue/Green,quart,Emerald-Blue/Green-Quart,131,32.75
9108,2026-03-13,2026-03-16,HM13,Blue/Green,quart,Emerald-Blue/Green-Quart,81,20.25
9109,2026-03-13,2026-03-15,HM14,Blue/Green,pail_5gal,SuperPaint-Blue/Green-Pail,14,70.0
9110,2026-03-13,2026-03-15,HM16,Red,gallon,Emerald-Red-Gallon,35,35.0
9111,2026-03-13,2026-03-15,HM16,Red,gallon,Duration-Red-Gallon,23,23.0
9112,2026-03-13,2026-03-18,HM20,Black,quart,PrepRite-Black-Quart,266,66.5
9113,2026-03-13,2026-03-16,HM20,Black,gallon,ProMar200-Black-Gallon,34,34.0
9114,2026-03-13,2026-03-14,HM20,Black,gallon,PrepRite-Black-Gallon,36,36.0
9115,2026-03-13,2026-03-14,HM25,Black,gallon,ProMar200-Black-Gallon,19,19.0
9116,2026-03-13,2026-03-14,HM25,Black,gallon,ProMar200-Black-Gallon,15,15.0
9117,2026-03-13,2026-03-16,HM25,Black,gallon,PrepRite-Black-Gallon,37,37.0
9118,2026-03-13,2026-03-20,HM30,Black,gallon,PrepRite-Black-Gallon,150,150.0
9119,2026-03-13,2026-03-14,HM36,White,gallon,ProMar200-White-Gallon,9,9.0
9120,2026-03-13,2026-03-14,HM43,Red,quart,Duration-Red-Quart,192,48.0
9121,2026-03-13,2026-03-17,HM43,Red,pail_5gal,Emerald-Red-Pail,11,55.0
9122,2026-03-13,2026-03-16,HM47,Red,pail_5gal,Emerald-Red-Pail,2,10.0
9123,2026-03-13,2026-03-20,HM47,Red,quart,Emerald-Red-Quart,360,90.0
9124,2026-03-13,2026-03-14,HM47,Red,pail_5gal,Duration-Red-Pail,4,20.0
9125,2026-03-14,2026-03-18,HM01,White,quart,ProMar200-White-Quart,84,21.0
9126,2026-03-14,2026-03-18,HM14,Blue/Green,pail_5gal,SuperPaint-Blue/Green-Pail,10,50.0
9127,2026-03-14,2026-03-15,HM20,Black,gallon,PrepRite-Black-Gallon,30,30.0
9128,2026-03-14,2026-03-17,HM43,Red,pail_5gal,Emerald-Red-Pail,13,65.0
9129,2026-03-14,2026-03-17,HM47,Red,pail_5gal,Duration-Red-Pail,2,10.0
9130,2026-03-14,2026-03-19,HM47,Red,quart,Emerald-Red-Quart,172,43.0
9131,2026-03-14,2026-03-15,HM47,Red,pail_5gal,Emerald-Red-Pail,6,30.0
9132,2026-03-14,2026-03-15,HM47,Red,gallon,Duration-Red-Gallon,23,23.0
9133,2026-03-14,2026-03-17,HM50,Clear,quart,ProMar200-Clear-Quart,66,16.5
9134,2026-03-14,2026-03-16,HM56,White,gallon,ProMar200-White-Gallon,44,44.0
9135,2026-03-15,2026-03-17,HM01,White,gallon,ProMar200-White-Gallon,27,27.0
9136,2026-03-15,2026-03-17,HM12,Blue/Green,quart,SuperPaint-Blue/Green-Quart,63,15.75
9137,2026-03-15,2026-03-17,HM16,Red,quart,Duration-Red-Quart,66,16.5
9138,2026-03-15,2026-03-16,HM20,Black,quart,ProMar200-Black-Quart,37,9.25
9139,2026-03-15,2026-03-16,HM20,Black,pail_5gal,PrepRite-Black-Pail,5,25.0
9140,2026-03-15,2026-03-17,HM20,Black,gallon,PrepRite-Black-Gallon,34,34.0
9141,2026-03-15,2026-03-18,HM25,Black,gallon,PrepRite-Black-Gallon,13,13.0
9142,2026-03-15,2026-03-18,HM25,Black,gallon,PrepRite-Black-Gallon,48,48.0
9143,2026-03-15,2026-03-18,HM30,Black,quart,PrepRite-Black-Quart,149,37.25
9144,2026-03-15,2026-03-19,HM36,White,pail_5gal,SuperPaint-White-Pail,8,40.0
9145,2026-03-15,2026-03-17,HM36,White,quart,Duration-White-Quart,203,50.75
9146,2026-03-15,2026-03-21,HM43,Red,gallon,Emerald-Red-Gallon,12,12.0
9147,2026-03-15,2026-03-18,HM43,Red,gallon,Duration-Red-Gallon,17,17.0
9148,2026-03-15,2026-03-16,HM43,Red,gallon,Duration-Red-Gallon,43,43.0
9149,2026-03-15,2026-03-18,HM56,White,gallon,Duration-White-Gallon,52,52.0
9150,2026-03-16,2026-03-19,HM01,White,quart,SuperPaint-White-Quart,101,25.25
9151,2026-03-16,2026-03-19,HM13,Blue/Green,gallon,SuperPaint-Blue/Green-Gallon,45,45.0
9152,2026-03-16,2026-03-19,HM13,Blue/Green,gallon,SuperPaint-Blue/Green-Gallon,21,21.0
9153,2026-03-16,2026-03-17,HM14,Blue/Green,gallon,SuperPaint-Blue/Green-Gallon,27,27.0
9154,2026-03-16,2026-03-17,HM16,Red,gallon,Duration-Red-Gallon,15,15.0
9155,2026-03-16,2026-03-17,HM16,Red,gallon,Emerald-Red-Gallon,28,28.0
9156,2026-03-16,2026-03-21,HM25,Black,pail_5gal,PrepRite-Black-Pail,9,45.0
9157,2026-03-16,2026-03-19,HM30,Black,gallon,ProMar200-Black-Gallon,44,44.0
9158,2026-03-16,2026-03-19,HM30,Black,gallon,ProMar200-Black-Gallon,62,62.0
9159,2026-03-16,2026-03-17,HM36,White,quart,SuperPaint-White-Quart,193,48.25
9160,2026-03-16,2026-03-17,HM36,White,gallon,Duration-White-Gallon,22,22.0
9161,2026-03-16,2026-03-17,HM43,Red,gallon,Emerald-Red-Gallon,46,46.0
9162,2026-03-16,2026-03-17,HM43,Red,gallon,Emerald-Red-Gallon,40,40.0
9163,2026-03-16,2026-03-19,HM43,Red,gallon,Duration-Red-Gallon,80,80.0
9164,2026-03-16,2026-03-18,HM47,Red,gallon,Duration-Red-Gallon,54,54.0
9165,2026-03-16,2026-03-17,HM56,White,quart,ProMar200-White-Quart,160,40.0
9166,2026-03-16,2026-03-20,HM56,White,quart,ProMar200-White-Quart,73,18.25
9167,2026-03-17,2026-03-21,HM01,White,pail_5gal,SuperPaint-White-Pail,22,110.0
9168,2026-03-17,2026-03-18,HM12,Blue/Green,quart,SuperPaint-Blue/Green-Quart,224,56.0
9169,2026-03-17,2026-03-20,HM14,Blue/Green,quart,SuperPaint-Blue/Green-Quart,102,25.5
9170,2026-03-17,2026-03-19,HM14,Blue/Green,gallon,SuperPaint-Blue/Green-Gallon,10,10.0
9171,2026-03-17,2026-03-19,HM14,Blue/Green,gallon,Emerald-Blue/Green-Gallon,36,36.0
9172,2026-03-17,2026-03-21,HM16,Red,gallon,Duration-Red-Gallon,31,31.0
9173,2026-03-17,2026-03-19,HM16,Red,pail_5gal,Emerald-Red-Pail,11,55.0
9174,2026-03-17,2026-03-18,HM20,Black,gallon,PrepRite-Black-Gallon,50,50.0
9175,2026-03-17,2026-03-24,HM30,Black,pail_5gal,ProMar200-Black-Pail,5,25.0
9176,2026-03-17,2026-03-18,HM36,White,gallon,ProMar200-White-Gallon,22,22.0
9177,2026-03-17,2026-03-19,HM47,Red,gallon,Duration-Red-Gallon,84,84.0
9178,2026-03-17,2026-03-21,HM47,Red,pail_5gal,Emerald-Red-Pail,7,35.0
9179,2026-03-17,2026-03-19,HM50,Clear,quart,SuperPaint-Clear-Quart,40,10.0
9180,2026-03-17,2026-03-18,HM50,Clear,gallon,SuperPaint-Clear-Gallon,13,13.0
9181,2026-03-17,2026-03-18,HM50,Clear,quart,ProMar200-Clear-Quart,81,20.25
9182,2026-03-17,2026-03-22,HM50,Clear,gallon,SuperPaint-Clear-Gallon,49,49.0
9183,2026-03-17,2026-03-21,HM56,White,quart,ProMar200-White-Quart,92,23.0
9184,2026-03-18,2026-03-21,HM01,White,gallon,ProMar200-White-Gallon,40,40.0
9185,2026-03-18,2026-03-22,HM01,White,quart,ProMar200-White-Quart,362,90.5
9186,2026-03-18,2026-03-20,HM12,Blue/Green,quart,SuperPaint-Blue/Green-Quart,92,23.0
9187,2026-03-18,2026-03-22,HM12,Blue/Green,quart,SuperPaint-Blue/Green-Quart,126,31.5
9188,2026-03-18,2026-03-22,HM13,Blue/Green,pail_5gal,Emerald-Blue/Green-Pail,4,20.0
9189,2026-03-18,2026-03-21,HM13,Blue/Green,quart,Emerald-Blue/Green-Quart,51,12.75
9190,2026-03-18,2026-03-23,HM13,Blue/Green,gallon,Emerald-Blue/Green-Gallon,16,16.0
9191,2026-03-18,2026-03-20,HM14,Blue/Green,quart,Emerald-Blue/Green-Quart,141,35.25
9192,2026-03-18,2026-03-19,HM14,Blue/Green,quart,SuperPaint-Blue/Green-Quart,78,19.5
9193,2026-03-18,2026-03-19,HM16,Red,gallon,Duration-Red-Gallon,18,18.0
9194,2026-03-18,2026-03-20,HM20,Black,quart,PrepRite-Black-Quart,260,65.0
9195,2026-03-18,2026-03-21,HM20,Black,quart,PrepRite-Black-Quart,468,117.0
9196,2026-03-18,2026-03-25,HM20,Black,quart,PrepRite-Black-Quart,92,23.0
9197,2026-03-18,2026-03-21,HM36,White,pail_5gal,Duration-White-Pail,4,20.0
9198,2026-03-18,2026-03-20,HM43,Red,gallon,Duration-Red-Gallon,35,35.0
9199,2026-03-18,2026-03-23,HM43,Red,gallon,Emerald-Red-Gallon,14,14.0
9200,2026-03-18,2026-03-19,HM47,Red,gallon,Emerald-Red-Gallon,28,28.0
9201,2026-03-18,2026-03-21,HM47,Red,gallon,Duration-Red-Gallon,63,63.0
9202,2026-03-18,2026-03-21,HM47,Red,quart,Duration-Red-Quart,61,15.25
9203,2026-03-18,2026-03-19,HM50,Clear,gallon,SuperPaint-Clear-Gallon,36,36.0
9204,2026-03-18,2026-03-19,HM50,Clear,quart,ProMar200-Clear-Quart,125,31.25
9205,2026-03-18,2026-03-21,HM50,Clear,gallon,SuperPaint-Clear-Gallon,30,30.0
9206,2026-03-18,2026-03-19,HM56,White,quart,SuperPaint-White-Quart,143,35.75
9207,2026-03-19,2026-03-29,HM01,White,gallon,SuperPaint-White-Gallon,65,65.0
9208,2026-03-19,2026-03-23,HM13,Blue/Green,quart,Emerald-Blue/Green-Quart,198,49.5
9209,2026-03-19,2026-03-28,HM13,Blue/Green,gallon,SuperPaint-Blue/Green-Gallon,36,36.0
9210,2026-03-19,2026-03-21,HM13,Blue/Green,gallon,Emerald-Blue/Green-Gallon,81,81.0
9211,2026-03-19,2026-03-20,HM14,Blue/Green,quart,Emerald-Blue/Green-Quart,104,26.0
9212,2026-03-19,2026-03-21,HM14,Blue/Green,quart,SuperPaint-Blue/Green-Quart,107,26.75
9213,2026-03-19,2026-03-24,HM16,Red,pail_5gal,Emerald-Red-Pail,6,30.0
9214,2026-03-19,2026-03-23,HM16,Red,gallon,Emerald-Red-Gallon,73,73.0
9215,2026-03-19,2026-03-23,HM20,Black,pail_5gal,ProMar200-Black-Pail,4,20.0
9216,2026-03-19,2026-03-23,HM25,Black,quart,PrepRite-Black-Quart,111,27.75
9217,2026-03-19,2026-03-20,HM43,Red,gallon,Duration-Red-Gallon,22,22.0
9218,2026-03-19,2026-03-21,HM43,Red,pail_5gal,Emerald-Red-Pail,4,20.0
9219,2026-03-19,2026-03-21,HM43,Red,pail_5gal,Emerald-Red-Pail,8,40.0
9220,2026-03-19,2026-03-20,HM43,Red,gallon,Emerald-Red-Gallon,8,8.0
9221,2026-03-19,2026-03-28,HM47,Red,gallon,Emerald-Red-Gallon,100,100.0
9222,2026-03-19,2026-03-20,HM50,Clear,quart,ProMar200-Clear-Quart,100,25.0
9223,2026-03-19,2026-03-24,HM50,Clear,gallon,ProMar200-Clear-Gallon,16,16.0
9224,2026-03-19,2026-03-25,HM50,Clear,gallon,ProMar200-Clear-Gallon,75,75.0
9225,2026-03-19,2026-03-21,HM56,White,gallon,Duration-White-Gallon,83,83.0
9226,2026-03-19,2026-03-20,HM56,White,quart,ProMar200-White-Quart,112,28.0
9227,2026-03-19,2026-03-24,HM56,White,gallon,ProMar200-White-Gallon,23,23.0
9228,2026-03-19,2026-03-20,HM56,White,quart,ProMar200-White-Quart,100,25.0
9229,2026-03-19,2026-03-21,HM56,White,gallon,ProMar200-White-Gallon,39,39.0
9230,2026-03-20,2026-03-23,HM01,White,gallon,SuperPaint-White-Gallon,46,46.0
9231,2026-03-20,2026-03-21,HM01,White,gallon,ProMar200-White-Gallon,22,22.0
9232,2026-03-20,2026-03-23,HM01,White,gallon,ProMar200-White-Gallon,12,12.0
9233,2026-03-20,2026-03-22,HM12,Blue/Green,gallon,SuperPaint-Blue/Green-Gallon,70,70.0
9234,2026-03-20,2026-03-21,HM13,Blue/Green,quart,Emerald-Blue/Green-Quart,30,7.5
9235,2026-03-20,2026-03-31,HM13,Blue/Green,gallon,Emerald-Blue/Green-Gallon,32,32.0
9236,2026-03-20,2026-03-24,HM13,Blue/Green,gallon,Emerald-Blue/Green-Gallon,56,56.0
9237,2026-03-20,2026-03-22,HM14,Blue/Green,quart,Emerald-Blue/Green-Quart,486,121.5
9238,2026-03-20,2026-03-21,HM14,Blue/Green,pail_5gal,SuperPaint-Blue/Green-Pail,12,60.0
9239,2026-03-20,2026-03-22,HM16,Red,gallon,Duration-Red-Gallon,82,82.0
9240,2026-03-20,2026-03-21,HM20,Black,gallon,PrepRite-Black-Gallon,17,17.0
9241,2026-03-20,2026-03-23,HM20,Black,pail_5gal,PrepRite-Black-Pail,2,10.0
9242,2026-03-20,2026-03-26,HM25,Black,gallon,ProMar200-Black-Gallon,16,16.0
9243,2026-03-20,2026-03-23,HM25,Black,gallon,PrepRite-Black-Gallon,48,48.0
9244,2026-03-20,2026-03-25,HM30,Black,pail_5gal,PrepRite-Black-Pail,4,20.0
9245,2026-03-20,2026-03-26,HM30,Black,pail_5gal,PrepRite-Black-Pail,1,5.0
9246,2026-03-20,2026-03-26,HM43,Red,quart,Emerald-Red-Quart,125,31.25
9247,2026-03-20,2026-03-25,HM43,Red,pail_5gal,Emerald-Red-Pail,18,90.0
9248,2026-03-20,2026-03-24,HM47,Red,quart,Emerald-Red-Quart,49,12.25
9249,2026-03-20,2026-03-22,HM56,White,gallon,SuperPaint-White-Gallon,118,118.0
9250,2026-03-20,2026-03-25,HM56,White,gallon,ProMar200-White-Gallon,34,34.0
9251,2026-03-20,2026-03-22,HM56,White,gallon,SuperPaint-White-Gallon,52,52.0
9252,2026-03-20,2026-03-21,HM56,White,gallon,Duration-White-Gallon,14,14.0
9253,2026-03-21,2026-03-22,HM01,White,gallon,Duration-White-Gallon,13,13.0
9254,2026-03-21,2026-03-22,HM01,White,gallon,ProMar200-White-Gallon,20,20.0
9255,2026-03-21,2026-03-24,HM01,White,pail_5gal,Duration-White-Pail,5,25.0
9256,2026-03-21,2026-03-24,HM01,White,gallon,ProMar200-White-Gallon,18,18.0
9257,2026-03-21,2026-03-22,HM01,White,quart,Duration-White-Quart,77,19.25
9258,2026-03-21,2026-03-23,HM12,Blue/Green,gallon,SuperPaint-Blue/Green-Gallon,21,21.0
9259,2026-03-21,2026-03-25,HM12,Blue/Green,gallon,Emerald-Blue/Green-Gallon,44,44.0
9260,2026-03-21,2026-03-23,HM14,Blue/Green,quart,SuperPaint-Blue/Green-Quart,131,32.75
9261,2026-03-21,2026-03-25,HM16,Red,pail_5gal,Duration-Red-Pail,5,25.0
9262,2026-03-21,2026-03-22,HM16,Red,gallon,Duration-Red-Gallon,72,72.0
9263,2026-03-21,2026-03-23,HM20,Black,quart,PrepRite-Black-Quart,130,32.5
9264,2026-03-21,2026-03-25,HM20,Black,gallon,PrepRite-Black-Gallon,20,20.0
9265,2026-03-21,2026-03-22,HM25,Black,gallon,ProMar200-Black-Gallon,14,14.0
9266,2026-03-21,2026-03-25,HM25,Black,gallon,PrepRite-Black-Gallon,16,16.0
9267,2026-03-21,2026-03-26,HM30,Black,pail_5gal,PrepRite-Black-Pail,12,60.0
9268,2026-03-21,2026-03-23,HM30,Black,pail_5gal,ProMar200-Black-Pail,6,30.0
9269,2026-03-21,2026-03-23,HM30,Black,quart,ProMar200-Black-Quart,279,69.75
9270,2026-03-21,2026-03-23,HM36,White,quart,ProMar200-White-Quart,92,23.0
9271,2026-03-21,2026-03-23,HM47,Red,gallon,Duration-Red-Gallon,15,15.0
9272,2026-03-21,2026-03-31,HM47,Red,quart,Emerald-Red-Quart,94,23.5
9273,2026-03-21,2026-03-25,HM50,Clear,gallon,SuperPaint-Clear-Gallon,15,15.0
9274,2026-03-22,2026-03-27,HM01,White,quart,SuperPaint-White-Quart,53,13.25
9275,2026-03-22,2026-03-23,HM01,White,quart,ProMar200-White-Quart,124,31.0
9276,2026-03-22,2026-03-27,HM13,Blue/Green,quart,SuperPaint-Blue/Green-Quart,55,13.75
9277,2026-03-22,2026-03-26,HM13,Blue/Green,gallon,Emerald-Blue/Green-Gallon,88,88.0
9278,2026-03-22,2026-03-26,HM14,Blue/Green,gallon,SuperPaint-Blue/Green-Gallon,20,20.0
9279,2026-03-22,2026-03-23,HM16,Red,gallon,Duration-Red-Gallon,63,63.0
9280,2026-03-22,2026-03-25,HM16,Red,gallon,Emerald-Red-Gallon,36,36.0
9281,2026-03-22,2026-03-26,HM20,Black,gallon,PrepRite-Black-Gallon,41,41.0
9282,2026-03-22,2026-04-05,HM20,Black,gallon,ProMar200-Black-Gallon,19,19.0
9283,2026-03-22,2026-03-24,HM36,White,quart,ProMar200-White-Quart,120,30.0
9284,2026-03-22,2026-03-24,HM47,Red,quart,Duration-Red-Quart,119,29.75
9285,2026-03-22,2026-03-28,HM56,White,quart,SuperPaint-White-Quart,200,50.0
9286,2026-03-23,2026-03-26,HM01,White,quart,Duration-White-Quart,88,22.0
9287,2026-03-23,2026-03-27,HM01,White,gallon,ProMar200-White-Gallon,31,31.0
9288,2026-03-23,2026-03-28,HM01,White,quart,SuperPaint-White-Quart,321,80.25
9289,2026-03-23,2026-03-25,HM01,White,gallon,ProMar200-White-Gallon,19,19.0
9290,2026-03-23,2026-03-26,HM13,Blue/Green,quart,Emerald-Blue/Green-Quart,134,33.5
9291,2026-03-23,2026-03-24,HM14,Blue/Green,quart,Emerald-Blue/Green-Quart,109,27.25
9292,2026-03-23,2026-03-25,HM14,Blue/Green,quart,Emerald-Blue/Green-Quart,78,19.5
9293,2026-03-23,2026-03-27,HM14,Blue/Green,quart,Emerald-Blue/Green-Quart,203,50.75
9294,2026-03-23,2026-03-28,HM20,Black,gallon,ProMar200-Black-Gallon,55,55.0
9295,2026-03-23,2026-03-28,HM25,Black,quart,PrepRite-Black-Quart,103,25.75
9296,2026-03-23,2026-03-28,HM30,Black,quart,PrepRite-Black-Quart,165,41.25
9297,2026-03-23,2026-03-26,HM30,Black,gallon,ProMar200-Black-Gallon,34,34.0
9298,2026-03-23,2026-03-26,HM36,White,gallon,ProMar200-White-Gallon,19,19.0
9299,2026-03-23,2026-03-27,HM43,Red,quart,Emerald-Red-Quart,88,22.0
9300,2026-03-23,2026-03-25,HM43,Red,quart,Emerald-Red-Quart,210,52.5
9301,2026-03-23,2026-03-26,HM47,Red,quart,Duration-Red-Quart,168,42.0
9302,2026-03-23,2026-03-26,HM47,Red,gallon,Emerald-Red-Gallon,47,47.0
9303,2026-03-23,2026-03-26,HM47,Red,pail_5gal,Emerald-Red-Pail,7,35.0
9304,2026-03-23,2026-03-30,HM50,Clear,gallon,ProMar200-Clear-Gallon,63,63.0
9305,2026-03-23,2026-03-25,HM50,Clear,pail_5gal,ProMar200-Clear-Pail,16,80.0
9306,2026-03-23,2026-03-28,HM50,Clear,gallon,SuperPaint-Clear-Gallon,18,18.0
9307,2026-03-24,2026-03-26,HM01,White,gallon,Duration-White-Gallon,22,22.0
9308,2026-03-24,2026-03-27,HM01,White,gallon,ProMar200-White-Gallon,97,97.0
9309,2026-03-24,2026-03-25,HM12,Blue/Green,quart,Emerald-Blue/Green-Quart,74,18.5
9310,2026-03-24,2026-03-28,HM14,Blue/Green,pail_5gal,SuperPaint-Blue/Green-Pail,3,15.0
9311,2026-03-24,2026-03-25,HM16,Red,gallon,Duration-Red-Gallon,23,23.0
9312,2026-03-24,2026-03-30,HM16,Red,pail_5gal,Emerald-Red-Pail,22,110.0
9313,2026-03-24,2026-03-26,HM20,Black,quart,PrepRite-Black-Quart,75,18.75
9314,2026-03-24,2026-03-26,HM20,Black,pail_5gal,ProMar200-Black-Pail,6,30.0
9315,2026-03-24,2026-03-25,HM25,Black,gallon,PrepRite-Black-Gallon,87,87.0
9316,2026-03-24,2026-03-28,HM25,Black,quart,PrepRite-Black-Quart,68,17.0
9317,2026-03-24,2026-03-27,HM36,White,quart,Duration-White-Quart,304,76.0
9318,2026-03-24,2026-03-26,HM36,White,gallon,SuperPaint-White-Gallon,20,20.0
9319,2026-03-24,2026-03-31,HM43,Red,pail_5gal,Duration-Red-Pail,16,80.0
9320,2026-03-24,2026-03-28,HM47,Red,quart,Duration-Red-Quart,65,16.25
9321,2026-03-24,2026-03-26,HM50,Clear,pail_5gal,SuperPaint-Clear-Pail,5,25.0
9322,2026-03-24,2026-03-26,HM56,White,quart,ProMar200-White-Quart,192,48.0
9323,2026-03-25,2026-03-28,HM12,Blue/Green,quart,SuperPaint-Blue/Green-Quart,278,69.5
9324,2026-03-25,2026-04-01,HM14,Blue/Green,pail_5gal,Emerald-Blue/Green-Pail,9,45.0
9325,2026-03-25,2026-03-26,HM14,Blue/Green,quart,SuperPaint-Blue/Green-Quart,80,20.0
9326,2026-03-25,2026-03-30,HM14,Blue/Green,gallon,Emerald-Blue/Green-Gallon,58,58.0
9327,2026-03-25,2026-03-28,HM16,Red,gallon,Emerald-Red-Gallon,22,22.0
9328,2026-03-25,2026-03-29,HM20,Black,pail_5gal,PrepRite-Black-Pail,3,15.0
9329,2026-03-25,2026-03-27,HM20,Black,gallon,PrepRite-Black-Gallon,26,26.0
9330,2026-03-25,2026-03-26,HM20,Black,gallon,PrepRite-Black-Gallon,19,19.0
9331,2026-03-25,2026-03-28,HM30,Black,quart,PrepRite-Black-Quart,455,113.75
9332,2026-03-25,2026-03-27,HM36,White,quart,Duration-White-Quart,86,21.5
9333,2026-03-25,2026-03-30,HM47,Red,gallon,Emerald-Red-Gallon,11,11.0
9334,2026-03-25,2026-03-26,HM50,Clear,pail_5gal,ProMar200-Clear-Pail,3,15.0
9335,2026-03-25,2026-03-28,HM50,Clear,gallon,SuperPaint-Clear-Gallon,21,21.0
9336,2026-03-25,2026-03-28,HM56,White,gallon,Duration-White-Gallon,54,54.0
9337,2026-03-25,2026-03-26,HM56,White,gallon,Duration-White-Gallon,47,47.0
9338,2026-03-25,2026-03-28,HM56,White,quart,Duration-White-Quart,261,65.25
9339,2026-03-26,2026-03-31,HM01,White,quart,ProMar200-White-Quart,82,20.5
9340,2026-03-26,2026-03-27,HM12,Blue/Green,quart,Emerald-Blue/Green-Quart,55,13.75
9341,2026-03-26,2026-03-27,HM13,Blue/Green,quart,SuperPaint-Blue/Green-Quart,329,82.25
9342,2026-03-26,2026-03-27,HM14,Blue/Green,gallon,SuperPaint-Blue/Green-Gallon,40,40.0
9343,2026-03-26,2026-03-29,HM14,Blue/Green,gallon,Emerald-Blue/Green-Gallon,17,17.0
9344,2026-03-26,2026-03-27,HM14,Blue/Green,quart,Emerald-Blue/Green-Quart,158,39.5
9345,2026-03-26,2026-03-28,HM14,Blue/Green,gallon,Emerald-Blue/Green-Gallon,19,19.0
9346,2026-03-26,2026-03-28,HM16,Red,quart,Duration-Red-Quart,56,14.0
9347,2026-03-26,2026-03-27,HM20,Black,quart,ProMar200-Black-Quart,100,25.0
9348,2026-03-26,2026-03-27,HM20,Black,gallon,PrepRite-Black-Gallon,42,42.0
9349,2026-03-26,2026-03-28,HM30,Black,quart,PrepRite-Black-Quart,86,21.5
9350,2026-03-26,2026-03-27,HM30,Black,gallon,PrepRite-Black-Gallon,16,16.0
9351,2026-03-26,2026-03-28,HM36,White,pail_5gal,Duration-White-Pail,2,10.0
9352,2026-03-26,2026-03-28,HM36,White,quart,SuperPaint-White-Quart,59,14.75
9353,2026-03-26,2026-03-27,HM43,Red,gallon,Duration-Red-Gallon,30,30.0
9354,2026-03-26,2026-03-27,HM43,Red,gallon,Duration-Red-Gallon,22,22.0
9355,2026-03-26,2026-03-28,HM43,Red,gallon,Emerald-Red-Gallon,16,16.0
9356,2026-03-26,2026-03-30,HM47,Red,gallon,Emerald-Red-Gallon,116,116.0
9357,2026-03-26,2026-03-29,HM47,Red,quart,Duration-Red-Quart,198,49.5
9358,2026-03-26,2026-03-31,HM50,Clear,quart,ProMar200-Clear-Quart,122,30.5
9359,2026-03-26,2026-03-28,HM50,Clear,gallon,ProMar200-Clear-Gallon,42,42.0
9360,2026-03-26,2026-03-29,HM56,White,quart,Duration-White-Quart,216,54.0
9361,2026-03-26,2026-03-27,HM56,White,quart,ProMar200-White-Quart,147,36.75
9362,2026-03-27,2026-03-28,HM01,White,pail_5gal,ProMar200-White-Pail,2,10.0
9363,2026-03-27,2026-03-29,HM01,White,quart,SuperPaint-White-Quart,61,15.25
9364,2026-03-27,2026-03-31,HM12,Blue/Green,gallon,Emerald-Blue/Green-Gallon,69,69.0
9365,2026-03-27,2026-03-29,HM12,Blue/Green,quart,SuperPaint-Blue/Green-Quart,157,39.25
9366,2026-03-27,2026-03-28,HM12,Blue/Green,gallon,Emerald-Blue/Green-Gallon,27,27.0
9367,2026-03-27,2026-03-31,HM13,Blue/Green,quart,SuperPaint-Blue/Green-Quart,70,17.5
9368,2026-03-27,2026-03-28,HM16,Red,gallon,Duration-Red-Gallon,24,24.0
9369,2026-03-27,2026-03-29,HM16,Red,pail_5gal,Emerald-Red-Pail,17,85.0
9370,2026-03-27,2026-03-29,HM16,Red,gallon,Duration-Red-Gallon,42,42.0
9371,2026-03-27,2026-03-29,HM20,Black,gallon,PrepRite-Black-Gallon,57,57.0
9372,2026-03-27,2026-04-03,HM30,Black,gallon,PrepRite-Black-Gallon,47,47.0
9373,2026-03-27,2026-04-02,HM30,Black,pail_5gal,ProMar200-Black-Pail,15,75.0
9374,2026-03-27,2026-03-29,HM30,Black,quart,ProMar200-Black-Quart,47,11.75
9375,2026-03-27,2026-03-30,HM30,Black,gallon,ProMar200-Black-Gallon,20,20.0
9376,2026-03-27,2026-03-29,HM30,Black,pail_5gal,PrepRite-Black-Pail,8,40.0
9377,2026-03-27,2026-03-29,HM36,White,quart,Duration-White-Quart,112,28.0
9378,2026-03-27,2026-03-28,HM36,White,gallon,SuperPaint-White-Gallon,27,27.0
9379,2026-03-27,2026-03-31,HM36,White,quart,Duration-White-Quart,163,40.75
9380,2026-03-27,2026-03-28,HM36,White,gallon,SuperPaint-White-Gallon,34,34.0
9381,2026-03-27,2026-03-30,HM43,Red,gallon,Emerald-Red-Gallon,10,10.0
9382,2026-03-27,2026-03-31,HM43,Red,gallon,Emerald-Red-Gallon,75,75.0
9383,2026-03-27,2026-03-31,HM47,Red,quart,Duration-Red-Quart,230,57.5
9384,2026-03-27,2026-03-28,HM47,Red,gallon,Emerald-Red-Gallon,51,51.0
9385,2026-03-27,2026-03-28,HM47,Red,pail_5gal,Emerald-Red-Pail,8,40.0
9386,2026-03-27,2026-03-29,HM56,White,quart,Duration-White-Quart,76,19.0
9387,2026-03-28,2026-03-31,HM12,Blue/Green,gallon,Emerald-Blue/Green-Gallon,59,59.0
9388,2026-03-28,2026-03-30,HM12,Blue/Green,quart,Emerald-Blue/Green-Quart,34,8.5
9389,2026-03-28,2026-04-01,HM14,Blue/Green,quart,SuperPaint-Blue/Green-Quart,239,59.75
9390,2026-03-28,2026-04-01,HM16,Red,quart,Duration-Red-Quart,249,62.25
9391,2026-03-28,2026-03-29,HM16,Red,quart,Emerald-Red-Quart,61,15.25
9392,2026-03-28,2026-03-31,HM25,Black,gallon,PrepRite-Black-Gallon,14,14.0
9393,2026-03-28,2026-03-29,HM25,Black,gallon,ProMar200-Black-Gallon,20,20.0
9394,2026-03-28,2026-04-04,HM36,White,quart,SuperPaint-White-Quart,173,43.25
9395,2026-03-28,2026-03-29,HM36,White,quart,Duration-White-Quart,102,25.5
9396,2026-03-28,2026-03-29,HM43,Red,pail_5gal,Duration-Red-Pail,10,50.0
9397,2026-03-28,2026-03-30,HM50,Clear,gallon,SuperPaint-Clear-Gallon,36,36.0
9398,2026-03-28,2026-04-03,HM56,White,gallon,SuperPaint-White-Gallon,36,36.0
9399,2026-03-29,2026-03-30,HM12,Blue/Green,pail_5gal,Emerald-Blue/Green-Pail,3,15.0
9400,2026-03-29,2026-04-01,HM12,Blue/Green,quart,Emerald-Blue/Green-Quart,62,15.5
9401,2026-03-29,2026-04-01,HM13,Blue/Green,gallon,Emerald-Blue/Green-Gallon,34,34.0
9402,2026-03-29,2026-04-01,HM14,Blue/Green,gallon,Emerald-Blue/Green-Gallon,12,12.0
9403,2026-03-29,2026-03-31,HM20,Black,gallon,PrepRite-Black-Gallon,44,44.0
9404,2026-03-29,2026-04-07,HM25,Black,gallon,ProMar200-Black-Gallon,49,49.0
9405,2026-03-29,2026-04-02,HM25,Black,pail_5gal,PrepRite-Black-Pail,14,70.0
9406,2026-03-29,2026-03-30,HM43,Red,quart,Duration-Red-Quart,500,125.0
9407,2026-03-29,2026-04-06,HM50,Clear,quart,SuperPaint-Clear-Quart,201,50.25
9408,2026-03-29,2026-03-30,HM50,Clear,gallon,SuperPaint-Clear-Gallon,35,35.0
9409,2026-03-29,2026-04-02,HM56,White,quart,ProMar200-White-Quart,87,21.75
9410,2026-03-30,2026-04-01,HM01,White,pail_5gal,ProMar200-White-Pail,5,25.0
9411,2026-03-30,2026-04-02,HM12,Blue/Green,quart,SuperPaint-Blue/Green-Quart,70,17.5
9412,2026-03-30,2026-03-31,HM12,Blue/Green,quart,Emerald-Blue/Green-Quart,81,20.25
9413,2026-03-30,2026-03-31,HM12,Blue/Green,gallon,SuperPaint-Blue/Green-Gallon,48,48.0
9414,2026-03-30,2026-04-01,HM12,Blue/Green,quart,Emerald-Blue/Green-Quart,118,29.5
9415,2026-03-30,2026-04-02,HM13,Blue/Green,quart,SuperPaint-Blue/Green-Quart,60,15.0
9416,2026-03-30,2026-04-01,HM16,Red,quart,Emerald-Red-Quart,242,60.5
9417,2026-03-30,2026-04-07,HM25,Black,gallon,ProMar200-Black-Gallon,29,29.0
9418,2026-03-30,2026-04-02,HM30,Black,gallon,ProMar200-Black-Gallon,21,21.0
9419,2026-03-30,2026-04-01,HM36,White,quart,SuperPaint-White-Quart,129,32.25
9420,2026-03-30,2026-03-31,HM36,White,quart,Duration-White-Quart,96,24.0
9421,2026-03-30,2026-03-31,HM43,Red,gallon,Duration-Red-Gallon,18,18.0
9422,2026-03-30,2026-04-04,HM43,Red,gallon,Duration-Red-Gallon,44,44.0
9423,2026-03-30,2026-04-02,HM43,Red,pail_5gal,Duration-Red-Pail,1,5.0
9424,2026-03-30,2026-04-05,HM50,Clear,quart,ProMar200-Clear-Quart,89,22.25
9425,2026-03-30,2026-04-04,HM50,Clear,quart,SuperPaint-Clear-Quart,236,59.0
9426,2026-03-30,2026-03-31,HM56,White,gallon,SuperPaint-White-Gallon,30,30.0
9427,2026-03-31,2026-04-01,HM01,White,pail_5gal,Duration-White-Pail,2,10.0
9428,2026-03-31,2026-04-03,HM13,Blue/Green,quart,SuperPaint-Blue/Green-Quart,175,43.75
9429,2026-03-31,2026-04-03,HM13,Blue/Green,quart,SuperPaint-Blue/Green-Quart,253,63.25
9430,2026-03-31,2026-04-01,HM14,Blue/Green,gallon,SuperPaint-Blue/Green-Gallon,85,85.0
9431,2026-03-31,2026-04-04,HM14,Blue/Green,quart,SuperPaint-Blue/Green-Quart,409,102.25
9432,2026-03-31,2026-04-03,HM16,Red,gallon,Duration-Red-Gallon,67,67.0
9433,2026-03-31,2026-04-02,HM16,Red,gallon,Emerald-Red-Gallon,19,19.0
9434,2026-03-31,2026-04-04,HM16,Red,gallon,Duration-Red-Gallon,48,48.0
9435,2026-03-31,2026-04-01,HM30,Black,gallon,PrepRite-Black-Gallon,38,38.0
9436,2026-03-31,2026-04-03,HM30,Black,gallon,PrepRite-Black-Gallon,39,39.0
9437,2026-03-31,2026-04-03,HM36,White,quart,SuperPaint-White-Quart,114,28.5
9438,2026-03-31,2026-04-01,HM36,White,quart,SuperPaint-White-Quart,98,24.5
9439,2026-03-31,2026-04-03,HM36,White,gallon,Duration-White-Gallon,30,30.0
9440,2026-03-31,2026-04-14,HM43,Red,gallon,Duration-Red-Gallon,51,51.0
9441,2026-03-31,2026-04-03,HM43,Red,gallon,Emerald-Red-Gallon,22,22.0
9442,2026-03-31,2026-04-01,HM43,Red,gallon,Duration-Red-Gallon,43,43.0
9443,2026-03-31,2026-04-04,HM43,Red,gallon,Duration-Red-Gallon,39,39.0
9444,2026-03-31,2026-04-03,HM43,Red,gallon,Emerald-Red-Gallon,50,50.0
9445,2026-03-31,2026-04-01,HM47,Red,pail_5gal,Emerald-Red-Pail,7,35.0
9446,2026-03-31,2026-04-02,HM47,Red,gallon,Duration-Red-Gallon,13,13.0
9447,2026-03-31,2026-04-01,HM50,Clear,gallon,ProMar200-Clear-Gallon,36,36.0
9448,2026-04-01,2026-04-02,HM01,White,quart,SuperPaint-White-Quart,65,16.25
9449,2026-04-01,2026-04-03,HM13,Blue/Green,pail_5gal,Emerald-Blue/Green-Pail,2,10.0
9450,2026-04-01,2026-04-02,HM13,Blue/Green,gallon,SuperPaint-Blue/Green-Gallon,35,35.0
9451,2026-04-01,2026-04-05,HM13,Blue/Green,quart,SuperPaint-Blue/Green-Quart,88,22.0
9452,2026-04-01,2026-04-04,HM16,Red,pail_5gal,Duration-Red-Pail,1,5.0
9453,2026-04-01,2026-04-03,HM16,Red,quart,Emerald-Red-Quart,124,31.0
9454,2026-04-01,2026-04-02,HM16,Red,quart,Emerald-Red-Quart,60,15.0
9455,2026-04-01,2026-04-03,HM20,Black,quart,PrepRite-Black-Quart,225,56.25
9456,2026-04-01,2026-04-06,HM25,Black,gallon,PrepRite-Black-Gallon,17,17.0
9457,2026-04-01,2026-04-02,HM25,Black,gallon,PrepRite-Black-Gallon,23,23.0
9458,2026-04-01,2026-04-05,HM25,Black,gallon,PrepRite-Black-Gallon,38,38.0
9459,2026-04-01,2026-04-07,HM25,Black,gallon,PrepRite-Black-Gallon,61,61.0
9460,2026-04-01,2026-04-02,HM30,Black,quart,ProMar200-Black-Quart,70,17.5
9461,2026-04-01,2026-04-02,HM36,White,gallon,SuperPaint-White-Gallon,44,44.0
9462,2026-04-01,2026-04-02,HM36,White,gallon,ProMar200-White-Gallon,79,79.0
9463,2026-04-01,2026-04-05,HM43,Red,gallon,Duration-Red-Gallon,46,46.0
9464,2026-04-01,2026-04-02,HM43,Red,pail_5gal,Duration-Red-Pail,12,60.0
9465,2026-04-01,2026-04-10,HM47,Red,quart,Duration-Red-Quart,92,23.0
9466,2026-04-01,2026-04-04,HM47,Red,gallon,Duration-Red-Gallon,64,64.0
9467,2026-04-01,2026-04-15,HM50,Clear,quart,SuperPaint-Clear-Quart,189,47.25
9468,2026-04-01,2026-04-02,HM50,Clear,quart,SuperPaint-Clear-Quart,119,29.75
9469,2026-04-01,2026-04-06,HM50,Clear,quart,SuperPaint-Clear-Quart,66,16.5
9470,2026-04-01,2026-04-02,HM50,Clear,gallon,ProMar200-Clear-Gallon,19,19.0
9471,2026-04-01,2026-04-06,HM50,Clear,gallon,ProMar200-Clear-Gallon,22,22.0
9472,2026-04-01,2026-04-02,HM56,White,pail_5gal,ProMar200-White-Pail,3,15.0
9473,2026-04-01,2026-04-04,HM56,White,gallon,ProMar200-White-Gallon,27,27.0
9474,2026-04-02,2026-04-06,HM01,White,quart,SuperPaint-White-Quart,119,29.75
9475,2026-04-02,2026-04-08,HM12,Blue/Green,pail_5gal,Emerald-Blue/Green-Pail,7,35.0
9476,2026-04-02,2026-04-03,HM12,Blue/Green,gallon,SuperPaint-Blue/Green-Gallon,116,116.0
9477,2026-04-02,2026-04-07,HM12,Blue/Green,quart,SuperPaint-Blue/Green-Quart,61,15.25
9478,2026-04-02,2026-04-06,HM13,Blue/Green,gallon,SuperPaint-Blue/Green-Gallon,30,30.0
9479,2026-04-02,2026-04-06,HM14,Blue/Green,gallon,SuperPaint-Blue/Green-Gallon,9,9.0
9480,2026-04-02,2026-04-03,HM14,Blue/Green,pail_5gal,SuperPaint-Blue/Green-Pail,23,115.0
9481,2026-04-02,2026-04-03,HM14,Blue/Green,quart,SuperPaint-Blue/Green-Quart,41,10.25
9482,2026-04-02,2026-04-10,HM14,Blue/Green,gallon,Emerald-Blue/Green-Gallon,67,67.0
9483,2026-04-02,2026-04-07,HM16,Red,pail_5gal,Emerald-Red-Pail,3,15.0
9484,2026-04-02,2026-04-06,HM16,Red,gallon,Duration-Red-Gallon,11,11.0
9485,2026-04-02,2026-04-06,HM20,Black,gallon,PrepRite-Black-Gallon,23,23.0
9486,2026-04-02,2026-04-05,HM20,Black,quart,ProMar200-Black-Quart,52,13.0
9487,2026-04-02,2026-04-04,HM25,Black,gallon,PrepRite-Black-Gallon,58,58.0
9488,2026-04-02,2026-04-04,HM25,Black,quart,PrepRite-Black-Quart,249,62.25
9489,2026-04-02,2026-04-05,HM25,Black,gallon,PrepRite-Black-Gallon,16,16.0
9490,2026-04-02,2026-04-06,HM25,Black,gallon,PrepRite-Black-Gallon,150,150.0
9491,2026-04-02,2026-04-05,HM30,Black,gallon,ProMar200-Black-Gallon,33,33.0
9492,2026-04-02,2026-04-03,HM36,White,quart,Duration-White-Quart,77,19.25
9493,2026-04-02,2026-04-06,HM43,Red,gallon,Emerald-Red-Gallon,37,37.0
9494,2026-04-02,2026-04-03,HM43,Red,quart,Emerald-Red-Quart,151,37.75
9495,2026-04-02,2026-04-06,HM43,Red,gallon,Emerald-Red-Gallon,54,54.0
9496,2026-04-02,2026-04-06,HM43,Red,gallon,Emerald-Red-Gallon,29,29.0
9497,2026-04-02,2026-04-04,HM50,Clear,gallon,ProMar200-Clear-Gallon,19,19.0
9498,2026-04-02,2026-04-05,HM56,White,quart,Duration-White-Quart,96,24.0
9499,2026-04-02,2026-04-05,HM56,White,gallon,ProMar200-White-Gallon,40,40.0
9500,2026-04-03,2026-04-07,HM01,White,quart,ProMar200-White-Quart,79,19.75
9501,2026-04-03,2026-04-07,HM01,White,quart,SuperPaint-White-Quart,159,39.75
9502,2026-04-03,2026-04-05,HM01,White,quart,SuperPaint-White-Quart,160,40.0
9503,2026-04-03,2026-04-04,HM12,Blue/Green,gallon,SuperPaint-Blue/Green-Gallon,42,42.0
9504,2026-04-03,2026-04-08,HM13,Blue/Green,gallon,SuperPaint-Blue/Green-Gallon,37,37.0
9505,2026-04-03,2026-04-06,HM14,Blue/Green,gallon,SuperPaint-Blue/Green-Gallon,44,44.0
9506,2026-04-03,2026-04-05,HM16,Red,quart,Emerald-Red-Quart,33,8.25
9507,2026-04-03,2026-04-07,HM16,Red,gallon,Emerald-Red-Gallon,98,98.0
9508,2026-04-03,2026-04-06,HM25,Black,pail_5gal,PrepRite-Black-Pail,21,105.0
9509,2026-04-03,2026-04-06,HM36,White,quart,SuperPaint-White-Quart,51,12.75
9510,2026-04-03,2026-04-14,HM36,White,quart,ProMar200-White-Quart,57,14.25
9511,2026-04-03,2026-04-05,HM36,White,gallon,SuperPaint-White-Gallon,56,56.0
9512,2026-04-03,2026-04-06,HM47,Red,gallon,Duration-Red-Gallon,51,51.0
9513,2026-04-03,2026-04-08,HM50,Clear,quart,ProMar200-Clear-Quart,131,32.75
9514,2026-04-04,2026-04-06,HM01,White,gallon,SuperPaint-White-Gallon,67,67.0
9515,2026-04-04,2026-04-08,HM12,Blue/Green,quart,Emerald-Blue/Green-Quart,100,25.0
9516,2026-04-04,2026-04-07,HM12,Blue/Green,gallon,SuperPaint-Blue/Green-Gallon,47,47.0
9517,2026-04-04,2026-04-18,HM12,Blue/Green,gallon,SuperPaint-Blue/Green-Gallon,40,40.0
9518,2026-04-04,2026-04-06,HM13,Blue/Green,gallon,SuperPaint-Blue/Green-Gallon,30,30.0
9519,2026-04-04,2026-04-07,HM13,Blue/Green,quart,SuperPaint-Blue/Green-Quart,91,22.75
9520,2026-04-04,2026-04-05,HM14,Blue/Green,gallon,Emerald-Blue/Green-Gallon,14,14.0
9521,2026-04-04,2026-04-07,HM25,Black,quart,PrepRite-Black-Quart,91,22.75
9522,2026-04-04,2026-04-06,HM36,White,quart,SuperPaint-White-Quart,148,37.0
9523,2026-04-04,2026-04-05,HM36,White,gallon,SuperPaint-White-Gallon,44,44.0
9524,2026-04-04,2026-04-05,HM43,Red,gallon,Emerald-Red-Gallon,21,21.0
9525,2026-04-04,2026-04-11,HM43,Red,quart,Duration-Red-Quart,51,12.75
9526,2026-04-04,2026-04-06,HM47,Red,quart,Emerald-Red-Quart,106,26.5
9527,2026-04-04,2026-04-08,HM47,Red,quart,Emerald-Red-Quart,91,22.75
9528,2026-04-04,2026-04-07,HM47,Red,quart,Emerald-Red-Quart,226,56.5
9529,2026-04-04,2026-04-06,HM50,Clear,gallon,SuperPaint-Clear-Gallon,60,60.0
9530,2026-04-04,2026-04-07,HM50,Clear,quart,ProMar200-Clear-Quart,273,68.25
9531,2026-04-04,2026-04-07,HM50,Clear,gallon,SuperPaint-Clear-Gallon,108,108.0
9532,2026-04-05,2026-04-08,HM01,White,gallon,SuperPaint-White-Gallon,54,54.0
9533,2026-04-05,2026-04-06,HM12,Blue/Green,gallon,SuperPaint-Blue/Green-Gallon,24,24.0
9534,2026-04-05,2026-04-07,HM12,Blue/Green,gallon,Emerald-Blue/Green-Gallon,36,36.0
9535,2026-04-05,2026-04-08,HM16,Red,gallon,Duration-Red-Gallon,64,64.0
9536,2026-04-05,2026-04-12,HM47,Red,quart,Emerald-Red-Quart,135,33.75
9537,2026-04-05,2026-04-07,HM50,Clear,gallon,SuperPaint-Clear-Gallon,24,24.0
9538,2026-04-05,2026-04-13,HM56,White,gallon,SuperPaint-White-Gallon,23,23.0
9539,2026-04-06,2026-04-07,HM12,Blue/Green,quart,Emerald-Blue/Green-Quart,72,18.0
9540,2026-04-06,2026-04-07,HM13,Blue/Green,quart,Emerald-Blue/Green-Quart,50,12.5
9541,2026-04-06,2026-04-08,HM14,Blue/Green,quart,SuperPaint-Blue/Green-Quart,339,84.75
9542,2026-04-06,2026-04-08,HM14,Blue/Green,quart,SuperPaint-Blue/Green-Quart,116,29.0
9543,2026-04-06,2026-04-07,HM25,Black,quart,ProMar200-Black-Quart,41,10.25
9544,2026-04-06,2026-04-09,HM36,White,gallon,SuperPaint-White-Gallon,15,15.0
9545,2026-04-06,2026-04-08,HM36,White,pail_5gal,ProMar200-White-Pail,5,25.0
9546,2026-04-06,2026-04-11,HM36,White,pail_5gal,ProMar200-White-Pail,6,30.0
9547,2026-04-06,2026-04-09,HM43,Red,quart,Emerald-Red-Quart,142,35.5
9548,2026-04-06,2026-04-11,HM43,Red,gallon,Duration-Red-Gallon,18,18.0
9549,2026-04-06,2026-04-10,HM47,Red,gallon,Emerald-Red-Gallon,80,80.0
9550,2026-04-06,2026-04-09,HM56,White,quart,SuperPaint-White-Quart,103,25.75
9551,2026-04-06,2026-04-09,HM56,White,gallon,Duration-White-Gallon,22,22.0
9552,2026-04-06,2026-04-08,HM56,White,gallon,SuperPaint-White-Gallon,49,49.0
9553,2026-04-06,2026-04-09,HM56,White,pail_5gal,ProMar200-White-Pail,11,55.0
9554,2026-04-07,2026-04-08,HM01,White,gallon,SuperPaint-White-Gallon,18,18.0
9555,2026-04-07,2026-04-12,HM12,Blue/Green,quart,SuperPaint-Blue/Green-Quart,74,18.5
9556,2026-04-07,2026-04-10,HM12,Blue/Green,quart,SuperPaint-Blue/Green-Quart,63,15.75
9557,2026-04-07,2026-04-10,HM12,Blue/Green,quart,Emerald-Blue/Green-Quart,173,43.25
9558,2026-04-07,2026-04-10,HM13,Blue/Green,quart,Emerald-Blue/Green-Quart,47,11.75
9559,2026-04-07,2026-04-15,HM13,Blue/Green,quart,Emerald-Blue/Green-Quart,120,30.0
9560,2026-04-07,2026-04-19,HM13,Blue/Green,gallon,SuperPaint-Blue/Green-Gallon,19,19.0
9561,2026-04-07,2026-04-09,HM13,Blue/Green,quart,Emerald-Blue/Green-Quart,51,12.75
9562,2026-04-07,2026-04-13,HM14,Blue/Green,gallon,SuperPaint-Blue/Green-Gallon,30,30.0
9563,2026-04-07,2026-04-08,HM16,Red,quart,Duration-Red-Quart,53,13.25
9564,2026-04-07,2026-04-09,HM20,Black,gallon,PrepRite-Black-Gallon,39,39.0
9565,2026-04-07,2026-04-13,HM25,Black,quart,ProMar200-Black-Quart,45,11.25
9566,2026-04-07,2026-04-21,HM25,Black,gallon,ProMar200-Black-Gallon,39,39.0
9567,2026-04-07,2026-04-12,HM36,White,gallon,Duration-White-Gallon,12,12.0
9568,2026-04-07,2026-04-10,HM36,White,quart,Duration-White-Quart,111,27.75
9569,2026-04-07,2026-04-11,HM36,White,pail_5gal,ProMar200-White-Pail,2,10.0
9570,2026-04-07,2026-04-08,HM43,Red,quart,Emerald-Red-Quart,36,9.0
9571,2026-04-07,2026-04-09,HM47,Red,gallon,Duration-Red-Gallon,26,26.0
9572,2026-04-07,2026-04-11,HM47,Red,quart,Emerald-Red-Quart,160,40.0
9573,2026-04-07,2026-04-09,HM50,Clear,pail_5gal,ProMar200-Clear-Pail,4,20.0
9574,2026-04-07,2026-04-11,HM50,Clear,quart,ProMar200-Clear-Quart,81,20.25
9575,2026-04-07,2026-04-08,HM56,White,quart,ProMar200-White-Quart,77,19.25
9576,2026-04-08,2026-04-11,HM01,White,pail_5gal,SuperPaint-White-Pail,3,15.0
9577,2026-04-08,2026-04-09,HM13,Blue/Green,quart,Emerald-Blue/Green-Quart,105,26.25
9578,2026-04-08,2026-04-09,HM13,Blue/Green,quart,SuperPaint-Blue/Green-Quart,169,42.25
9579,2026-04-08,2026-04-10,HM14,Blue/Green,quart,Emerald-Blue/Green-Quart,40,10.0
9580,2026-04-08,2026-04-11,HM14,Blue/Green,gallon,Emerald-Blue/Green-Gallon,107,107.0
9581,2026-04-08,2026-04-09,HM16,Red,gallon,Emerald-Red-Gallon,38,38.0
9582,2026-04-08,2026-04-09,HM16,Red,pail_5gal,Duration-Red-Pail,10,50.0
9583,2026-04-08,2026-04-09,HM16,Red,pail_5gal,Duration-Red-Pail,2,10.0
9584,2026-04-08,2026-04-10,HM20,Black,gallon,ProMar200-Black-Gallon,26,26.0
9585,2026-04-08,2026-04-09,HM25,Black,gallon,ProMar200-Black-Gallon,103,103.0
9586,2026-04-08,2026-04-11,HM36,White,quart,ProMar200-White-Quart,193,48.25
9587,2026-04-08,2026-04-10,HM43,Red,gallon,Emerald-Red-Gallon,20,20.0
9588,2026-04-08,2026-04-09,HM47,Red,gallon,Emerald-Red-Gallon,25,25.0
9589,2026-04-08,2026-04-11,HM47,Red,pail_5gal,Emerald-Red-Pail,4,20.0
9590,2026-04-08,2026-04-09,HM47,Red,quart,Duration-Red-Quart,104,26.0
9591,2026-04-08,2026-04-09,HM47,Red,quart,Emerald-Red-Quart,152,38.0
9592,2026-04-08,2026-04-10,HM50,Clear,gallon,SuperPaint-Clear-Gallon,25,25.0
9593,2026-04-08,2026-04-10,HM50,Clear,quart,SuperPaint-Clear-Quart,70,17.5
9594,2026-04-08,2026-04-11,HM56,White,quart,SuperPaint-White-Quart,27,6.75
9595,2026-04-08,2026-04-13,HM56,White,quart,ProMar200-White-Quart,110,27.5
9596,2026-04-08,2026-04-10,HM56,White,gallon,Duration-White-Gallon,49,49.0
9597,2026-04-09,2026-04-10,HM01,White,quart,ProMar200-White-Quart,236,59.0
9598,2026-04-09,2026-04-14,HM12,Blue/Green,quart,SuperPaint-Blue/Green-Quart,156,39.0
9599,2026-04-09,2026-04-10,HM12,Blue/Green,pail_5gal,Emerald-Blue/Green-Pail,4,20.0
9600,2026-04-09,2026-04-11,HM12,Blue/Green,quart,Emerald-Blue/Green-Quart,174,43.5
9601,2026-04-09,2026-04-11,HM12,Blue/Green,quart,SuperPaint-Blue/Green-Quart,98,24.5
9602,2026-04-09,2026-04-15,HM13,Blue/Green,gallon,SuperPaint-Blue/Green-Gallon,150,150.0
9603,2026-04-09,2026-04-14,HM13,Blue/Green,quart,Emerald-Blue/Green-Quart,55,13.75
9604,2026-04-09,2026-04-12,HM14,Blue/Green,pail_5gal,SuperPaint-Blue/Green-Pail,5,25.0
9605,2026-04-09,2026-04-11,HM20,Black,gallon,ProMar200-Black-Gallon,20,20.0
9606,2026-04-09,2026-04-14,HM20,Black,pail_5gal,ProMar200-Black-Pail,3,15.0
9607,2026-04-09,2026-04-11,HM20,Black,pail_5gal,ProMar200-Black-Pail,6,30.0
9608,2026-04-09,2026-04-11,HM30,Black,pail_5gal,PrepRite-Black-Pail,4,20.0
9609,2026-04-09,2026-04-12,HM36,White,quart,Duration-White-Quart,107,26.75
9610,2026-04-09,2026-04-16,HM36,White,quart,Duration-White-Quart,244,61.0
9611,2026-04-09,2026-04-10,HM36,White,gallon,ProMar200-White-Gallon,21,21.0
9612,2026-04-09,2026-04-12,HM36,White,pail_5gal,ProMar200-White-Pail,9,45.0
9613,2026-04-09,2026-04-14,HM36,White,gallon,ProMar200-White-Gallon,40,40.0
9614,2026-04-09,2026-04-10,HM36,White,gallon,SuperPaint-White-Gallon,29,29.0
9615,2026-04-09,2026-04-12,HM36,White,quart,Duration-White-Quart,68,17.0
9616,2026-04-09,2026-04-13,HM43,Red,gallon,Duration-Red-Gallon,49,49.0
9617,2026-04-09,2026-04-21,HM43,Red,gallon,Duration-Red-Gallon,21,21.0
9618,2026-04-09,2026-04-11,HM43,Red,gallon,Duration-Red-Gallon,25,25.0
9619,2026-04-09,2026-04-11,HM43,Red,gallon,Duration-Red-Gallon,18,18.0
9620,2026-04-09,2026-04-11,HM43,Red,gallon,Emerald-Red-Gallon,13,13.0
9621,2026-04-09,2026-04-15,HM43,Red,quart,Duration-Red-Quart,126,31.5
9622,2026-04-09,2026-04-12,HM43,Red,gallon,Duration-Red-Gallon,31,31.0
9623,2026-04-09,2026-04-11,HM43,Red,quart,Duration-Red-Quart,135,33.75
9624,2026-04-09,2026-04-12,HM47,Red,quart,Emerald-Red-Quart,268,67.0
9625,2026-04-09,2026-04-13,HM47,Red,quart,Emerald-Red-Quart,181,45.25
9626,2026-04-09,2026-04-10,HM47,Red,gallon,Duration-Red-Gallon,30,30.0
9627,2026-04-09,2026-04-11,HM47,Red,gallon,Emerald-Red-Gallon,49,49.0
9628,2026-04-09,2026-04-15,HM50,Clear,gallon,ProMar200-Clear-Gallon,51,51.0
9629,2026-04-10,2026-04-12,HM12,Blue/Green,quart,Emerald-Blue/Green-Quart,147,36.75
9630,2026-04-10,2026-04-14,HM12,Blue/Green,gallon,Emerald-Blue/Green-Gallon,18,18.0
9631,2026-04-10,2026-04-13,HM12,Blue/Green,gallon,Emerald-Blue/Green-Gallon,23,23.0
9632,2026-04-10,2026-04-13,HM13,Blue/Green,quart,Emerald-Blue/Green-Quart,221,55.25
9633,2026-04-10,2026-04-18,HM13,Blue/Green,gallon,SuperPaint-Blue/Green-Gallon,12,12.0
9634,2026-04-10,2026-04-13,HM13,Blue/Green,gallon,Emerald-Blue/Green-Gallon,40,40.0
9635,2026-04-10,2026-04-12,HM13,Blue/Green,quart,Emerald-Blue/Green-Quart,59,14.75
9636,2026-04-10,2026-04-12,HM14,Blue/Green,gallon,SuperPaint-Blue/Green-Gallon,18,18.0
9637,2026-04-10,2026-04-12,HM14,Blue/Green,gallon,SuperPaint-Blue/Green-Gallon,18,18.0
9638,2026-04-10,2026-04-15,HM16,Red,gallon,Duration-Red-Gallon,46,46.0
9639,2026-04-10,2026-04-11,HM16,Red,gallon,Duration-Red-Gallon,26,26.0
9640,2026-04-10,2026-04-16,HM20,Black,gallon,ProMar200-Black-Gallon,22,22.0
9641,2026-04-10,2026-04-16,HM20,Black,gallon,ProMar200-Black-Gallon,51,51.0
9642,2026-04-10,2026-04-13,HM30,Black,pail_5gal,PrepRite-Black-Pail,6,30.0
9643,2026-04-10,2026-04-12,HM30,Black,gallon,ProMar200-Black-Gallon,42,42.0
9644,2026-04-10,2026-04-12,HM36,White,gallon,Duration-White-Gallon,12,12.0
9645,2026-04-10,2026-04-15,HM36,White,quart,Duration-White-Quart,178,44.5
9646,2026-04-10,2026-04-12,HM47,Red,gallon,Emerald-Red-Gallon,51,51.0
9647,2026-04-10,2026-04-15,HM50,Clear,pail_5gal,ProMar200-Clear-Pail,3,15.0
9648,2026-04-10,2026-04-12,HM56,White,quart,Duration-White-Quart,71,17.75
9649,2026-04-10,2026-04-13,HM56,White,pail_5gal,Duration-White-Pail,7,35.0
9650,2026-04-11,2026-04-14,HM13,Blue/Green,gallon,SuperPaint-Blue/Green-Gallon,31,31.0
9651,2026-04-11,2026-04-13,HM13,Blue/Green,quart,SuperPaint-Blue/Green-Quart,85,21.25
9652,2026-04-11,2026-04-16,HM13,Blue/Green,gallon,SuperPaint-Blue/Green-Gallon,65,65.0
9653,2026-04-11,2026-04-12,HM14,Blue/Green,quart,SuperPaint-Blue/Green-Quart,111,27.75
9654,2026-04-11,2026-04-13,HM14,Blue/Green,quart,SuperPaint-Blue/Green-Quart,75,18.75
9655,2026-04-11,2026-04-12,HM16,Red,gallon,Emerald-Red-Gallon,58,58.0
9656,2026-04-11,2026-04-16,HM16,Red,gallon,Emerald-Red-Gallon,29,29.0
9657,2026-04-11,2026-04-12,HM20,Black,quart,ProMar200-Black-Quart,87,21.75
9658,2026-04-11,2026-04-14,HM20,Black,gallon,PrepRite-Black-Gallon,28,28.0
9659,2026-04-11,2026-04-14,HM25,Black,quart,ProMar200-Black-Quart,40,10.0
9660,2026-04-11,2026-04-16,HM30,Black,gallon,PrepRite-Black-Gallon,86,86.0
9661,2026-04-11,2026-04-12,HM30,Black,gallon,PrepRite-Black-Gallon,17,17.0
9662,2026-04-11,2026-04-20,HM36,White,quart,Duration-White-Quart,140,35.0
9663,2026-04-11,2026-04-13,HM47,Red,gallon,Duration-Red-Gallon,34,34.0
9664,2026-04-11,2026-04-16,HM47,Red,gallon,Duration-Red-Gallon,55,55.0
9665,2026-04-11,2026-04-13,HM47,Red,gallon,Emerald-Red-Gallon,41,41.0
9666,2026-04-11,2026-04-14,HM56,White,pail_5gal,Duration-White-Pail,15,75.0
9667,2026-04-12,2026-04-14,HM01,White,quart,Duration-White-Quart,79,19.75
9668,2026-04-12,2026-04-13,HM01,White,quart,SuperPaint-White-Quart,195,48.75
9669,2026-04-12,2026-04-13,HM13,Blue/Green,quart,Emerald-Blue/Green-Quart,257,64.25
9670,2026-04-12,2026-04-17,HM13,Blue/Green,quart,SuperPaint-Blue/Green-Quart,127,31.75
9671,2026-04-12,2026-04-21,HM13,Blue/Green,gallon,Emerald-Blue/Green-Gallon,41,41.0
9672,2026-04-12,2026-04-13,HM14,Blue/Green,quart,Emerald-Blue/Green-Quart,92,23.0
9673,2026-04-12,2026-04-14,HM14,Blue/Green,quart,SuperPaint-Blue/Green-Quart,111,27.75
9674,2026-04-12,2026-04-13,HM16,Red,gallon,Duration-Red-Gallon,39,39.0
9675,2026-04-12,2026-04-17,HM20,Black,gallon,ProMar200-Black-Gallon,46,46.0
9676,2026-04-12,2026-04-16,HM20,Black,pail_5gal,ProMar200-Black-Pail,8,40.0
9677,2026-04-12,2026-04-14,HM25,Black,gallon,PrepRite-Black-Gallon,61,61.0
9678,2026-04-12,2026-04-13,HM30,Black,gallon,PrepRite-Black-Gallon,28,28.0
9679,2026-04-12,2026-04-13,HM36,White,quart,SuperPaint-White-Quart,88,22.0
9680,2026-04-12,2026-04-13,HM36,White,gallon,ProMar200-White-Gallon,28,28.0
9681,2026-04-12,2026-04-14,HM43,Red,gallon,Duration-Red-Gallon,26,26.0
9682,2026-04-12,2026-04-15,HM43,Red,quart,Emerald-Red-Quart,59,14.75
9683,2026-04-12,2026-04-14,HM43,Red,gallon,Duration-Red-Gallon,17,17.0
9684,2026-04-12,2026-04-14,HM47,Red,pail_5gal,Emerald-Red-Pail,4,20.0
9685,2026-04-12,2026-04-13,HM47,Red,quart,Duration-Red-Quart,121,30.25
9686,2026-04-12,2026-04-13,HM50,Clear,pail_5gal,ProMar200-Clear-Pail,5,25.0
9687,2026-04-12,2026-04-13,HM56,White,pail_5gal,SuperPaint-White-Pail,8,40.0
9688,2026-04-12,2026-04-14,HM56,White,quart,Duration-White-Quart,278,69.5
9689,2026-04-13,2026-04-15,HM12,Blue/Green,gallon,SuperPaint-Blue/Green-Gallon,84,84.0
9690,2026-04-13,2026-04-18,HM12,Blue/Green,gallon,SuperPaint-Blue/Green-Gallon,46,46.0
9691,2026-04-13,2026-04-15,HM14,Blue/Green,pail_5gal,SuperPaint-Blue/Green-Pail,16,80.0
9692,2026-04-13,2026-04-17,HM14,Blue/Green,quart,Emerald-Blue/Green-Quart,145,36.25
9693,2026-04-13,2026-04-15,HM14,Blue/Green,quart,SuperPaint-Blue/Green-Quart,221,55.25
9694,2026-04-13,2026-04-19,HM20,Black,pail_5gal,PrepRite-Black-Pail,9,45.0
9695,2026-04-13,2026-04-19,HM20,Black,gallon,PrepRite-Black-Gallon,7,7.0
9696,2026-04-13,2026-04-15,HM20,Black,pail_5gal,ProMar200-Black-Pail,3,15.0
9697,2026-04-13,2026-04-21,HM30,Black,pail_5gal,ProMar200-Black-Pail,11,55.0
9698,2026-04-13,2026-04-17,HM36,White,quart,ProMar200-White-Quart,127,31.75
9699,2026-04-13,2026-04-16,HM36,White,pail_5gal,Duration-White-Pail,15,75.0
9700,2026-04-13,2026-04-17,HM36,White,quart,SuperPaint-White-Quart,285,71.25
9701,2026-04-13,2026-04-17,HM43,Red,gallon,Duration-Red-Gallon,12,12.0
9702,2026-04-13,2026-04-14,HM47,Red,quart,Emerald-Red-Quart,97,24.25
9703,2026-04-13,2026-04-17,HM50,Clear,quart,SuperPaint-Clear-Quart,100,25.0
9704,2026-04-13,2026-04-19,HM50,Clear,gallon,ProMar200-Clear-Gallon,70,70.0
9705,2026-04-13,2026-04-18,HM50,Clear,gallon,SuperPaint-Clear-Gallon,20,20.0
9706,2026-04-13,2026-04-14,HM56,White,quart,SuperPaint-White-Quart,89,22.25
9707,2026-04-13,2026-04-16,HM56,White,quart,Duration-White-Quart,159,39.75
9708,2026-04-13,2026-04-15,HM56,White,quart,Duration-White-Quart,181,45.25
9709,2026-04-13,2026-04-16,HM56,White,quart,SuperPaint-White-Quart,94,23.5
9710,2026-04-14,2026-04-17,HM01,White,quart,Duration-White-Quart,27,6.75
9711,2026-04-14,2026-04-17,HM12,Blue/Green,gallon,SuperPaint-Blue/Green-Gallon,53,53.0
9712,2026-04-14,2026-04-24,HM12,Blue/Green,pail_5gal,Emerald-Blue/Green-Pail,7,35.0
9713,2026-04-14,2026-04-15,HM12,Blue/Green,gallon,Emerald-Blue/Green-Gallon,11,11.0
9714,2026-04-14,2026-04-15,HM12,Blue/Green,quart,SuperPaint-Blue/Green-Quart,51,12.75
9715,2026-04-14,2026-04-25,HM13,Blue/Green,gallon,Emerald-Blue/Green-Gallon,9,9.0
9716,2026-04-14,2026-04-17,HM14,Blue/Green,quart,SuperPaint-Blue/Green-Quart,126,31.5
9717,2026-04-14,2026-04-18,HM14,Blue/Green,gallon,SuperPaint-Blue/Green-Gallon,25,25.0
9718,2026-04-14,2026-04-16,HM16,Red,quart,Duration-Red-Quart,85,21.25
9719,2026-04-14,2026-04-21,HM25,Black,quart,PrepRite-Black-Quart,96,24.0
9720,2026-04-14,2026-04-18,HM30,Black,gallon,PrepRite-Black-Gallon,27,27.0
9721,2026-04-14,2026-04-20,HM30,Black,pail_5gal,ProMar200-Black-Pail,4,20.0
9722,2026-04-14,2026-04-16,HM50,Clear,quart,ProMar200-Clear-Quart,46,11.5
9723,2026-04-14,2026-04-16,HM56,White,pail_5gal,SuperPaint-White-Pail,3,15.0
9724,2026-04-15,2026-04-21,HM01,White,gallon,Duration-White-Gallon,9,9.0
9725,2026-04-15,2026-04-18,HM01,White,gallon,SuperPaint-White-Gallon,8,8.0
9726,2026-04-15,2026-04-18,HM01,White,gallon,SuperPaint-White-Gallon,53,53.0
9727,2026-04-15,2026-04-18,HM12,Blue/Green,quart,Emerald-Blue/Green-Quart,103,25.75
9728,2026-04-15,2026-04-16,HM13,Blue/Green,quart,SuperPaint-Blue/Green-Quart,61,15.25
9729,2026-04-15,2026-04-17,HM13,Blue/Green,pail_5gal,SuperPaint-Blue/Green-Pail,6,30.0
9730,2026-04-15,2026-04-18,HM13,Blue/Green,quart,Emerald-Blue/Green-Quart,178,44.5
9731,2026-04-15,2026-04-17,HM14,Blue/Green,quart,Emerald-Blue/Green-Quart,57,14.25
9732,2026-04-15,2026-04-16,HM14,Blue/Green,pail_5gal,Emerald-Blue/Green-Pail,30,150.0
9733,2026-04-15,2026-04-24,HM14,Blue/Green,gallon,SuperPaint-Blue/Green-Gallon,42,42.0
9734,2026-04-15,2026-04-20,HM14,Blue/Green,gallon,SuperPaint-Blue/Green-Gallon,27,27.0
9735,2026-04-15,2026-04-18,HM16,Red,pail_5gal,Duration-Red-Pail,10,50.0
9736,2026-04-15,2026-04-17,HM20,Black,gallon,ProMar200-Black-Gallon,74,74.0
9737,2026-04-15,2026-04-16,HM20,Black,quart,ProMar200-Black-Quart,66,16.5
9738,2026-04-15,2026-04-16,HM25,Black,pail_5gal,ProMar200-Black-Pail,5,25.0
9739,2026-04-15,2026-04-16,HM30,Black,quart,PrepRite-Black-Quart,134,33.5
9740,2026-04-15,2026-04-18,HM30,Black,gallon,ProMar200-Black-Gallon,56,56.0
9741,2026-04-15,2026-04-16,HM30,Black,pail_5gal,ProMar200-Black-Pail,6,30.0
9742,2026-04-15,2026-04-16,HM36,White,pail_5gal,Duration-White-Pail,12,60.0
9743,2026-04-15,2026-04-18,HM36,White,gallon,ProMar200-White-Gallon,40,40.0
9744,2026-04-15,2026-04-19,HM43,Red,gallon,Emerald-Red-Gallon,15,15.0
9745,2026-04-15,2026-04-23,HM43,Red,gallon,Duration-Red-Gallon,78,78.0
9746,2026-04-15,2026-04-18,HM47,Red,gallon,Duration-Red-Gallon,46,46.0
9747,2026-04-15,2026-04-17,HM47,Red,gallon,Emerald-Red-Gallon,28,28.0
9748,2026-04-15,2026-04-19,HM50,Clear,quart,ProMar200-Clear-Quart,80,20.0
9749,2026-04-15,2026-04-16,HM50,Clear,quart,SuperPaint-Clear-Quart,82,20.5
9750,2026-04-16,2026-04-19,HM01,White,gallon,ProMar200-White-Gallon,44,44.0
9751,2026-04-16,2026-04-17,HM01,White,gallon,SuperPaint-White-Gallon,23,23.0
9752,2026-04-16,2026-04-20,HM12,Blue/Green,quart,Emerald-Blue/Green-Quart,230,57.5
9753,2026-04-16,2026-04-17,HM12,Blue/Green,quart,Emerald-Blue/Green-Quart,51,12.75
9754,2026-04-16,2026-04-21,HM13,Blue/Green,quart,SuperPaint-Blue/Green-Quart,500,125.0
9755,2026-04-16,2026-04-19,HM13,Blue/Green,gallon,SuperPaint-Blue/Green-Gallon,106,106.0
9756,2026-04-16,2026-04-18,HM14,Blue/Green,gallon,SuperPaint-Blue/Green-Gallon,16,16.0
9757,2026-04-16,2026-04-18,HM14,Blue/Green,quart,Emerald-Blue/Green-Quart,99,24.75
9758,2026-04-16,2026-04-21,HM16,Red,gallon,Emerald-Red-Gallon,22,22.0
9759,2026-04-16,2026-04-20,HM16,Red,gallon,Duration-Red-Gallon,59,59.0
9760,2026-04-16,2026-04-17,HM20,Black,gallon,ProMar200-Black-Gallon,49,49.0
9761,2026-04-16,2026-04-18,HM20,Black,quart,PrepRite-Black-Quart,106,26.5
9762,2026-04-16,2026-04-17,HM25,Black,pail_5gal,ProMar200-Black-Pail,5,25.0
9763,2026-04-16,2026-04-23,HM25,Black,quart,PrepRite-Black-Quart,169,42.25
9764,2026-04-16,2026-04-19,HM25,Black,quart,ProMar200-Black-Quart,45,11.25
9765,2026-04-16,2026-04-17,HM25,Black,gallon,ProMar200-Black-Gallon,21,21.0
9766,2026-04-16,2026-04-17,HM25,Black,quart,ProMar200-Black-Quart,64,16.0
9767,2026-04-16,2026-04-17,HM25,Black,quart,ProMar200-Black-Quart,64,16.0
9768,2026-04-16,2026-04-17,HM30,Black,gallon,ProMar200-Black-Gallon,13,13.0
9769,2026-04-16,2026-04-17,HM30,Black,gallon,ProMar200-Black-Gallon,34,34.0
9770,2026-04-16,2026-04-21,HM30,Black,gallon,PrepRite-Black-Gallon,28,28.0
9771,2026-04-16,2026-04-19,HM30,Black,gallon,PrepRite-Black-Gallon,26,26.0
9772,2026-04-16,2026-04-18,HM30,Black,gallon,PrepRite-Black-Gallon,28,28.0
9773,2026-04-16,2026-04-17,HM43,Red,quart,Emerald-Red-Quart,167,41.75
9774,2026-04-16,2026-04-19,HM43,Red,pail_5gal,Duration-Red-Pail,11,55.0
9775,2026-04-16,2026-04-19,HM43,Red,pail_5gal,Emerald-Red-Pail,5,25.0
9776,2026-04-16,2026-04-18,HM50,Clear,gallon,SuperPaint-Clear-Gallon,114,114.0
9777,2026-04-16,2026-04-20,HM50,Clear,gallon,SuperPaint-Clear-Gallon,95,95.0
9778,2026-04-16,2026-04-22,HM50,Clear,quart,ProMar200-Clear-Quart,28,7.0
9779,2026-04-16,2026-04-17,HM50,Clear,quart,SuperPaint-Clear-Quart,234,58.5
9780,2026-04-16,2026-04-17,HM56,White,quart,Duration-White-Quart,54,13.5
9781,2026-04-17,2026-04-18,HM01,White,quart,ProMar200-White-Quart,317,79.25
9782,2026-04-17,2026-04-18,HM01,White,pail_5gal,Duration-White-Pail,3,15.0
9783,2026-04-17,2026-04-19,HM01,White,pail_5gal,Duration-White-Pail,4,20.0
9784,2026-04-17,2026-04-19,HM12,Blue/Green,gallon,SuperPaint-Blue/Green-Gallon,26,26.0
9785,2026-04-17,2026-04-19,HM12,Blue/Green,quart,Emerald-Blue/Green-Quart,228,57.0
9786,2026-04-17,2026-04-19,HM12,Blue/Green,pail_5gal,Emerald-Blue/Green-Pail,7,35.0
9787,2026-04-17,2026-04-18,HM13,Blue/Green,quart,SuperPaint-Blue/Green-Quart,67,16.75
9788,2026-04-17,2026-04-18,HM13,Blue/Green,gallon,SuperPaint-Blue/Green-Gallon,16,16.0
9789,2026-04-17,2026-04-19,HM13,Blue/Green,quart,Emerald-Blue/Green-Quart,152,38.0
9790,2026-04-17,2026-04-20,HM13,Blue/Green,quart,SuperPaint-Blue/Green-Quart,97,24.25
9791,2026-04-17,2026-04-18,HM14,Blue/Green,quart,SuperPaint-Blue/Green-Quart,93,23.25
9792,2026-04-17,2026-04-23,HM14,Blue/Green,quart,Emerald-Blue/Green-Quart,211,52.75
9793,2026-04-17,2026-04-19,HM14,Blue/Green,gallon,Emerald-Blue/Green-Gallon,31,31.0
9794,2026-04-17,2026-04-25,HM14,Blue/Green,quart,Emerald-Blue/Green-Quart,75,18.75
9795,2026-04-17,2026-04-19,HM16,Red,gallon,Emerald-Red-Gallon,32,32.0
9796,2026-04-17,2026-04-20,HM16,Red,gallon,Emerald-Red-Gallon,20,20.0
9797,2026-04-17,2026-04-21,HM20,Black,gallon,ProMar200-Black-Gallon,46,46.0
9798,2026-04-17,2026-04-19,HM20,Black,gallon,PrepRite-Black-Gallon,38,38.0
9799,2026-04-17,2026-04-21,HM20,Black,gallon,ProMar200-Black-Gallon,79,79.0
9800,2026-04-17,2026-04-18,HM20,Black,gallon,ProMar200-Black-Gallon,32,32.0
9801,2026-04-17,2026-04-20,HM20,Black,quart,ProMar200-Black-Quart,27,6.75
9802,2026-04-17,2026-04-21,HM30,Black,pail_5gal,ProMar200-Black-Pail,5,25.0
9803,2026-04-17,2026-04-29,HM30,Black,gallon,PrepRite-Black-Gallon,69,69.0
9804,2026-04-17,2026-04-18,HM36,White,gallon,ProMar200-White-Gallon,45,45.0
9805,2026-04-17,2026-04-22,HM36,White,gallon,ProMar200-White-Gallon,52,52.0
9806,2026-04-17,2026-04-18,HM36,White,quart,ProMar200-White-Quart,107,26.75
9807,2026-04-17,2026-04-20,HM36,White,gallon,SuperPaint-White-Gallon,30,30.0
9808,2026-04-17,2026-04-18,HM47,Red,gallon,Emerald-Red-Gallon,54,54.0
9809,2026-04-17,2026-04-24,HM50,Clear,gallon,ProMar200-Clear-Gallon,7,7.0
9810,2026-04-17,2026-04-19,HM56,White,pail_5gal,SuperPaint-White-Pail,3,15.0
9811,2026-04-17,2026-04-20,HM56,White,gallon,Duration-White-Gallon,21,21.0
9812,2026-04-17,2026-04-18,HM56,White,pail_5gal,Duration-White-Pail,6,30.0
9813,2026-04-17,2026-04-22,HM56,White,gallon,ProMar200-White-Gallon,46,46.0
9814,2026-04-17,2026-04-19,HM56,White,quart,Duration-White-Quart,55,13.75
9815,2026-04-18,2026-04-23,HM12,Blue/Green,pail_5gal,SuperPaint-Blue/Green-Pail,2,10.0
9816,2026-04-18,2026-04-23,HM12,Blue/Green,quart,Emerald-Blue/Green-Quart,112,28.0
9817,2026-04-18,2026-04-21,HM13,Blue/Green,quart,SuperPaint-Blue/Green-Quart,111,27.75
9818,2026-04-18,2026-04-21,HM14,Blue/Green,quart,SuperPaint-Blue/Green-Quart,96,24.0
9819,2026-04-18,2026-04-20,HM14,Blue/Green,quart,Emerald-Blue/Green-Quart,157,39.25
9820,2026-04-18,2026-04-19,HM16,Red,gallon,Emerald-Red-Gallon,86,86.0
9821,2026-04-18,2026-04-20,HM30,Black,gallon,PrepRite-Black-Gallon,56,56.0
9822,2026-04-18,2026-04-22,HM47,Red,quart,Emerald-Red-Quart,205,51.25
9823,2026-04-18,2026-04-22,HM50,Clear,gallon,SuperPaint-Clear-Gallon,59,59.0
9824,2026-04-18,2026-04-21,HM50,Clear,gallon,ProMar200-Clear-Gallon,60,60.0
9825,2026-04-18,2026-04-20,HM50,Clear,gallon,ProMar200-Clear-Gallon,150,150.0
9826,2026-04-18,2026-04-19,HM56,White,quart,Duration-White-Quart,129,32.25
9827,2026-04-18,2026-04-21,HM56,White,quart,Duration-White-Quart,369,92.25
9828,2026-04-19,2026-04-23,HM01,White,quart,SuperPaint-White-Quart,91,22.75
9829,2026-04-19,2026-04-27,HM01,White,quart,ProMar200-White-Quart,106,26.5
9830,2026-04-19,2026-04-28,HM01,White,quart,SuperPaint-White-Quart,72,18.0
9831,2026-04-19,2026-04-21,HM13,Blue/Green,gallon,Emerald-Blue/Green-Gallon,23,23.0
9832,2026-04-19,2026-04-24,HM13,Blue/Green,quart,SuperPaint-Blue/Green-Quart,122,30.5
9833,2026-04-19,2026-04-21,HM20,Black,gallon,ProMar200-Black-Gallon,20,20.0
9834,2026-04-19,2026-04-20,HM20,Black,quart,ProMar200-Black-Quart,70,17.5
9835,2026-04-19,2026-04-21,HM25,Black,gallon,ProMar200-Black-Gallon,61,61.0
9836,2026-04-19,2026-04-20,HM30,Black,pail_5gal,ProMar200-Black-Pail,6,30.0
9837,2026-04-19,2026-04-22,HM30,Black,quart,PrepRite-Black-Quart,137,34.25
9838,2026-04-19,2026-04-23,HM30,Black,pail_5gal,PrepRite-Black-Pail,5,25.0
9839,2026-04-19,2026-04-28,HM30,Black,pail_5gal,ProMar200-Black-Pail,3,15.0
9840,2026-04-19,2026-04-23,HM36,White,pail_5gal,ProMar200-White-Pail,3,15.0
9841,2026-04-19,2026-04-21,HM47,Red,gallon,Duration-Red-Gallon,35,35.0
9842,2026-04-19,2026-04-23,HM47,Red,quart,Duration-Red-Quart,126,31.5
9843,2026-04-19,2026-04-22,HM50,Clear,pail_5gal,ProMar200-Clear-Pail,4,20.0
9844,2026-04-19,2026-04-24,HM56,White,quart,ProMar200-White-Quart,121,30.25
9845,2026-04-20,2026-04-23,HM01,White,pail_5gal,ProMar200-White-Pail,3,15.0
9846,2026-04-20,2026-04-24,HM13,Blue/Green,quart,SuperPaint-Blue/Green-Quart,64,16.0
9847,2026-04-20,2026-04-23,HM13,Blue/Green,quart,SuperPaint-Blue/Green-Quart,112,28.0
9848,2026-04-20,2026-05-04,HM16,Red,gallon,Duration-Red-Gallon,36,36.0
9849,2026-04-20,2026-04-22,HM16,Red,gallon,Duration-Red-Gallon,35,35.0
9850,2026-04-20,2026-04-24,HM16,Red,quart,Duration-Red-Quart,56,14.0
9851,2026-04-20,2026-04-21,HM20,Black,pail_5gal,ProMar200-Black-Pail,16,80.0
9852,2026-04-20,2026-04-23,HM20,Black,pail_5gal,PrepRite-Black-Pail,5,25.0
9853,2026-04-20,2026-05-04,HM25,Black,quart,ProMar200-Black-Quart,86,21.5
9854,2026-04-20,2026-04-27,HM30,Black,quart,ProMar200-Black-Quart,158,39.5
9855,2026-04-20,2026-04-21,HM30,Black,quart,ProMar200-Black-Quart,82,20.5
9856,2026-04-20,2026-04-25,HM36,White,pail_5gal,Duration-White-Pail,5,25.0
9857,2026-04-20,2026-04-22,HM43,Red,quart,Duration-Red-Quart,98,24.5
9858,2026-04-20,2026-04-25,HM43,Red,gallon,Duration-Red-Gallon,25,25.0
9859,2026-04-20,2026-04-23,HM43,Red,pail_5gal,Emerald-Red-Pail,9,45.0
9860,2026-04-20,2026-04-23,HM50,Clear,gallon,ProMar200-Clear-Gallon,41,41.0
9861,2026-04-20,2026-04-22,HM50,Clear,quart,SuperPaint-Clear-Quart,177,44.25
9862,2026-04-20,2026-04-25,HM56,White,quart,ProMar200-White-Quart,131,32.75
9863,2026-04-21,2026-04-25,HM01,White,quart,Duration-White-Quart,105,26.25
9864,2026-04-21,2026-04-22,HM12,Blue/Green,gallon,SuperPaint-Blue/Green-Gallon,69,69.0
9865,2026-04-21,2026-04-23,HM13,Blue/Green,quart,SuperPaint-Blue/Green-Quart,34,8.5
9866,2026-04-21,2026-04-25,HM13,Blue/Green,pail_5gal,Emerald-Blue/Green-Pail,5,25.0
9867,2026-04-21,2026-04-22,HM14,Blue/Green,gallon,SuperPaint-Blue/Green-Gallon,27,27.0
9868,2026-04-21,2026-05-01,HM14,Blue/Green,gallon,SuperPaint-Blue/Green-Gallon,20,20.0
9869,2026-04-21,2026-04-24,HM16,Red,pail_5gal,Duration-Red-Pail,4,20.0
9870,2026-04-21,2026-04-23,HM20,Black,gallon,PrepRite-Black-Gallon,30,30.0
9871,2026-04-21,2026-04-23,HM25,Black,quart,PrepRite-Black-Quart,92,23.0
9872,2026-04-21,2026-04-25,HM30,Black,gallon,ProMar200-Black-Gallon,23,23.0
9873,2026-04-21,2026-04-26,HM43,Red,quart,Duration-Red-Quart,111,27.75
9874,2026-04-21,2026-04-23,HM43,Red,pail_5gal,Emerald-Red-Pail,6,30.0
9875,2026-04-21,2026-04-24,HM50,Clear,gallon,ProMar200-Clear-Gallon,23,23.0
9876,2026-04-21,2026-04-23,HM56,White,quart,Duration-White-Quart,90,22.5
9877,2026-04-22,2026-04-23,HM01,White,gallon,SuperPaint-White-Gallon,129,129.0
9878,2026-04-22,2026-04-23,HM01,White,gallon,SuperPaint-White-Gallon,35,35.0
9879,2026-04-22,2026-04-27,HM01,White,pail_5gal,ProMar200-White-Pail,3,15.0
9880,2026-04-22,2026-04-30,HM12,Blue/Green,quart,SuperPaint-Blue/Green-Quart,131,32.75
9881,2026-04-22,2026-04-27,HM13,Blue/Green,quart,Emerald-Blue/Green-Quart,63,15.75
9882,2026-04-22,2026-04-24,HM13,Blue/Green,pail_5gal,Emerald-Blue/Green-Pail,6,30.0
9883,2026-04-22,2026-04-28,HM13,Blue/Green,quart,SuperPaint-Blue/Green-Quart,36,9.0
9884,2026-04-22,2026-04-25,HM14,Blue/Green,quart,SuperPaint-Blue/Green-Quart,86,21.5
9885,2026-04-22,2026-04-30,HM16,Red,gallon,Emerald-Red-Gallon,84,84.0
9886,2026-04-22,2026-04-26,HM16,Red,pail_5gal,Emerald-Red-Pail,1,5.0
9887,2026-04-22,2026-04-23,HM20,Black,gallon,ProMar200-Black-Gallon,28,28.0
9888,2026-04-22,2026-04-23,HM20,Black,gallon,ProMar200-Black-Gallon,9,9.0
9889,2026-04-22,2026-04-25,HM20,Black,gallon,PrepRite-Black-Gallon,32,32.0
9890,2026-04-22,2026-04-25,HM25,Black,gallon,PrepRite-Black-Gallon,13,13.0
9891,2026-04-22,2026-04-23,HM30,Black,gallon,ProMar200-Black-Gallon,28,28.0
9892,2026-04-22,2026-04-29,HM30,Black,gallon,PrepRite-Black-Gallon,18,18.0
9893,2026-04-22,2026-04-23,HM36,White,pail_5gal,SuperPaint-White-Pail,5,25.0
9894,2026-04-22,2026-04-23,HM43,Red,pail_5gal,Emerald-Red-Pail,7,35.0
9895,2026-04-22,2026-04-25,HM43,Red,gallon,Duration-Red-Gallon,29,29.0
9896,2026-04-22,2026-04-25,HM43,Red,gallon,Duration-Red-Gallon,24,24.0
9897,2026-04-22,2026-04-25,HM47,Red,quart,Duration-Red-Quart,128,32.0
9898,2026-04-22,2026-04-26,HM47,Red,quart,Duration-Red-Quart,89,22.25
9899,2026-04-22,2026-04-24,HM50,Clear,gallon,SuperPaint-Clear-Gallon,101,101.0
9900,2026-04-23,2026-04-26,HM01,White,gallon,ProMar200-White-Gallon,57,57.0
9901,2026-04-23,2026-04-28,HM01,White,quart,Duration-White-Quart,71,17.75
9902,2026-04-23,2026-04-25,HM01,White,quart,Duration-White-Quart,209,52.25
9903,2026-04-23,2026-04-25,HM01,White,gallon,Duration-White-Gallon,33,33.0
9904,2026-04-23,2026-04-25,HM12,Blue/Green,quart,SuperPaint-Blue/Green-Quart,102,25.5
9905,2026-04-23,2026-04-24,HM12,Blue/Green,gallon,Emerald-Blue/Green-Gallon,50,50.0
9906,2026-04-23,2026-04-25,HM13,Blue/Green,quart,Emerald-Blue/Green-Quart,331,82.75
9907,2026-04-23,2026-04-26,HM13,Blue/Green,gallon,Emerald-Blue/Green-Gallon,40,40.0
9908,2026-04-23,2026-04-28,HM14,Blue/Green,quart,Emerald-Blue/Green-Quart,106,26.5
9909,2026-04-23,2026-04-28,HM14,Blue/Green,quart,Emerald-Blue/Green-Quart,38,9.5
9910,2026-04-23,2026-04-25,HM14,Blue/Green,pail_5gal,SuperPaint-Blue/Green-Pail,4,20.0
9911,2026-04-23,2026-04-24,HM16,Red,gallon,Duration-Red-Gallon,27,27.0
9912,2026-04-23,2026-04-29,HM16,Red,gallon,Duration-Red-Gallon,70,70.0
9913,2026-04-23,2026-04-24,HM20,Black,quart,PrepRite-Black-Quart,159,39.75
9914,2026-04-23,2026-04-26,HM25,Black,gallon,PrepRite-Black-Gallon,54,54.0
9915,2026-04-23,2026-04-24,HM25,Black,gallon,ProMar200-Black-Gallon,28,28.0
9916,2026-04-23,2026-04-25,HM25,Black,quart,ProMar200-Black-Quart,95,23.75
9917,2026-04-23,2026-04-25,HM30,Black,gallon,ProMar200-Black-Gallon,23,23.0
9918,2026-04-23,2026-04-25,HM30,Black,pail_5gal,PrepRite-Black-Pail,6,30.0
9919,2026-04-23,2026-04-26,HM36,White,pail_5gal,SuperPaint-White-Pail,17,85.0
9920,2026-04-23,2026-04-25,HM43,Red,quart,Emerald-Red-Quart,247,61.75
9921,2026-04-23,2026-04-27,HM47,Red,quart,Duration-Red-Quart,122,30.5
9922,2026-04-23,2026-04-24,HM47,Red,quart,Emerald-Red-Quart,217,54.25
9923,2026-04-23,2026-04-27,HM56,White,gallon,SuperPaint-White-Gallon,30,30.0
9924,2026-04-23,2026-04-27,HM56,White,quart,SuperPaint-White-Quart,209,52.25
9925,2026-04-24,2026-04-27,HM01,White,gallon,ProMar200-White-Gallon,17,17.0
9926,2026-04-24,2026-04-29,HM01,White,pail_5gal,Duration-White-Pail,3,15.0
9927,2026-04-24,2026-04-28,HM12,Blue/Green,quart,SuperPaint-Blue/Green-Quart,123,30.75
9928,2026-04-24,2026-05-01,HM12,Blue/Green,quart,SuperPaint-Blue/Green-Quart,111,27.75
9929,2026-04-24,2026-04-30,HM12,Blue/Green,pail_5gal,SuperPaint-Blue/Green-Pail,10,50.0
9930,2026-04-24,2026-04-27,HM13,Blue/Green,gallon,Emerald-Blue/Green-Gallon,38,38.0
9931,2026-04-24,2026-04-27,HM14,Blue/Green,quart,SuperPaint-Blue/Green-Quart,66,16.5
9932,2026-04-24,2026-04-28,HM16,Red,pail_5gal,Duration-Red-Pail,8,40.0
9933,2026-04-24,2026-04-25,HM25,Black,gallon,PrepRite-Black-Gallon,32,32.0
9934,2026-04-24,2026-04-30,HM30,Black,gallon,PrepRite-Black-Gallon,29,29.0
9935,2026-04-24,2026-05-04,HM30,Black,gallon,PrepRite-Black-Gallon,29,29.0
9936,2026-04-24,2026-04-27,HM30,Black,gallon,ProMar200-Black-Gallon,40,40.0
9937,2026-04-24,2026-04-25,HM36,White,quart,ProMar200-White-Quart,245,61.25
9938,2026-04-24,2026-04-28,HM43,Red,gallon,Emerald-Red-Gallon,14,14.0
9939,2026-04-24,2026-04-29,HM43,Red,pail_5gal,Duration-Red-Pail,3,15.0
9940,2026-04-24,2026-04-26,HM50,Clear,quart,SuperPaint-Clear-Quart,164,41.0
9941,2026-04-24,2026-04-27,HM50,Clear,gallon,ProMar200-Clear-Gallon,39,39.0
9942,2026-04-24,2026-04-25,HM50,Clear,gallon,ProMar200-Clear-Gallon,37,37.0
9943,2026-04-24,2026-04-26,HM56,White,gallon,SuperPaint-White-Gallon,90,90.0
9944,2026-04-25,2026-04-29,HM12,Blue/Green,quart,SuperPaint-Blue/Green-Quart,312,78.0
9945,2026-04-25,2026-05-01,HM13,Blue/Green,gallon,SuperPaint-Blue/Green-Gallon,52,52.0
9946,2026-04-25,2026-04-28,HM14,Blue/Green,pail_5gal,SuperPaint-Blue/Green-Pail,8,40.0
9947,2026-04-25,2026-04-27,HM14,Blue/Green,quart,SuperPaint-Blue/Green-Quart,213,53.25
9948,2026-04-25,2026-04-27,HM16,Red,gallon,Duration-Red-Gallon,31,31.0
9949,2026-04-25,2026-05-09,HM25,Black,gallon,PrepRite-Black-Gallon,61,61.0
9950,2026-04-25,2026-04-29,HM30,Black,pail_5gal,ProMar200-Black-Pail,7,35.0
9951,2026-04-25,2026-04-28,HM47,Red,gallon,Duration-Red-Gallon,48,48.0
9952,2026-04-25,2026-04-26,HM47,Red,quart,Emerald-Red-Quart,137,34.25
9953,2026-04-26,2026-04-28,HM01,White,gallon,Duration-White-Gallon,7,7.0
9954,2026-04-26,2026-04-29,HM14,Blue/Green,pail_5gal,SuperPaint-Blue/Green-Pail,4,20.0
9955,2026-04-26,2026-04-28,HM25,Black,gallon,ProMar200-Black-Gallon,9,9.0
9956,2026-04-26,2026-05-06,HM25,Black,gallon,ProMar200-Black-Gallon,23,23.0
9957,2026-04-26,2026-04-28,HM30,Black,gallon,ProMar200-Black-Gallon,40,40.0
9958,2026-04-26,2026-04-29,HM30,Black,quart,ProMar200-Black-Quart,214,53.5
9959,2026-04-26,2026-05-01,HM43,Red,gallon,Emerald-Red-Gallon,35,35.0
9960,2026-04-26,2026-05-01,HM43,Red,gallon,Emerald-Red-Gallon,66,66.0
9961,2026-04-26,2026-05-02,HM43,Red,pail_5gal,Duration-Red-Pail,3,15.0
9962,2026-04-26,2026-04-30,HM50,Clear,gallon,SuperPaint-Clear-Gallon,40,40.0
9963,2026-04-27,2026-04-29,HM12,Blue/Green,gallon,SuperPaint-Blue/Green-Gallon,29,29.0
9964,2026-04-27,2026-05-04,HM12,Blue/Green,quart,Emerald-Blue/Green-Quart,38,9.5
9965,2026-04-27,2026-04-29,HM12,Blue/Green,quart,SuperPaint-Blue/Green-Quart,80,20.0
9966,2026-04-27,2026-05-04,HM14,Blue/Green,quart,Emerald-Blue/Green-Quart,207,51.75
9967,2026-04-27,2026-04-29,HM14,Blue/Green,quart,SuperPaint-Blue/Green-Quart,190,47.5
9968,2026-04-27,2026-04-29,HM16,Red,pail_5gal,Duration-Red-Pail,3,15.0
9969,2026-04-27,2026-04-28,HM16,Red,gallon,Duration-Red-Gallon,53,53.0
9970,2026-04-27,2026-04-29,HM16,Red,gallon,Duration-Red-Gallon,7,7.0
9971,2026-04-27,2026-04-30,HM16,Red,gallon,Emerald-Red-Gallon,6,6.0
9972,2026-04-27,2026-04-29,HM16,Red,quart,Emerald-Red-Quart,91,22.75
9973,2026-04-27,2026-05-01,HM20,Black,pail_5gal,ProMar200-Black-Pail,3,15.0
9974,2026-04-27,2026-05-11,HM20,Black,gallon,ProMar200-Black-Gallon,42,42.0
9975,2026-04-27,2026-05-04,HM20,Black,quart,PrepRite-Black-Quart,95,23.75
9976,2026-04-27,2026-05-01,HM20,Black,quart,PrepRite-Black-Quart,54,13.5
9977,2026-04-27,2026-04-29,HM20,Black,gallon,ProMar200-Black-Gallon,12,12.0
9978,2026-04-27,2026-05-01,HM25,Black,quart,ProMar200-Black-Quart,181,45.25
9979,2026-04-27,2026-04-28,HM25,Black,pail_5gal,ProMar200-Black-Pail,9,45.0
9980,2026-04-27,2026-04-28,HM25,Black,quart,ProMar200-Black-Quart,234,58.5
9981,2026-04-27,2026-05-01,HM30,Black,quart,PrepRite-Black-Quart,51,12.75
9982,2026-04-27,2026-04-29,HM36,White,gallon,SuperPaint-White-Gallon,27,27.0
9983,2026-04-27,2026-05-01,HM36,White,quart,ProMar200-White-Quart,40,10.0
9984,2026-04-27,2026-04-30,HM43,Red,quart,Duration-Red-Quart,126,31.5
9985,2026-04-27,2026-04-28,HM47,Red,gallon,Duration-Red-Gallon,73,73.0
9986,2026-04-27,2026-05-03,HM50,Clear,quart,SuperPaint-Clear-Quart,60,15.0
9987,2026-04-27,2026-04-29,HM50,Clear,quart,ProMar200-Clear-Quart,398,99.5
9988,2026-04-27,2026-04-29,HM50,Clear,quart,SuperPaint-Clear-Quart,80,20.0
9989,2026-04-27,2026-04-28,HM56,White,gallon,SuperPaint-White-Gallon,19,19.0
9990,2026-04-27,2026-04-29,HM56,White,pail_5gal,ProMar200-White-Pail,6,30.0
9991,2026-04-28,2026-05-01,HM12,Blue/Green,pail_5gal,Emerald-Blue/Green-Pail,4,20.0
9992,2026-04-28,2026-05-01,HM13,Blue/Green,pail_5gal,Emerald-Blue/Green-Pail,2,10.0
9993,2026-04-28,2026-05-02,HM13,Blue/Green,gallon,Emerald-Blue/Green-Gallon,26,26.0
9994,2026-04-28,2026-04-29,HM14,Blue/Green,gallon,SuperPaint-Blue/Green-Gallon,37,37.0
9995,2026-04-28,2026-04-29,HM14,Blue/Green,pail_5gal,SuperPaint-Blue/Green-Pail,3,15.0
9996,2026-04-28,2026-05-06,HM14,Blue/Green,quart,SuperPaint-Blue/Green-Quart,131,32.75
9997,2026-04-28,2026-05-01,HM14,Blue/Green,gallon,Emerald-Blue/Green-Gallon,65,65.0
9998,2026-04-28,2026-04-29,HM16,Red,gallon,Emerald-Red-Gallon,30,30.0
9999,2026-04-28,2026-05-02,HM16,Red,gallon,Duration-Red-Gallon,32,32.0
10000,2026-04-28,2026-05-03,HM16,Red,gallon,Duration-Red-Gallon,17,17.0
10001,2026-04-28,2026-05-03,HM16,Red,pail_5gal,Duration-Red-Pail,7,35.0
10002,2026-04-28,2026-04-29,HM30,Black,gallon,ProMar200-Black-Gallon,42,42.0
10003,2026-04-28,2026-05-02,HM36,White,gallon,SuperPaint-White-Gallon,22,22.0
10004,2026-04-28,2026-05-02,HM43,Red,gallon,Duration-Red-Gallon,71,71.0
10005,2026-04-28,2026-05-03,HM47,Red,gallon,Emerald-Red-Gallon,26,26.0
10006,2026-04-28,2026-05-01,HM47,Red,gallon,Duration-Red-Gallon,56,56.0
10007,2026-04-28,2026-05-01,HM56,White,quart,ProMar200-White-Quart,171,42.75
10008,2026-04-29,2026-04-30,HM01,White,gallon,Duration-White-Gallon,50,50.0
10009,2026-04-29,2026-05-01,HM12,Blue/Green,quart,Emerald-Blue/Green-Quart,329,82.25
10010,2026-04-29,2026-05-01,HM12,Blue/Green,gallon,SuperPaint-Blue/Green-Gallon,37,37.0
10011,2026-04-29,2026-05-01,HM12,Blue/Green,quart,Emerald-Blue/Green-Quart,151,37.75
10012,2026-04-29,2026-05-01,HM13,Blue/Green,gallon,Emerald-Blue/Green-Gallon,26,26.0
10013,2026-04-29,2026-05-03,HM14,Blue/Green,quart,Emerald-Blue/Green-Quart,169,42.25
10014,2026-04-29,2026-04-30,HM14,Blue/Green,quart,SuperPaint-Blue/Green-Quart,78,19.5
10015,2026-04-29,2026-05-10,HM16,Red,pail_5gal,Emerald-Red-Pail,2,10.0
10016,2026-04-29,2026-05-03,HM16,Red,pail_5gal,Duration-Red-Pail,2,10.0
10017,2026-04-29,2026-05-01,HM20,Black,quart,ProMar200-Black-Quart,355,88.75
10018,2026-04-29,2026-05-03,HM20,Black,gallon,ProMar200-Black-Gallon,21,21.0
10019,2026-04-29,2026-05-01,HM25,Black,quart,ProMar200-Black-Quart,155,38.75
10020,2026-04-29,2026-05-04,HM25,Black,gallon,ProMar200-Black-Gallon,27,27.0
10021,2026-04-29,2026-05-02,HM30,Black,gallon,ProMar200-Black-Gallon,95,95.0
10022,2026-04-29,2026-05-02,HM36,White,quart,SuperPaint-White-Quart,56,14.0
10023,2026-04-29,2026-05-02,HM43,Red,pail_5gal,Emerald-Red-Pail,2,10.0
10024,2026-04-29,2026-05-07,HM43,Red,quart,Duration-Red-Quart,73,18.25
10025,2026-04-29,2026-04-30,HM43,Red,pail_5gal,Duration-Red-Pail,4,20.0
10026,2026-04-29,2026-05-05,HM50,Clear,gallon,ProMar200-Clear-Gallon,14,14.0
10027,2026-04-29,2026-05-01,HM50,Clear,pail_5gal,ProMar200-Clear-Pail,10,50.0
10028,2026-04-29,2026-04-30,HM50,Clear,quart,ProMar200-Clear-Quart,99,24.75
10029,2026-04-29,2026-05-03,HM56,White,pail_5gal,Duration-White-Pail,8,40.0
10030,2026-04-29,2026-05-01,HM56,White,quart,SuperPaint-White-Quart,133,33.25
10031,2026-04-30,2026-05-02,HM01,White,quart,SuperPaint-White-Quart,500,125.0
10032,2026-04-30,2026-05-01,HM13,Blue/Green,gallon,Emerald-Blue/Green-Gallon,13,13.0
10033,2026-04-30,2026-05-06,HM14,Blue/Green,gallon,Emerald-Blue/Green-Gallon,13,13.0
10034,2026-04-30,2026-05-03,HM14,Blue/Green,gallon,SuperPaint-Blue/Green-Gallon,22,22.0
10035,2026-04-30,2026-05-02,HM14,Blue/Green,gallon,SuperPaint-Blue/Green-Gallon,105,105.0
10036,2026-04-30,2026-05-01,HM16,Red,pail_5gal,Duration-Red-Pail,4,20.0
10037,2026-04-30,2026-05-02,HM16,Red,quart,Duration-Red-Quart,149,37.25
10038,2026-04-30,2026-05-05,HM20,Black,pail_5gal,PrepRite-Black-Pail,15,75.0
10039,2026-04-30,2026-05-02,HM25,Black,pail_5gal,ProMar200-Black-Pail,5,25.0
10040,2026-04-30,2026-05-01,HM25,Black,gallon,PrepRite-Black-Gallon,27,27.0
10041,2026-04-30,2026-05-03,HM25,Black,quart,PrepRite-Black-Quart,55,13.75
10042,2026-04-30,2026-05-02,HM25,Black,quart,PrepRite-Black-Quart,114,28.5
10043,2026-04-30,2026-05-04,HM36,White,gallon,SuperPaint-White-Gallon,6,6.0
10044,2026-04-30,2026-05-01,HM36,White,pail_5gal,SuperPaint-White-Pail,5,25.0
10045,2026-04-30,2026-05-06,HM36,White,pail_5gal,Duration-White-Pail,5,25.0
10046,2026-04-30,2026-05-03,HM43,Red,quart,Duration-Red-Quart,211,52.75
10047,2026-04-30,2026-05-02,HM47,Red,quart,Emerald-Red-Quart,58,14.5
10048,2026-04-30,2026-05-03,HM50,Clear,gallon,SuperPaint-Clear-Gallon,50,50.0
10049,2026-04-30,2026-05-01,HM50,Clear,gallon,SuperPaint-Clear-Gallon,47,47.0
10050,2026-04-30,2026-05-04,HM56,White,quart,ProMar200-White-Quart,143,35.75
10051,2026-04-30,2026-05-01,HM56,White,quart,ProMar200-White-Quart,157,39.25
10052,2026-04-30,2026-05-02,HM56,White,quart,SuperPaint-White-Quart,138,34.5
10053,2026-05-01,2026-05-07,HM01,White,quart,ProMar200-White-Quart,51,12.75
10054,2026-05-01,2026-05-03,HM01,White,pail_5gal,Duration-White-Pail,18,90.0
10055,2026-05-01,2026-05-02,HM12,Blue/Green,gallon,SuperPaint-Blue/Green-Gallon,60,60.0
10056,2026-05-01,2026-05-06,HM13,Blue/Green,gallon,SuperPaint-Blue/Green-Gallon,66,66.0
10057,2026-05-01,2026-05-02,HM13,Blue/Green,gallon,Emerald-Blue/Green-Gallon,19,19.0
10058,2026-05-01,2026-05-05,HM14,Blue/Green,quart,Emerald-Blue/Green-Quart,255,63.75
10059,2026-05-01,2026-05-03,HM14,Blue/Green,gallon,Emerald-Blue/Green-Gallon,31,31.0
10060,2026-05-01,2026-05-05,HM14,Blue/Green,pail_5gal,SuperPaint-Blue/Green-Pail,5,25.0
10061,2026-05-01,2026-05-03,HM14,Blue/Green,gallon,SuperPaint-Blue/Green-Gallon,29,29.0
10062,2026-05-01,2026-05-02,HM14,Blue/Green,quart,Emerald-Blue/Green-Quart,41,10.25
10063,2026-05-01,2026-05-11,HM16,Red,gallon,Emerald-Red-Gallon,31,31.0
10064,2026-05-01,2026-05-03,HM20,Black,gallon,ProMar200-Black-Gallon,27,27.0
10065,2026-05-01,2026-05-05,HM20,Black,gallon,ProMar200-Black-Gallon,44,44.0
10066,2026-05-01,2026-05-04,HM25,Black,quart,PrepRite-Black-Quart,66,16.5
10067,2026-05-01,2026-05-02,HM25,Black,gallon,PrepRite-Black-Gallon,64,64.0
10068,2026-05-01,2026-05-02,HM25,Black,pail_5gal,PrepRite-Black-Pail,16,80.0
10069,2026-05-01,2026-05-04,HM30,Black,pail_5gal,PrepRite-Black-Pail,5,25.0
10070,2026-05-01,2026-05-03,HM30,Black,quart,PrepRite-Black-Quart,135,33.75
10071,2026-05-01,2026-05-04,HM36,White,quart,ProMar200-White-Quart,31,7.75
10072,2026-05-01,2026-05-03,HM36,White,quart,ProMar200-White-Quart,64,16.0
10073,2026-05-01,2026-05-04,HM43,Red,gallon,Emerald-Red-Gallon,55,55.0
10074,2026-05-01,2026-05-02,HM47,Red,gallon,Duration-Red-Gallon,31,31.0
10075,2026-05-01,2026-05-03,HM50,Clear,gallon,ProMar200-Clear-Gallon,42,42.0
10076,2026-05-01,2026-05-03,HM50,Clear,quart,SuperPaint-Clear-Quart,125,31.25
10077,2026-05-01,2026-05-04,HM50,Clear,pail_5gal,SuperPaint-Clear-Pail,14,70.0
10078,2026-05-01,2026-05-04,HM56,White,quart,SuperPaint-White-Quart,106,26.5
10079,2026-05-01,2026-05-04,HM56,White,quart,Duration-White-Quart,59,14.75
10080,2026-05-01,2026-05-06,HM56,White,gallon,Duration-White-Gallon,20,20.0
10081,2026-05-01,2026-05-02,HM56,White,gallon,SuperPaint-White-Gallon,19,19.0
10082,2026-05-02,2026-05-06,HM01,White,quart,ProMar200-White-Quart,118,29.5
10083,2026-05-02,2026-05-03,HM12,Blue/Green,quart,Emerald-Blue/Green-Quart,185,46.25
10084,2026-05-02,2026-05-06,HM12,Blue/Green,quart,Emerald-Blue/Green-Quart,46,11.5
10085,2026-05-02,2026-05-03,HM14,Blue/Green,quart,SuperPaint-Blue/Green-Quart,108,27.0
10086,2026-05-02,2026-05-05,HM16,Red,gallon,Duration-Red-Gallon,34,34.0
10087,2026-05-02,2026-05-09,HM16,Red,quart,Duration-Red-Quart,21,5.25
10088,2026-05-02,2026-05-04,HM16,Red,gallon,Duration-Red-Gallon,17,17.0
10089,2026-05-02,2026-05-06,HM20,Black,gallon,PrepRite-Black-Gallon,115,115.0
10090,2026-05-02,2026-05-03,HM20,Black,gallon,ProMar200-Black-Gallon,28,28.0
10091,2026-05-02,2026-05-07,HM25,Black,quart,PrepRite-Black-Quart,181,45.25
10092,2026-05-02,2026-05-03,HM25,Black,gallon,PrepRite-Black-Gallon,9,9.0
10093,2026-05-02,2026-05-04,HM30,Black,quart,PrepRite-Black-Quart,20,5.0
10094,2026-05-02,2026-05-05,HM36,White,quart,SuperPaint-White-Quart,78,19.5
10095,2026-05-02,2026-05-06,HM36,White,quart,Duration-White-Quart,62,15.5
10096,2026-05-02,2026-05-03,HM36,White,quart,Duration-White-Quart,144,36.0
10097,2026-05-02,2026-05-05,HM43,Red,pail_5gal,Emerald-Red-Pail,8,40.0
10098,2026-05-02,2026-05-03,HM43,Red,quart,Duration-Red-Quart,113,28.25
10099,2026-05-02,2026-05-06,HM43,Red,pail_5gal,Duration-Red-Pail,6,30.0
10100,2026-05-02,2026-05-03,HM47,Red,quart,Emerald-Red-Quart,432,108.0
10101,2026-05-02,2026-05-04,HM47,Red,gallon,Duration-Red-Gallon,23,23.0
10102,2026-05-02,2026-05-05,HM50,Clear,gallon,SuperPaint-Clear-Gallon,18,18.0
10103,2026-05-02,2026-05-05,HM56,White,quart,SuperPaint-White-Quart,137,34.25
10104,2026-05-02,2026-05-03,HM56,White,quart,ProMar200-White-Quart,42,10.5
10105,2026-05-03,2026-05-10,HM01,White,pail_5gal,SuperPaint-White-Pail,3,15.0
10106,2026-05-03,2026-05-07,HM12,Blue/Green,gallon,SuperPaint-Blue/Green-Gallon,42,42.0
10107,2026-05-03,2026-05-07,HM12,Blue/Green,gallon,Emerald-Blue/Green-Gallon,19,19.0
10108,2026-05-03,2026-05-06,HM13,Blue/Green,quart,Emerald-Blue/Green-Quart,117,29.25
10109,2026-05-03,2026-05-06,HM13,Blue/Green,quart,Emerald-Blue/Green-Quart,95,23.75
10110,2026-05-03,2026-05-06,HM13,Blue/Green,quart,SuperPaint-Blue/Green-Quart,143,35.75
10111,2026-05-03,2026-05-04,HM14,Blue/Green,quart,Emerald-Blue/Green-Quart,38,9.5
10112,2026-05-03,2026-05-05,HM16,Red,gallon,Emerald-Red-Gallon,59,59.0
10113,2026-05-03,2026-05-06,HM20,Black,pail_5gal,PrepRite-Black-Pail,15,75.0
10114,2026-05-03,2026-05-04,HM25,Black,pail_5gal,PrepRite-Black-Pail,4,20.0
10115,2026-05-03,2026-05-08,HM25,Black,gallon,ProMar200-Black-Gallon,19,19.0
10116,2026-05-03,2026-05-04,HM30,Black,gallon,PrepRite-Black-Gallon,23,23.0
10117,2026-05-03,2026-05-08,HM36,White,quart,ProMar200-White-Quart,143,35.75
10118,2026-05-03,2026-05-04,HM43,Red,pail_5gal,Emerald-Red-Pail,9,45.0
10119,2026-05-03,2026-05-05,HM43,Red,pail_5gal,Emerald-Red-Pail,11,55.0
10120,2026-05-03,2026-05-04,HM47,Red,pail_5gal,Duration-Red-Pail,5,25.0
10121,2026-05-03,2026-05-04,HM56,White,quart,Duration-White-Quart,61,15.25
10122,2026-05-04,2026-05-06,HM01,White,gallon,SuperPaint-White-Gallon,7,7.0
10123,2026-05-04,2026-05-08,HM01,White,quart,ProMar200-White-Quart,49,12.25
10124,2026-05-04,2026-05-06,HM01,White,quart,Duration-White-Quart,66,16.5
10125,2026-05-04,2026-05-07,HM01,White,quart,Duration-White-Quart,128,32.0
10126,2026-05-04,2026-05-05,HM12,Blue/Green,gallon,SuperPaint-Blue/Green-Gallon,71,71.0
10127,2026-05-04,2026-05-07,HM12,Blue/Green,quart,SuperPaint-Blue/Green-Quart,39,9.75
10128,2026-05-04,2026-05-06,HM12,Blue/Green,quart,Emerald-Blue/Green-Quart,98,24.5
10129,2026-05-04,2026-05-16,HM14,Blue/Green,quart,Emerald-Blue/Green-Quart,89,22.25
10130,2026-05-04,2026-05-07,HM16,Red,pail_5gal,Emerald-Red-Pail,3,15.0
10131,2026-05-04,2026-05-05,HM20,Black,quart,PrepRite-Black-Quart,473,118.25
10132,2026-05-04,2026-05-06,HM20,Black,gallon,PrepRite-Black-Gallon,14,14.0
10133,2026-05-04,2026-05-05,HM25,Black,gallon,ProMar200-Black-Gallon,47,47.0
10134,2026-05-04,2026-05-06,HM30,Black,gallon,PrepRite-Black-Gallon,38,38.0
10135,2026-05-04,2026-05-05,HM43,Red,quart,Emerald-Red-Quart,89,22.25
10136,2026-05-04,2026-05-07,HM43,Red,gallon,Duration-Red-Gallon,70,70.0
10137,2026-05-04,2026-05-06,HM47,Red,gallon,Emerald-Red-Gallon,10,10.0
10138,2026-05-04,2026-05-06,HM47,Red,quart,Duration-Red-Quart,195,48.75
10139,2026-05-04,2026-05-10,HM47,Red,gallon,Emerald-Red-Gallon,63,63.0
10140,2026-05-04,2026-05-07,HM47,Red,quart,Emerald-Red-Quart,87,21.75
10141,2026-05-04,2026-05-05,HM47,Red,quart,Duration-Red-Quart,39,9.75
10142,2026-05-04,2026-05-09,HM47,Red,pail_5gal,Emerald-Red-Pail,6,30.0
10143,2026-05-04,2026-05-05,HM50,Clear,quart,SuperPaint-Clear-Quart,92,23.0
10144,2026-05-04,2026-05-09,HM50,Clear,quart,ProMar200-Clear-Quart,250,62.5
10145,2026-05-04,2026-05-05,HM56,White,quart,SuperPaint-White-Quart,65,16.25
10146,2026-05-05,2026-05-10,HM12,Blue/Green,quart,SuperPaint-Blue/Green-Quart,73,18.25
10147,2026-05-05,2026-05-07,HM13,Blue/Green,gallon,SuperPaint-Blue/Green-Gallon,66,66.0
10148,2026-05-05,2026-05-08,HM13,Blue/Green,quart,SuperPaint-Blue/Green-Quart,24,6.0
10149,2026-05-05,2026-05-08,HM14,Blue/Green,gallon,Emerald-Blue/Green-Gallon,99,99.0
10150,2026-05-05,2026-05-07,HM14,Blue/Green,quart,Emerald-Blue/Green-Quart,57,14.25
10151,2026-05-05,2026-05-08,HM14,Blue/Green,quart,SuperPaint-Blue/Green-Quart,249,62.25
10152,2026-05-05,2026-05-07,HM16,Red,pail_5gal,Emerald-Red-Pail,3,15.0
10153,2026-05-05,2026-05-07,HM20,Black,gallon,ProMar200-Black-Gallon,33,33.0
10154,2026-05-05,2026-05-07,HM20,Black,quart,ProMar200-Black-Quart,68,17.0
10155,2026-05-05,2026-05-07,HM20,Black,gallon,ProMar200-Black-Gallon,58,58.0
10156,2026-05-05,2026-05-07,HM20,Black,quart,PrepRite-Black-Quart,326,81.5
10157,2026-05-05,2026-05-09,HM30,Black,quart,ProMar200-Black-Quart,105,26.25
10158,2026-05-05,2026-05-10,HM30,Black,quart,ProMar200-Black-Quart,114,28.5
10159,2026-05-05,2026-05-06,HM30,Black,gallon,PrepRite-Black-Gallon,33,33.0
10160,2026-05-05,2026-05-07,HM30,Black,gallon,ProMar200-Black-Gallon,14,14.0
10161,2026-05-05,2026-05-07,HM36,White,quart,ProMar200-White-Quart,51,12.75
10162,2026-05-05,2026-05-06,HM36,White,gallon,Duration-White-Gallon,39,39.0
10163,2026-05-05,2026-05-07,HM36,White,pail_5gal,SuperPaint-White-Pail,10,50.0
10164,2026-05-05,2026-05-08,HM47,Red,quart,Emerald-Red-Quart,75,18.75
10165,2026-05-05,2026-05-10,HM47,Red,pail_5gal,Emerald-Red-Pail,5,25.0
10166,2026-05-05,2026-05-07,HM47,Red,pail_5gal,Emerald-Red-Pail,7,35.0
10167,2026-05-05,2026-05-09,HM47,Red,pail_5gal,Emerald-Red-Pail,3,15.0
10168,2026-05-05,2026-05-07,HM50,Clear,quart,SuperPaint-Clear-Quart,56,14.0
10169,2026-05-05,2026-05-06,HM50,Clear,pail_5gal,ProMar200-Clear-Pail,5,25.0
10170,2026-05-05,2026-05-08,HM50,Clear,quart,ProMar200-Clear-Quart,297,74.25
10171,2026-05-05,2026-05-08,HM50,Clear,gallon,SuperPaint-Clear-Gallon,39,39.0
10172,2026-05-05,2026-05-13,HM50,Clear,gallon,ProMar200-Clear-Gallon,36,36.0
10173,2026-05-06,2026-05-12,HM01,White,quart,SuperPaint-White-Quart,135,33.75
10174,2026-05-06,2026-05-11,HM01,White,gallon,Duration-White-Gallon,58,58.0
10175,2026-05-06,2026-05-07,HM01,White,quart,Duration-White-Quart,76,19.0
10176,2026-05-06,2026-05-08,HM01,White,quart,Duration-White-Quart,101,25.25
10177,2026-05-06,2026-05-08,HM12,Blue/Green,gallon,Emerald-Blue/Green-Gallon,62,62.0
10178,2026-05-06,2026-05-07,HM13,Blue/Green,gallon,Emerald-Blue/Green-Gallon,97,97.0
10179,2026-05-06,2026-05-07,HM13,Blue/Green,quart,SuperPaint-Blue/Green-Quart,142,35.5
10180,2026-05-06,2026-05-09,HM13,Blue/Green,gallon,Emerald-Blue/Green-Gallon,43,43.0
10181,2026-05-06,2026-05-08,HM14,Blue/Green,pail_5gal,Emerald-Blue/Green-Pail,10,50.0
10182,2026-05-06,2026-05-08,HM14,Blue/Green,gallon,Emerald-Blue/Green-Gallon,64,64.0
10183,2026-05-06,2026-05-07,HM14,Blue/Green,gallon,Emerald-Blue/Green-Gallon,26,26.0
10184,2026-05-06,2026-05-09,HM14,Blue/Green,gallon,SuperPaint-Blue/Green-Gallon,35,35.0
10185,2026-05-06,2026-05-08,HM16,Red,gallon,Emerald-Red-Gallon,30,30.0
10186,2026-05-06,2026-05-16,HM16,Red,gallon,Duration-Red-Gallon,15,15.0
10187,2026-05-06,2026-05-07,HM20,Black,quart,ProMar200-Black-Quart,96,24.0
10188,2026-05-06,2026-05-07,HM20,Black,gallon,PrepRite-Black-Gallon,24,24.0
10189,2026-05-06,2026-05-07,HM25,Black,gallon,PrepRite-Black-Gallon,34,34.0
10190,2026-05-06,2026-05-10,HM25,Black,gallon,ProMar200-Black-Gallon,26,26.0
10191,2026-05-06,2026-05-08,HM25,Black,pail_5gal,ProMar200-Black-Pail,3,15.0
10192,2026-05-06,2026-05-07,HM36,White,quart,SuperPaint-White-Quart,84,21.0
10193,2026-05-06,2026-05-08,HM43,Red,gallon,Emerald-Red-Gallon,52,52.0
10194,2026-05-06,2026-05-08,HM43,Red,gallon,Emerald-Red-Gallon,38,38.0
10195,2026-05-06,2026-05-09,HM47,Red,gallon,Duration-Red-Gallon,33,33.0
10196,2026-05-06,2026-05-08,HM47,Red,gallon,Emerald-Red-Gallon,44,44.0
10197,2026-05-06,2026-05-07,HM47,Red,gallon,Duration-Red-Gallon,46,46.0
10198,2026-05-06,2026-05-08,HM47,Red,pail_5gal,Duration-Red-Pail,9,45.0
10199,2026-05-06,2026-05-07,HM50,Clear,pail_5gal,SuperPaint-Clear-Pail,3,15.0
10200,2026-05-06,2026-05-08,HM50,Clear,quart,ProMar200-Clear-Quart,198,49.5
10201,2026-05-06,2026-05-08,HM50,Clear,gallon,ProMar200-Clear-Gallon,29,29.0
10202,2026-05-06,2026-05-07,HM56,White,gallon,ProMar200-White-Gallon,27,27.0
10203,2026-05-06,2026-05-09,HM56,White,quart,ProMar200-White-Quart,20,5.0
10204,2026-05-07,2026-05-10,HM01,White,pail_5gal,SuperPaint-White-Pail,5,25.0
10205,2026-05-07,2026-05-11,HM12,Blue/Green,quart,Emerald-Blue/Green-Quart,259,64.75
10206,2026-05-07,2026-05-13,HM13,Blue/Green,quart,SuperPaint-Blue/Green-Quart,165,41.25
10207,2026-05-07,2026-05-09,HM13,Blue/Green,gallon,SuperPaint-Blue/Green-Gallon,21,21.0
10208,2026-05-07,2026-05-14,HM14,Blue/Green,quart,Emerald-Blue/Green-Quart,24,6.0
10209,2026-05-07,2026-05-15,HM16,Red,gallon,Emerald-Red-Gallon,29,29.0
10210,2026-05-07,2026-05-08,HM16,Red,gallon,Emerald-Red-Gallon,70,70.0
10211,2026-05-07,2026-05-09,HM16,Red,quart,Duration-Red-Quart,162,40.5
10212,2026-05-07,2026-05-09,HM16,Red,gallon,Emerald-Red-Gallon,25,25.0
10213,2026-05-07,2026-05-10,HM16,Red,quart,Duration-Red-Quart,97,24.25
10214,2026-05-07,2026-05-10,HM16,Red,gallon,Emerald-Red-Gallon,30,30.0
10215,2026-05-07,2026-05-08,HM20,Black,gallon,ProMar200-Black-Gallon,150,150.0
10216,2026-05-07,2026-05-08,HM25,Black,gallon,PrepRite-Black-Gallon,57,57.0
10217,2026-05-07,2026-05-11,HM30,Black,gallon,ProMar200-Black-Gallon,17,17.0
10218,2026-05-07,2026-05-11,HM30,Black,gallon,ProMar200-Black-Gallon,93,93.0
10219,2026-05-07,2026-05-08,HM30,Black,gallon,PrepRite-Black-Gallon,42,42.0
10220,2026-05-07,2026-05-08,HM30,Black,gallon,PrepRite-Black-Gallon,29,29.0
10221,2026-05-07,2026-05-10,HM36,White,pail_5gal,SuperPaint-White-Pail,8,40.0
10222,2026-05-07,2026-05-11,HM36,White,gallon,ProMar200-White-Gallon,24,24.0
10223,2026-05-07,2026-05-10,HM43,Red,quart,Duration-Red-Quart,94,23.5
10224,2026-05-07,2026-05-12,HM43,Red,gallon,Duration-Red-Gallon,25,25.0
10225,2026-05-07,2026-05-08,HM50,Clear,quart,SuperPaint-Clear-Quart,145,36.25
10226,2026-05-07,2026-05-16,HM50,Clear,quart,ProMar200-Clear-Quart,70,17.5
10227,2026-05-07,2026-05-08,HM50,Clear,quart,SuperPaint-Clear-Quart,249,62.25
10228,2026-05-07,2026-05-09,HM50,Clear,quart,SuperPaint-Clear-Quart,223,55.75
10229,2026-05-07,2026-05-12,HM50,Clear,quart,ProMar200-Clear-Quart,35,8.75
10230,2026-05-07,2026-05-12,HM56,White,quart,ProMar200-White-Quart,143,35.75
10231,2026-05-08,2026-05-14,HM01,White,gallon,Duration-White-Gallon,45,45.0
10232,2026-05-08,2026-05-13,HM12,Blue/Green,gallon,Emerald-Blue/Green-Gallon,24,24.0
10233,2026-05-08,2026-05-10,HM12,Blue/Green,quart,SuperPaint-Blue/Green-Quart,185,46.25
10234,2026-05-08,2026-05-13,HM13,Blue/Green,gallon,Emerald-Blue/Green-Gallon,18,18.0
10235,2026-05-08,2026-05-10,HM13,Blue/Green,gallon,Emerald-Blue/Green-Gallon,39,39.0
10236,2026-05-08,2026-05-12,HM13,Blue/Green,gallon,Emerald-Blue/Green-Gallon,27,27.0
10237,2026-05-08,2026-05-09,HM14,Blue/Green,pail_5gal,SuperPaint-Blue/Green-Pail,21,105.0
10238,2026-05-08,2026-05-13,HM14,Blue/Green,gallon,SuperPaint-Blue/Green-Gallon,12,12.0
10239,2026-05-08,2026-05-09,HM14,Blue/Green,pail_5gal,SuperPaint-Blue/Green-Pail,4,20.0
10240,2026-05-08,2026-05-14,HM16,Red,quart,Emerald-Red-Quart,137,34.25
10241,2026-05-08,2026-05-10,HM16,Red,quart,Emerald-Red-Quart,47,11.75
10242,2026-05-08,2026-05-09,HM16,Red,pail_5gal,Duration-Red-Pail,1,5.0
10243,2026-05-08,2026-05-09,HM20,Black,gallon,PrepRite-Black-Gallon,34,34.0
10244,2026-05-08,2026-05-12,HM30,Black,gallon,PrepRite-Black-Gallon,18,18.0
10245,2026-05-08,2026-05-11,HM36,White,quart,ProMar200-White-Quart,160,40.0
10246,2026-05-08,2026-05-12,HM43,Red,quart,Duration-Red-Quart,219,54.75
10247,2026-05-08,2026-05-12,HM43,Red,gallon,Emerald-Red-Gallon,23,23.0
10248,2026-05-08,2026-05-09,HM50,Clear,pail_5gal,ProMar200-Clear-Pail,6,30.0
10249,2026-05-08,2026-05-10,HM50,Clear,pail_5gal,SuperPaint-Clear-Pail,5,25.0
10250,2026-05-08,2026-05-09,HM56,White,gallon,ProMar200-White-Gallon,66,66.0
10251,2026-05-08,2026-05-09,HM56,White,quart,ProMar200-White-Quart,83,20.75
10252,2026-05-09,2026-05-11,HM01,White,gallon,SuperPaint-White-Gallon,36,36.0
10253,2026-05-09,2026-05-11,HM01,White,quart,Duration-White-Quart,70,17.5
10254,2026-05-09,2026-05-11,HM12,Blue/Green,gallon,Emerald-Blue/Green-Gallon,29,29.0
10255,2026-05-09,2026-05-10,HM12,Blue/Green,quart,SuperPaint-Blue/Green-Quart,59,14.75
10256,2026-05-09,2026-05-13,HM12,Blue/Green,gallon,SuperPaint-Blue/Green-Gallon,54,54.0
10257,2026-05-09,2026-05-12,HM13,Blue/Green,gallon,Emerald-Blue/Green-Gallon,36,36.0
10258,2026-05-09,2026-05-14,HM20,Black,gallon,PrepRite-Black-Gallon,22,22.0
10259,2026-05-09,2026-05-11,HM36,White,pail_5gal,Duration-White-Pail,4,20.0
10260,2026-05-09,2026-05-11,HM36,White,quart,ProMar200-White-Quart,218,54.5
10261,2026-05-09,2026-05-11,HM36,White,pail_5gal,ProMar200-White-Pail,8,40.0
10262,2026-05-09,2026-05-10,HM47,Red,gallon,Duration-Red-Gallon,41,41.0
10263,2026-05-09,2026-05-14,HM47,Red,quart,Emerald-Red-Quart,89,22.25
10264,2026-05-09,2026-05-11,HM47,Red,quart,Duration-Red-Quart,119,29.75
10265,2026-05-09,2026-05-13,HM56,White,gallon,Duration-White-Gallon,150,150.0
10266,2026-05-10,2026-05-11,HM01,White,gallon,ProMar200-White-Gallon,49,49.0
10267,2026-05-10,2026-05-14,HM13,Blue/Green,quart,Emerald-Blue/Green-Quart,52,13.0
10268,2026-05-10,2026-05-12,HM13,Blue/Green,gallon,Emerald-Blue/Green-Gallon,13,13.0
10269,2026-05-10,2026-05-11,HM14,Blue/Green,quart,SuperPaint-Blue/Green-Quart,83,20.75
10270,2026-05-10,2026-05-13,HM16,Red,gallon,Duration-Red-Gallon,19,19.0
10271,2026-05-10,2026-05-12,HM16,Red,gallon,Duration-Red-Gallon,24,24.0
10272,2026-05-10,2026-05-15,HM16,Red,gallon,Emerald-Red-Gallon,85,85.0
10273,2026-05-10,2026-05-16,HM25,Black,quart,PrepRite-Black-Quart,66,16.5
10274,2026-05-10,2026-05-11,HM36,White,quart,Duration-White-Quart,161,40.25
10275,2026-05-10,2026-05-18,HM43,Red,gallon,Duration-Red-Gallon,17,17.0
10276,2026-05-11,2026-05-13,HM01,White,quart,SuperPaint-White-Quart,214,53.5
10277,2026-05-11,2026-05-16,HM01,White,gallon,Duration-White-Gallon,19,19.0
10278,2026-05-11,2026-05-13,HM12,Blue/Green,gallon,Emerald-Blue/Green-Gallon,37,37.0
10279,2026-05-11,2026-05-14,HM13,Blue/Green,quart,Emerald-Blue/Green-Quart,145,36.25
10280,2026-05-11,2026-05-15,HM13,Blue/Green,gallon,SuperPaint-Blue/Green-Gallon,31,31.0
10281,2026-05-11,2026-05-14,HM13,Blue/Green,gallon,SuperPaint-Blue/Green-Gallon,48,48.0
10282,2026-05-11,2026-05-12,HM14,Blue/Green,gallon,Emerald-Blue/Green-Gallon,122,122.0
10283,2026-05-11,2026-05-17,HM14,Blue/Green,pail_5gal,SuperPaint-Blue/Green-Pail,4,20.0
10284,2026-05-11,2026-05-13,HM14,Blue/Green,quart,Emerald-Blue/Green-Quart,171,42.75
10285,2026-05-11,2026-05-15,HM14,Blue/Green,quart,SuperPaint-Blue/Green-Quart,101,25.25
10286,2026-05-11,2026-05-13,HM14,Blue/Green,gallon,Emerald-Blue/Green-Gallon,22,22.0
10287,2026-05-11,2026-05-12,HM16,Red,quart,Duration-Red-Quart,34,8.5
10288,2026-05-11,2026-05-18,HM16,Red,gallon,Duration-Red-Gallon,20,20.0
10289,2026-05-11,2026-05-14,HM16,Red,pail_5gal,Emerald-Red-Pail,14,70.0
10290,2026-05-11,2026-05-12,HM20,Black,quart,ProMar200-Black-Quart,84,21.0
10291,2026-05-11,2026-05-13,HM20,Black,quart,ProMar200-Black-Quart,73,18.25
10292,2026-05-11,2026-05-14,HM30,Black,quart,PrepRite-Black-Quart,141,35.25
10293,2026-05-11,2026-05-14,HM36,White,quart,ProMar200-White-Quart,233,58.25
10294,2026-05-11,2026-05-17,HM36,White,quart,Duration-White-Quart,119,29.75
10295,2026-05-11,2026-05-12,HM43,Red,quart,Duration-Red-Quart,50,12.5
10296,2026-05-11,2026-05-17,HM43,Red,gallon,Duration-Red-Gallon,24,24.0
10297,2026-05-11,2026-05-18,HM43,Red,gallon,Duration-Red-Gallon,47,47.0
10298,2026-05-11,2026-05-14,HM47,Red,pail_5gal,Duration-Red-Pail,9,45.0
10299,2026-05-11,2026-05-22,HM56,White,gallon,SuperPaint-White-Gallon,17,17.0
10300,2026-05-11,2026-05-15,HM56,White,quart,SuperPaint-White-Quart,84,21.0
10301,2026-05-12,2026-05-15,HM12,Blue/Green,quart,SuperPaint-Blue/Green-Quart,78,19.5
10302,2026-05-12,2026-05-13,HM12,Blue/Green,gallon,Emerald-Blue/Green-Gallon,47,47.0
10303,2026-05-12,2026-05-14,HM13,Blue/Green,gallon,Emerald-Blue/Green-Gallon,19,19.0
10304,2026-05-12,2026-05-13,HM13,Blue/Green,gallon,Emerald-Blue/Green-Gallon,79,79.0
10305,2026-05-12,2026-05-15,HM13,Blue/Green,quart,Emerald-Blue/Green-Quart,108,27.0
10306,2026-05-12,2026-05-17,HM14,Blue/Green,pail_5gal,Emerald-Blue/Green-Pail,5,25.0
10307,2026-05-12,2026-05-14,HM16,Red,gallon,Emerald-Red-Gallon,8,8.0
10308,2026-05-12,2026-05-15,HM16,Red,gallon,Duration-Red-Gallon,19,19.0
10309,2026-05-12,2026-05-13,HM16,Red,quart,Duration-Red-Quart,237,59.25
10310,2026-05-12,2026-05-17,HM16,Red,pail_5gal,Emerald-Red-Pail,4,20.0
10311,2026-05-12,2026-05-13,HM20,Black,gallon,ProMar200-Black-Gallon,86,86.0
10312,2026-05-12,2026-05-14,HM20,Black,gallon,PrepRite-Black-Gallon,18,18.0
10313,2026-05-12,2026-05-15,HM20,Black,quart,ProMar200-Black-Quart,79,19.75
10314,2026-05-12,2026-05-16,HM25,Black,gallon,PrepRite-Black-Gallon,31,31.0
10315,2026-05-12,2026-05-15,HM25,Black,gallon,ProMar200-Black-Gallon,23,23.0
10316,2026-05-12,2026-05-15,HM25,Black,gallon,PrepRite-Black-Gallon,33,33.0
10317,2026-05-12,2026-05-15,HM30,Black,quart,PrepRite-Black-Quart,336,84.0
10318,2026-05-12,2026-05-15,HM30,Black,gallon,ProMar200-Black-Gallon,18,18.0
10319,2026-05-12,2026-05-17,HM36,White,pail_5gal,SuperPaint-White-Pail,19,95.0
10320,2026-05-12,2026-05-13,HM43,Red,gallon,Duration-Red-Gallon,24,24.0
10321,2026-05-12,2026-05-14,HM47,Red,gallon,Duration-Red-Gallon,56,56.0
10322,2026-05-12,2026-05-14,HM50,Clear,pail_5gal,ProMar200-Clear-Pail,5,25.0
10323,2026-05-12,2026-05-14,HM56,White,gallon,Duration-White-Gallon,27,27.0
10324,2026-05-13,2026-05-14,HM01,White,quart,SuperPaint-White-Quart,89,22.25
10325,2026-05-13,2026-05-15,HM01,White,pail_5gal,SuperPaint-White-Pail,4,20.0
10326,2026-05-13,2026-05-14,HM12,Blue/Green,quart,Emerald-Blue/Green-Quart,471,117.75
10327,2026-05-13,2026-05-18,HM13,Blue/Green,gallon,SuperPaint-Blue/Green-Gallon,20,20.0
10328,2026-05-13,2026-05-16,HM14,Blue/Green,gallon,Emerald-Blue/Green-Gallon,23,23.0
10329,2026-05-13,2026-05-16,HM16,Red,gallon,Emerald-Red-Gallon,27,27.0
10330,2026-05-13,2026-05-15,HM16,Red,pail_5gal,Emerald-Red-Pail,9,45.0
10331,2026-05-13,2026-05-16,HM16,Red,gallon,Emerald-Red-Gallon,22,22.0
10332,2026-05-13,2026-05-17,HM20,Black,gallon,PrepRite-Black-Gallon,15,15.0
10333,2026-05-13,2026-05-15,HM20,Black,pail_5gal,ProMar200-Black-Pail,2,10.0
10334,2026-05-13,2026-05-14,HM25,Black,quart,PrepRite-Black-Quart,227,56.75
10335,2026-05-13,2026-05-14,HM43,Red,pail_5gal,Duration-Red-Pail,4,20.0
10336,2026-05-13,2026-05-14,HM47,Red,gallon,Duration-Red-Gallon,26,26.0
10337,2026-05-13,2026-05-14,HM47,Red,pail_5gal,Duration-Red-Pail,7,35.0
10338,2026-05-13,2026-05-14,HM47,Red,quart,Emerald-Red-Quart,216,54.0
10339,2026-05-13,2026-05-14,HM47,Red,gallon,Emerald-Red-Gallon,21,21.0
10340,2026-05-13,2026-05-14,HM50,Clear,gallon,SuperPaint-Clear-Gallon,37,37.0
10341,2026-05-13,2026-05-15,HM56,White,quart,Duration-White-Quart,110,27.5
10342,2026-05-14,2026-05-15,HM01,White,gallon,ProMar200-White-Gallon,15,15.0
10343,2026-05-14,2026-05-17,HM01,White,gallon,ProMar200-White-Gallon,39,39.0
10344,2026-05-14,2026-05-15,HM12,Blue/Green,gallon,Emerald-Blue/Green-Gallon,27,27.0
10345,2026-05-14,2026-05-19,HM12,Blue/Green,gallon,Emerald-Blue/Green-Gallon,43,43.0
10346,2026-05-14,2026-05-15,HM13,Blue/Green,quart,SuperPaint-Blue/Green-Quart,126,31.5
10347,2026-05-14,2026-05-22,HM14,Blue/Green,pail_5gal,Emerald-Blue/Green-Pail,4,20.0
10348,2026-05-14,2026-05-17,HM14,Blue/Green,gallon,SuperPaint-Blue/Green-Gallon,16,16.0
10349,2026-05-14,2026-05-16,HM16,Red,gallon,Duration-Red-Gallon,20,20.0
10350,2026-05-14,2026-05-16,HM16,Red,pail_5gal,Emerald-Red-Pail,9,45.0
10351,2026-05-14,2026-05-15,HM20,Black,gallon,ProMar200-Black-Gallon,34,34.0
10352,2026-05-14,2026-05-18,HM25,Black,quart,ProMar200-Black-Quart,165,41.25
10353,2026-05-14,2026-05-19,HM25,Black,gallon,ProMar200-Black-Gallon,37,37.0
10354,2026-05-14,2026-05-17,HM30,Black,gallon,ProMar200-Black-Gallon,35,35.0
10355,2026-05-14,2026-05-21,HM30,Black,gallon,PrepRite-Black-Gallon,60,60.0
10356,2026-05-14,2026-05-16,HM30,Black,quart,ProMar200-Black-Quart,159,39.75
10357,2026-05-14,2026-05-15,HM36,White,quart,SuperPaint-White-Quart,66,16.5
10358,2026-05-14,2026-05-16,HM47,Red,quart,Emerald-Red-Quart,159,39.75
10359,2026-05-14,2026-05-15,HM47,Red,gallon,Emerald-Red-Gallon,80,80.0
10360,2026-05-14,2026-05-15,HM47,Red,gallon,Emerald-Red-Gallon,19,19.0
10361,2026-05-14,2026-05-18,HM50,Clear,quart,SuperPaint-Clear-Quart,443,110.75
10362,2026-05-14,2026-05-15,HM56,White,quart,ProMar200-White-Quart,37,9.25
